week,stock,factor,beta
2022-01-03,AMZN,d_rate,-0.011790028068075928
2022-01-03,AMZN,d_credit,-0.23890151731845757
2022-01-03,AMZN,r_vix,0.11145118606472676
2022-01-03,AMZN,GSPC,2.0303171127709216
2022-01-10,AMZN,d_rate,-0.016124580837141717
2022-01-10,AMZN,d_credit,-0.2443996398753206
2022-01-10,AMZN,r_vix,0.10664733414009543
2022-01-10,AMZN,GSPC,1.9627637847869621
2022-01-17,AMZN,d_rate,-0.004195138167920367
2022-01-17,AMZN,d_credit,-0.2664296783493547
2022-01-17,AMZN,r_vix,0.12121388305881034
2022-01-17,AMZN,GSPC,2.1656141371062563
2022-01-24,AMZN,d_rate,-0.0043632620473056495
2022-01-24,AMZN,d_credit,-0.2507365999410479
2022-01-24,AMZN,r_vix,0.11526784996063026
2022-01-24,AMZN,GSPC,2.161198853652182
2022-01-31,AMZN,d_rate,0.03295135844037559
2022-01-31,AMZN,d_credit,-0.22483264056516986
2022-01-31,AMZN,r_vix,0.11413611877863167
2022-01-31,AMZN,GSPC,2.207697772452437
2022-02-07,AMZN,d_rate,0.03445008637134126
2022-02-07,AMZN,d_credit,-0.2048792673729694
2022-02-07,AMZN,r_vix,0.11622709942395311
2022-02-07,AMZN,GSPC,2.222315129926755
2022-02-14,AMZN,d_rate,0.030301741615103316
2022-02-14,AMZN,d_credit,-0.1487098326090475
2022-02-14,AMZN,r_vix,0.09254370808867443
2022-02-14,AMZN,GSPC,1.9803953379483612
2022-02-21,AMZN,d_rate,0.043094482872824934
2022-02-21,AMZN,d_credit,-0.14833843279052747
2022-02-21,AMZN,r_vix,0.10048827699600373
2022-02-21,AMZN,GSPC,1.9967434797025716
2022-02-28,AMZN,d_rate,0.06086007485471342
2022-02-28,AMZN,d_credit,-0.14785294251068712
2022-02-28,AMZN,r_vix,0.10062450601013082
2022-02-28,AMZN,GSPC,2.0105421561970074
2022-03-07,AMZN,d_rate,0.08391687304509864
2022-03-07,AMZN,d_credit,-0.13530165527588708
2022-03-07,AMZN,r_vix,0.07916745029773618
2022-03-07,AMZN,GSPC,1.7415976323526363
2022-03-14,AMZN,d_rate,0.07893964478301398
2022-03-14,AMZN,d_credit,-0.13457391993468318
2022-03-14,AMZN,r_vix,0.07204439547742683
2022-03-14,AMZN,GSPC,1.6505899549618996
2022-03-21,AMZN,d_rate,0.0537171503959978
2022-03-21,AMZN,d_credit,-0.11068862086640632
2022-03-21,AMZN,r_vix,0.0626426958893608
2022-03-21,AMZN,GSPC,1.6181039381908247
2022-03-28,AMZN,d_rate,0.05768897179730895
2022-03-28,AMZN,d_credit,-0.10052039808179687
2022-03-28,AMZN,r_vix,0.06443397589875252
2022-03-28,AMZN,GSPC,1.6335617083252878
2022-04-04,AMZN,d_rate,0.03013213168226876
2022-04-04,AMZN,d_credit,-0.08997722501328816
2022-04-04,AMZN,r_vix,0.05190639446199309
2022-04-04,AMZN,GSPC,1.5914889030845987
2022-04-11,AMZN,d_rate,0.024582167362831905
2022-04-11,AMZN,d_credit,-0.0953140219737796
2022-04-11,AMZN,r_vix,0.04284485331432933
2022-04-11,AMZN,GSPC,1.50466930364083
2022-04-18,AMZN,d_rate,0.022874316419397224
2022-04-18,AMZN,d_credit,-0.09686154275846405
2022-04-18,AMZN,r_vix,0.04265131209023579
2022-04-18,AMZN,GSPC,1.5050585249168154
2022-04-25,AMZN,d_rate,0.024298936630685143
2022-04-25,AMZN,d_credit,-0.10957281422521803
2022-04-25,AMZN,r_vix,0.05136598902897878
2022-04-25,AMZN,GSPC,1.6962692931176953
2022-05-02,AMZN,d_rate,-0.007674928128501293
2022-05-02,AMZN,d_credit,-0.12337518120538932
2022-05-02,AMZN,r_vix,0.04797634076131612
2022-05-02,AMZN,GSPC,1.711636419264315
2022-05-09,AMZN,d_rate,-0.029924491463517548
2022-05-09,AMZN,d_credit,-0.1097963407060605
2022-05-09,AMZN,r_vix,0.020594937567697442
2022-05-09,AMZN,GSPC,1.5226280038430564
2022-05-16,AMZN,d_rate,-0.032910322179935676
2022-05-16,AMZN,d_credit,-0.1083218275324203
2022-05-16,AMZN,r_vix,0.016576483928128126
2022-05-16,AMZN,GSPC,1.4889395750914922
2022-05-23,AMZN,d_rate,-0.0327523927473709
2022-05-23,AMZN,d_credit,-0.11024316489583075
2022-05-23,AMZN,r_vix,0.004522092874671918
2022-05-23,AMZN,GSPC,1.3414651467584746
2022-05-30,AMZN,d_rate,-0.02654324213265825
2022-05-30,AMZN,d_credit,-0.16041908796828058
2022-05-30,AMZN,r_vix,-0.005332128470485025
2022-05-30,AMZN,GSPC,1.1752209032077907
2022-06-06,AMZN,d_rate,-0.021159257161733724
2022-06-06,AMZN,d_credit,-0.13616242166171608
2022-06-06,AMZN,r_vix,0.009037779363994188
2022-06-06,AMZN,GSPC,1.3572209223906642
2022-06-13,AMZN,d_rate,-0.01240351055623547
2022-06-13,AMZN,d_credit,-0.09219957832747513
2022-06-13,AMZN,r_vix,-0.022119734442723023
2022-06-13,AMZN,GSPC,1.180726936803131
2022-06-20,AMZN,d_rate,-0.006544220797177241
2022-06-20,AMZN,d_credit,-0.053143582237089856
2022-06-20,AMZN,r_vix,-0.03306858971071686
2022-06-20,AMZN,GSPC,1.2784605986580169
2022-06-27,AMZN,d_rate,0.003363152092618219
2022-06-27,AMZN,d_credit,-0.05631375810095735
2022-06-27,AMZN,r_vix,-0.025937784282319406
2022-06-27,AMZN,GSPC,1.3099666960859688
2022-07-04,AMZN,d_rate,0.012406386256869231
2022-07-04,AMZN,d_credit,-0.06335315310203286
2022-07-04,AMZN,r_vix,-0.030291037925147316
2022-07-04,AMZN,GSPC,1.2853385694002408
2022-07-11,AMZN,d_rate,0.010394435240436779
2022-07-11,AMZN,d_credit,-0.06536704144287012
2022-07-11,AMZN,r_vix,-0.028646964703349462
2022-07-11,AMZN,GSPC,1.2860202497587114
2022-07-18,AMZN,d_rate,-0.0013957052802696772
2022-07-18,AMZN,d_credit,-0.07398831468097167
2022-07-18,AMZN,r_vix,-0.028125837051549956
2022-07-18,AMZN,GSPC,1.312559135149847
2022-07-25,AMZN,d_rate,-0.009799170176578526
2022-07-25,AMZN,d_credit,-0.06072899061983546
2022-07-25,AMZN,r_vix,-0.020242499538821193
2022-07-25,AMZN,GSPC,1.4114194435964602
2022-08-01,AMZN,d_rate,-0.005327873319506725
2022-08-01,AMZN,d_credit,-0.06533426103319323
2022-08-01,AMZN,r_vix,-0.019067603674785747
2022-08-01,AMZN,GSPC,1.4185341004047203
2022-08-08,AMZN,d_rate,-0.006293682735273768
2022-08-08,AMZN,d_credit,-0.06344986079686646
2022-08-08,AMZN,r_vix,-0.02214885707647986
2022-08-08,AMZN,GSPC,1.3889941817475422
2022-08-15,AMZN,d_rate,-0.00974759853166479
2022-08-15,AMZN,d_credit,-0.06668898526156149
2022-08-15,AMZN,r_vix,-0.018717021251895036
2022-08-15,AMZN,GSPC,1.4012656045722556
2022-08-22,AMZN,d_rate,-0.00947564581677588
2022-08-22,AMZN,d_credit,-0.06643867819384357
2022-08-22,AMZN,r_vix,-0.016109626962559666
2022-08-22,AMZN,GSPC,1.3991668632163852
2022-08-29,AMZN,d_rate,-0.005377053094777664
2022-08-29,AMZN,d_credit,-0.060108119723993506
2022-08-29,AMZN,r_vix,-0.022003812098146655
2022-08-29,AMZN,GSPC,1.3572330531888586
2022-09-05,AMZN,d_rate,-0.006064775669430076
2022-09-05,AMZN,d_credit,-0.05416003078569706
2022-09-05,AMZN,r_vix,-0.031145541781379148
2022-09-05,AMZN,GSPC,1.332651506824898
2022-09-12,AMZN,d_rate,-0.005517745987095728
2022-09-12,AMZN,d_credit,-0.05181083486300962
2022-09-12,AMZN,r_vix,-0.030801018788533776
2022-09-12,AMZN,GSPC,1.3416894707708389
2022-09-19,AMZN,d_rate,-0.006725473051307896
2022-09-19,AMZN,d_credit,-0.0474560223090737
2022-09-19,AMZN,r_vix,-0.03579006454417617
2022-09-19,AMZN,GSPC,1.3458777295047961
2022-09-26,AMZN,d_rate,0.003401048876263487
2022-09-26,AMZN,d_credit,-0.023634000971873934
2022-09-26,AMZN,r_vix,-0.03799472395444397
2022-09-26,AMZN,GSPC,1.339563323986238
2022-10-03,AMZN,d_rate,0.004543621195945644
2022-10-03,AMZN,d_credit,-0.021348125799574496
2022-10-03,AMZN,r_vix,-0.04029047321092276
2022-10-03,AMZN,GSPC,1.3346870513859623
2022-10-10,AMZN,d_rate,-0.0015297652714840841
2022-10-10,AMZN,d_credit,-0.03619937402206369
2022-10-10,AMZN,r_vix,-0.03771995099063927
2022-10-10,AMZN,GSPC,1.3342073743162257
2022-10-17,AMZN,d_rate,0.016477494996974658
2022-10-17,AMZN,d_credit,-0.014958728453351793
2022-10-17,AMZN,r_vix,-0.02693877071247602
2022-10-17,AMZN,GSPC,1.4659944275773602
2022-10-24,AMZN,d_rate,0.07396620149126265
2022-10-24,AMZN,d_credit,0.0424662039272123
2022-10-24,AMZN,r_vix,-0.010635554207378325
2022-10-24,AMZN,GSPC,1.42860612710143
2022-10-31,AMZN,d_rate,0.07944155696917599
2022-10-31,AMZN,d_credit,0.06201006074475262
2022-10-31,AMZN,r_vix,0.005122500353610413
2022-10-31,AMZN,GSPC,1.5328274644957056
2022-11-07,AMZN,d_rate,0.07980362630392844
2022-11-07,AMZN,d_credit,0.06473975884420993
2022-11-07,AMZN,r_vix,0.009483808420937042
2022-11-07,AMZN,GSPC,1.578374279960654
2022-11-14,AMZN,d_rate,0.08817067295418082
2022-11-14,AMZN,d_credit,0.07108415358268799
2022-11-14,AMZN,r_vix,0.0022502100048432333
2022-11-14,AMZN,GSPC,1.5590180030722913
2022-11-21,AMZN,d_rate,0.0885925108333856
2022-11-21,AMZN,d_credit,0.07164734228921418
2022-11-21,AMZN,r_vix,0.005452907279719875
2022-11-21,AMZN,GSPC,1.5678733017823105
2022-11-28,AMZN,d_rate,0.08619163591040614
2022-11-28,AMZN,d_credit,0.07010884627157406
2022-11-28,AMZN,r_vix,0.002911410690743504
2022-11-28,AMZN,GSPC,1.564072371804783
2022-12-05,AMZN,d_rate,0.08924596686563938
2022-12-05,AMZN,d_credit,0.07624652122538082
2022-12-05,AMZN,r_vix,-0.028707250818100473
2022-12-05,AMZN,GSPC,1.5021724722871912
2022-12-12,AMZN,d_rate,0.0891198748517511
2022-12-12,AMZN,d_credit,0.08082477975457435
2022-12-12,AMZN,r_vix,-0.04402911908271079
2022-12-12,AMZN,GSPC,1.4613649949974619
2022-12-19,AMZN,d_rate,0.07990048494575236
2022-12-19,AMZN,d_credit,0.07306122228657695
2022-12-19,AMZN,r_vix,-0.032225248162497284
2022-12-19,AMZN,GSPC,1.4900941425509575
2022-12-26,AMZN,d_rate,0.08124692379875667
2022-12-26,AMZN,d_credit,0.07839180554563223
2022-12-26,AMZN,r_vix,-0.06003836775036768
2022-12-26,AMZN,GSPC,1.4244698761646453
2023-01-02,AMZN,d_rate,0.0731061376677042
2023-01-02,AMZN,d_credit,0.08199724376508986
2023-01-02,AMZN,r_vix,-0.06109710428087647
2023-01-02,AMZN,GSPC,1.4299470778089913
2023-01-09,AMZN,d_rate,0.06171840186590882
2023-01-09,AMZN,d_credit,0.05287526243864564
2023-01-09,AMZN,r_vix,-0.07700209847097166
2023-01-09,AMZN,GSPC,1.4124590220706879
2023-01-16,AMZN,d_rate,0.060799184014083206
2023-01-16,AMZN,d_credit,0.05141378857096554
2023-01-16,AMZN,r_vix,-0.06586714635138456
2023-01-16,AMZN,GSPC,1.4303528742174083
2023-01-23,AMZN,d_rate,0.06075571701940571
2023-01-23,AMZN,d_credit,0.04794228711658451
2023-01-23,AMZN,r_vix,-0.06459835634164433
2023-01-23,AMZN,GSPC,1.4418881487981017
2023-01-30,AMZN,d_rate,0.0537956474631503
2023-01-30,AMZN,d_credit,0.0365452087451987
2023-01-30,AMZN,r_vix,-0.03546557513597218
2023-01-30,AMZN,GSPC,1.4805017926686623
2023-02-06,AMZN,d_rate,0.04835813444274975
2023-02-06,AMZN,d_credit,0.03375661583184387
2023-02-06,AMZN,r_vix,-0.05643051710875624
2023-02-06,AMZN,GSPC,1.430714299098568
2023-02-13,AMZN,d_rate,0.04815286358915025
2023-02-13,AMZN,d_credit,0.02641982016810622
2023-02-13,AMZN,r_vix,-0.05302413239516626
2023-02-13,AMZN,GSPC,1.4401914813867194
2023-02-20,AMZN,d_rate,0.04839774299924849
2023-02-20,AMZN,d_credit,0.025555192291905896
2023-02-20,AMZN,r_vix,-0.05219181243139677
2023-02-20,AMZN,GSPC,1.4379884778815755
2023-02-27,AMZN,d_rate,0.045877531324213114
2023-02-27,AMZN,d_credit,0.027355481246791227
2023-02-27,AMZN,r_vix,-0.041743768540281063
2023-02-27,AMZN,GSPC,1.4564195898290837
2023-03-06,AMZN,d_rate,0.026978811274753177
2023-03-06,AMZN,d_credit,0.021645044118763987
2023-03-06,AMZN,r_vix,0.00835276373855254
2023-03-06,AMZN,GSPC,1.5515469092347833
2023-03-13,AMZN,d_rate,0.013209635578968763
2023-03-13,AMZN,d_credit,0.0483992336468759
2023-03-13,AMZN,r_vix,0.02582174388996933
2023-03-13,AMZN,GSPC,1.6024360137484477
2023-03-20,AMZN,d_rate,0.011419757823619205
2023-03-20,AMZN,d_credit,0.04649240826562431
2023-03-20,AMZN,r_vix,0.03835219609039214
2023-03-20,AMZN,GSPC,1.6221737996970662
2023-03-27,AMZN,d_rate,0.013412947716554964
2023-03-27,AMZN,d_credit,0.04756748909627807
2023-03-27,AMZN,r_vix,0.037275682614354794
2023-03-27,AMZN,GSPC,1.6308410887312867
2023-04-03,AMZN,d_rate,0.021285997799751186
2023-04-03,AMZN,d_credit,0.047693920385209046
2023-04-03,AMZN,r_vix,0.044588814483343134
2023-04-03,AMZN,GSPC,1.6507330711355919
2023-04-10,AMZN,d_rate,0.022366167488565278
2023-04-10,AMZN,d_credit,0.04851163790060921
2023-04-10,AMZN,r_vix,0.048827770540748744
2023-04-10,AMZN,GSPC,1.6736986689277933
2023-04-17,AMZN,d_rate,0.030803999772343108
2023-04-17,AMZN,d_credit,0.06173455663990166
2023-04-17,AMZN,r_vix,0.0729216191730427
2023-04-17,AMZN,GSPC,1.7383028961919356
2023-04-24,AMZN,d_rate,0.03474026722263695
2023-04-24,AMZN,d_credit,0.07956735418605962
2023-04-24,AMZN,r_vix,0.1248829919137757
2023-04-24,AMZN,GSPC,1.8063346262704296
2023-05-01,AMZN,d_rate,0.052382566419325656
2023-05-01,AMZN,d_credit,0.10328114781444703
2023-05-01,AMZN,r_vix,0.08899233748372135
2023-05-01,AMZN,GSPC,1.7420292593761355
2023-05-08,AMZN,d_rate,0.05694450778720206
2023-05-08,AMZN,d_credit,0.09548634936784449
2023-05-08,AMZN,r_vix,0.1046238777638487
2023-05-08,AMZN,GSPC,1.7950123738061778
2023-05-15,AMZN,d_rate,0.06058099809054883
2023-05-15,AMZN,d_credit,0.09599127120713527
2023-05-15,AMZN,r_vix,0.10913688046645509
2023-05-15,AMZN,GSPC,1.8173607790017567
2023-05-22,AMZN,d_rate,0.06072400241662681
2023-05-22,AMZN,d_credit,0.08465685248965807
2023-05-22,AMZN,r_vix,0.12586718893153306
2023-05-22,AMZN,GSPC,1.8918095882106156
2023-05-29,AMZN,d_rate,0.05167225751095116
2023-05-29,AMZN,d_credit,0.12754661202977688
2023-05-29,AMZN,r_vix,0.12076480814227421
2023-05-29,AMZN,GSPC,1.921583614499783
2023-06-05,AMZN,d_rate,0.05356765206886589
2023-06-05,AMZN,d_credit,0.12358790408952469
2023-06-05,AMZN,r_vix,0.11916301064068743
2023-06-05,AMZN,GSPC,1.881384500212774
2023-06-12,AMZN,d_rate,0.05014844890041314
2023-06-12,AMZN,d_credit,0.11372973845527629
2023-06-12,AMZN,r_vix,0.12697400794125382
2023-06-12,AMZN,GSPC,1.9734039755721182
2023-06-19,AMZN,d_rate,0.04672192154359644
2023-06-19,AMZN,d_credit,0.1188484924704563
2023-06-19,AMZN,r_vix,0.11853610872790243
2023-06-19,AMZN,GSPC,1.9498752147924636
2023-06-26,AMZN,d_rate,0.04041823065352714
2023-06-26,AMZN,d_credit,0.14102151466411844
2023-06-26,AMZN,r_vix,0.09151907083678931
2023-06-26,AMZN,GSPC,1.8370327420926256
2023-07-03,AMZN,d_rate,0.03685806636249845
2023-07-03,AMZN,d_credit,0.14700165289489966
2023-07-03,AMZN,r_vix,0.09553321314404564
2023-07-03,AMZN,GSPC,1.8269268975207675
2023-07-10,AMZN,d_rate,0.03806741312036863
2023-07-10,AMZN,d_credit,0.14869121478107789
2023-07-10,AMZN,r_vix,0.09660769786211339
2023-07-10,AMZN,GSPC,1.8378203643739628
2023-07-17,AMZN,d_rate,0.04566233383377815
2023-07-17,AMZN,d_credit,0.15687354631665917
2023-07-17,AMZN,r_vix,0.08172624108663448
2023-07-17,AMZN,GSPC,1.7700149433101937
2023-07-24,AMZN,d_rate,0.046332619218312145
2023-07-24,AMZN,d_credit,0.14730984198063515
2023-07-24,AMZN,r_vix,0.07733398876631511
2023-07-24,AMZN,GSPC,1.7230303410954448
2023-07-31,AMZN,d_rate,0.046623987060789726
2023-07-31,AMZN,d_credit,0.1701715463036082
2023-07-31,AMZN,r_vix,0.11403261073296071
2023-07-31,AMZN,GSPC,1.805856296234924
2023-08-07,AMZN,d_rate,0.04836776496991511
2023-08-07,AMZN,d_credit,0.1716510109348642
2023-08-07,AMZN,r_vix,0.1076370502240539
2023-08-07,AMZN,GSPC,1.8113792974262404
2023-08-14,AMZN,d_rate,0.049225422145336185
2023-08-14,AMZN,d_credit,0.17027416224713926
2023-08-14,AMZN,r_vix,0.10214928277309566
2023-08-14,AMZN,GSPC,1.8003815342895442
2023-08-21,AMZN,d_rate,0.04784870240496104
2023-08-21,AMZN,d_credit,0.1643695681590117
2023-08-21,AMZN,r_vix,0.09687277599158865
2023-08-21,AMZN,GSPC,1.7897178719932418
2023-08-28,AMZN,d_rate,0.0449501728312511
2023-08-28,AMZN,d_credit,0.1596557970902822
2023-08-28,AMZN,r_vix,0.10496200513572136
2023-08-28,AMZN,GSPC,1.8390419052933396
2023-09-04,AMZN,d_rate,0.04671088443256663
2023-09-04,AMZN,d_credit,0.1578522782864648
2023-09-04,AMZN,r_vix,0.10696310367534524
2023-09-04,AMZN,GSPC,1.845463006406416
2023-09-11,AMZN,d_rate,0.04759765584847473
2023-09-11,AMZN,d_credit,0.1578344006136304
2023-09-11,AMZN,r_vix,0.10639404484010717
2023-09-11,AMZN,GSPC,1.8364404443932876
2023-09-18,AMZN,d_rate,0.0479599548334462
2023-09-18,AMZN,d_credit,0.17151314353245398
2023-09-18,AMZN,r_vix,0.08381489521223899
2023-09-18,AMZN,GSPC,1.824081147665586
2023-09-25,AMZN,d_rate,0.04250554245950422
2023-09-25,AMZN,d_credit,0.15781995473970464
2023-09-25,AMZN,r_vix,0.08967432337937174
2023-09-25,AMZN,GSPC,1.8563141045117626
2023-10-02,AMZN,d_rate,0.03876603326635649
2023-10-02,AMZN,d_credit,0.15066911798464477
2023-10-02,AMZN,r_vix,0.09098554555880076
2023-10-02,AMZN,GSPC,1.8529139187515282
2023-10-09,AMZN,d_rate,0.04660828905651714
2023-10-09,AMZN,d_credit,0.18302722951171457
2023-10-09,AMZN,r_vix,0.07875740143058835
2023-10-09,AMZN,GSPC,1.780279224169862
2023-10-16,AMZN,d_rate,0.035740443447971074
2023-10-16,AMZN,d_credit,0.16614718186957492
2023-10-16,AMZN,r_vix,0.0756318961924235
2023-10-16,AMZN,GSPC,1.746081449307784
2023-10-23,AMZN,d_rate,-0.00814069438920349
2023-10-23,AMZN,d_credit,0.12171961062801469
2023-10-23,AMZN,r_vix,0.05827456029548915
2023-10-23,AMZN,GSPC,1.8299555540613082
2023-10-30,AMZN,d_rate,-0.004738821523569171
2023-10-30,AMZN,d_credit,0.10286210267942784
2023-10-30,AMZN,r_vix,0.020322040984201553
2023-10-30,AMZN,GSPC,1.54263037655793
2023-11-06,AMZN,d_rate,-0.005741067751307203
2023-11-06,AMZN,d_credit,0.09643971810242469
2023-11-06,AMZN,r_vix,0.012845688367547797
2023-11-06,AMZN,GSPC,1.475294181305348
2023-11-13,AMZN,d_rate,-0.03149653857830686
2023-11-13,AMZN,d_credit,0.04914801094763747
2023-11-13,AMZN,r_vix,0.006179250847256821
2023-11-13,AMZN,GSPC,1.2797599129347828
2023-11-20,AMZN,d_rate,-0.03891551045302748
2023-11-20,AMZN,d_credit,0.0360569150361079
2023-11-20,AMZN,r_vix,0.0012617060567103194
2023-11-20,AMZN,GSPC,1.2463579297094425
2023-11-27,AMZN,d_rate,-0.03564185703213076
2023-11-27,AMZN,d_credit,0.03820584688265264
2023-11-27,AMZN,r_vix,-0.004740131175871368
2023-11-27,AMZN,GSPC,1.2284269951987363
2023-12-04,AMZN,d_rate,-0.03866667370369785
2023-12-04,AMZN,d_credit,0.026165661657932486
2023-12-04,AMZN,r_vix,-0.003388724040629431
2023-12-04,AMZN,GSPC,1.1873493357761649
2023-12-11,AMZN,d_rate,-0.029996015036916585
2023-12-11,AMZN,d_credit,0.03733238880853577
2023-12-11,AMZN,r_vix,-0.015589907142295856
2023-12-11,AMZN,GSPC,1.1304830714513214
2023-12-18,AMZN,d_rate,-0.019371638763227693
2023-12-18,AMZN,d_credit,0.05507814275897549
2023-12-18,AMZN,r_vix,-0.025947705890880038
2023-12-18,AMZN,GSPC,1.1232582858616402
2023-12-25,AMZN,d_rate,-0.015627246746372
2023-12-25,AMZN,d_credit,0.06054538055828004
2023-12-25,AMZN,r_vix,-0.021609535779653424
2023-12-25,AMZN,GSPC,1.15741388559601
2024-01-01,AMZN,d_rate,-0.023818634722726984
2024-01-01,AMZN,d_credit,0.05376632917782585
2024-01-01,AMZN,r_vix,-0.01862932188891414
2024-01-01,AMZN,GSPC,1.1811984610408428
2024-01-08,AMZN,d_rate,-0.014110137229884993
2024-01-08,AMZN,d_credit,0.1045193985554737
2024-01-08,AMZN,r_vix,-0.010554023141236359
2024-01-08,AMZN,GSPC,1.2147654882163683
2024-01-15,AMZN,d_rate,-0.015773083622647115
2024-01-15,AMZN,d_credit,0.10514097465767028
2024-01-15,AMZN,r_vix,-0.011765588823679299
2024-01-15,AMZN,GSPC,1.1976538366055831
2024-01-22,AMZN,d_rate,-0.01615357655305915
2024-01-22,AMZN,d_credit,0.11438817281723776
2024-01-22,AMZN,r_vix,-0.015452940167040657
2024-01-22,AMZN,GSPC,1.162307032749191
2024-01-29,AMZN,d_rate,-0.021363853957666448
2024-01-29,AMZN,d_credit,0.11236193458282442
2024-01-29,AMZN,r_vix,0.005634747905430285
2024-01-29,AMZN,GSPC,1.2831409224040629
2024-02-05,AMZN,d_rate,-0.011730564581617496
2024-02-05,AMZN,d_credit,0.12177977174755489
2024-02-05,AMZN,r_vix,0.015470664857313274
2024-02-05,AMZN,GSPC,1.3191442465134207
2024-02-12,AMZN,d_rate,-0.011488678613610557
2024-02-12,AMZN,d_credit,0.13274674954320914
2024-02-12,AMZN,r_vix,0.006471213012642139
2024-02-12,AMZN,GSPC,1.2957516512833944
2024-02-19,AMZN,d_rate,-0.01199465434487124
2024-02-19,AMZN,d_credit,0.1297236507598557
2024-02-19,AMZN,r_vix,0.00629933821205052
2024-02-19,AMZN,GSPC,1.2851900954432813
2024-02-26,AMZN,d_rate,-0.012412998768978917
2024-02-26,AMZN,d_credit,0.1224622780617674
2024-02-26,AMZN,r_vix,0.005628807112595525
2024-02-26,AMZN,GSPC,1.2741532321654234
2024-03-04,AMZN,d_rate,-0.018209692483779457
2024-03-04,AMZN,d_credit,0.12916796391711174
2024-03-04,AMZN,r_vix,0.0010043483455097852
2024-03-04,AMZN,GSPC,1.1780837456411581
2024-03-11,AMZN,d_rate,-0.009455454767554288
2024-03-11,AMZN,d_credit,0.08820773676411721
2024-03-11,AMZN,r_vix,-0.01071552588228847
2024-03-11,AMZN,GSPC,1.0965624597888435
2024-03-18,AMZN,d_rate,-0.007052472697407094
2024-03-18,AMZN,d_credit,0.09682403240484595
2024-03-18,AMZN,r_vix,-0.02666854606393427
2024-03-18,AMZN,GSPC,1.0456082795041979
2024-03-25,AMZN,d_rate,-0.011129158017614323
2024-03-25,AMZN,d_credit,0.10622960133680061
2024-03-25,AMZN,r_vix,-0.02624838122078331
2024-03-25,AMZN,GSPC,0.9950126537179176
2024-04-01,AMZN,d_rate,-0.01167950140973486
2024-04-01,AMZN,d_credit,0.09721629212026267
2024-04-01,AMZN,r_vix,-0.006458709642858888
2024-04-01,AMZN,GSPC,1.030980771735453
2024-04-08,AMZN,d_rate,-0.011371059249693605
2024-04-08,AMZN,d_credit,0.09081418378882533
2024-04-08,AMZN,r_vix,-0.009290183424371547
2024-04-08,AMZN,GSPC,0.9886776185447668
2024-04-15,AMZN,d_rate,-0.009706640814079464
2024-04-15,AMZN,d_credit,0.09087046448925241
2024-04-15,AMZN,r_vix,0.0087815313174334
2024-04-15,AMZN,GSPC,1.1856739277494897
2024-04-22,AMZN,d_rate,-0.016695869439129127
2024-04-22,AMZN,d_credit,0.09977006487223608
2024-04-22,AMZN,r_vix,0.006895635076680893
2024-04-22,AMZN,GSPC,1.1539006216871617
2024-04-29,AMZN,d_rate,-0.020203374905727742
2024-04-29,AMZN,d_credit,0.1126667786790229
2024-04-29,AMZN,r_vix,0.0031698341521000303
2024-04-29,AMZN,GSPC,1.120669361670782
2024-05-06,AMZN,d_rate,-0.020738067791186667
2024-05-06,AMZN,d_credit,0.10524297051594565
2024-05-06,AMZN,r_vix,0.008257497646635699
2024-05-06,AMZN,GSPC,1.1392366835485634
2024-05-13,AMZN,d_rate,-0.03442851524076688
2024-05-13,AMZN,d_credit,0.09503017643412306
2024-05-13,AMZN,r_vix,8.896634880980685e-4
2024-05-13,AMZN,GSPC,0.9826096167760388
2024-05-20,AMZN,d_rate,-0.03696946483091824
2024-05-20,AMZN,d_credit,0.11365612632272967
2024-05-20,AMZN,r_vix,-0.005702220450117352
2024-05-20,AMZN,GSPC,0.9561107031004022
2024-05-27,AMZN,d_rate,-0.03652068667833703
2024-05-27,AMZN,d_credit,0.1112376501922099
2024-05-27,AMZN,r_vix,-0.006589428128433399
2024-05-27,AMZN,GSPC,0.9623099268345074
2024-06-03,AMZN,d_rate,-0.03805383119134477
2024-06-03,AMZN,d_credit,0.11042679955036322
2024-06-03,AMZN,r_vix,-0.009048263281673841
2024-06-03,AMZN,GSPC,0.9572222718566838
2024-06-10,AMZN,d_rate,-0.028987253683889977
2024-06-10,AMZN,d_credit,0.08955212797945816
2024-06-10,AMZN,r_vix,-0.021082406112422892
2024-06-10,AMZN,GSPC,0.9121255992585302
2024-06-17,AMZN,d_rate,-0.01833320390636505
2024-06-17,AMZN,d_credit,0.09668276626685311
2024-06-17,AMZN,r_vix,-0.002208584639313956
2024-06-17,AMZN,GSPC,1.1056927966092622
2024-06-24,AMZN,d_rate,-0.013023238500507978
2024-06-24,AMZN,d_credit,0.0933136042671785
2024-06-24,AMZN,r_vix,-0.0025881339741127105
2024-06-24,AMZN,GSPC,1.1402585298390933
2024-07-01,AMZN,d_rate,-0.01667877475206053
2024-07-01,AMZN,d_credit,0.10133557384923533
2024-07-01,AMZN,r_vix,-0.0028233199508489594
2024-07-01,AMZN,GSPC,1.1463114504975849
2024-07-08,AMZN,d_rate,-0.011648317492076602
2024-07-08,AMZN,d_credit,0.0957652293775596
2024-07-08,AMZN,r_vix,-0.0051176851910671025
2024-07-08,AMZN,GSPC,1.1497455665207967
2024-07-15,AMZN,d_rate,-0.008843461795468065
2024-07-15,AMZN,d_credit,0.0976777688358879
2024-07-15,AMZN,r_vix,-0.020932348092808133
2024-07-15,AMZN,GSPC,1.154278713478133
2024-07-22,AMZN,d_rate,-0.009847122393185408
2024-07-22,AMZN,d_credit,0.0966536358448796
2024-07-22,AMZN,r_vix,-0.020032875765757636
2024-07-22,AMZN,GSPC,1.1544274981478932
2024-07-29,AMZN,d_rate,0.005114271935088996
2024-07-29,AMZN,d_credit,-0.008319972525545932
2024-07-29,AMZN,r_vix,-0.07522830107155594
2024-07-29,AMZN,GSPC,1.1557774206665492
2024-08-05,AMZN,d_rate,0.0038190154821988206
2024-08-05,AMZN,d_credit,-0.009013913615698142
2024-08-05,AMZN,r_vix,-0.07647586741296053
2024-08-05,AMZN,GSPC,1.14085741969934
2024-08-12,AMZN,d_rate,0.00403511433256793
2024-08-12,AMZN,d_credit,-0.005283854758766808
2024-08-12,AMZN,r_vix,-0.07285541756488631
2024-08-12,AMZN,GSPC,1.135527293793571
2024-08-19,AMZN,d_rate,1.8622559144458974e-4
2024-08-19,AMZN,d_credit,-0.026009801386102996
2024-08-19,AMZN,r_vix,-0.08015608713948354
2024-08-19,AMZN,GSPC,1.069289043325873
2024-08-26,AMZN,d_rate,5.002902680095761e-4
2024-08-26,AMZN,d_credit,-0.022750361197793098
2024-08-26,AMZN,r_vix,-0.08137000466352098
2024-08-26,AMZN,GSPC,1.0711348712058355
2024-09-02,AMZN,d_rate,-0.012949503621264874
2024-09-02,AMZN,d_credit,-0.029326628875571716
2024-09-02,AMZN,r_vix,-0.07317193726203676
2024-09-02,AMZN,GSPC,0.9834383482645394
2024-09-09,AMZN,d_rate,-0.013572371794538907
2024-09-09,AMZN,d_credit,-0.02404795444824107
2024-09-09,AMZN,r_vix,-0.07784301390433164
2024-09-09,AMZN,GSPC,1.0054562122470012
2024-09-16,AMZN,d_rate,-0.01382823027399007
2024-09-16,AMZN,d_credit,-0.056669997728456406
2024-09-16,AMZN,r_vix,-0.07197194088729254
2024-09-16,AMZN,GSPC,0.940586829771534
2024-09-23,AMZN,d_rate,-0.014705397931524563
2024-09-23,AMZN,d_credit,-0.051861234879378826
2024-09-23,AMZN,r_vix,-0.07733471698534058
2024-09-23,AMZN,GSPC,0.90514659994592
2024-09-30,AMZN,d_rate,-0.018214996368433427
2024-09-30,AMZN,d_credit,-0.056710137480609206
2024-09-30,AMZN,r_vix,-0.0793432796061818
2024-09-30,AMZN,GSPC,0.8820417781730994
2024-10-07,AMZN,d_rate,-0.014328871234743414
2024-10-07,AMZN,d_credit,-0.05016904560176391
2024-10-07,AMZN,r_vix,-0.08006163105717334
2024-10-07,AMZN,GSPC,0.8946365379302224
2024-10-14,AMZN,d_rate,-0.01411623346756186
2024-10-14,AMZN,d_credit,-0.05165613548409099
2024-10-14,AMZN,r_vix,-0.07434553511831081
2024-10-14,AMZN,GSPC,0.9265830354115406
2024-10-21,AMZN,d_rate,0.009086900921729315
2024-10-21,AMZN,d_credit,-0.024447165315578834
2024-10-21,AMZN,r_vix,-0.03709664911779703
2024-10-21,AMZN,GSPC,1.3218617708684408
2024-10-28,AMZN,d_rate,0.005755198227255124
2024-10-28,AMZN,d_credit,-0.06064869538049782
2024-10-28,AMZN,r_vix,-0.04689782790539619
2024-10-28,AMZN,GSPC,1.1329671623119466
2024-11-04,AMZN,d_rate,0.010247400371273568
2024-11-04,AMZN,d_credit,-0.041755585437623075
2024-11-04,AMZN,r_vix,-0.03910086324948189
2024-11-04,AMZN,GSPC,1.1331791860763147
2024-11-11,AMZN,d_rate,0.0069832914813570705
2024-11-11,AMZN,d_credit,-0.047974204532204
2024-11-11,AMZN,r_vix,-0.03642963582077157
2024-11-11,AMZN,GSPC,1.1577012118141228
2024-11-18,AMZN,d_rate,5.41920609515222e-4
2024-11-18,AMZN,d_credit,-0.07499560504396502
2024-11-18,AMZN,r_vix,-0.040310560250234426
2024-11-18,AMZN,GSPC,1.064189808755576
2024-11-25,AMZN,d_rate,-0.019630058843563055
2024-11-25,AMZN,d_credit,-0.09566872369810708
2024-11-25,AMZN,r_vix,-0.055227160165984245
2024-11-25,AMZN,GSPC,0.9234196643170152
2024-12-02,AMZN,d_rate,-0.03207696249429508
2024-12-02,AMZN,d_credit,-0.13488707174492115
2024-12-02,AMZN,r_vix,-0.06386061962430777
2024-12-02,AMZN,GSPC,0.8294572003318069
2024-12-09,AMZN,d_rate,-0.0399111205259331
2024-12-09,AMZN,d_credit,-0.15830014972261258
2024-12-09,AMZN,r_vix,-0.055523257106162696
2024-12-09,AMZN,GSPC,0.8738000042809481
2024-12-16,AMZN,d_rate,-0.04677678069877991
2024-12-16,AMZN,d_credit,-0.19921651777685306
2024-12-16,AMZN,r_vix,-0.05253240825706511
2024-12-16,AMZN,GSPC,0.8064670156119815
2024-12-23,AMZN,d_rate,-0.05658117585793192
2024-12-23,AMZN,d_credit,-0.22474120226356745
2024-12-23,AMZN,r_vix,-0.0496727556424357
2024-12-23,AMZN,GSPC,0.7837065804788795
2024-12-30,AMZN,d_rate,-0.04857287336052254
2024-12-30,AMZN,d_credit,-0.19768063834291677
2024-12-30,AMZN,r_vix,-0.05456396175460556
2024-12-30,AMZN,GSPC,0.7543572957187121
2025-01-06,AMZN,d_rate,-0.0417884231214046
2025-01-06,AMZN,d_credit,-0.1840212986592629
2025-01-06,AMZN,r_vix,-0.058329196550299944
2025-01-06,AMZN,GSPC,0.7133408731759642
2025-01-13,AMZN,d_rate,-0.03922348864708647
2025-01-13,AMZN,d_credit,-0.1855838315189568
2025-01-13,AMZN,r_vix,-0.055105955517355705
2025-01-13,AMZN,GSPC,0.7377377669802268
2025-01-20,AMZN,d_rate,-0.03924325264308731
2025-01-20,AMZN,d_credit,-0.1878321259023714
2025-01-20,AMZN,r_vix,-0.05529637926885093
2025-01-20,AMZN,GSPC,0.7417711151848172
2025-01-27,AMZN,d_rate,-0.03203260996183948
2025-01-27,AMZN,d_credit,-0.17492749466647534
2025-01-27,AMZN,r_vix,-0.07564125032689134
2025-01-27,AMZN,GSPC,0.5540727207792675
2025-02-03,AMZN,d_rate,-0.018608888044548046
2025-02-03,AMZN,d_credit,-0.14977607858360564
2025-02-03,AMZN,r_vix,-0.0688058248031743
2025-02-03,AMZN,GSPC,0.6602909874640094
2025-02-10,AMZN,d_rate,-0.02164607291219599
2025-02-10,AMZN,d_credit,-0.18264612530915605
2025-02-10,AMZN,r_vix,-0.06115214354088492
2025-02-10,AMZN,GSPC,0.6618226174025945
2025-02-17,AMZN,d_rate,-0.015410948843694301
2025-02-17,AMZN,d_credit,-0.17070705146443557
2025-02-17,AMZN,r_vix,-0.06648058052950997
2025-02-17,AMZN,GSPC,0.6706175896447887
2025-02-24,AMZN,d_rate,-0.0228804242194654
2025-02-24,AMZN,d_credit,-0.20586366582452736
2025-02-24,AMZN,r_vix,-0.0647915939710468
2025-02-24,AMZN,GSPC,0.6390304676048812
2025-03-03,AMZN,d_rate,-0.027954808285234282
2025-03-03,AMZN,d_credit,-0.22256741030591956
2025-03-03,AMZN,r_vix,-0.05736942729138361
2025-03-03,AMZN,GSPC,0.7174536992377446
2025-03-10,AMZN,d_rate,-0.030852652667822743
2025-03-10,AMZN,d_credit,-0.25447609479949673
2025-03-10,AMZN,r_vix,-0.06734232660381684
2025-03-10,AMZN,GSPC,0.5971678291060174
2025-03-17,AMZN,d_rate,-0.03318994915975279
2025-03-17,AMZN,d_credit,-0.2739894564465233
2025-03-17,AMZN,r_vix,-0.06362307728560931
2025-03-17,AMZN,GSPC,0.5883122738619415
2025-03-24,AMZN,d_rate,-0.03102732364742875
2025-03-24,AMZN,d_credit,-0.2646397010381489
2025-03-24,AMZN,r_vix,-0.06399096485948916
2025-03-24,AMZN,GSPC,0.5864623068207808
2025-03-31,AMZN,d_rate,-0.03577438680936855
2025-03-31,AMZN,d_credit,-0.24587607681521897
2025-03-31,AMZN,r_vix,-0.07704170363340239
2025-03-31,AMZN,GSPC,0.5331953869800939
2025-04-07,AMZN,d_rate,-0.012976455575039979
2025-04-07,AMZN,d_credit,-0.17525085325168271
2025-04-07,AMZN,r_vix,-0.0694364403453466
2025-04-07,AMZN,GSPC,0.7171783479023722
2025-04-14,AMZN,d_rate,-0.002050124547543425
2025-04-14,AMZN,d_credit,-0.1457794615116507
2025-04-14,AMZN,r_vix,-0.06612874673588053
2025-04-14,AMZN,GSPC,0.7603959067349869
2025-04-21,AMZN,d_rate,-0.008513433653328935
2025-04-21,AMZN,d_credit,-0.16098825191625854
2025-04-21,AMZN,r_vix,-0.07250758540085515
2025-04-21,AMZN,GSPC,0.7397763418874088
2025-04-28,AMZN,d_rate,-0.009734217204600661
2025-04-28,AMZN,d_credit,-0.19154752463156535
2025-04-28,AMZN,r_vix,-0.06736117086919761
2025-04-28,AMZN,GSPC,0.7199961169041639
2025-05-05,AMZN,d_rate,-0.009423835248202802
2025-05-05,AMZN,d_credit,-0.19451421514654857
2025-05-05,AMZN,r_vix,-0.06906511229458497
2025-05-05,AMZN,GSPC,0.7105474123233616
2025-05-12,AMZN,d_rate,-0.013785607871634464
2025-05-12,AMZN,d_credit,-0.1991326673367293
2025-05-12,AMZN,r_vix,-0.06675394394118354
2025-05-12,AMZN,GSPC,0.7268107171783165
2025-05-19,AMZN,d_rate,-0.009061735184655901
2025-05-19,AMZN,d_credit,-0.19482039110259566
2025-05-19,AMZN,r_vix,-0.06453284737279262
2025-05-19,AMZN,GSPC,0.7211759902837962
2025-05-26,AMZN,d_rate,-0.004322811282704726
2025-05-26,AMZN,d_credit,-0.18480712680646338
2025-05-26,AMZN,r_vix,-0.06158388848049784
2025-05-26,AMZN,GSPC,0.7377426504929833
2025-06-02,AMZN,d_rate,-8.954922270164729e-4
2025-06-02,AMZN,d_credit,-0.18231734927894122
2025-06-02,AMZN,r_vix,-0.06287321142365744
2025-06-02,AMZN,GSPC,0.7230365142584654
2025-06-09,AMZN,d_rate,-0.003910892104726157
2025-06-09,AMZN,d_credit,-0.1853538167345587
2025-06-09,AMZN,r_vix,-0.05782865173760686
2025-06-09,AMZN,GSPC,0.7509889662362684
2025-06-16,AMZN,d_rate,-0.007358562043361754
2025-06-16,AMZN,d_credit,-0.19867658622525544
2025-06-16,AMZN,r_vix,-0.05984309867283766
2025-06-16,AMZN,GSPC,0.7202799922262885
2025-06-23,AMZN,d_rate,-0.010311783812843929
2025-06-23,AMZN,d_credit,-0.1816124164229299
2025-06-23,AMZN,r_vix,-0.059096562514714554
2025-06-23,AMZN,GSPC,0.775137187580471
2025-06-30,AMZN,d_rate,-0.007484107353352178
2025-06-30,AMZN,d_credit,-0.18317850021357673
2025-06-30,AMZN,r_vix,-0.06697928585740456
2025-06-30,AMZN,GSPC,0.7089758460234645
2025-07-07,AMZN,d_rate,-0.012381138925981234
2025-07-07,AMZN,d_credit,-0.1769604707120599
2025-07-07,AMZN,r_vix,-0.062378984058669484
2025-07-07,AMZN,GSPC,0.7553064161882271
2025-07-14,AMZN,d_rate,-0.014150468422813261
2025-07-14,AMZN,d_credit,-0.19632094617866547
2025-07-14,AMZN,r_vix,-0.051643520899566475
2025-07-14,AMZN,GSPC,0.7772108590863986
2025-07-21,AMZN,d_rate,-0.016246624455638358
2025-07-21,AMZN,d_credit,-0.21133436240980308
2025-07-21,AMZN,r_vix,-0.047932496515911735
2025-07-21,AMZN,GSPC,0.7858901167973849
2025-07-28,AMZN,d_rate,-0.01395340997820689
2025-07-28,AMZN,d_credit,-0.17968004532644052
2025-07-28,AMZN,r_vix,-0.04847773165451788
2025-07-28,AMZN,GSPC,0.828386519229359
2025-08-04,AMZN,d_rate,-0.00964538469154396
2025-08-04,AMZN,d_credit,-0.1806593113785648
2025-08-04,AMZN,r_vix,-0.05505403052786953
2025-08-04,AMZN,GSPC,0.7817363243946535
2025-08-11,AMZN,d_rate,-0.011920272056752225
2025-08-11,AMZN,d_credit,-0.19747253970459921
2025-08-11,AMZN,r_vix,-0.054066954030517055
2025-08-11,AMZN,GSPC,0.7792175348552569
2025-08-18,AMZN,d_rate,-0.013859232371798532
2025-08-18,AMZN,d_credit,-0.20254474132728884
2025-08-18,AMZN,r_vix,-0.049187930402717316
2025-08-18,AMZN,GSPC,0.8076648546332208
2025-08-25,AMZN,d_rate,-0.012335265743449113
2025-08-25,AMZN,d_credit,-0.18687016527504954
2025-08-25,AMZN,r_vix,-0.047214031431961144
2025-08-25,AMZN,GSPC,0.8357800775563687
2025-09-01,AMZN,d_rate,-0.0038718030656091583
2025-09-01,AMZN,d_credit,-0.17147434445224208
2025-09-01,AMZN,r_vix,-0.05587316456604029
2025-09-01,AMZN,GSPC,0.8248943497248662
2025-09-08,AMZN,d_rate,0.012140750416560195
2025-09-08,AMZN,d_credit,-0.1267082553063846
2025-09-08,AMZN,r_vix,-0.06216557185547387
2025-09-08,AMZN,GSPC,0.78021494523752
2025-09-15,AMZN,d_rate,0.012370023806794042
2025-09-15,AMZN,d_credit,-0.12370793195589806
2025-09-15,AMZN,r_vix,-0.062054906537822384
2025-09-15,AMZN,GSPC,0.7832422656589708
2025-09-22,AMZN,d_rate,0.008851732679887751
2025-09-22,AMZN,d_credit,-0.10560921186741247
2025-09-22,AMZN,r_vix,-0.05153928552488672
2025-09-22,AMZN,GSPC,0.8828398095527213
2025-09-29,AMZN,d_rate,0.011743090016766296
2025-09-29,AMZN,d_credit,-0.12156854906080798
2025-09-29,AMZN,r_vix,-0.048917795994427755
2025-09-29,AMZN,GSPC,0.8751127025924326
2025-10-06,AMZN,d_rate,0.007922533589915253
2025-10-06,AMZN,d_credit,-0.11979923207242185
2025-10-06,AMZN,r_vix,-0.041144751211647075
2025-10-06,AMZN,GSPC,0.9007422241918053
2025-10-13,AMZN,d_rate,0.012275420679854515
2025-10-13,AMZN,d_credit,-0.11124358854136605
2025-10-13,AMZN,r_vix,-0.0494189913123299
2025-10-13,AMZN,GSPC,0.8471501192577199
2025-10-20,AMZN,d_rate,0.011400241273180076
2025-10-20,AMZN,d_credit,-0.11606741525824248
2025-10-20,AMZN,r_vix,-0.054667040876915006
2025-10-20,AMZN,GSPC,0.8201817338520748
2025-10-27,AMZN,d_rate,0.025009082421900104
2025-10-27,AMZN,d_credit,0.00807679410192908
2025-10-27,AMZN,r_vix,-0.04440576531014286
2025-10-27,AMZN,GSPC,1.0839883017241165
2025-11-03,AMZN,d_rate,0.02515444586621539
2025-11-03,AMZN,d_credit,0.013263210011197075
2025-11-03,AMZN,r_vix,-0.04970696567144936
2025-11-03,AMZN,GSPC,1.0661073424422085
2025-11-10,AMZN,d_rate,0.02307089881504165
2025-11-10,AMZN,d_credit,0.004853393285865731
2025-11-10,AMZN,r_vix,-0.05232382944670031
2025-11-10,AMZN,GSPC,1.0397508270223164
2025-11-17,AMZN,d_rate,0.026957477923472868
2025-11-17,AMZN,d_credit,0.02587166308365039
2025-11-17,AMZN,r_vix,-0.05416513784446822
2025-11-17,AMZN,GSPC,1.1011767459903654
2025-11-24,AMZN,d_rate,0.045779875954650696
2025-11-24,AMZN,d_credit,0.03557060102392533
2025-11-24,AMZN,r_vix,-0.05138831699524816
2025-11-24,AMZN,GSPC,1.1004984742271358
2025-12-01,AMZN,d_rate,0.04936409351806883
2025-12-01,AMZN,d_credit,0.07143706067688312
2025-12-01,AMZN,r_vix,-0.0492022554968687
2025-12-01,AMZN,GSPC,1.1400303177603968
2025-12-08,AMZN,d_rate,0.04565272938443224
2025-12-08,AMZN,d_credit,0.06786717805358668
2025-12-08,AMZN,r_vix,-0.048088933331552654
2025-12-08,AMZN,GSPC,1.1485598217287691
2025-12-15,AMZN,d_rate,0.039908578544509535
2025-12-15,AMZN,d_credit,0.07394698943305905
2025-12-15,AMZN,r_vix,-0.05685808818550774
2025-12-15,AMZN,GSPC,1.128444566213673
2025-12-22,AMZN,d_rate,0.045060067452986026
2025-12-22,AMZN,d_credit,0.07270190611069487
2025-12-22,AMZN,r_vix,-0.0629857802054787
2025-12-22,AMZN,GSPC,1.0902711919613426
2025-12-29,AMZN,d_rate,0.0432421841860337
2025-12-29,AMZN,d_credit,0.07201356011149232
2025-12-29,AMZN,r_vix,-0.06199407338328763
2025-12-29,AMZN,GSPC,1.103392174855059
2026-01-05,AMZN,d_rate,0.02909016555439465
2026-01-05,AMZN,d_credit,0.027079320179835272
2026-01-05,AMZN,r_vix,-0.043242799188141716
2026-01-05,AMZN,GSPC,1.2022754104627562
2026-01-12,AMZN,d_rate,0.026644085425459745
2026-01-12,AMZN,d_credit,0.06174956707550549
2026-01-12,AMZN,r_vix,-0.049220706062707724
2026-01-12,AMZN,GSPC,1.2325720474392814
2026-01-19,AMZN,d_rate,0.0265640718879904
2026-01-19,AMZN,d_credit,0.06092941501732812
2026-01-19,AMZN,r_vix,-0.05021417185218784
2026-01-19,AMZN,GSPC,1.2147620177585545
2026-01-26,AMZN,d_rate,0.02961658858270987
2026-01-26,AMZN,d_credit,0.0649162479817642
2026-01-26,AMZN,r_vix,-0.05290152150251079
2026-01-26,AMZN,GSPC,1.2153908469994008
2026-02-02,AMZN,d_rate,0.026633608133672354
2026-02-02,AMZN,d_credit,0.020655209886781926
2026-02-02,AMZN,r_vix,-0.05101730422916182
2026-02-02,AMZN,GSPC,1.1768172660826572
2026-02-09,AMZN,d_rate,0.03516108486903808
2026-02-09,AMZN,d_credit,0.02289369144219037
2026-02-09,AMZN,r_vix,-0.05710585018954903
2026-02-09,AMZN,GSPC,1.1555268437900525
2026-02-16,AMZN,d_rate,0.03659071493887067
2026-02-16,AMZN,d_credit,0.009919485669197666
2026-02-16,AMZN,r_vix,-0.05461306593890225
2026-02-16,AMZN,GSPC,1.1486954750926337
2026-02-23,AMZN,d_rate,0.037528046234379324
2026-02-23,AMZN,d_credit,0.023699427693415816
2026-02-23,AMZN,r_vix,-0.05580024391024227
2026-02-23,AMZN,GSPC,1.159953986896729
2026-03-02,AMZN,d_rate,0.05896077262296739
2026-03-02,AMZN,d_credit,-0.021326736729457344
2026-03-02,AMZN,r_vix,-0.029356572595192747
2026-03-02,AMZN,GSPC,1.1527630796636115
2026-03-09,AMZN,d_rate,0.04670647056598726
2026-03-09,AMZN,d_credit,-0.03829924083979911
2026-03-09,AMZN,r_vix,-0.011162064435119384
2026-03-09,AMZN,GSPC,1.2827699718313172
2026-03-16,AMZN,d_rate,0.04846350261860962
2026-03-16,AMZN,d_credit,-0.039918579675052517
2026-03-16,AMZN,r_vix,-0.016348314239668694
2026-03-16,AMZN,GSPC,1.2414083265428126
2026-03-23,AMZN,d_rate,0.0473251765514324
2026-03-23,AMZN,d_credit,-0.04197579533517306
2026-03-23,AMZN,r_vix,-0.0162909064229809
2026-03-23,AMZN,GSPC,1.245428445697435
2026-03-30,AMZN,d_rate,0.05779384905808549
2026-03-30,AMZN,d_credit,-0.056721292102101514
2026-03-30,AMZN,r_vix,6.301058452853388e-4
2026-03-30,AMZN,GSPC,1.510159465675632
2026-04-06,AMZN,d_rate,0.0744588735814015
2026-04-06,AMZN,d_credit,-0.049055922958040926
2026-04-06,AMZN,r_vix,-0.0197831090356526
2026-04-06,AMZN,GSPC,1.5840041441089494
2026-04-13,AMZN,d_rate,0.06791509560349117
2026-04-13,AMZN,d_credit,-0.06448154434408737
2026-04-13,AMZN,r_vix,-0.03499582414713019
2026-04-13,AMZN,GSPC,1.3776346319569308
2026-04-20,AMZN,d_rate,0.09458448999526352
2026-04-20,AMZN,d_credit,-0.0506855514039642
2026-04-20,AMZN,r_vix,-0.019181339102083837
2026-04-20,AMZN,GSPC,1.4513151399019195
2026-04-27,AMZN,d_rate,0.11703661083501084
2026-04-27,AMZN,d_credit,0.010417130279381473
2026-04-27,AMZN,r_vix,-0.013266862778672738
2026-04-27,AMZN,GSPC,1.6283921362091298
2026-05-04,AMZN,d_rate,0.1164584612015652
2026-05-04,AMZN,d_credit,0.01713411310022339
2026-05-04,AMZN,r_vix,-0.01469269758723479
2026-05-04,AMZN,GSPC,1.6186670117558584
2026-05-11,AMZN,d_rate,0.088063594503015
2026-05-11,AMZN,d_credit,0.0033371511902697522
2026-05-11,AMZN,r_vix,-0.018506991091884584
2026-05-11,AMZN,GSPC,1.6548950698581035
2026-05-18,AMZN,d_rate,0.08129810418952671
2026-05-18,AMZN,d_credit,-0.009328262175927105
2026-05-18,AMZN,r_vix,-0.020477929971052487
2026-05-18,AMZN,GSPC,1.670463872702372
2026-05-25,AMZN,d_rate,0.07829604339139873
2026-05-25,AMZN,d_credit,-0.012826413368980424
2026-05-25,AMZN,r_vix,-0.021588864998082442
2026-05-25,AMZN,GSPC,1.663449260118702
2026-06-01,AMZN,d_rate,0.07872020519986314
2026-06-01,AMZN,d_credit,0.044219864935800254
2026-06-01,AMZN,r_vix,-0.03397072143454109
2026-06-01,AMZN,GSPC,1.7258973476057065
2026-06-08,AMZN,d_rate,0.0930726990644842
2026-06-08,AMZN,d_credit,0.043436297987673705
2026-06-08,AMZN,r_vix,-0.02533488814083929
2026-06-08,AMZN,GSPC,1.8024673838033853
2026-06-15,AMZN,d_rate,0.09342932480432893
2026-06-15,AMZN,d_credit,0.045061689948629566
2026-06-15,AMZN,r_vix,-0.025784585924239843
2026-06-15,AMZN,GSPC,1.8044450230754074
2026-06-22,AMZN,d_rate,0.09274903847741942
2026-06-22,AMZN,d_credit,0.03857261226720998
2026-06-22,AMZN,r_vix,-0.02549044209356488
2026-06-22,AMZN,GSPC,1.779122233570261
2026-06-29,AMZN,d_rate,0.097017997802372
2026-06-29,AMZN,d_credit,0.05064882221207439
2026-06-29,AMZN,r_vix,-0.019310028246020676
2026-06-29,AMZN,GSPC,1.870822363836429
2026-07-06,AMZN,d_rate,0.07682878447848664
2026-07-06,AMZN,d_credit,0.027470493553408266
2026-07-06,AMZN,r_vix,-0.019124546217518412
2026-07-06,AMZN,GSPC,1.8261547113396681
2026-07-13,AMZN,d_rate,0.07340521007500805
2026-07-13,AMZN,d_credit,0.02239542997677162
2026-07-13,AMZN,r_vix,-0.011525285823586601
2026-07-13,AMZN,GSPC,1.8121476302148791
2026-07-20,AMZN,d_rate,0.051988882046985305
2026-07-20,AMZN,d_credit,0.008932782559140281
2026-07-20,AMZN,r_vix,-0.00377163786371732
2026-07-20,AMZN,GSPC,1.8754045330864848
2026-07-27,AMZN,d_rate,0.08704363532096424
2026-07-27,AMZN,d_credit,0.12563140805259268
2026-07-27,AMZN,r_vix,-0.022437515824402707
2026-07-27,AMZN,GSPC,1.917839013196553
2026-08-03,AMZN,d_rate,0.0961417489886237
2026-08-03,AMZN,d_credit,0.11051289268070374
2026-08-03,AMZN,r_vix,-0.03980592423362986
2026-08-03,AMZN,GSPC,1.7248291401283549
2026-08-10,AMZN,d_rate,0.08226257081727356
2026-08-10,AMZN,d_credit,0.0772265987937737
2026-08-10,AMZN,r_vix,-0.037277774306768804
2026-08-10,AMZN,GSPC,1.6903180999858343
2026-08-17,AMZN,d_rate,0.07935016288213058
2026-08-17,AMZN,d_credit,0.06692667361991517
2026-08-17,AMZN,r_vix,-0.040272132816119854
2026-08-17,AMZN,GSPC,1.642791374694446
2022-01-03,AXON,d_rate,-0.17761168875771965
2022-01-03,AXON,d_credit,-0.05100312114332511
2022-01-03,AXON,r_vix,0.08731748362143521
2022-01-03,AXON,GSPC,2.1942871558476646
2022-01-10,AXON,d_rate,-0.11736749541496315
2022-01-10,AXON,d_credit,0.05884559919860494
2022-01-10,AXON,r_vix,0.1388161027510606
2022-01-10,AXON,GSPC,2.946157224097452
2022-01-17,AXON,d_rate,-0.1395791975320361
2022-01-17,AXON,d_credit,0.08089498527279071
2022-01-17,AXON,r_vix,0.09396268997731322
2022-01-17,AXON,GSPC,2.18038046195463
2022-01-24,AXON,d_rate,-0.1386184313882288
2022-01-24,AXON,d_credit,0.09234416504035592
2022-01-24,AXON,r_vix,0.09173355960733999
2022-01-24,AXON,GSPC,2.1819456094712253
2022-01-31,AXON,d_rate,-0.11735730657023997
2022-01-31,AXON,d_credit,0.10180935388234723
2022-01-31,AXON,r_vix,0.0955779765772585
2022-01-31,AXON,GSPC,2.1638550278947513
2022-02-07,AXON,d_rate,-0.12175295409255682
2022-02-07,AXON,d_credit,0.08842580577351829
2022-02-07,AXON,r_vix,0.08713136078654339
2022-02-07,AXON,GSPC,2.0372863188076655
2022-02-14,AXON,d_rate,-0.0784101931854423
2022-02-14,AXON,d_credit,0.021170009992599385
2022-02-14,AXON,r_vix,0.1294327164018769
2022-02-14,AXON,GSPC,2.3518501492769475
2022-02-21,AXON,d_rate,-0.057024141267554555
2022-02-21,AXON,d_credit,0.04051167100695873
2022-02-21,AXON,r_vix,0.14413198967988697
2022-02-21,AXON,GSPC,2.441045038967941
2022-02-28,AXON,d_rate,-0.04039119957387987
2022-02-28,AXON,d_credit,0.07894671709848719
2022-02-28,AXON,r_vix,0.12290453166588773
2022-02-28,AXON,GSPC,2.3058402645935834
2022-03-07,AXON,d_rate,-0.058296209192394234
2022-03-07,AXON,d_credit,0.054019397844695484
2022-03-07,AXON,r_vix,0.12314305894006429
2022-03-07,AXON,GSPC,2.2734475302034225
2022-03-14,AXON,d_rate,-0.05748192833576378
2022-03-14,AXON,d_credit,0.041997814829198524
2022-03-14,AXON,r_vix,0.12072041560755181
2022-03-14,AXON,GSPC,2.2312935418972386
2022-03-21,AXON,d_rate,-0.08400410372043808
2022-03-21,AXON,d_credit,0.036668926894477025
2022-03-21,AXON,r_vix,0.104830432532873
2022-03-21,AXON,GSPC,2.178155543535653
2022-03-28,AXON,d_rate,-0.12245562640929948
2022-03-28,AXON,d_credit,-0.028404330163924803
2022-03-28,AXON,r_vix,0.07352844322878604
2022-03-28,AXON,GSPC,1.8896170164426254
2022-04-04,AXON,d_rate,-0.14164051301110836
2022-04-04,AXON,d_credit,-0.03441663540101696
2022-04-04,AXON,r_vix,0.06602062127811852
2022-04-04,AXON,GSPC,1.8728573711451704
2022-04-11,AXON,d_rate,-0.14493474043384963
2022-04-11,AXON,d_credit,-0.035841813691158846
2022-04-11,AXON,r_vix,0.06300770681425497
2022-04-11,AXON,GSPC,1.8503431764719138
2022-04-18,AXON,d_rate,-0.13061314890420592
2022-04-18,AXON,d_credit,-0.01353371197486198
2022-04-18,AXON,r_vix,0.07231110532639642
2022-04-18,AXON,GSPC,1.8999711268152792
2022-04-25,AXON,d_rate,-0.12971737855767843
2022-04-25,AXON,d_credit,-0.013844156746128532
2022-04-25,AXON,r_vix,0.0732555794925623
2022-04-25,AXON,GSPC,1.8990582221071197
2022-05-02,AXON,d_rate,-0.1913878374652561
2022-05-02,AXON,d_credit,-0.034488685492163836
2022-05-02,AXON,r_vix,0.06127041890960457
2022-05-02,AXON,GSPC,1.9159979914900678
2022-05-09,AXON,d_rate,-0.20982207637808942
2022-05-09,AXON,d_credit,-0.024367255056472043
2022-05-09,AXON,r_vix,0.03865097451771161
2022-05-09,AXON,GSPC,1.7618769248906514
2022-05-16,AXON,d_rate,-0.2218389071630783
2022-05-16,AXON,d_credit,-0.026420724347220266
2022-05-16,AXON,r_vix,0.026947770528290362
2022-05-16,AXON,GSPC,1.640970238787071
2022-05-23,AXON,d_rate,-0.20041123774139913
2022-05-23,AXON,d_credit,-0.01613427350930426
2022-05-23,AXON,r_vix,0.023042097276526095
2022-05-23,AXON,GSPC,1.3768336596769302
2022-05-30,AXON,d_rate,-0.19429725334483
2022-05-30,AXON,d_credit,-0.06308946162594486
2022-05-30,AXON,r_vix,0.013857872400206375
2022-05-30,AXON,GSPC,1.220300771687773
2022-06-06,AXON,d_rate,-0.17020337059787607
2022-06-06,AXON,d_credit,-0.06113023419171186
2022-06-06,AXON,r_vix,0.020728843255305718
2022-06-06,AXON,GSPC,1.1787777580419498
2022-06-13,AXON,d_rate,-0.16966928359713296
2022-06-13,AXON,d_credit,-0.05773767388799339
2022-06-13,AXON,r_vix,0.020221692826741012
2022-06-13,AXON,GSPC,1.1910565484145443
2022-06-20,AXON,d_rate,-0.17839956837083043
2022-06-20,AXON,d_credit,-0.09186710802415018
2022-06-20,AXON,r_vix,0.045782357436348904
2022-06-20,AXON,GSPC,1.1978460338350299
2022-06-27,AXON,d_rate,-0.1694329219484847
2022-06-27,AXON,d_credit,-0.10018046758786309
2022-06-27,AXON,r_vix,0.05480399969417093
2022-06-27,AXON,GSPC,1.2420608077444106
2022-07-04,AXON,d_rate,-0.16156996312382363
2022-07-04,AXON,d_credit,-0.10757440163068531
2022-07-04,AXON,r_vix,0.05950446466539584
2022-07-04,AXON,GSPC,1.281739394130137
2022-07-11,AXON,d_rate,-0.1522004990732827
2022-07-11,AXON,d_credit,-0.09831189697787866
2022-07-11,AXON,r_vix,0.06813447282409665
2022-07-11,AXON,GSPC,1.3296203613357156
2022-07-18,AXON,d_rate,-0.15726052424568082
2022-07-18,AXON,d_credit,-0.10430296931765055
2022-07-18,AXON,r_vix,0.06833858116187552
2022-07-18,AXON,GSPC,1.3204141102193805
2022-07-25,AXON,d_rate,-0.15583340668963952
2022-07-25,AXON,d_credit,-0.09487042744901446
2022-07-25,AXON,r_vix,0.06996534184248432
2022-07-25,AXON,GSPC,1.365848403199953
2022-08-01,AXON,d_rate,-0.14856154397071714
2022-08-01,AXON,d_credit,-0.10645578319892686
2022-08-01,AXON,r_vix,0.08025138735127367
2022-08-01,AXON,GSPC,1.390222909412072
2022-08-08,AXON,d_rate,-0.14871942168321728
2022-08-08,AXON,d_credit,-0.09850231751306072
2022-08-08,AXON,r_vix,0.0827835717860478
2022-08-08,AXON,GSPC,1.480888523520564
2022-08-15,AXON,d_rate,-0.14390380193230123
2022-08-15,AXON,d_credit,-0.10059634170789286
2022-08-15,AXON,r_vix,0.08584209507029328
2022-08-15,AXON,GSPC,1.4780574449481434
2022-08-22,AXON,d_rate,-0.14247383851747378
2022-08-22,AXON,d_credit,-0.09239161886730438
2022-08-22,AXON,r_vix,0.08286211771080967
2022-08-22,AXON,GSPC,1.4996196211622852
2022-08-29,AXON,d_rate,-0.1395304729710994
2022-08-29,AXON,d_credit,-0.08870150454906701
2022-08-29,AXON,r_vix,0.07922459770417739
2022-08-29,AXON,GSPC,1.4755555650713545
2022-09-05,AXON,d_rate,-0.13364516057844728
2022-09-05,AXON,d_credit,-0.09045557696434524
2022-09-05,AXON,r_vix,0.08992890089283735
2022-09-05,AXON,GSPC,1.5438494332294177
2022-09-12,AXON,d_rate,-0.13749380633808184
2022-09-12,AXON,d_credit,-0.10599955261770952
2022-09-12,AXON,r_vix,0.0876160010221952
2022-09-12,AXON,GSPC,1.4864361368438443
2022-09-19,AXON,d_rate,-0.13447262205571145
2022-09-19,AXON,d_credit,-0.11682724345922511
2022-09-19,AXON,r_vix,0.10097036700827822
2022-09-19,AXON,GSPC,1.4783584702513406
2022-09-26,AXON,d_rate,-0.11371377697683112
2022-09-26,AXON,d_credit,-0.06842106810860216
2022-09-26,AXON,r_vix,0.09322020752719735
2022-09-26,AXON,GSPC,1.4608308171172562
2022-10-03,AXON,d_rate,-0.10758230776089517
2022-10-03,AXON,d_credit,-0.07104160135727534
2022-10-03,AXON,r_vix,0.08842462999944047
2022-10-03,AXON,GSPC,1.4812716770963408
2022-10-10,AXON,d_rate,-0.0977139756354999
2022-10-10,AXON,d_credit,-0.054263799838933945
2022-10-10,AXON,r_vix,0.09757024060812998
2022-10-10,AXON,GSPC,1.5079883100595881
2022-10-17,AXON,d_rate,-0.08054905398028796
2022-10-17,AXON,d_credit,-0.028663625166191423
2022-10-17,AXON,r_vix,0.1074471797157901
2022-10-17,AXON,GSPC,1.6158254572362944
2022-10-24,AXON,d_rate,-0.09480087573437966
2022-10-24,AXON,d_credit,-0.04589352950214487
2022-10-24,AXON,r_vix,0.11376906868639106
2022-10-24,AXON,GSPC,1.6489502677661583
2022-10-31,AXON,d_rate,-0.10162987016609117
2022-10-31,AXON,d_credit,-0.07410183110851011
2022-10-31,AXON,r_vix,0.09024196977510264
2022-10-31,AXON,GSPC,1.4922734770562236
2022-11-07,AXON,d_rate,-0.09411809728272993
2022-11-07,AXON,d_credit,-0.07094166158436196
2022-11-07,AXON,r_vix,0.110866158148833
2022-11-07,AXON,GSPC,1.7034597696644178
2022-11-14,AXON,d_rate,-0.08273854668339174
2022-11-14,AXON,d_credit,-0.06030735163940968
2022-11-14,AXON,r_vix,0.105660847315168
2022-11-14,AXON,GSPC,1.6969851102856581
2022-11-21,AXON,d_rate,-0.07704877193375155
2022-11-21,AXON,d_credit,-0.052669451522578035
2022-11-21,AXON,r_vix,0.15047882380439137
2022-11-21,AXON,GSPC,1.8208806555597914
2022-11-28,AXON,d_rate,-0.09901316376486166
2022-11-28,AXON,d_credit,-0.07436268136393438
2022-11-28,AXON,r_vix,0.16607474275125286
2022-11-28,AXON,GSPC,1.799807376545584
2022-12-05,AXON,d_rate,-0.08691040666033492
2022-12-05,AXON,d_credit,-0.01136031432483748
2022-12-05,AXON,r_vix,0.08020634054504928
2022-12-05,AXON,GSPC,1.7080489907204839
2022-12-12,AXON,d_rate,-0.08670133910790202
2022-12-12,AXON,d_credit,-0.008021762907300653
2022-12-12,AXON,r_vix,0.06842379415191145
2022-12-12,AXON,GSPC,1.677743517380262
2022-12-19,AXON,d_rate,-0.08285079370542021
2022-12-19,AXON,d_credit,-0.005239651666294507
2022-12-19,AXON,r_vix,0.053672635523265934
2022-12-19,AXON,GSPC,1.6132046856298874
2022-12-26,AXON,d_rate,-0.08301487728728305
2022-12-26,AXON,d_credit,-0.002003279369805961
2022-12-26,AXON,r_vix,0.03522610230600064
2022-12-26,AXON,GSPC,1.56737996280151
2023-01-02,AXON,d_rate,-0.07103437379267226
2023-01-02,AXON,d_credit,-0.013547011448817129
2023-01-02,AXON,r_vix,0.04369732748164889
2023-01-02,AXON,GSPC,1.570650760934294
2023-01-09,AXON,d_rate,-0.07595818494983347
2023-01-09,AXON,d_credit,-0.025171923481731508
2023-01-09,AXON,r_vix,0.041981611378937626
2023-01-09,AXON,GSPC,1.5769419857682418
2023-01-16,AXON,d_rate,-0.07297395715298814
2023-01-16,AXON,d_credit,-0.019202298079959317
2023-01-16,AXON,r_vix,0.004732059129488424
2023-01-16,AXON,GSPC,1.5222130073259206
2023-01-23,AXON,d_rate,-0.07301233618709993
2023-01-23,AXON,d_credit,-0.017439859402808566
2023-01-23,AXON,r_vix,0.004101665087949754
2023-01-23,AXON,GSPC,1.5148535243420127
2023-01-30,AXON,d_rate,-0.07642812374802126
2023-01-30,AXON,d_credit,-0.023020282971754374
2023-01-30,AXON,r_vix,0.01838234985651961
2023-01-30,AXON,GSPC,1.533713764734601
2023-02-06,AXON,d_rate,-0.0837315869928452
2023-02-06,AXON,d_credit,-0.024920835176926406
2023-02-06,AXON,r_vix,0.003427608733472526
2023-02-06,AXON,GSPC,1.4933712308756886
2023-02-13,AXON,d_rate,-0.08138899757910763
2023-02-13,AXON,d_credit,0.0010073762709087869
2023-02-13,AXON,r_vix,-0.010489649948278616
2023-02-13,AXON,GSPC,1.460255051901767
2023-02-20,AXON,d_rate,-0.08066490695693522
2023-02-20,AXON,d_credit,-0.010643131280739591
2023-02-20,AXON,r_vix,-0.004942246425665926
2023-02-20,AXON,GSPC,1.4310913852179201
2023-02-27,AXON,d_rate,-0.07671812181490455
2023-02-27,AXON,d_credit,-0.018138509293442632
2023-02-27,AXON,r_vix,-0.051369059094178326
2023-02-27,AXON,GSPC,1.35139280983895
2023-03-06,AXON,d_rate,-0.06763405448992128
2023-03-06,AXON,d_credit,-0.001887494754222782
2023-03-06,AXON,r_vix,-0.07388757755225756
2023-03-06,AXON,GSPC,1.2700684560321351
2023-03-13,AXON,d_rate,-0.057932436990707104
2023-03-13,AXON,d_credit,-0.021136021817916812
2023-03-13,AXON,r_vix,-0.08753067234532494
2023-03-13,AXON,GSPC,1.2408601843956344
2023-03-20,AXON,d_rate,-0.049725546541910276
2023-03-20,AXON,d_credit,-0.040176561575481
2023-03-20,AXON,r_vix,-0.08624357365847628
2023-03-20,AXON,GSPC,1.2548684881482204
2023-03-27,AXON,d_rate,-0.047715934767814466
2023-03-27,AXON,d_credit,-0.023874521801486356
2023-03-27,AXON,r_vix,-0.08008622547106231
2023-03-27,AXON,GSPC,1.2596228206546671
2023-04-03,AXON,d_rate,-0.030368886721507535
2023-04-03,AXON,d_credit,-0.021097903218817774
2023-04-03,AXON,r_vix,-0.0678191893887245
2023-04-03,AXON,GSPC,1.2975767953263149
2023-04-10,AXON,d_rate,-0.03192194977083887
2023-04-10,AXON,d_credit,-0.021489906302177897
2023-04-10,AXON,r_vix,-0.07033768310053015
2023-04-10,AXON,GSPC,1.2784460203044
2023-04-17,AXON,d_rate,-0.03482564527722278
2023-04-17,AXON,d_credit,-0.026584504948664118
2023-04-17,AXON,r_vix,-0.07991228825978303
2023-04-17,AXON,GSPC,1.252975274880768
2023-04-24,AXON,d_rate,-0.024906994336778614
2023-04-24,AXON,d_credit,-0.030882396242773485
2023-04-24,AXON,r_vix,-0.06149452662468355
2023-04-24,AXON,GSPC,1.2856067632422488
2023-05-01,AXON,d_rate,0.0193104786698299
2023-05-01,AXON,d_credit,0.04062573209935144
2023-05-01,AXON,r_vix,-0.12451771029364644
2023-05-01,AXON,GSPC,1.1913347104817593
2023-05-08,AXON,d_rate,0.022588768778248468
2023-05-08,AXON,d_credit,0.02531186949224492
2023-05-08,AXON,r_vix,-0.09966808098383578
2023-05-08,AXON,GSPC,1.2755264874678298
2023-05-15,AXON,d_rate,0.014110675914558345
2023-05-15,AXON,d_credit,0.009270158259795236
2023-05-15,AXON,r_vix,-0.09791318395319741
2023-05-15,AXON,GSPC,1.2727735479819358
2023-05-22,AXON,d_rate,0.010952599040344367
2023-05-22,AXON,d_credit,-0.006211280886482374
2023-05-22,AXON,r_vix,-0.086295066405069
2023-05-22,AXON,GSPC,1.4025728531904988
2023-05-29,AXON,d_rate,0.01650140460261171
2023-05-29,AXON,d_credit,-0.008819749341557093
2023-05-29,AXON,r_vix,-0.040590910901959376
2023-05-29,AXON,GSPC,1.5107447612194587
2023-06-05,AXON,d_rate,0.016153646519034757
2023-06-05,AXON,d_credit,-0.006513482803122016
2023-06-05,AXON,r_vix,-0.03879317300683062
2023-06-05,AXON,GSPC,1.5202228272708918
2023-06-12,AXON,d_rate,0.017375976618073004
2023-06-12,AXON,d_credit,7.807896960275511e-4
2023-06-12,AXON,r_vix,-0.04605457252923031
2023-06-12,AXON,GSPC,1.474203267236038
2023-06-19,AXON,d_rate,0.020787573434663205
2023-06-19,AXON,d_credit,0.007767602007724931
2023-06-19,AXON,r_vix,-0.03218455815534411
2023-06-19,AXON,GSPC,1.5742499431316386
2023-06-26,AXON,d_rate,0.019900639250054846
2023-06-26,AXON,d_credit,0.011839017999561403
2023-06-26,AXON,r_vix,-0.038671155208294214
2023-06-26,AXON,GSPC,1.5473058457277047
2023-07-03,AXON,d_rate,0.015865272045232887
2023-07-03,AXON,d_credit,0.015050180982040846
2023-07-03,AXON,r_vix,-0.04752628865996879
2023-07-03,AXON,GSPC,1.5334744100283553
2023-07-10,AXON,d_rate,0.01725313852996419
2023-07-10,AXON,d_credit,0.00848214949427327
2023-07-10,AXON,r_vix,-0.0455377435894438
2023-07-10,AXON,GSPC,1.5167241306632782
2023-07-17,AXON,d_rate,0.023195309774746615
2023-07-17,AXON,d_credit,0.01731262386139807
2023-07-17,AXON,r_vix,-0.0661642707261076
2023-07-17,AXON,GSPC,1.4342834357108696
2023-07-24,AXON,d_rate,0.022490914995462713
2023-07-24,AXON,d_credit,0.015714474646374727
2023-07-24,AXON,r_vix,-0.06804971791111476
2023-07-24,AXON,GSPC,1.4169103899387845
2023-07-31,AXON,d_rate,0.0207580035851412
2023-07-31,AXON,d_credit,0.03038418689605066
2023-07-31,AXON,r_vix,-0.04967587180306939
2023-07-31,AXON,GSPC,1.4559278305857857
2023-08-07,AXON,d_rate,0.029855905495121182
2023-08-07,AXON,d_credit,0.03666759671656293
2023-08-07,AXON,r_vix,-0.13520176246786828
2023-08-07,AXON,GSPC,1.1271302985526321
2023-08-14,AXON,d_rate,0.02699992453237959
2023-08-14,AXON,d_credit,0.036580838157176145
2023-08-14,AXON,r_vix,-0.14270403612904095
2023-08-14,AXON,GSPC,1.1217309935237385
2023-08-21,AXON,d_rate,0.030316356057171555
2023-08-21,AXON,d_credit,0.052028465385972604
2023-08-21,AXON,r_vix,-0.139245735977043
2023-08-21,AXON,GSPC,1.1468081252716633
2023-08-28,AXON,d_rate,0.03456355637939567
2023-08-28,AXON,d_credit,0.06892241190138612
2023-08-28,AXON,r_vix,-0.16269944050328372
2023-08-28,AXON,GSPC,1.0630785172870079
2023-09-04,AXON,d_rate,0.03397292693253524
2023-09-04,AXON,d_credit,0.06739033873389678
2023-09-04,AXON,r_vix,-0.16192630118143833
2023-09-04,AXON,GSPC,1.05095737900719
2023-09-11,AXON,d_rate,0.0315402898057238
2023-09-11,AXON,d_credit,0.06888431473600307
2023-09-11,AXON,r_vix,-0.16000695586020852
2023-09-11,AXON,GSPC,1.0975208035340294
2023-09-18,AXON,d_rate,0.028858852115765315
2023-09-18,AXON,d_credit,0.07475725975536417
2023-09-18,AXON,r_vix,-0.15380019202954803
2023-09-18,AXON,GSPC,1.1614567625533363
2023-09-25,AXON,d_rate,0.022988293505698847
2023-09-25,AXON,d_credit,0.05055081479875371
2023-09-25,AXON,r_vix,-0.1411480461227354
2023-09-25,AXON,GSPC,1.2395899625392233
2023-10-02,AXON,d_rate,0.019050369436535614
2023-10-02,AXON,d_credit,0.055420017757003094
2023-10-02,AXON,r_vix,-0.1500259214120171
2023-10-02,AXON,GSPC,1.1814154463518525
2023-10-09,AXON,d_rate,0.006833067210812604
2023-10-09,AXON,d_credit,0.048864191368583165
2023-10-09,AXON,r_vix,-0.11850922796430911
2023-10-09,AXON,GSPC,1.265514073291743
2023-10-16,AXON,d_rate,0.006227130949011368
2023-10-16,AXON,d_credit,0.045865859475241674
2023-10-16,AXON,r_vix,-0.1212250572870489
2023-10-16,AXON,GSPC,1.2137510512234153
2023-10-23,AXON,d_rate,0.01328528482459326
2023-10-23,AXON,d_credit,0.05160281044437769
2023-10-23,AXON,r_vix,-0.11209216973653612
2023-10-23,AXON,GSPC,1.264077884693899
2023-10-30,AXON,d_rate,0.01430737027808459
2023-10-30,AXON,d_credit,0.07484405306552828
2023-10-30,AXON,r_vix,-0.04274947844240358
2023-10-30,AXON,GSPC,1.6492130806452074
2023-11-06,AXON,d_rate,3.4798742119174697e-4
2023-11-06,AXON,d_credit,0.04064559429783621
2023-11-06,AXON,r_vix,-0.1273945298269842
2023-11-06,AXON,GSPC,0.8457470057308234
2023-11-13,AXON,d_rate,0.012832827982346178
2023-11-13,AXON,d_credit,0.06211696799017447
2023-11-13,AXON,r_vix,-0.12716703623147046
2023-11-13,AXON,GSPC,0.9133949755827878
2023-11-20,AXON,d_rate,0.01080222582908712
2023-11-20,AXON,d_credit,0.057917494633603975
2023-11-20,AXON,r_vix,-0.12926027312826863
2023-11-20,AXON,GSPC,0.9012435035101655
2023-11-27,AXON,d_rate,0.0048045586455851596
2023-11-27,AXON,d_credit,0.05157802968444157
2023-11-27,AXON,r_vix,-0.12820415427432688
2023-11-27,AXON,GSPC,0.8952606590020386
2023-12-04,AXON,d_rate,-0.01391433261780473
2023-12-04,AXON,d_credit,-0.02443887066267668
2023-12-04,AXON,r_vix,-0.12259604122531653
2023-12-04,AXON,GSPC,0.6579440107430718
2023-12-11,AXON,d_rate,-0.02791181401290218
2023-12-11,AXON,d_credit,-0.04697757820012693
2023-12-11,AXON,r_vix,-0.09362870707854509
2023-12-11,AXON,GSPC,0.8140211482771607
2023-12-18,AXON,d_rate,-0.0254560518004846
2023-12-18,AXON,d_credit,-0.03953203518397757
2023-12-18,AXON,r_vix,-0.09163229887667505
2023-12-18,AXON,GSPC,0.8413510331103554
2023-12-25,AXON,d_rate,-0.02227878291464683
2023-12-25,AXON,d_credit,-0.035099006085574175
2023-12-25,AXON,r_vix,-0.08806923719302731
2023-12-25,AXON,GSPC,0.8691915446013493
2024-01-01,AXON,d_rate,-0.026722280839123477
2024-01-01,AXON,d_credit,-0.046958228903195835
2024-01-01,AXON,r_vix,-0.08623557305594547
2024-01-01,AXON,GSPC,0.8826334571403327
2024-01-08,AXON,d_rate,-0.020575254441461823
2024-01-08,AXON,d_credit,-0.020321836063822915
2024-01-08,AXON,r_vix,-0.08375153604994046
2024-01-08,AXON,GSPC,0.8800119170990539
2024-01-15,AXON,d_rate,-0.016842245871256906
2024-01-15,AXON,d_credit,-0.019801925913151257
2024-01-15,AXON,r_vix,-0.07612438511353357
2024-01-15,AXON,GSPC,0.9311600489238961
2024-01-22,AXON,d_rate,-0.01733668329638174
2024-01-22,AXON,d_credit,-0.01930086274313122
2024-01-22,AXON,r_vix,-0.08158936325699595
2024-01-22,AXON,GSPC,0.8864862288390505
2024-01-29,AXON,d_rate,-0.018413941056275494
2024-01-29,AXON,d_credit,-0.016449676385152812
2024-01-29,AXON,r_vix,-0.08177992664041167
2024-01-29,AXON,GSPC,0.8801575809077656
2024-02-05,AXON,d_rate,8.811621762193888e-4
2024-02-05,AXON,d_credit,0.00668134299657758
2024-02-05,AXON,r_vix,-0.07417924285364237
2024-02-05,AXON,GSPC,0.9674044377582502
2024-02-12,AXON,d_rate,-0.0017562145225946642
2024-02-12,AXON,d_credit,-0.0029527771596531485
2024-02-12,AXON,r_vix,-0.06788617094375779
2024-02-12,AXON,GSPC,0.9869102164737902
2024-02-19,AXON,d_rate,1.1115204457800849e-4
2024-02-19,AXON,d_credit,0.015904688975329043
2024-02-19,AXON,r_vix,-0.05806164887860505
2024-02-19,AXON,GSPC,1.1524358024354113
2024-02-26,AXON,d_rate,0.0046648058380013326
2024-02-26,AXON,d_credit,0.10402237819590707
2024-02-26,AXON,r_vix,-0.04034798738123591
2024-02-26,AXON,GSPC,1.304273342167787
2024-03-04,AXON,d_rate,0.014746967628525467
2024-03-04,AXON,d_credit,0.0985714171366408
2024-03-04,AXON,r_vix,-0.04393091737976529
2024-03-04,AXON,GSPC,1.3938496365565178
2024-03-11,AXON,d_rate,0.005970839551066002
2024-03-11,AXON,d_credit,0.13825348758713266
2024-03-11,AXON,r_vix,-0.03244530328672671
2024-03-11,AXON,GSPC,1.4730699911409728
2024-03-18,AXON,d_rate,0.0068338665816833665
2024-03-18,AXON,d_credit,0.13750530665515895
2024-03-18,AXON,r_vix,-0.03862519882436024
2024-03-18,AXON,GSPC,1.4375929968963508
2024-03-25,AXON,d_rate,0.007482947047434085
2024-03-25,AXON,d_credit,0.1356734675966062
2024-03-25,AXON,r_vix,-0.038851096278098386
2024-03-25,AXON,GSPC,1.4427685013071385
2024-04-01,AXON,d_rate,0.004445700194600626
2024-04-01,AXON,d_credit,0.13119244472381145
2024-04-01,AXON,r_vix,-0.03206132492547048
2024-04-01,AXON,GSPC,1.4327237697294721
2024-04-08,AXON,d_rate,0.0016436355223711824
2024-04-08,AXON,d_credit,0.12491333397143305
2024-04-08,AXON,r_vix,-0.030796685010240583
2024-04-08,AXON,GSPC,1.3739538362086694
2024-04-15,AXON,d_rate,0.002489182787140193
2024-04-15,AXON,d_credit,0.12498959597566325
2024-04-15,AXON,r_vix,-0.025316508499023824
2024-04-15,AXON,GSPC,1.4408944156904637
2024-04-22,AXON,d_rate,-0.010332036613595956
2024-04-22,AXON,d_credit,0.15066288388519408
2024-04-22,AXON,r_vix,-0.03836945192483802
2024-04-22,AXON,GSPC,1.3728435278473103
2024-04-29,AXON,d_rate,-0.012469630552359558
2024-04-29,AXON,d_credit,0.11837241149146367
2024-04-29,AXON,r_vix,-0.046667952018326284
2024-04-29,AXON,GSPC,1.3422246398670867
2024-05-06,AXON,d_rate,-0.019673906911982307
2024-05-06,AXON,d_credit,0.12239840133190712
2024-05-06,AXON,r_vix,-0.057466467060631986
2024-05-06,AXON,GSPC,1.1464323115658117
2024-05-13,AXON,d_rate,0.0027106065753903672
2024-05-13,AXON,d_credit,0.12191527362213544
2024-05-13,AXON,r_vix,-0.05552009460679344
2024-05-13,AXON,GSPC,1.231728948304998
2024-05-20,AXON,d_rate,0.0028678069183431794
2024-05-20,AXON,d_credit,0.12098473767598646
2024-05-20,AXON,r_vix,-0.05387255591864842
2024-05-20,AXON,GSPC,1.2430397321938345
2024-05-27,AXON,d_rate,-6.205634737211431e-4
2024-05-27,AXON,d_credit,0.1289015481921107
2024-05-27,AXON,r_vix,-0.07993428746183232
2024-05-27,AXON,GSPC,1.1575163296883824
2024-06-03,AXON,d_rate,0.0014205243514328928
2024-06-03,AXON,d_credit,0.12798989123811308
2024-06-03,AXON,r_vix,-0.07802861001617109
2024-06-03,AXON,GSPC,1.1586685575157223
2024-06-10,AXON,d_rate,-0.003327943153876708
2024-06-10,AXON,d_credit,0.143386283411613
2024-06-10,AXON,r_vix,-0.07876681429381717
2024-06-10,AXON,GSPC,1.1247739960143206
2024-06-17,AXON,d_rate,-0.018139613747318643
2024-06-17,AXON,d_credit,0.13666292972724467
2024-06-17,AXON,r_vix,-0.1050836211423499
2024-06-17,AXON,GSPC,0.8488364158252957
2024-06-24,AXON,d_rate,-0.023132765680185345
2024-06-24,AXON,d_credit,0.1487782432617988
2024-06-24,AXON,r_vix,-0.11675620737580852
2024-06-24,AXON,GSPC,0.737529501412693
2024-07-01,AXON,d_rate,-0.021356996032273826
2024-07-01,AXON,d_credit,0.14413058324784508
2024-07-01,AXON,r_vix,-0.11844792629373395
2024-07-01,AXON,GSPC,0.7189236672086731
2024-07-08,AXON,d_rate,-0.02249918454058623
2024-07-08,AXON,d_credit,0.1532248527884256
2024-07-08,AXON,r_vix,-0.12374530173063375
2024-07-08,AXON,GSPC,0.7181738357331063
2024-07-15,AXON,d_rate,-0.023816569021380088
2024-07-15,AXON,d_credit,0.12212701743446709
2024-07-15,AXON,r_vix,-0.05648497365022048
2024-07-15,AXON,GSPC,0.8972875389414143
2024-07-22,AXON,d_rate,-0.024284923838719996
2024-07-22,AXON,d_credit,0.12047183732868061
2024-07-22,AXON,r_vix,-0.055391774404372374
2024-07-22,AXON,GSPC,0.9017275326362648
2024-07-29,AXON,d_rate,-0.0055885829402353695
2024-07-29,AXON,d_credit,0.07710955183435897
2024-07-29,AXON,r_vix,-0.08242651108516942
2024-07-29,AXON,GSPC,0.9300416114775937
2024-08-05,AXON,d_rate,0.009860110511313308
2024-08-05,AXON,d_credit,0.08161658755762345
2024-08-05,AXON,r_vix,-0.10144138545958235
2024-08-05,AXON,GSPC,0.9031967334345653
2024-08-12,AXON,d_rate,0.011439811168099114
2024-08-12,AXON,d_credit,0.09997129339528184
2024-08-12,AXON,r_vix,-0.08474863410717565
2024-08-12,AXON,GSPC,0.8531335037244175
2024-08-19,AXON,d_rate,0.006720663383417943
2024-08-19,AXON,d_credit,0.07632415022228081
2024-08-19,AXON,r_vix,-0.09677054927579064
2024-08-19,AXON,GSPC,0.7495525970873338
2024-08-26,AXON,d_rate,0.0012092167822979074
2024-08-26,AXON,d_credit,0.04566912021884404
2024-08-26,AXON,r_vix,-0.08189382843395071
2024-08-26,AXON,GSPC,0.7483798174686016
2024-09-02,AXON,d_rate,-0.008503627175165602
2024-09-02,AXON,d_credit,0.038505954881342036
2024-09-02,AXON,r_vix,-0.07692614199054312
2024-09-02,AXON,GSPC,0.6714136423554595
2024-09-09,AXON,d_rate,-0.006173744802026098
2024-09-09,AXON,d_credit,0.03959775050931816
2024-09-09,AXON,r_vix,-0.08398327200516677
2024-09-09,AXON,GSPC,0.6406156508542115
2024-09-16,AXON,d_rate,-0.005002956110026124
2024-09-16,AXON,d_credit,0.015793833909108032
2024-09-16,AXON,r_vix,-0.07835771434737827
2024-09-16,AXON,GSPC,0.6197874690581827
2024-09-23,AXON,d_rate,-0.008477583580026272
2024-09-23,AXON,d_credit,0.006077608514187925
2024-09-23,AXON,r_vix,-0.07747917772311265
2024-09-23,AXON,GSPC,0.620770515543152
2024-09-30,AXON,d_rate,0.011911032779974243
2024-09-30,AXON,d_credit,-0.022893186561405755
2024-09-30,AXON,r_vix,-0.046967042182948567
2024-09-30,AXON,GSPC,0.820428322257391
2024-10-07,AXON,d_rate,0.029579131074733325
2024-10-07,AXON,d_credit,0.013176250735401178
2024-10-07,AXON,r_vix,-0.05699498287374396
2024-10-07,AXON,GSPC,0.8382402975969722
2024-10-14,AXON,d_rate,0.03691969013139795
2024-10-14,AXON,d_credit,0.02945574809774984
2024-10-14,AXON,r_vix,-0.053582141184658635
2024-10-14,AXON,GSPC,0.8557683942976142
2024-10-21,AXON,d_rate,0.02243588234372803
2024-10-21,AXON,d_credit,0.008468513216213103
2024-10-21,AXON,r_vix,-0.08192232172382097
2024-10-21,AXON,GSPC,0.5282486580058818
2024-10-28,AXON,d_rate,0.02806996981145565
2024-10-28,AXON,d_credit,0.033108460877932504
2024-10-28,AXON,r_vix,-0.07327535351867245
2024-10-28,AXON,GSPC,0.6192329878449931
2024-11-04,AXON,d_rate,-0.022041438848248284
2024-11-04,AXON,d_credit,-0.12431109548847316
2024-11-04,AXON,r_vix,-0.1709844750597801
2024-11-04,AXON,GSPC,0.5617479010583636
2024-11-11,AXON,d_rate,-0.023681710522578288
2024-11-11,AXON,d_credit,-0.12520763486129965
2024-11-11,AXON,r_vix,-0.17129478670715953
2024-11-11,AXON,GSPC,0.5536959299688081
2024-11-18,AXON,d_rate,-0.023379957615314185
2024-11-18,AXON,d_credit,-0.12584896194183087
2024-11-18,AXON,r_vix,-0.17486895547102466
2024-11-18,AXON,GSPC,0.5600937325135449
2024-11-25,AXON,d_rate,-0.015282655293752242
2024-11-25,AXON,d_credit,-0.1229512115963545
2024-11-25,AXON,r_vix,-0.1629757056365106
2024-11-25,AXON,GSPC,0.648729259197151
2024-12-02,AXON,d_rate,-0.02296756489617262
2024-12-02,AXON,d_credit,-0.15038131824711967
2024-12-02,AXON,r_vix,-0.16721368613543047
2024-12-02,AXON,GSPC,0.5894017193058817
2024-12-09,AXON,d_rate,-0.027330631288331457
2024-12-09,AXON,d_credit,-0.14188526054846434
2024-12-09,AXON,r_vix,-0.18233907108352948
2024-12-09,AXON,GSPC,0.4815896901293284
2024-12-16,AXON,d_rate,-0.027963851546640786
2024-12-16,AXON,d_credit,-0.15980707043413772
2024-12-16,AXON,r_vix,-0.1749501550746894
2024-12-16,AXON,GSPC,0.46817569945536425
2024-12-23,AXON,d_rate,-0.043056355690703416
2024-12-23,AXON,d_credit,-0.19038372797115397
2024-12-23,AXON,r_vix,-0.1547443970902129
2024-12-23,AXON,GSPC,0.5453761634586071
2024-12-30,AXON,d_rate,-0.02614199903021591
2024-12-30,AXON,d_credit,-0.15070079536970857
2024-12-30,AXON,r_vix,-0.15774175199495455
2024-12-30,AXON,GSPC,0.5435184392560282
2025-01-06,AXON,d_rate,-0.031658039159814105
2025-01-06,AXON,d_credit,-0.15286994366273465
2025-01-06,AXON,r_vix,-0.15877485569683755
2025-01-06,AXON,GSPC,0.5752477351949788
2025-01-13,AXON,d_rate,-0.033916511664344715
2025-01-13,AXON,d_credit,-0.16596010323438803
2025-01-13,AXON,r_vix,-0.15904531183877352
2025-01-13,AXON,GSPC,0.5237041683989686
2025-01-20,AXON,d_rate,-0.033795862324267206
2025-01-20,AXON,d_credit,-0.16644180227260702
2025-01-20,AXON,r_vix,-0.1545576789068146
2025-01-20,AXON,GSPC,0.563951857180503
2025-01-27,AXON,d_rate,-0.04633420274516309
2025-01-27,AXON,d_credit,-0.17948489700200268
2025-01-27,AXON,r_vix,-0.15953639304767614
2025-01-27,AXON,GSPC,0.42728282029962383
2025-02-03,AXON,d_rate,-0.06735737792367434
2025-02-03,AXON,d_credit,-0.22310759244495723
2025-02-03,AXON,r_vix,-0.16450353211236554
2025-02-03,AXON,GSPC,0.2979965107769678
2025-02-10,AXON,d_rate,-0.07057378919814267
2025-02-10,AXON,d_credit,-0.24438295214665515
2025-02-10,AXON,r_vix,-0.15896737975286376
2025-02-10,AXON,GSPC,0.2923601012036923
2025-02-17,AXON,d_rate,-0.04030611948436179
2025-02-17,AXON,d_credit,-0.23503024133883316
2025-02-17,AXON,r_vix,-0.18596362834209
2025-02-17,AXON,GSPC,0.5077508431916592
2025-02-24,AXON,d_rate,-0.10271126728258796
2025-02-24,AXON,d_credit,-0.4693079802005548
2025-02-24,AXON,r_vix,-0.18222645366762524
2025-02-24,AXON,GSPC,0.17720455696077847
2025-03-03,AXON,d_rate,-0.09462114839327573
2025-03-03,AXON,d_credit,-0.439061560315817
2025-03-03,AXON,r_vix,-0.19562496646599062
2025-03-03,AXON,GSPC,0.01997012975949176
2025-03-10,AXON,d_rate,-0.10284251332566638
2025-03-10,AXON,d_credit,-0.5130254067626063
2025-03-10,AXON,r_vix,-0.22930329430478766
2025-03-10,AXON,GSPC,-0.35711261640911934
2025-03-17,AXON,d_rate,-0.10513245389701513
2025-03-17,AXON,d_credit,-0.5357761116390741
2025-03-17,AXON,r_vix,-0.22312555910645382
2025-03-17,AXON,GSPC,-0.35213224542021554
2025-03-24,AXON,d_rate,-0.10755596508829521
2025-03-24,AXON,d_credit,-0.5465413103880002
2025-03-24,AXON,r_vix,-0.2222683800556433
2025-03-24,AXON,GSPC,-0.3445914609516155
2025-03-31,AXON,d_rate,-0.12672291479655856
2025-03-31,AXON,d_credit,-0.544236299272353
2025-03-31,AXON,r_vix,-0.2441824137277937
2025-03-31,AXON,GSPC,-0.6466782454239184
2025-04-07,AXON,d_rate,-0.04658168002308762
2025-04-07,AXON,d_credit,-0.3440037282136519
2025-04-07,AXON,r_vix,-0.218277978022684
2025-04-07,AXON,GSPC,-0.08160685323827793
2025-04-14,AXON,d_rate,-0.035014283696923096
2025-04-14,AXON,d_credit,-0.32930828612680685
2025-04-14,AXON,r_vix,-0.2253984313577728
2025-04-14,AXON,GSPC,-0.15175819851923372
2025-04-21,AXON,d_rate,-0.009687455350292336
2025-04-21,AXON,d_credit,-0.2622409555770755
2025-04-21,AXON,r_vix,-0.21564448550412393
2025-04-21,AXON,GSPC,-0.08189240278879124
2025-04-28,AXON,d_rate,-6.774885612756625e-4
2025-04-28,AXON,d_credit,-0.2227036952774502
2025-04-28,AXON,r_vix,-0.21455804429083078
2025-04-28,AXON,GSPC,-0.01290030739861564
2025-05-05,AXON,d_rate,4.1997544276083977e-4
2025-05-05,AXON,d_credit,-0.2345753833344098
2025-05-05,AXON,r_vix,-0.2200674574006887
2025-05-05,AXON,GSPC,-0.028204743093430205
2025-05-12,AXON,d_rate,-0.010400593189488688
2025-05-12,AXON,d_credit,-0.24441311862319948
2025-05-12,AXON,r_vix,-0.21512037150690366
2025-05-12,AXON,GSPC,-2.81202092882523e-4
2025-05-19,AXON,d_rate,-8.474816383059537e-4
2025-05-19,AXON,d_credit,-0.22947407875009504
2025-05-19,AXON,r_vix,-0.21047363374027145
2025-05-19,AXON,GSPC,-4.478729009922015e-4
2025-05-26,AXON,d_rate,0.010533390818508584
2025-05-26,AXON,d_credit,-0.19949360012150233
2025-05-26,AXON,r_vix,-0.20485191740265518
2025-05-26,AXON,GSPC,0.04153328772435648
2025-06-02,AXON,d_rate,0.007573335890627018
2025-06-02,AXON,d_credit,-0.1897263071576261
2025-06-02,AXON,r_vix,-0.20364819491700503
2025-06-02,AXON,GSPC,0.07016255691223486
2025-06-09,AXON,d_rate,0.013556197763151666
2025-06-09,AXON,d_credit,-0.21815802877245152
2025-06-09,AXON,r_vix,-0.20842079704230426
2025-06-09,AXON,GSPC,-0.01995509378834132
2025-06-16,AXON,d_rate,0.01596582432568807
2025-06-16,AXON,d_credit,-0.2120269721597636
2025-06-16,AXON,r_vix,-0.20580545851023335
2025-06-16,AXON,GSPC,0.0068182234701924275
2025-06-23,AXON,d_rate,0.021017496298865054
2025-06-23,AXON,d_credit,-0.21142997368683525
2025-06-23,AXON,r_vix,-0.20988359089248404
2025-06-23,AXON,GSPC,-0.030660923212914477
2025-06-30,AXON,d_rate,0.022164069217746343
2025-06-30,AXON,d_credit,-0.2130263683972184
2025-06-30,AXON,r_vix,-0.22065586218275937
2025-06-30,AXON,GSPC,-0.11407110233674526
2025-07-07,AXON,d_rate,0.010465614017301028
2025-07-07,AXON,d_credit,-0.1144318872466667
2025-07-07,AXON,r_vix,-0.19390729728267211
2025-07-07,AXON,GSPC,0.2097953922248879
2025-07-14,AXON,d_rate,0.016682653814979558
2025-07-14,AXON,d_credit,-0.051448498815268126
2025-07-14,AXON,r_vix,-0.22598904284200416
2025-07-14,AXON,GSPC,0.15383585210591902
2025-07-21,AXON,d_rate,0.02949646114450316
2025-07-21,AXON,d_credit,-0.00584597067566338
2025-07-21,AXON,r_vix,-0.22927112494036203
2025-07-21,AXON,GSPC,0.16022839314779683
2025-07-28,AXON,d_rate,0.012134870972352867
2025-07-28,AXON,d_credit,-0.03940105952178158
2025-07-28,AXON,r_vix,-0.2077706443957237
2025-07-28,AXON,GSPC,0.2131374292746973
2025-08-04,AXON,d_rate,-0.02502800706199153
2025-08-04,AXON,d_credit,-0.011255569886509111
2025-08-04,AXON,r_vix,-0.1546572331248619
2025-08-04,AXON,GSPC,0.6411608999986059
2025-08-11,AXON,d_rate,-0.03248820282028436
2025-08-11,AXON,d_credit,0.014814705889246995
2025-08-11,AXON,r_vix,-0.17774802434020107
2025-08-11,AXON,GSPC,0.5792874714911362
2025-08-18,AXON,d_rate,-0.03625260156165061
2025-08-18,AXON,d_credit,0.00999750395104691
2025-08-18,AXON,r_vix,-0.16923806312393397
2025-08-18,AXON,GSPC,0.6346415524089308
2025-08-25,AXON,d_rate,-0.03175246423796746
2025-08-25,AXON,d_credit,-0.007982655069334025
2025-08-25,AXON,r_vix,-0.17832433940617057
2025-08-25,AXON,GSPC,0.5568317325397939
2025-09-01,AXON,d_rate,0.012872237025902813
2025-09-01,AXON,d_credit,0.08074218253310153
2025-09-01,AXON,r_vix,-0.2113957530429825
2025-09-01,AXON,GSPC,0.5244684584042476
2025-09-08,AXON,d_rate,0.006043281638426499
2025-09-08,AXON,d_credit,0.06635373701358861
2025-09-08,AXON,r_vix,-0.21070577905561763
2025-09-08,AXON,GSPC,0.5509133720597232
2025-09-15,AXON,d_rate,0.0069825164393997755
2025-09-15,AXON,d_credit,0.07284980504091194
2025-09-15,AXON,r_vix,-0.20819416304385646
2025-09-15,AXON,GSPC,0.5734275273829333
2025-09-22,AXON,d_rate,0.002860582224213985
2025-09-22,AXON,d_credit,0.10995041119053488
2025-09-22,AXON,r_vix,-0.19829497004558125
2025-09-22,AXON,GSPC,0.6990974808399856
2025-09-29,AXON,d_rate,-0.010939424225350372
2025-09-29,AXON,d_credit,0.20684985828560956
2025-09-29,AXON,r_vix,-0.2209800603732115
2025-09-29,AXON,GSPC,0.7002026825249327
2025-10-06,AXON,d_rate,-0.018813997020707116
2025-10-06,AXON,d_credit,0.21907384020545193
2025-10-06,AXON,r_vix,-0.2205990491650759
2025-10-06,AXON,GSPC,0.677210112598262
2025-10-13,AXON,d_rate,-0.01007042464030061
2025-10-13,AXON,d_credit,0.23613067577970354
2025-10-13,AXON,r_vix,-0.2376208883241995
2025-10-13,AXON,GSPC,0.5680114497191527
2025-10-20,AXON,d_rate,-0.02263012510742835
2025-10-20,AXON,d_credit,0.23776796153312169
2025-10-20,AXON,r_vix,-0.25093198442720505
2025-10-20,AXON,GSPC,0.5339139207608367
2025-10-27,AXON,d_rate,-0.02307196785290317
2025-10-27,AXON,d_credit,0.22633009215474081
2025-10-27,AXON,r_vix,-0.2516265754035989
2025-10-27,AXON,GSPC,0.5097775215011299
2025-11-03,AXON,d_rate,-1.2995008025088944e-4
2025-11-03,AXON,d_credit,0.25187569256891945
2025-11-03,AXON,r_vix,-0.17722621285440884
2025-11-03,AXON,GSPC,0.7178304477364099
2025-11-10,AXON,d_rate,-0.014480175957133353
2025-11-10,AXON,d_credit,0.22578866295042563
2025-11-10,AXON,r_vix,-0.1752005493224559
2025-11-10,AXON,GSPC,0.727009177563332
2025-11-17,AXON,d_rate,-0.012766633449293267
2025-11-17,AXON,d_credit,0.2059425815695105
2025-11-17,AXON,r_vix,-0.17907105813204477
2025-11-17,AXON,GSPC,0.6737459814513369
2025-11-24,AXON,d_rate,-0.016174196858605265
2025-11-24,AXON,d_credit,0.20026843298218128
2025-11-24,AXON,r_vix,-0.16588098333569287
2025-11-24,AXON,GSPC,0.7051955259214199
2025-12-01,AXON,d_rate,-0.005118648232312144
2025-12-01,AXON,d_credit,0.21071444333442912
2025-12-01,AXON,r_vix,-0.17020667927105823
2025-12-01,AXON,GSPC,0.6708790416714164
2025-12-08,AXON,d_rate,0.025744077641239222
2025-12-08,AXON,d_credit,0.23638371996443652
2025-12-08,AXON,r_vix,-0.17693765495931962
2025-12-08,AXON,GSPC,0.615103442485877
2025-12-15,AXON,d_rate,0.013378252262564096
2025-12-15,AXON,d_credit,0.2440673560993117
2025-12-15,AXON,r_vix,-0.1978314053967438
2025-12-15,AXON,GSPC,0.5459692739856131
2025-12-22,AXON,d_rate,0.029890322749815602
2025-12-22,AXON,d_credit,0.24268831532109683
2025-12-22,AXON,r_vix,-0.21291269066964733
2025-12-22,AXON,GSPC,0.432234564298962
2025-12-29,AXON,d_rate,0.02999482440082679
2025-12-29,AXON,d_credit,0.2542293999098302
2025-12-29,AXON,r_vix,-0.2145597665858541
2025-12-29,AXON,GSPC,0.43910913102279936
2026-01-05,AXON,d_rate,0.011574033714502024
2026-01-05,AXON,d_credit,0.17768878469945867
2026-01-05,AXON,r_vix,-0.18338089545775985
2026-01-05,AXON,GSPC,0.5846026655323003
2026-01-12,AXON,d_rate,0.006841298607996571
2026-01-12,AXON,d_credit,0.1407664301553076
2026-01-12,AXON,r_vix,-0.17646569550933017
2026-01-12,AXON,GSPC,0.5811559265456399
2026-01-19,AXON,d_rate,0.007116333968548663
2026-01-19,AXON,d_credit,0.15494606533378097
2026-01-19,AXON,r_vix,-0.17683675198590662
2026-01-19,AXON,GSPC,0.5996713037930159
2026-01-26,AXON,d_rate,0.0025035647466917312
2026-01-26,AXON,d_credit,0.1485881879304816
2026-01-26,AXON,r_vix,-0.2297029917884525
2026-01-26,AXON,GSPC,0.3266874533646137
2026-02-02,AXON,d_rate,0.019296309183647654
2026-02-02,AXON,d_credit,0.12391310432800237
2026-02-02,AXON,r_vix,-0.2282297197513911
2026-02-02,AXON,GSPC,0.30587499292667436
2026-02-09,AXON,d_rate,-0.008703291581992548
2026-02-09,AXON,d_credit,0.14811084680238643
2026-02-09,AXON,r_vix,-0.2182382538177849
2026-02-09,AXON,GSPC,0.3982039838454307
2026-02-16,AXON,d_rate,-0.030548767075040825
2026-02-16,AXON,d_credit,0.09347180350414626
2026-02-16,AXON,r_vix,-0.15521254469431162
2026-02-16,AXON,GSPC,0.5509766868777062
2026-02-23,AXON,d_rate,-0.02773445775597082
2026-02-23,AXON,d_credit,0.3455288730308884
2026-02-23,AXON,r_vix,-0.1746169304214661
2026-02-23,AXON,GSPC,0.7733303129668699
2026-03-02,AXON,d_rate,-0.0036259512245901764
2026-03-02,AXON,d_credit,0.1954774871676441
2026-03-02,AXON,r_vix,-0.08499688976101184
2026-03-02,AXON,GSPC,0.9713496889942445
2026-03-09,AXON,d_rate,-0.10574657581586475
2026-03-09,AXON,d_credit,0.03571399590570364
2026-03-09,AXON,r_vix,0.026374745480070967
2026-03-09,AXON,GSPC,1.7013677060317363
2026-03-16,AXON,d_rate,-0.09240801256708815
2026-03-16,AXON,d_credit,0.0065297163621623995
2026-03-16,AXON,r_vix,0.009935182117923465
2026-03-16,AXON,GSPC,1.5053753448139937
2026-03-23,AXON,d_rate,-0.09999322986700873
2026-03-23,AXON,d_credit,0.05052920451844859
2026-03-23,AXON,r_vix,0.008634628760047152
2026-03-23,AXON,GSPC,1.6424482301453072
2026-03-30,AXON,d_rate,-0.05411111762842601
2026-03-30,AXON,d_credit,0.014777180672458564
2026-03-30,AXON,r_vix,-0.006980297236418928
2026-03-30,AXON,GSPC,1.6373811991565632
2026-04-06,AXON,d_rate,-0.11441284487797194
2026-04-06,AXON,d_credit,-0.018539253961821173
2026-04-06,AXON,r_vix,0.04853836347113373
2026-04-06,AXON,GSPC,1.3482842860061786
2026-04-13,AXON,d_rate,-0.10100750624570473
2026-04-13,AXON,d_credit,0.03194365358657758
2026-04-13,AXON,r_vix,0.08789607813262816
2026-04-13,AXON,GSPC,1.9281461824206243
2026-04-20,AXON,d_rate,-0.08255305671914148
2026-04-20,AXON,d_credit,0.05114060736293706
2026-04-20,AXON,r_vix,0.0948766538008544
2026-04-20,AXON,GSPC,1.9434058510745567
2026-04-27,AXON,d_rate,-0.07936901947472502
2026-04-27,AXON,d_credit,0.04511295012073522
2026-04-27,AXON,r_vix,0.09071440817057698
2026-04-27,AXON,GSPC,1.9040899380599159
2026-05-04,AXON,d_rate,-0.08407299389866588
2026-05-04,AXON,d_credit,0.06381750183066437
2026-05-04,AXON,r_vix,0.10488771428814703
2026-05-04,AXON,GSPC,2.0604294592643604
2026-05-11,AXON,d_rate,-0.0899469314570731
2026-05-11,AXON,d_credit,0.06068194500038981
2026-05-11,AXON,r_vix,0.10177874197593266
2026-05-11,AXON,GSPC,1.9742236286411767
2026-05-18,AXON,d_rate,-0.10652925686890874
2026-05-18,AXON,d_credit,0.028836268180498843
2026-05-18,AXON,r_vix,0.09672272810977513
2026-05-18,AXON,GSPC,2.0017978872197912
2026-05-25,AXON,d_rate,-0.1486339971338762
2026-05-25,AXON,d_credit,0.013641547196272258
2026-05-25,AXON,r_vix,0.08870318082610469
2026-05-25,AXON,GSPC,1.9821098607749297
2026-06-01,AXON,d_rate,-0.1514341491571782
2026-06-01,AXON,d_credit,-0.043467558440505115
2026-06-01,AXON,r_vix,0.12622510358613315
2026-06-01,AXON,GSPC,1.8485958842297174
2026-06-08,AXON,d_rate,-0.14654912782024743
2026-06-08,AXON,d_credit,-0.05503616395979116
2026-06-08,AXON,r_vix,0.16086990479603563
2026-06-08,AXON,GSPC,2.049889942956565
2026-06-15,AXON,d_rate,-0.14609544746529
2026-06-15,AXON,d_credit,-0.05961913626174723
2026-06-15,AXON,r_vix,0.16334122141638197
2026-06-15,AXON,GSPC,2.0586542043422713
2026-06-22,AXON,d_rate,-0.1981997319918984
2026-06-22,AXON,d_credit,-0.11790387877613027
2026-06-22,AXON,r_vix,0.1483343644843991
2026-06-22,AXON,GSPC,1.5938256239170274
2026-06-29,AXON,d_rate,-0.1668554890622311
2026-06-29,AXON,d_credit,-0.018407792945878795
2026-06-29,AXON,r_vix,0.13745313315816118
2026-06-29,AXON,GSPC,1.948190940413185
2026-07-06,AXON,d_rate,-0.1791645633451459
2026-07-06,AXON,d_credit,-0.077529139175105
2026-07-06,AXON,r_vix,0.12750227807721684
2026-07-06,AXON,GSPC,1.7807201024853785
2026-07-13,AXON,d_rate,-0.1750525784800556
2026-07-13,AXON,d_credit,-0.07687088216008886
2026-07-13,AXON,r_vix,0.1108075210459063
2026-07-13,AXON,GSPC,1.7829882934111134
2026-07-20,AXON,d_rate,-0.17047729637288078
2026-07-20,AXON,d_credit,-0.09022368639088063
2026-07-20,AXON,r_vix,0.10406257762724455
2026-07-20,AXON,GSPC,1.7370949932782922
2026-07-27,AXON,d_rate,-0.14329993136856112
2026-07-27,AXON,d_credit,-0.030693436367052126
2026-07-27,AXON,r_vix,0.09035641916153903
2026-07-27,AXON,GSPC,1.7707478043954152
2026-08-03,AXON,d_rate,-0.17044107007800197
2026-08-03,AXON,d_credit,-0.04861792085455242
2026-08-03,AXON,r_vix,0.1377842289591375
2026-08-03,AXON,GSPC,1.882742460261714
2026-08-10,AXON,d_rate,-0.14268280649413048
2026-08-10,AXON,d_credit,-0.03063914104127455
2026-08-10,AXON,r_vix,0.1373378310573597
2026-08-10,AXON,GSPC,1.9693501708645185
2026-08-17,AXON,d_rate,-0.14437284091737446
2026-08-17,AXON,d_credit,-0.09286579735384479
2026-08-17,AXON,r_vix,0.13274900512164198
2026-08-17,AXON,GSPC,1.8247600443166399
2022-01-03,GOOGL,d_rate,-0.04373111057877638
2022-01-03,GOOGL,d_credit,-0.1071824892902917
2022-01-03,GOOGL,r_vix,0.01790518646474938
2022-01-03,GOOGL,GSPC,1.726538507077443
2022-01-10,GOOGL,d_rate,-0.051560078166378406
2022-01-10,GOOGL,d_credit,-0.11703932536651808
2022-01-10,GOOGL,r_vix,0.00919490390239872
2022-01-10,GOOGL,GSPC,1.6041127357990084
2022-01-17,GOOGL,d_rate,-0.056264487343189715
2022-01-17,GOOGL,d_credit,-0.1169039438007021
2022-01-17,GOOGL,r_vix,-0.0045438709901861885
2022-01-17,GOOGL,GSPC,1.3491474984978415
2022-01-24,GOOGL,d_rate,-0.05715720363174545
2022-01-24,GOOGL,d_credit,-0.10669898371376997
2022-01-24,GOOGL,r_vix,-0.00993536461404465
2022-01-24,GOOGL,GSPC,1.3428154223768978
2022-01-31,GOOGL,d_rate,-0.0422962021897244
2022-01-31,GOOGL,d_credit,-0.10856490651922544
2022-01-31,GOOGL,r_vix,-5.619151114558973e-5
2022-01-31,GOOGL,GSPC,1.2587434775542483
2022-02-07,GOOGL,d_rate,-0.041208168326692635
2022-02-07,GOOGL,d_credit,-0.13164270466552172
2022-02-07,GOOGL,r_vix,0.0033874339743733832
2022-02-07,GOOGL,GSPC,1.3390070801823146
2022-02-14,GOOGL,d_rate,-0.04437285390921523
2022-02-14,GOOGL,d_credit,-0.12396102964289149
2022-02-14,GOOGL,r_vix,-7.952138368845721e-4
2022-02-14,GOOGL,GSPC,1.3042373850355247
2022-02-21,GOOGL,d_rate,-0.03552909063573746
2022-02-21,GOOGL,d_credit,-0.1065630640772024
2022-02-21,GOOGL,r_vix,0.0059953770642387485
2022-02-21,GOOGL,GSPC,1.3721843162849319
2022-02-28,GOOGL,d_rate,-0.04342358576671172
2022-02-28,GOOGL,d_credit,-0.11247144422994318
2022-02-28,GOOGL,r_vix,0.009135598511968756
2022-02-28,GOOGL,GSPC,1.3882538658268002
2022-03-07,GOOGL,d_rate,-0.008361136724969114
2022-03-07,GOOGL,d_credit,-0.0677210694317886
2022-03-07,GOOGL,r_vix,0.004272091010530082
2022-03-07,GOOGL,GSPC,1.3871107333520751
2022-03-14,GOOGL,d_rate,-0.028130824131382973
2022-03-14,GOOGL,d_credit,-0.0477851817673848
2022-03-14,GOOGL,r_vix,-0.018882617570350545
2022-03-14,GOOGL,GSPC,1.1073155109115598
2022-03-21,GOOGL,d_rate,-0.030130022284856534
2022-03-21,GOOGL,d_credit,-0.06110669799322257
2022-03-21,GOOGL,r_vix,-0.02262820344263424
2022-03-21,GOOGL,GSPC,1.0952564126558944
2022-03-28,GOOGL,d_rate,-0.020062588322310497
2022-03-28,GOOGL,d_credit,-0.0370044346520855
2022-03-28,GOOGL,r_vix,-0.01738855232386318
2022-03-28,GOOGL,GSPC,1.141394358593415
2022-04-04,GOOGL,d_rate,-0.03293931200505445
2022-04-04,GOOGL,d_credit,-0.024089949710208166
2022-04-04,GOOGL,r_vix,-0.023968560718928406
2022-04-04,GOOGL,GSPC,1.114238040254496
2022-04-11,GOOGL,d_rate,-0.029124870142486662
2022-04-11,GOOGL,d_credit,-0.015942851548511043
2022-04-11,GOOGL,r_vix,-0.011659752835712587
2022-04-11,GOOGL,GSPC,1.2485001277266863
2022-04-18,GOOGL,d_rate,-0.03583801532015483
2022-04-18,GOOGL,d_credit,-0.027744552744447606
2022-04-18,GOOGL,r_vix,-0.017127681788678895
2022-04-18,GOOGL,GSPC,1.2176137374433196
2022-04-25,GOOGL,d_rate,-0.038924252020738
2022-04-25,GOOGL,d_credit,-0.0253714966159449
2022-04-25,GOOGL,r_vix,-0.021151218698633584
2022-04-25,GOOGL,GSPC,1.2002041879125194
2022-05-02,GOOGL,d_rate,-0.0352385976810306
2022-05-02,GOOGL,d_credit,-0.017207607305257017
2022-05-02,GOOGL,r_vix,-0.026750683029479572
2022-05-02,GOOGL,GSPC,1.18446706082134
2022-05-09,GOOGL,d_rate,-0.044492385455424346
2022-05-09,GOOGL,d_credit,-0.007495659998376135
2022-05-09,GOOGL,r_vix,-0.03837874303870975
2022-05-09,GOOGL,GSPC,1.096941067527895
2022-05-16,GOOGL,d_rate,-0.03340458627932462
2022-05-16,GOOGL,d_credit,-0.009947544630072849
2022-05-16,GOOGL,r_vix,-0.02514820964655442
2022-05-16,GOOGL,GSPC,1.216486561973926
2022-05-23,GOOGL,d_rate,-0.0292819150185616
2022-05-23,GOOGL,d_credit,-0.010343416282764008
2022-05-23,GOOGL,r_vix,-0.040200301001789736
2022-05-23,GOOGL,GSPC,0.9926078637776274
2022-05-30,GOOGL,d_rate,-0.025177632129138615
2022-05-30,GOOGL,d_credit,-0.0342067932869823
2022-05-30,GOOGL,r_vix,-0.04474474603638905
2022-05-30,GOOGL,GSPC,0.9099015125808019
2022-06-06,GOOGL,d_rate,-0.021725077542723754
2022-06-06,GOOGL,d_credit,-0.04281458798247461
2022-06-06,GOOGL,r_vix,-0.04854965809044925
2022-06-06,GOOGL,GSPC,0.8325714838960206
2022-06-13,GOOGL,d_rate,-0.01959641575044963
2022-06-13,GOOGL,d_credit,-0.032755417845374946
2022-06-13,GOOGL,r_vix,-0.05735723851975381
2022-06-13,GOOGL,GSPC,0.7692763385820798
2022-06-20,GOOGL,d_rate,-0.017235602540919583
2022-06-20,GOOGL,d_credit,-0.0030683911493139984
2022-06-20,GOOGL,r_vix,-0.05640787911761217
2022-06-20,GOOGL,GSPC,0.8970142709769262
2022-06-27,GOOGL,d_rate,0.006983595013694909
2022-06-27,GOOGL,d_credit,-0.021677573277587483
2022-06-27,GOOGL,r_vix,-0.033853967648300856
2022-06-27,GOOGL,GSPC,1.0053500368276698
2022-07-04,GOOGL,d_rate,0.019145305240922554
2022-07-04,GOOGL,d_credit,-0.032790167919342535
2022-07-04,GOOGL,r_vix,-0.028740756388719955
2022-07-04,GOOGL,GSPC,1.051191493759119
2022-07-11,GOOGL,d_rate,0.04108410918621142
2022-07-11,GOOGL,d_credit,-0.011000838412576371
2022-07-11,GOOGL,r_vix,-0.022712253457999626
2022-07-11,GOOGL,GSPC,1.1188569258522676
2022-07-18,GOOGL,d_rate,0.05605033052680504
2022-07-18,GOOGL,d_credit,-0.0019300655814801463
2022-07-18,GOOGL,r_vix,-0.02338974395053465
2022-07-18,GOOGL,GSPC,1.0683315136962117
2022-07-25,GOOGL,d_rate,0.05858969975305936
2022-07-25,GOOGL,d_credit,0.013693829778734172
2022-07-25,GOOGL,r_vix,-0.02078957133763539
2022-07-25,GOOGL,GSPC,1.142998045402288
2022-08-01,GOOGL,d_rate,0.058781103462596775
2022-08-01,GOOGL,d_credit,0.013937290246698998
2022-08-01,GOOGL,r_vix,-0.021640275538064628
2022-08-01,GOOGL,GSPC,1.1419252081215618
2022-08-08,GOOGL,d_rate,0.05901156758932282
2022-08-08,GOOGL,d_credit,0.012765328355857393
2022-08-08,GOOGL,r_vix,-0.021191831482318842
2022-08-08,GOOGL,GSPC,1.1399522817354788
2022-08-15,GOOGL,d_rate,0.056800586371692705
2022-08-15,GOOGL,d_credit,0.016826156626420386
2022-08-15,GOOGL,r_vix,-0.026273709205162362
2022-08-15,GOOGL,GSPC,1.1345572157706227
2022-08-22,GOOGL,d_rate,0.05802228339001393
2022-08-22,GOOGL,d_credit,0.02182900012836701
2022-08-22,GOOGL,r_vix,-0.02395723149328534
2022-08-22,GOOGL,GSPC,1.1434820368371021
2022-08-29,GOOGL,d_rate,0.05918582021579803
2022-08-29,GOOGL,d_credit,0.02333141777741919
2022-08-29,GOOGL,r_vix,-0.025425551260714593
2022-08-29,GOOGL,GSPC,1.1336605879556962
2022-09-05,GOOGL,d_rate,0.05625459522385912
2022-09-05,GOOGL,d_credit,0.023844078035964993
2022-09-05,GOOGL,r_vix,-0.03026095005413173
2022-09-05,GOOGL,GSPC,1.1006897244300866
2022-09-12,GOOGL,d_rate,0.05739325097512473
2022-09-12,GOOGL,d_credit,0.030350313501552494
2022-09-12,GOOGL,r_vix,-0.0293614582952216
2022-09-12,GOOGL,GSPC,1.1296446050130688
2022-09-19,GOOGL,d_rate,0.05833046514173603
2022-09-19,GOOGL,d_credit,0.02668591396066297
2022-09-19,GOOGL,r_vix,-0.029260087293017517
2022-09-19,GOOGL,GSPC,1.1160443340591388
2022-09-26,GOOGL,d_rate,0.05745850887642603
2022-09-26,GOOGL,d_credit,0.024805418206608247
2022-09-26,GOOGL,r_vix,-0.02778072523728448
2022-09-26,GOOGL,GSPC,1.1184175052844687
2022-10-03,GOOGL,d_rate,0.05653292500401618
2022-10-03,GOOGL,d_credit,0.020747245950191277
2022-10-03,GOOGL,r_vix,-0.024805818962078067
2022-10-03,GOOGL,GSPC,1.1292754488830057
2022-10-10,GOOGL,d_rate,0.05444067117055726
2022-10-10,GOOGL,d_credit,0.016473549709008883
2022-10-10,GOOGL,r_vix,-0.025446681565398525
2022-10-10,GOOGL,GSPC,1.1261384616940755
2022-10-17,GOOGL,d_rate,0.04923317587405535
2022-10-17,GOOGL,d_credit,0.0043079853979591035
2022-10-17,GOOGL,r_vix,-0.028114507918154036
2022-10-17,GOOGL,GSPC,1.1080380016691573
2022-10-24,GOOGL,d_rate,0.08505178156128991
2022-10-24,GOOGL,d_credit,0.04403812178726463
2022-10-24,GOOGL,r_vix,-0.03163428570169892
2022-10-24,GOOGL,GSPC,1.0532584758450312
2022-10-31,GOOGL,d_rate,0.08738241020325763
2022-10-31,GOOGL,d_credit,0.06261004749808574
2022-10-31,GOOGL,r_vix,-0.014565367180262646
2022-10-31,GOOGL,GSPC,1.169017886464798
2022-11-07,GOOGL,d_rate,0.08887649554842413
2022-11-07,GOOGL,d_credit,0.06650703543741664
2022-11-07,GOOGL,r_vix,-0.006193185869824837
2022-11-07,GOOGL,GSPC,1.2558731317132161
2022-11-14,GOOGL,d_rate,0.06400599638208489
2022-11-14,GOOGL,d_credit,0.036440391528431725
2022-11-14,GOOGL,r_vix,-0.010581042560367845
2022-11-14,GOOGL,GSPC,1.2024751474909647
2022-11-21,GOOGL,d_rate,0.0642372066606783
2022-11-21,GOOGL,d_credit,0.036869144515322465
2022-11-21,GOOGL,r_vix,-0.00414788262996412
2022-11-21,GOOGL,GSPC,1.2201934051742487
2022-11-28,GOOGL,d_rate,0.062001570664922984
2022-11-28,GOOGL,d_credit,0.03604467795361923
2022-11-28,GOOGL,r_vix,-0.009615467764877665
2022-11-28,GOOGL,GSPC,1.2155604873646726
2022-12-05,GOOGL,d_rate,0.06460290589973701
2022-12-05,GOOGL,d_credit,0.05116493629348964
2022-12-05,GOOGL,r_vix,-0.026462972852126294
2022-12-05,GOOGL,GSPC,1.2021036408031271
2022-12-12,GOOGL,d_rate,0.06338165714906605
2022-12-12,GOOGL,d_credit,0.05180683486201032
2022-12-12,GOOGL,r_vix,-0.026173971973691132
2022-12-12,GOOGL,GSPC,1.1985728959835285
2022-12-19,GOOGL,d_rate,0.05892850037150309
2022-12-19,GOOGL,d_credit,0.04782051776991456
2022-12-19,GOOGL,r_vix,-0.025514456799648696
2022-12-19,GOOGL,GSPC,1.1854767444759906
2022-12-26,GOOGL,d_rate,0.05970056285003829
2022-12-26,GOOGL,d_credit,0.051379129397661774
2022-12-26,GOOGL,r_vix,-0.044283606910467024
2022-12-26,GOOGL,GSPC,1.1408942653208098
2023-01-02,GOOGL,d_rate,0.0651173971707486
2023-01-02,GOOGL,d_credit,0.04384638223042317
2023-01-02,GOOGL,r_vix,-0.03788957555945783
2023-01-02,GOOGL,GSPC,1.14657559870611
2023-01-09,GOOGL,d_rate,0.061690607434316966
2023-01-09,GOOGL,d_credit,0.034735904813114955
2023-01-09,GOOGL,r_vix,-0.04452873678355275
2023-01-09,GOOGL,GSPC,1.1363395924120556
2023-01-16,GOOGL,d_rate,0.06159990456802254
2023-01-16,GOOGL,d_credit,0.03930383689865299
2023-01-16,GOOGL,r_vix,-0.04766175286989774
2023-01-16,GOOGL,GSPC,1.1510424424228125
2023-01-23,GOOGL,d_rate,0.061178403558946444
2023-01-23,GOOGL,d_credit,0.038588208421492076
2023-01-23,GOOGL,r_vix,-0.04730632316409684
2023-01-23,GOOGL,GSPC,1.1431614640809338
2023-01-30,GOOGL,d_rate,0.05490379602525671
2023-01-30,GOOGL,d_credit,0.02428391491154474
2023-01-30,GOOGL,r_vix,-0.015803622229864343
2023-01-30,GOOGL,GSPC,1.2061073280271768
2023-02-06,GOOGL,d_rate,0.040888464940136
2023-02-06,GOOGL,d_credit,0.02216196188288755
2023-02-06,GOOGL,r_vix,-0.033585820629594906
2023-02-06,GOOGL,GSPC,1.1506219497601096
2023-02-13,GOOGL,d_rate,0.04111227511472852
2023-02-13,GOOGL,d_credit,0.02478173485231094
2023-02-13,GOOGL,r_vix,-0.03497704246532452
2023-02-13,GOOGL,GSPC,1.1472729115210378
2023-02-20,GOOGL,d_rate,0.039069264651546046
2023-02-20,GOOGL,d_credit,0.021575336427972377
2023-02-20,GOOGL,r_vix,-0.03838469121977737
2023-02-20,GOOGL,GSPC,1.1397001255864654
2023-02-27,GOOGL,d_rate,0.04238169810496537
2023-02-27,GOOGL,d_credit,0.018256843039339117
2023-02-27,GOOGL,r_vix,-0.05823980580728935
2023-02-27,GOOGL,GSPC,1.1051226397477152
2023-03-06,GOOGL,d_rate,0.028502577744284007
2023-03-06,GOOGL,d_credit,0.01937703018165929
2023-03-06,GOOGL,r_vix,-0.020834842352096615
2023-03-06,GOOGL,GSPC,1.1609773228622913
2023-03-13,GOOGL,d_rate,0.012769298257310024
2023-03-13,GOOGL,d_credit,0.047487217113572074
2023-03-13,GOOGL,r_vix,-0.009128486585873938
2023-03-13,GOOGL,GSPC,1.2602401728246713
2023-03-20,GOOGL,d_rate,0.009072396109556199
2023-03-20,GOOGL,d_credit,0.05751987695081789
2023-03-20,GOOGL,r_vix,-0.012785760059163712
2023-03-20,GOOGL,GSPC,1.2484546576477442
2023-03-27,GOOGL,d_rate,0.006870472956673323
2023-03-27,GOOGL,d_credit,0.069059194567846
2023-03-27,GOOGL,r_vix,-0.005539373620363415
2023-03-27,GOOGL,GSPC,1.2355475541255037
2023-04-03,GOOGL,d_rate,0.008442245065883657
2023-04-03,GOOGL,d_credit,0.0651755568131994
2023-04-03,GOOGL,r_vix,0.001939235946333807
2023-04-03,GOOGL,GSPC,1.2487117201069213
2023-04-10,GOOGL,d_rate,0.007483245149277053
2023-04-10,GOOGL,d_credit,0.06439806382808254
2023-04-10,GOOGL,r_vix,-0.0020592354847115395
2023-04-10,GOOGL,GSPC,1.2274095541906171
2023-04-17,GOOGL,d_rate,0.01689177539843811
2023-04-17,GOOGL,d_credit,0.08359376498601873
2023-04-17,GOOGL,r_vix,0.03530296992102958
2023-04-17,GOOGL,GSPC,1.3259370723660315
2023-04-24,GOOGL,d_rate,0.016268850694881577
2023-04-24,GOOGL,d_credit,0.08679714020107625
2023-04-24,GOOGL,r_vix,0.04085024275304926
2023-04-24,GOOGL,GSPC,1.3321575448993082
2023-05-01,GOOGL,d_rate,0.01114124425936148
2023-05-01,GOOGL,d_credit,0.0756440357462219
2023-05-01,GOOGL,r_vix,0.04177744269546801
2023-05-01,GOOGL,GSPC,1.3272381727246254
2023-05-08,GOOGL,d_rate,0.016747356132024452
2023-05-08,GOOGL,d_credit,0.06992222188795666
2023-05-08,GOOGL,r_vix,0.05557926053056996
2023-05-08,GOOGL,GSPC,1.3740337606921202
2023-05-15,GOOGL,d_rate,0.01744773585174832
2023-05-15,GOOGL,d_credit,0.07926548349729562
2023-05-15,GOOGL,r_vix,0.048812256172994825
2023-05-15,GOOGL,GSPC,1.3476414080494148
2023-05-22,GOOGL,d_rate,0.016483644836900867
2023-05-22,GOOGL,d_credit,0.0650512591583105
2023-05-22,GOOGL,r_vix,0.06596300236630755
2023-05-22,GOOGL,GSPC,1.4505911489905219
2023-05-29,GOOGL,d_rate,0.014639568145520579
2023-05-29,GOOGL,d_credit,0.08452935215344354
2023-05-29,GOOGL,r_vix,0.0842317533640835
2023-05-29,GOOGL,GSPC,1.5139896296435347
2023-06-05,GOOGL,d_rate,0.011599038553405683
2023-06-05,GOOGL,d_credit,0.09371971838852795
2023-06-05,GOOGL,r_vix,0.08950446317856023
2023-06-05,GOOGL,GSPC,1.582254998725252
2023-06-12,GOOGL,d_rate,0.009173984406889626
2023-06-12,GOOGL,d_credit,0.08800781634759523
2023-06-12,GOOGL,r_vix,0.0935271178623505
2023-06-12,GOOGL,GSPC,1.6430638957638852
2023-06-19,GOOGL,d_rate,0.00829460737066892
2023-06-19,GOOGL,d_credit,0.08735721755689888
2023-06-19,GOOGL,r_vix,0.09047260637768624
2023-06-19,GOOGL,GSPC,1.6245700382916202
2023-06-26,GOOGL,d_rate,-0.005193611000365682
2023-06-26,GOOGL,d_credit,0.13296438405853583
2023-06-26,GOOGL,r_vix,0.03784733905864066
2023-06-26,GOOGL,GSPC,1.4044824647224143
2023-07-03,GOOGL,d_rate,-0.014739078149280986
2023-07-03,GOOGL,d_credit,0.14888620484155501
2023-07-03,GOOGL,r_vix,0.04818893710405018
2023-07-03,GOOGL,GSPC,1.3773121485014823
2023-07-10,GOOGL,d_rate,-0.026880399570805142
2023-07-10,GOOGL,d_credit,0.14416192211817716
2023-07-10,GOOGL,r_vix,0.03631478251022467
2023-07-10,GOOGL,GSPC,1.3100281409698964
2023-07-17,GOOGL,d_rate,-0.037273118129751134
2023-07-17,GOOGL,d_credit,0.1388991356627912
2023-07-17,GOOGL,r_vix,0.034730275431838056
2023-07-17,GOOGL,GSPC,1.33100591059934
2023-07-24,GOOGL,d_rate,-0.0290186334482894
2023-07-24,GOOGL,d_credit,0.1291571269815853
2023-07-24,GOOGL,r_vix,0.04093546566408239
2023-07-24,GOOGL,GSPC,1.371453554845921
2023-07-31,GOOGL,d_rate,-0.03287042699542274
2023-07-31,GOOGL,d_credit,0.12454324457237301
2023-07-31,GOOGL,r_vix,0.02330582830537903
2023-07-31,GOOGL,GSPC,1.326822693901094
2023-08-07,GOOGL,d_rate,-0.031012212297053702
2023-08-07,GOOGL,d_credit,0.12594557141289695
2023-08-07,GOOGL,r_vix,0.010159955898766415
2023-08-07,GOOGL,GSPC,1.2893034179791363
2023-08-14,GOOGL,d_rate,-0.0289901335838725
2023-08-14,GOOGL,d_credit,0.1256994056541631
2023-08-14,GOOGL,r_vix,0.013774497726389692
2023-08-14,GOOGL,GSPC,1.2903594008373038
2023-08-21,GOOGL,d_rate,-0.031338872368374786
2023-08-21,GOOGL,d_credit,0.11471365187404103
2023-08-21,GOOGL,r_vix,0.011669645314146307
2023-08-21,GOOGL,GSPC,1.2726221975612557
2023-08-28,GOOGL,d_rate,-0.03360722192240435
2023-08-28,GOOGL,d_credit,0.11069343294387354
2023-08-28,GOOGL,r_vix,0.018384981950886527
2023-08-28,GOOGL,GSPC,1.3116025093432837
2023-09-04,GOOGL,d_rate,-0.03091736678481372
2023-09-04,GOOGL,d_credit,0.10886664763021998
2023-09-04,GOOGL,r_vix,0.02081454247310458
2023-09-04,GOOGL,GSPC,1.3257424209039788
2023-09-11,GOOGL,d_rate,-0.03039009104724342
2023-09-11,GOOGL,d_credit,0.10767480809778847
2023-09-11,GOOGL,r_vix,0.02018329615239925
2023-09-11,GOOGL,GSPC,1.302546414908143
2023-09-18,GOOGL,d_rate,-0.034172539655926114
2023-09-18,GOOGL,d_credit,0.12380667180244732
2023-09-18,GOOGL,r_vix,0.01714996715133843
2023-09-18,GOOGL,GSPC,1.3907172760578488
2023-09-25,GOOGL,d_rate,-0.0306068426418495
2023-09-25,GOOGL,d_credit,0.13300391195491196
2023-09-25,GOOGL,r_vix,0.013154881375787198
2023-09-25,GOOGL,GSPC,1.368518775585327
2023-10-02,GOOGL,d_rate,-0.022531795510293204
2023-10-02,GOOGL,d_credit,0.15183141926728738
2023-10-02,GOOGL,r_vix,0.007521974284312862
2023-10-02,GOOGL,GSPC,1.3609524058125388
2023-10-09,GOOGL,d_rate,-0.017353716292346822
2023-10-09,GOOGL,d_credit,0.16532534476811803
2023-10-09,GOOGL,r_vix,-0.0027896821688016137
2023-10-09,GOOGL,GSPC,1.3182088096669844
2023-10-16,GOOGL,d_rate,-0.003643811365509055
2023-10-16,GOOGL,d_credit,0.18997945180318498
2023-10-16,GOOGL,r_vix,0.005304000198549056
2023-10-16,GOOGL,GSPC,1.4427737815304054
2023-10-23,GOOGL,d_rate,-0.01117920389707105
2023-10-23,GOOGL,d_credit,0.17421487019979823
2023-10-23,GOOGL,r_vix,0.038932917436286435
2023-10-23,GOOGL,GSPC,1.8256260303957899
2023-10-30,GOOGL,d_rate,-0.004045977393690086
2023-10-30,GOOGL,d_credit,0.16022559684660234
2023-10-30,GOOGL,r_vix,0.030726600713253983
2023-10-30,GOOGL,GSPC,1.639893391689078
2023-11-06,GOOGL,d_rate,-0.005244377071442126
2023-11-06,GOOGL,d_credit,0.1544515356345248
2023-11-06,GOOGL,r_vix,0.02245896161818915
2023-11-06,GOOGL,GSPC,1.5640130009144204
2023-11-13,GOOGL,d_rate,0.012597602620449335
2023-11-13,GOOGL,d_credit,0.18192925327555892
2023-11-13,GOOGL,r_vix,0.016154279030606147
2023-11-13,GOOGL,GSPC,1.600799193059886
2023-11-20,GOOGL,d_rate,0.010030227945369561
2023-11-20,GOOGL,d_credit,0.1767619567082987
2023-11-20,GOOGL,r_vix,0.013680197826450816
2023-11-20,GOOGL,GSPC,1.5861301563655243
2023-11-27,GOOGL,d_rate,0.028612170827787213
2023-11-27,GOOGL,d_credit,0.1953264251691204
2023-11-27,GOOGL,r_vix,0.005954440287675101
2023-11-27,GOOGL,GSPC,1.5872659844382564
2023-12-04,GOOGL,d_rate,0.022185644829868133
2023-12-04,GOOGL,d_credit,0.16792253039334953
2023-12-04,GOOGL,r_vix,0.005492294694311523
2023-12-04,GOOGL,GSPC,1.520428020657129
2023-12-11,GOOGL,d_rate,0.03402534120994673
2023-12-11,GOOGL,d_credit,0.1864739676893184
2023-12-11,GOOGL,r_vix,-0.01795588271982951
2023-12-11,GOOGL,GSPC,1.3957166513394337
2023-12-18,GOOGL,d_rate,0.04787969344818467
2023-12-18,GOOGL,d_credit,0.21978866642278164
2023-12-18,GOOGL,r_vix,-0.018103434881828504
2023-12-18,GOOGL,GSPC,1.474533560641903
2023-12-25,GOOGL,d_rate,0.05121522035945453
2023-12-25,GOOGL,d_credit,0.2239221553662437
2023-12-25,GOOGL,r_vix,-0.014660884329442195
2023-12-25,GOOGL,GSPC,1.5008784159914423
2024-01-01,GOOGL,d_rate,0.036442178111173375
2024-01-01,GOOGL,d_credit,0.22652380803363137
2024-01-01,GOOGL,r_vix,-0.009679405361754153
2024-01-01,GOOGL,GSPC,1.5427953911930883
2024-01-08,GOOGL,d_rate,0.03949314899693405
2024-01-08,GOOGL,d_credit,0.24571743905725527
2024-01-08,GOOGL,r_vix,-0.0055906042140710524
2024-01-08,GOOGL,GSPC,1.5674303813818453
2024-01-15,GOOGL,d_rate,0.04333626091873047
2024-01-15,GOOGL,d_credit,0.24112736384191677
2024-01-15,GOOGL,r_vix,-0.010871113601383145
2024-01-15,GOOGL,GSPC,1.5860055546817757
2024-01-22,GOOGL,d_rate,0.04372864440451788
2024-01-22,GOOGL,d_credit,0.23928114794903613
2024-01-22,GOOGL,r_vix,-0.006618839089035536
2024-01-22,GOOGL,GSPC,1.6216167793048692
2024-01-29,GOOGL,d_rate,0.05238335064685827
2024-01-29,GOOGL,d_credit,0.24689629326889784
2024-01-29,GOOGL,r_vix,-0.0475605417365272
2024-01-29,GOOGL,GSPC,1.3802131437693508
2024-02-05,GOOGL,d_rate,0.07796160673399878
2024-02-05,GOOGL,d_credit,0.2744397843615067
2024-02-05,GOOGL,r_vix,-0.028638729430373735
2024-02-05,GOOGL,GSPC,1.484806953062817
2024-02-12,GOOGL,d_rate,0.07809814300559426
2024-02-12,GOOGL,d_credit,0.29596830857120704
2024-02-12,GOOGL,r_vix,-0.04652991608601711
2024-02-12,GOOGL,GSPC,1.4387409256747188
2024-02-19,GOOGL,d_rate,0.0772497303066426
2024-02-19,GOOGL,d_credit,0.28856501339825985
2024-02-19,GOOGL,r_vix,-0.04960394047827841
2024-02-19,GOOGL,GSPC,1.3826712776214811
2024-02-26,GOOGL,d_rate,0.07388205284785282
2024-02-26,GOOGL,d_credit,0.25118583189796473
2024-02-26,GOOGL,r_vix,-0.030823166116690722
2024-02-26,GOOGL,GSPC,1.3674210920408485
2024-03-04,GOOGL,d_rate,0.08327655119645727
2024-03-04,GOOGL,d_credit,0.24697753984387844
2024-03-04,GOOGL,r_vix,-0.03579158467354212
2024-03-04,GOOGL,GSPC,1.4400207572638726
2024-03-11,GOOGL,d_rate,0.10897658294269397
2024-03-11,GOOGL,d_credit,0.13886758112750094
2024-03-11,GOOGL,r_vix,-0.06788064698343328
2024-03-11,GOOGL,GSPC,1.222718605098949
2024-03-18,GOOGL,d_rate,0.10899561111038907
2024-03-18,GOOGL,d_credit,0.1522751788683251
2024-03-18,GOOGL,r_vix,-0.06644349644882158
2024-03-18,GOOGL,GSPC,1.281942012223811
2024-03-25,GOOGL,d_rate,0.12342259079354384
2024-03-25,GOOGL,d_credit,0.11873930576279372
2024-03-25,GOOGL,r_vix,-0.06804956295570777
2024-03-25,GOOGL,GSPC,1.4588365790459459
2024-04-01,GOOGL,d_rate,0.13684276157265543
2024-04-01,GOOGL,d_credit,0.11800485161947365
2024-04-01,GOOGL,r_vix,-0.05158268129075578
2024-04-01,GOOGL,GSPC,1.5978310614990614
2024-04-08,GOOGL,d_rate,0.1390290100547565
2024-04-08,GOOGL,d_credit,0.09845221424790009
2024-04-08,GOOGL,r_vix,-0.061850083855225065
2024-04-08,GOOGL,GSPC,1.4755584659941168
2024-04-15,GOOGL,d_rate,0.13929963052814803
2024-04-15,GOOGL,d_credit,0.09861454844438527
2024-04-15,GOOGL,r_vix,-0.07080285520858419
2024-04-15,GOOGL,GSPC,1.4011094248702862
2024-04-22,GOOGL,d_rate,0.15235701803115645
2024-04-22,GOOGL,d_credit,0.10449783073311346
2024-04-22,GOOGL,r_vix,-0.09038108754522103
2024-04-22,GOOGL,GSPC,1.4369538199277163
2024-04-29,GOOGL,d_rate,0.15773464415817628
2024-04-29,GOOGL,d_credit,0.10906322908027076
2024-04-29,GOOGL,r_vix,-0.08101478543165623
2024-04-29,GOOGL,GSPC,1.4941872842561996
2024-05-06,GOOGL,d_rate,0.15850976039780046
2024-05-06,GOOGL,d_credit,0.0915083204085313
2024-05-06,GOOGL,r_vix,-0.06679624345031414
2024-05-06,GOOGL,GSPC,1.588635905652786
2024-05-13,GOOGL,d_rate,0.16382138758300357
2024-05-13,GOOGL,d_credit,0.09729476778911153
2024-05-13,GOOGL,r_vix,-0.06286535705088916
2024-05-13,GOOGL,GSPC,1.6675367624770752
2024-05-20,GOOGL,d_rate,0.16326185662403914
2024-05-20,GOOGL,d_credit,0.10146074397112231
2024-05-20,GOOGL,r_vix,-0.06395673113911061
2024-05-20,GOOGL,GSPC,1.6645115305125802
2024-05-27,GOOGL,d_rate,0.16148135454436544
2024-05-27,GOOGL,d_credit,0.10529481430376722
2024-05-27,GOOGL,r_vix,-0.07788511115955601
2024-05-27,GOOGL,GSPC,1.6201500778879223
2024-06-03,GOOGL,d_rate,0.1625714048980072
2024-06-03,GOOGL,d_credit,0.09326581480344197
2024-06-03,GOOGL,r_vix,-0.08479606698637619
2024-06-03,GOOGL,GSPC,1.5881820366526627
2024-06-10,GOOGL,d_rate,0.16016191519547562
2024-06-10,GOOGL,d_credit,0.09020549986106705
2024-06-10,GOOGL,r_vix,-0.06801998316880366
2024-06-10,GOOGL,GSPC,1.7110776460261434
2024-06-17,GOOGL,d_rate,0.16440336961182744
2024-06-17,GOOGL,d_credit,0.09096767772002533
2024-06-17,GOOGL,r_vix,-0.06045560164221922
2024-06-17,GOOGL,GSPC,1.7925862923040965
2024-06-24,GOOGL,d_rate,0.17963943321085504
2024-06-24,GOOGL,d_credit,0.05335067025371371
2024-06-24,GOOGL,r_vix,-0.023966140492868618
2024-06-24,GOOGL,GSPC,2.137938521727073
2024-07-01,GOOGL,d_rate,0.18349289671669272
2024-07-01,GOOGL,d_credit,0.048171385287257895
2024-07-01,GOOGL,r_vix,-0.015835522131863275
2024-07-01,GOOGL,GSPC,2.1999346675692184
2024-07-08,GOOGL,d_rate,0.1950081260641771
2024-07-08,GOOGL,d_credit,0.023105709380204068
2024-07-08,GOOGL,r_vix,-0.011936236730305255
2024-07-08,GOOGL,GSPC,2.2077486804287125
2024-07-15,GOOGL,d_rate,0.19703847152244788
2024-07-15,GOOGL,d_credit,0.016085192172590187
2024-07-15,GOOGL,r_vix,-0.006731774403703481
2024-07-15,GOOGL,GSPC,2.261472406840836
2024-07-22,GOOGL,d_rate,0.18895482549762777
2024-07-22,GOOGL,d_credit,0.012069803835942762
2024-07-22,GOOGL,r_vix,-0.0019088671331732013
2024-07-22,GOOGL,GSPC,2.2469553985850257
2024-07-29,GOOGL,d_rate,0.15084216172854306
2024-07-29,GOOGL,d_credit,0.08210825616857848
2024-07-29,GOOGL,r_vix,0.044435238502262664
2024-07-29,GOOGL,GSPC,2.183671127314936
2024-08-05,GOOGL,d_rate,0.14914107326561413
2024-08-05,GOOGL,d_credit,0.08366357153415756
2024-08-05,GOOGL,r_vix,0.0649756960939294
2024-08-05,GOOGL,GSPC,2.29808498343761
2024-08-12,GOOGL,d_rate,0.14956655491083584
2024-08-12,GOOGL,d_credit,0.10138144042114153
2024-08-12,GOOGL,r_vix,0.08347958496938529
2024-08-12,GOOGL,GSPC,2.300509924516724
2024-08-19,GOOGL,d_rate,0.15481527746871915
2024-08-19,GOOGL,d_credit,0.13389166533599678
2024-08-19,GOOGL,r_vix,0.08604867487046639
2024-08-19,GOOGL,GSPC,2.337033039841527
2024-08-26,GOOGL,d_rate,0.15176417421378274
2024-08-26,GOOGL,d_credit,0.12390804046634779
2024-08-26,GOOGL,r_vix,0.0925929083562684
2024-08-26,GOOGL,GSPC,2.3446011670646896
2024-09-02,GOOGL,d_rate,0.14696714934843425
2024-09-02,GOOGL,d_credit,0.12818869231649568
2024-09-02,GOOGL,r_vix,0.09813152202321614
2024-09-02,GOOGL,GSPC,2.3507502675052336
2024-09-09,GOOGL,d_rate,0.1465144564630931
2024-09-09,GOOGL,d_credit,0.127744401938694
2024-09-09,GOOGL,r_vix,0.09977600932089625
2024-09-09,GOOGL,GSPC,2.356159802958839
2024-09-16,GOOGL,d_rate,0.1474878135266731
2024-09-16,GOOGL,d_credit,0.11700353065822192
2024-09-16,GOOGL,r_vix,0.10275422070376253
2024-09-16,GOOGL,GSPC,2.3554520871843145
2024-09-23,GOOGL,d_rate,0.1467873113199965
2024-09-23,GOOGL,d_credit,0.11892621749708464
2024-09-23,GOOGL,r_vix,0.09994624244481846
2024-09-23,GOOGL,GSPC,2.3365738844477617
2024-09-30,GOOGL,d_rate,0.13803350127502786
2024-09-30,GOOGL,d_credit,0.11544514758249878
2024-09-30,GOOGL,r_vix,0.09209589447119303
2024-09-30,GOOGL,GSPC,2.269081333725068
2024-10-07,GOOGL,d_rate,0.1287966354693318
2024-10-07,GOOGL,d_credit,0.12112154239727768
2024-10-07,GOOGL,r_vix,0.07113344179509218
2024-10-07,GOOGL,GSPC,2.1068885282983074
2024-10-14,GOOGL,d_rate,0.1329943751217857
2024-10-14,GOOGL,d_credit,0.13144050670808774
2024-10-14,GOOGL,r_vix,0.0701901260350706
2024-10-14,GOOGL,GSPC,2.1007093988856624
2024-10-21,GOOGL,d_rate,0.11936108934994813
2024-10-21,GOOGL,d_credit,0.11239233571812336
2024-10-21,GOOGL,r_vix,0.04441247965902416
2024-10-21,GOOGL,GSPC,1.8066826457727025
2024-10-28,GOOGL,d_rate,0.119720908760903
2024-10-28,GOOGL,d_credit,0.08807508040591129
2024-10-28,GOOGL,r_vix,0.03935364673245588
2024-10-28,GOOGL,GSPC,1.6507962324466772
2024-11-04,GOOGL,d_rate,0.12023823814073911
2024-11-04,GOOGL,d_credit,0.09382332843684879
2024-11-04,GOOGL,r_vix,0.039532702951134986
2024-11-04,GOOGL,GSPC,1.6471287331140165
2024-11-11,GOOGL,d_rate,0.12004942668810734
2024-11-11,GOOGL,d_credit,0.08964522077428141
2024-11-11,GOOGL,r_vix,0.04251902537663816
2024-11-11,GOOGL,GSPC,1.683459159185234
2024-11-18,GOOGL,d_rate,0.11273859019226161
2024-11-18,GOOGL,d_credit,0.05992553755258097
2024-11-18,GOOGL,r_vix,0.039983409791141115
2024-11-18,GOOGL,GSPC,1.576321610178303
2024-11-25,GOOGL,d_rate,0.08563207568305319
2024-11-25,GOOGL,d_credit,0.029572461033827293
2024-11-25,GOOGL,r_vix,0.02275258098089423
2024-11-25,GOOGL,GSPC,1.4024662950858737
2024-12-02,GOOGL,d_rate,0.09226531714432976
2024-12-02,GOOGL,d_credit,0.0623301124220912
2024-12-02,GOOGL,r_vix,0.02332584126172613
2024-12-02,GOOGL,GSPC,1.4573843728062637
2024-12-09,GOOGL,d_rate,0.11327520181946989
2024-12-09,GOOGL,d_credit,0.0881837069651354
2024-12-09,GOOGL,r_vix,0.034872507444518704
2024-12-09,GOOGL,GSPC,1.5657337269270222
2024-12-16,GOOGL,d_rate,0.0975931470351253
2024-12-16,GOOGL,d_credit,0.014805982910732936
2024-12-16,GOOGL,r_vix,0.031608331523897915
2024-12-16,GOOGL,GSPC,1.4221610099897402
2024-12-23,GOOGL,d_rate,0.09366088401593918
2024-12-23,GOOGL,d_credit,0.0038330010674915193
2024-12-23,GOOGL,r_vix,0.03142104269382267
2024-12-23,GOOGL,GSPC,1.4035569491744528
2024-12-30,GOOGL,d_rate,0.1056485233526196
2024-12-30,GOOGL,d_credit,0.039956327908488944
2024-12-30,GOOGL,r_vix,0.02593933555507801
2024-12-30,GOOGL,GSPC,1.3747108466650793
2025-01-06,GOOGL,d_rate,0.11357003117869197
2025-01-06,GOOGL,d_credit,0.05384659063719168
2025-01-06,GOOGL,r_vix,0.022486125137760684
2025-01-06,GOOGL,GSPC,1.3271930218459445
2025-01-13,GOOGL,d_rate,0.1164736875127943
2025-01-13,GOOGL,d_credit,0.05732982254781767
2025-01-13,GOOGL,r_vix,0.025202790617231737
2025-01-13,GOOGL,GSPC,1.365726096381452
2025-01-20,GOOGL,d_rate,0.11639488072394062
2025-01-20,GOOGL,d_credit,0.05934306767411225
2025-01-20,GOOGL,r_vix,0.021873939481350142
2025-01-20,GOOGL,GSPC,1.3316805984974662
2025-01-27,GOOGL,d_rate,0.09709139502073588
2025-01-27,GOOGL,d_credit,0.032764344543613835
2025-01-27,GOOGL,r_vix,0.04211739003172254
2025-01-27,GOOGL,GSPC,1.44149941117629
2025-02-03,GOOGL,d_rate,0.11921636340488859
2025-02-03,GOOGL,d_credit,0.07274587742698826
2025-02-03,GOOGL,r_vix,0.05538046966917314
2025-02-03,GOOGL,GSPC,1.6294674819214914
2025-02-10,GOOGL,d_rate,0.1152376088468042
2025-02-10,GOOGL,d_credit,0.011995011876802299
2025-02-10,GOOGL,r_vix,0.06876504655158841
2025-02-10,GOOGL,GSPC,1.640961351563929
2025-02-17,GOOGL,d_rate,0.1183390344368259
2025-02-17,GOOGL,d_credit,0.01956606215181843
2025-02-17,GOOGL,r_vix,0.0661525694975934
2025-02-17,GOOGL,GSPC,1.6395359097028774
2025-02-24,GOOGL,d_rate,0.14213029277422545
2025-02-24,GOOGL,d_credit,0.1055469076541
2025-02-24,GOOGL,r_vix,0.06530979040882055
2025-02-24,GOOGL,GSPC,1.7692918211274336
2025-03-03,GOOGL,d_rate,0.1488195308700853
2025-03-03,GOOGL,d_credit,0.13397969655673417
2025-03-03,GOOGL,r_vix,0.05274905064428828
2025-03-03,GOOGL,GSPC,1.6087878826343973
2025-03-10,GOOGL,d_rate,0.15175765727748333
2025-03-10,GOOGL,d_credit,0.1700224167983718
2025-03-10,GOOGL,r_vix,0.061660818534847735
2025-03-10,GOOGL,GSPC,1.722763671339354
2025-03-17,GOOGL,d_rate,0.142916315183548
2025-03-17,GOOGL,d_credit,0.11963252912044942
2025-03-17,GOOGL,r_vix,0.05939145237655429
2025-03-17,GOOGL,GSPC,1.6012082117140476
2025-03-24,GOOGL,d_rate,0.13283636631139753
2025-03-24,GOOGL,d_credit,0.07626783104025762
2025-03-24,GOOGL,r_vix,0.060774586499328855
2025-03-24,GOOGL,GSPC,1.6057559652296391
2025-03-31,GOOGL,d_rate,0.10070495517370735
2025-03-31,GOOGL,d_credit,0.06546742536045021
2025-03-31,GOOGL,r_vix,0.030182847778032037
2025-03-31,GOOGL,GSPC,1.0819674530287444
2025-04-07,GOOGL,d_rate,0.10140871893170092
2025-04-07,GOOGL,d_credit,0.10211184895426653
2025-04-07,GOOGL,r_vix,0.031013295295722183
2025-04-07,GOOGL,GSPC,1.1462514487886972
2025-04-14,GOOGL,d_rate,0.10328871837721815
2025-04-14,GOOGL,d_credit,0.11236570741388664
2025-04-14,GOOGL,r_vix,0.03491803790358908
2025-04-14,GOOGL,GSPC,1.1900841778699254
2025-04-21,GOOGL,d_rate,0.0614089421972953
2025-04-21,GOOGL,d_credit,-0.007870168358876916
2025-04-21,GOOGL,r_vix,0.037834445746076896
2025-04-21,GOOGL,GSPC,1.0882172272592858
2025-04-28,GOOGL,d_rate,0.0534532574827436
2025-04-28,GOOGL,d_credit,-0.030617106467447055
2025-04-28,GOOGL,r_vix,0.03432015013947374
2025-04-28,GOOGL,GSPC,1.0323332816211006
2025-05-05,GOOGL,d_rate,0.05169207242480117
2025-05-05,GOOGL,d_credit,-0.01732408815082532
2025-05-05,GOOGL,r_vix,0.045309466858687024
2025-05-05,GOOGL,GSPC,1.1323354094093327
2025-05-12,GOOGL,d_rate,0.05610447397430736
2025-05-12,GOOGL,d_credit,-0.020322016418552823
2025-05-12,GOOGL,r_vix,0.04669565015571492
2025-05-12,GOOGL,GSPC,1.1747108165823679
2025-05-19,GOOGL,d_rate,0.0630534672910881
2025-05-19,GOOGL,d_credit,-0.0025456234263920375
2025-05-19,GOOGL,r_vix,0.05024795231191838
2025-05-19,GOOGL,GSPC,1.1870664057588456
2025-05-26,GOOGL,d_rate,0.059575502511510975
2025-05-26,GOOGL,d_credit,-0.016221117519589257
2025-05-26,GOOGL,r_vix,0.04964101063887256
2025-05-26,GOOGL,GSPC,1.1725671064497356
2025-06-02,GOOGL,d_rate,0.061348574400773716
2025-06-02,GOOGL,d_credit,-0.006459598893837689
2025-06-02,GOOGL,r_vix,0.04903811681791015
2025-06-02,GOOGL,GSPC,1.1762840350926613
2025-06-09,GOOGL,d_rate,0.06160030907384011
2025-06-09,GOOGL,d_credit,-0.01652646951343469
2025-06-09,GOOGL,r_vix,0.05018536263786063
2025-06-09,GOOGL,GSPC,1.163569989768364
2025-06-16,GOOGL,d_rate,0.062031608784945694
2025-06-16,GOOGL,d_credit,-0.01897067031427906
2025-06-16,GOOGL,r_vix,0.051998013186421506
2025-06-16,GOOGL,GSPC,1.1742755872443678
2025-06-23,GOOGL,d_rate,0.060814990876058295
2025-06-23,GOOGL,d_credit,0.018024658620348816
2025-06-23,GOOGL,r_vix,0.049487572266930645
2025-06-23,GOOGL,GSPC,1.2535712946104087
2025-06-30,GOOGL,d_rate,0.0651346407311855
2025-06-30,GOOGL,d_credit,0.015621865649055974
2025-06-30,GOOGL,r_vix,0.03736377069741652
2025-06-30,GOOGL,GSPC,1.1518894116281742
2025-07-07,GOOGL,d_rate,0.06135342339525024
2025-07-07,GOOGL,d_credit,0.012447698269306315
2025-07-07,GOOGL,r_vix,0.03941499368644692
2025-07-07,GOOGL,GSPC,1.1673593985095996
2025-07-14,GOOGL,d_rate,0.060424885572524054
2025-07-14,GOOGL,d_credit,-0.002930048298781544
2025-07-14,GOOGL,r_vix,0.050881916307970766
2025-07-14,GOOGL,GSPC,1.2005802233011447
2025-07-21,GOOGL,d_rate,0.06253948090930753
2025-07-21,GOOGL,d_credit,0.02797015332537017
2025-07-21,GOOGL,r_vix,0.0405178134193316
2025-07-21,GOOGL,GSPC,1.1715407037023484
2025-07-28,GOOGL,d_rate,0.0688960006403249
2025-07-28,GOOGL,d_credit,0.003099801286853856
2025-07-28,GOOGL,r_vix,0.02951393518541378
2025-07-28,GOOGL,GSPC,1.0846270746511586
2025-08-04,GOOGL,d_rate,0.0831958767839399
2025-08-04,GOOGL,d_credit,0.025346568902318595
2025-08-04,GOOGL,r_vix,0.00300350236470373
2025-08-04,GOOGL,GSPC,0.9629139419325725
2025-08-11,GOOGL,d_rate,0.07559086246417011
2025-08-11,GOOGL,d_credit,-0.0036568352712374585
2025-08-11,GOOGL,r_vix,-0.0025162643899164245
2025-08-11,GOOGL,GSPC,0.9365335067632884
2025-08-18,GOOGL,d_rate,0.07724848245681867
2025-08-18,GOOGL,d_credit,0.002437820237328457
2025-08-18,GOOGL,r_vix,-0.007023786105045087
2025-08-18,GOOGL,GSPC,0.9122575374936899
2025-08-25,GOOGL,d_rate,0.08569390186096099
2025-08-25,GOOGL,d_credit,0.03915882550312335
2025-08-25,GOOGL,r_vix,-0.007722400389320262
2025-08-25,GOOGL,GSPC,0.9425759122710328
2025-09-01,GOOGL,d_rate,0.03419710304715286
2025-09-01,GOOGL,d_credit,-0.06968577114498474
2025-09-01,GOOGL,r_vix,0.019677635863615317
2025-09-01,GOOGL,GSPC,0.9585115020161753
2025-09-08,GOOGL,d_rate,0.033811570190194123
2025-09-08,GOOGL,d_credit,-0.0744990892727802
2025-09-08,GOOGL,r_vix,0.02141253538108534
2025-09-08,GOOGL,GSPC,0.9537175448593253
2025-09-15,GOOGL,d_rate,0.03543399475029961
2025-09-15,GOOGL,d_credit,-0.06899532294271099
2025-09-15,GOOGL,r_vix,0.02778181770081024
2025-09-15,GOOGL,GSPC,1.0025855530572865
2025-09-22,GOOGL,d_rate,0.033143362083648736
2025-09-22,GOOGL,d_credit,-0.055740670634887954
2025-09-22,GOOGL,r_vix,0.03440413225843209
2025-09-22,GOOGL,GSPC,1.068261409725284
2025-09-29,GOOGL,d_rate,0.0380208020088721
2025-09-29,GOOGL,d_credit,-0.06023463031969647
2025-09-29,GOOGL,r_vix,0.027818899559687322
2025-09-29,GOOGL,GSPC,1.0165174706204623
2025-10-06,GOOGL,d_rate,0.04355513714379708
2025-10-06,GOOGL,d_credit,-0.07338206873422033
2025-10-06,GOOGL,r_vix,0.03585924097882892
2025-10-06,GOOGL,GSPC,1.0729518633768
2025-10-13,GOOGL,d_rate,0.03910755063342595
2025-10-13,GOOGL,d_credit,-0.08334380974173691
2025-10-13,GOOGL,r_vix,0.04050883351139496
2025-10-13,GOOGL,GSPC,1.1130309309513966
2025-10-20,GOOGL,d_rate,0.038449243786490214
2025-10-20,GOOGL,d_credit,-0.08398583512448748
2025-10-20,GOOGL,r_vix,0.03917430492245279
2025-10-20,GOOGL,GSPC,1.1076188448148943
2025-10-27,GOOGL,d_rate,0.049361164113736145
2025-10-27,GOOGL,d_credit,-0.004169585665818655
2025-10-27,GOOGL,r_vix,0.04643954491261585
2025-10-27,GOOGL,GSPC,1.2776787330492925
2025-11-03,GOOGL,d_rate,0.049085502771370894
2025-11-03,GOOGL,d_credit,-0.004415698836197424
2025-11-03,GOOGL,r_vix,0.045475694105102785
2025-11-03,GOOGL,GSPC,1.274946416757104
2025-11-10,GOOGL,d_rate,0.055502814105045845
2025-11-10,GOOGL,d_credit,-0.00114776629343177
2025-11-10,GOOGL,r_vix,0.039280905365414544
2025-11-10,GOOGL,GSPC,1.220533474617602
2025-11-17,GOOGL,d_rate,0.047096876056907426
2025-11-17,GOOGL,d_credit,0.036861657146865574
2025-11-17,GOOGL,r_vix,0.0520327772424128
2025-11-17,GOOGL,GSPC,1.3180348057244562
2025-11-24,GOOGL,d_rate,0.05421907030831276
2025-11-24,GOOGL,d_credit,0.043554631928304506
2025-11-24,GOOGL,r_vix,0.04251933571176012
2025-11-24,GOOGL,GSPC,1.293609158775064
2025-12-01,GOOGL,d_rate,0.053684726461497696
2025-12-01,GOOGL,d_credit,0.05364153818908202
2025-12-01,GOOGL,r_vix,0.04389861538538693
2025-12-01,GOOGL,GSPC,1.3117872720778128
2025-12-08,GOOGL,d_rate,0.003075168426808578
2025-12-08,GOOGL,d_credit,0.013680597345083622
2025-12-08,GOOGL,r_vix,0.05359481871053563
2025-12-08,GOOGL,GSPC,1.395205908583497
2025-12-15,GOOGL,d_rate,2.206972165444632e-5
2025-12-15,GOOGL,d_credit,0.0191340616179473
2025-12-15,GOOGL,r_vix,0.0497625973446605
2025-12-15,GOOGL,GSPC,1.3951335883191038
2025-12-22,GOOGL,d_rate,1.5720407767975e-4
2025-12-22,GOOGL,d_credit,0.019102156198539607
2025-12-22,GOOGL,r_vix,0.04960317450656698
2025-12-22,GOOGL,GSPC,1.3941347155523385
2025-12-29,GOOGL,d_rate,0.0018492591172566523
2025-12-29,GOOGL,d_credit,0.01782258360871331
2025-12-29,GOOGL,r_vix,0.04894558549009725
2025-12-29,GOOGL,GSPC,1.3806482296028753
2026-01-05,GOOGL,d_rate,-0.005722169349904725
2026-01-05,GOOGL,d_credit,0.015621191369128819
2026-01-05,GOOGL,r_vix,0.050785925971621466
2026-01-05,GOOGL,GSPC,1.4132479661445636
2026-01-12,GOOGL,d_rate,-0.01172002929361784
2026-01-12,GOOGL,d_credit,0.030086483515408935
2026-01-12,GOOGL,r_vix,0.04866417710642294
2026-01-12,GOOGL,GSPC,1.4454361637742823
2026-01-19,GOOGL,d_rate,-0.011649934157120177
2026-01-19,GOOGL,d_credit,0.032457409712074455
2026-01-19,GOOGL,r_vix,0.04898380714469508
2026-01-19,GOOGL,GSPC,1.4548269481080418
2026-01-26,GOOGL,d_rate,-0.008829901152370714
2026-01-26,GOOGL,d_credit,0.03616073369923278
2026-01-26,GOOGL,r_vix,0.0499406337267286
2026-01-26,GOOGL,GSPC,1.4718439794458822
2026-02-02,GOOGL,d_rate,-0.031487332466112974
2026-02-02,GOOGL,d_credit,-0.011527555159182967
2026-02-02,GOOGL,r_vix,0.05152528087859926
2026-02-02,GOOGL,GSPC,1.4295545883252163
2026-02-09,GOOGL,d_rate,-0.012610035658429924
2026-02-09,GOOGL,d_credit,-0.014941795618431458
2026-02-09,GOOGL,r_vix,0.04070004411665108
2026-02-09,GOOGL,GSPC,1.3764751777095603
2026-02-16,GOOGL,d_rate,-0.013978020238734928
2026-02-16,GOOGL,d_credit,-0.022749581545307075
2026-02-16,GOOGL,r_vix,0.04640057727372074
2026-02-16,GOOGL,GSPC,1.3868811723166543
2026-02-23,GOOGL,d_rate,-0.030413564579990886
2026-02-23,GOOGL,d_credit,-0.013132750217107015
2026-02-23,GOOGL,r_vix,0.04832791794874307
2026-02-23,GOOGL,GSPC,1.4143162470992716
2026-03-02,GOOGL,d_rate,-0.06000399353913498
2026-03-02,GOOGL,d_credit,0.0055206296234356226
2026-03-02,GOOGL,r_vix,0.03802747695625461
2026-03-02,GOOGL,GSPC,1.5144607641260917
2026-03-09,GOOGL,d_rate,-0.03136884174475446
2026-03-09,GOOGL,d_credit,0.05053658695591453
2026-03-09,GOOGL,r_vix,0.007275950428336532
2026-03-09,GOOGL,GSPC,1.3139535283820325
2026-03-16,GOOGL,d_rate,-0.028045004703811806
2026-03-16,GOOGL,d_credit,0.04895228842174519
2026-03-16,GOOGL,r_vix,-0.004543092321789385
2026-03-16,GOOGL,GSPC,1.2253751380886904
2026-03-23,GOOGL,d_rate,-0.027115623504515837
2026-03-23,GOOGL,d_credit,0.09642874639493448
2026-03-23,GOOGL,r_vix,-0.005925662835762008
2026-03-23,GOOGL,GSPC,1.309615042096188
2026-03-30,GOOGL,d_rate,-0.013658946953955793
2026-03-30,GOOGL,d_credit,0.0774016650694193
2026-03-30,GOOGL,r_vix,0.016051583515241916
2026-03-30,GOOGL,GSPC,1.6528475981267363
2026-04-06,GOOGL,d_rate,-0.0014597851001173846
2026-04-06,GOOGL,d_credit,0.08697072804905091
2026-04-06,GOOGL,r_vix,0.014122069521862098
2026-04-06,GOOGL,GSPC,1.7224330570669097
2026-04-13,GOOGL,d_rate,-0.004368210662738076
2026-04-13,GOOGL,d_credit,0.08014494125448887
2026-04-13,GOOGL,r_vix,0.0073737960143701806
2026-04-13,GOOGL,GSPC,1.6309622933125165
2026-04-20,GOOGL,d_rate,-0.008504049475560018
2026-04-20,GOOGL,d_credit,0.07791150819047238
2026-04-20,GOOGL,r_vix,0.004959903534566075
2026-04-20,GOOGL,GSPC,1.6198839517214099
2026-04-27,GOOGL,d_rate,0.05058840339729466
2026-04-27,GOOGL,d_credit,0.1846760685188994
2026-04-27,GOOGL,r_vix,0.0021282740600807254
2026-04-27,GOOGL,GSPC,1.8489152127098787
2026-05-04,GOOGL,d_rate,0.05369872745865369
2026-05-04,GOOGL,d_credit,0.17832105215526717
2026-05-04,GOOGL,r_vix,-0.01155445832669304
2026-05-04,GOOGL,GSPC,1.7061561231830435
2026-05-11,GOOGL,d_rate,0.036899897452517864
2026-05-11,GOOGL,d_credit,0.17004859795054658
2026-05-11,GOOGL,r_vix,-0.014717517104587437
2026-05-11,GOOGL,GSPC,1.6909776510259817
2026-05-18,GOOGL,d_rate,0.038082055613885044
2026-05-18,GOOGL,d_credit,0.18035203329720792
2026-05-18,GOOGL,r_vix,-0.01210280260594056
2026-05-18,GOOGL,GSPC,1.7949646597494555
2026-05-25,GOOGL,d_rate,0.04507837408074758
2026-05-25,GOOGL,d_credit,0.1783421572014385
2026-05-25,GOOGL,r_vix,-0.01178269451412097
2026-05-25,GOOGL,GSPC,1.7876994699274649
2026-06-01,GOOGL,d_rate,0.04504677459938893
2026-06-01,GOOGL,d_credit,0.15086266820896851
2026-06-01,GOOGL,r_vix,-0.007645202799451045
2026-06-01,GOOGL,GSPC,1.7627800172954566
2026-06-08,GOOGL,d_rate,0.05716950447974272
2026-06-08,GOOGL,d_credit,0.14824344039763587
2026-06-08,GOOGL,r_vix,0.00514011198629414
2026-06-08,GOOGL,GSPC,1.8578031305466642
2026-06-15,GOOGL,d_rate,0.050846394364871345
2026-06-15,GOOGL,d_credit,0.14731813077570685
2026-06-15,GOOGL,r_vix,3.492148250561319e-4
2026-06-15,GOOGL,GSPC,1.7965325812676178
2026-06-22,GOOGL,d_rate,0.07534884707639941
2026-06-22,GOOGL,d_credit,0.1639444509019076
2026-06-22,GOOGL,r_vix,0.008328826730069808
2026-06-22,GOOGL,GSPC,1.9788785119994239
2026-06-29,GOOGL,d_rate,0.08245754113109381
2026-06-29,GOOGL,d_credit,0.184359548447607
2026-06-29,GOOGL,r_vix,0.017032013971107655
2026-06-29,GOOGL,GSPC,2.122573248537442
2026-07-06,GOOGL,d_rate,0.040181850365012324
2026-07-06,GOOGL,d_credit,0.12752283541789236
2026-07-06,GOOGL,r_vix,0.015563328603430928
2026-07-06,GOOGL,GSPC,2.0031625584097714
2026-07-13,GOOGL,d_rate,0.0402839269922451
2026-07-13,GOOGL,d_credit,0.12663680789322737
2026-07-13,GOOGL,r_vix,0.01389301037757894
2026-07-13,GOOGL,GSPC,2.0008032610498203
2026-07-20,GOOGL,d_rate,0.013056817266543019
2026-07-20,GOOGL,d_credit,0.11412288690462709
2026-07-20,GOOGL,r_vix,0.025193185898041585
2026-07-20,GOOGL,GSPC,2.0904040568462667
2026-07-27,GOOGL,d_rate,0.04540176555672849
2026-07-27,GOOGL,d_credit,0.17967889008167046
2026-07-27,GOOGL,r_vix,0.009011795561172401
2026-07-27,GOOGL,GSPC,2.130584706502957
2026-08-03,GOOGL,d_rate,0.05378201155339426
2026-08-03,GOOGL,d_credit,0.14676930133332475
2026-08-03,GOOGL,r_vix,-0.008306990758874554
2026-08-03,GOOGL,GSPC,1.8131066980908128
2026-08-10,GOOGL,d_rate,0.04505484992489814
2026-08-10,GOOGL,d_credit,0.11037755671135446
2026-08-10,GOOGL,r_vix,-0.005250531337983701
2026-08-10,GOOGL,GSPC,1.79700177877137
2026-08-17,GOOGL,d_rate,0.04321004989113066
2026-08-17,GOOGL,d_credit,0.08876418343182275
2026-08-17,GOOGL,r_vix,-0.007912091588226582
2026-08-17,GOOGL,GSPC,1.7355085876880618
2022-01-03,META,d_rate,0.11371636615118366
2022-01-03,META,d_credit,-0.048778840982435415
2022-01-03,META,r_vix,0.08690026820010191
2022-01-03,META,GSPC,2.024574485314841
2022-01-10,META,d_rate,0.10243877599422985
2022-01-10,META,d_credit,-0.06937519261929824
2022-01-10,META,r_vix,0.0772748544659802
2022-01-10,META,GSPC,1.8840099617231887
2022-01-17,META,d_rate,0.10517058505079205
2022-01-17,META,d_credit,-0.08067685971414909
2022-01-17,META,r_vix,0.07476180048799581
2022-01-17,META,GSPC,1.8024527658393212
2022-01-24,META,d_rate,0.11075922323880884
2022-01-24,META,d_credit,-0.07876008767092675
2022-01-24,META,r_vix,0.08495392769025098
2022-01-24,META,GSPC,1.82669393871201
2022-01-31,META,d_rate,0.0014288249111330037
2022-01-31,META,d_credit,-0.15594121653653062
2022-01-31,META,r_vix,0.08935819776162769
2022-01-31,META,GSPC,1.6796451105324892
2022-02-07,META,d_rate,0.0017492409156621485
2022-02-07,META,d_credit,-0.1840165524282041
2022-02-07,META,r_vix,0.09146315840986809
2022-02-07,META,GSPC,1.7427387982662759
2022-02-14,META,d_rate,0.019177175099843055
2022-02-14,META,d_credit,-0.19565406297349233
2022-02-14,META,r_vix,0.10239004001772749
2022-02-14,META,GSPC,1.8036096204331602
2022-02-21,META,d_rate,0.023766002537731496
2022-02-21,META,d_credit,-0.17693256648373434
2022-02-21,META,r_vix,0.10664783656652753
2022-02-21,META,GSPC,1.8709010626028368
2022-02-28,META,d_rate,0.020333506086902136
2022-02-28,META,d_credit,-0.18666340606683265
2022-02-28,META,r_vix,0.11204005716978975
2022-02-28,META,GSPC,1.9058193942831498
2022-03-07,META,d_rate,0.02184146153917463
2022-03-07,META,d_credit,-0.18801724044296103
2022-03-07,META,r_vix,0.10828384734583739
2022-03-07,META,GSPC,1.853669961058942
2022-03-14,META,d_rate,0.030644836699583348
2022-03-14,META,d_credit,-0.14533320192490123
2022-03-14,META,r_vix,0.13413761351564563
2022-03-14,META,GSPC,2.2253704251975663
2022-03-21,META,d_rate,0.010247955026243063
2022-03-21,META,d_credit,-0.1375556692936753
2022-03-21,META,r_vix,0.12425934239585017
2022-03-21,META,GSPC,2.1919074283281783
2022-03-28,META,d_rate,-0.004194723148402152
2022-03-28,META,d_credit,-0.15667567432601517
2022-03-28,META,r_vix,0.11027534743250417
2022-03-28,META,GSPC,2.0613767508018097
2022-04-04,META,d_rate,0.0029433818469276774
2022-04-04,META,d_credit,-0.15925804788776257
2022-04-04,META,r_vix,0.1135068799768245
2022-04-04,META,GSPC,2.0721354522808286
2022-04-11,META,d_rate,-0.0027110499838038354
2022-04-11,META,d_credit,-0.1572196153277989
2022-04-11,META,r_vix,0.11442372269982938
2022-04-11,META,GSPC,2.108174570038538
2022-04-18,META,d_rate,-0.03913546730495372
2022-04-18,META,d_credit,-0.21552732856090615
2022-04-18,META,r_vix,0.08946905944454896
2022-04-18,META,GSPC,1.9730494867519337
2022-04-25,META,d_rate,-0.059934938993320176
2022-04-25,META,d_credit,-0.17683099149995524
2022-04-25,META,r_vix,0.048949882945062306
2022-04-25,META,GSPC,1.4977030512086535
2022-05-02,META,d_rate,-0.04778608046473835
2022-05-02,META,d_credit,-0.16008993189601226
2022-05-02,META,r_vix,0.03976032146250736
2022-05-02,META,GSPC,1.4674365115981163
2022-05-09,META,d_rate,-0.06338864993812936
2022-05-09,META,d_credit,-0.1545919406734812
2022-05-09,META,r_vix,0.020796558365829807
2022-05-09,META,GSPC,1.3437214264779243
2022-05-16,META,d_rate,-0.07180433377898211
2022-05-16,META,d_credit,-0.14975766872270252
2022-05-16,META,r_vix,0.009090847943088506
2022-05-16,META,GSPC,1.24752296900439
2022-05-23,META,d_rate,-0.061556055629124105
2022-05-23,META,d_credit,-0.14751328429434032
2022-05-23,META,r_vix,-0.00888641084928648
2022-05-23,META,GSPC,0.9262473686238777
2022-05-30,META,d_rate,-0.06278846512262813
2022-05-30,META,d_credit,-0.13626754392484897
2022-05-30,META,r_vix,-0.006658159121695075
2022-05-30,META,GSPC,0.9630034158540385
2022-06-06,META,d_rate,-0.06449094488292814
2022-06-06,META,d_credit,-0.12889228987654328
2022-06-06,META,r_vix,-0.003094992632074047
2022-06-06,META,GSPC,1.0262765801216254
2022-06-13,META,d_rate,-0.06305036366273706
2022-06-13,META,d_credit,-0.12228830805210575
2022-06-13,META,r_vix,-0.00945464465797023
2022-06-13,META,GSPC,0.9768411470877808
2022-06-20,META,d_rate,-0.0659403441718031
2022-06-20,META,d_credit,-0.14085341414146693
2022-06-20,META,r_vix,-0.0037859199485641586
2022-06-20,META,GSPC,0.9330600293523066
2022-06-27,META,d_rate,-0.053238243995818176
2022-06-27,META,d_credit,-0.1422145130844356
2022-06-27,META,r_vix,0.004081271363789893
2022-06-27,META,GSPC,0.9656575243695423
2022-07-04,META,d_rate,-0.044049874597116755
2022-07-04,META,d_credit,-0.15072061662002362
2022-07-04,META,r_vix,0.008679844953369978
2022-07-04,META,GSPC,1.0055864840569484
2022-07-11,META,d_rate,-0.035425235297728286
2022-07-11,META,d_credit,-0.14217725035578732
2022-07-11,META,r_vix,0.014210855537576587
2022-07-11,META,GSPC,1.042096847189744
2022-07-18,META,d_rate,-0.034374690225867095
2022-07-18,META,d_credit,-0.146365677717726
2022-07-18,META,r_vix,0.014122133318639428
2022-07-18,META,GSPC,0.9951730837813191
2022-07-25,META,d_rate,-0.03667291465243301
2022-07-25,META,d_credit,-0.17860637625097495
2022-07-25,META,r_vix,0.007174865955793892
2022-07-25,META,GSPC,0.8312053018630413
2022-08-01,META,d_rate,-0.03128092504951075
2022-08-01,META,d_credit,-0.1867207297543362
2022-08-01,META,r_vix,0.013828372138340195
2022-08-01,META,GSPC,0.8477905031554533
2022-08-08,META,d_rate,-0.030198881053128703
2022-08-08,META,d_credit,-0.1860645365363209
2022-08-08,META,r_vix,0.018379330954891217
2022-08-08,META,GSPC,0.915451194183058
2022-08-15,META,d_rate,-0.036193752265684886
2022-08-15,META,d_credit,-0.18475771198588758
2022-08-15,META,r_vix,0.01611434421577325
2022-08-15,META,GSPC,0.9217835907852263
2022-08-22,META,d_rate,-0.035388058462353884
2022-08-22,META,d_credit,-0.18216637493875354
2022-08-22,META,r_vix,0.019357351800532774
2022-08-22,META,GSPC,0.924319166596115
2022-08-29,META,d_rate,-0.028718055432889654
2022-08-29,META,d_credit,-0.17260418446126552
2022-08-29,META,r_vix,0.010279870777765765
2022-08-29,META,GSPC,0.8613068853570779
2022-09-05,META,d_rate,-0.02334046334175226
2022-09-05,META,d_credit,-0.16288284605895528
2022-09-05,META,r_vix,0.004501734200977228
2022-09-05,META,GSPC,0.8909755515193613
2022-09-12,META,d_rate,-0.026412786345299644
2022-09-12,META,d_credit,-0.15054122062621086
2022-09-12,META,r_vix,0.0054477641018398845
2022-09-12,META,GSPC,1.0004458581361357
2022-09-19,META,d_rate,-0.025418857727869705
2022-09-19,META,d_credit,-0.1548827326946368
2022-09-19,META,r_vix,-4.6865721911365017e-4
2022-09-19,META,GSPC,0.9694854440705233
2022-09-26,META,d_rate,-0.017999627496623614
2022-09-26,META,d_credit,-0.1377618909297905
2022-09-26,META,r_vix,-0.0045948814130614265
2022-09-26,META,GSPC,0.9612968376393118
2022-10-03,META,d_rate,-0.014859993319759917
2022-10-03,META,d_credit,-0.12989308287068244
2022-10-03,META,r_vix,-0.011705647979801795
2022-10-03,META,GSPC,0.9429273275440884
2022-10-10,META,d_rate,-0.02226098168089087
2022-10-10,META,d_credit,-0.1431898472482945
2022-10-10,META,r_vix,-0.017271273661370535
2022-10-10,META,GSPC,0.9254085642437309
2022-10-17,META,d_rate,-0.019144447608188637
2022-10-17,META,d_credit,-0.13966790720042
2022-10-17,META,r_vix,-0.015393844339497732
2022-10-17,META,GSPC,0.9487293894599075
2022-10-24,META,d_rate,0.06934992146377436
2022-10-24,META,d_credit,-0.051452272859814296
2022-10-24,META,r_vix,0.010327302916743965
2022-10-24,META,GSPC,0.8926150584016642
2022-10-31,META,d_rate,0.07787834503360984
2022-10-31,META,d_credit,-0.04053131139481065
2022-10-31,META,r_vix,0.015145014234165827
2022-10-31,META,GSPC,0.9190178391553374
2022-11-07,META,d_rate,0.08362910770425604
2022-11-07,META,d_credit,-0.0253030405515263
2022-11-07,META,r_vix,0.04766847128385455
2022-11-07,META,GSPC,1.256463483132185
2022-11-14,META,d_rate,0.06691054704519364
2022-11-14,META,d_credit,-0.047355552066159226
2022-11-14,META,r_vix,0.040466526901395045
2022-11-14,META,GSPC,1.2023472202199834
2022-11-21,META,d_rate,0.06535753164447289
2022-11-21,META,d_credit,-0.049186709392397505
2022-11-21,META,r_vix,0.03811342524089929
2022-11-21,META,GSPC,1.1957015764693113
2022-11-28,META,d_rate,0.03300426201921667
2022-11-28,META,d_credit,-0.07513631672614113
2022-11-28,META,r_vix,0.030469554780584416
2022-11-28,META,GSPC,1.1538638603595452
2022-12-05,META,d_rate,0.02953411815094865
2022-12-05,META,d_credit,-0.07973174446135221
2022-12-05,META,r_vix,0.0688159527567274
2022-12-05,META,GSPC,1.2336277600100913
2022-12-12,META,d_rate,0.024987948009547876
2022-12-12,META,d_credit,-0.06819762879989426
2022-12-12,META,r_vix,0.03877787997652076
2022-12-12,META,GSPC,1.1385171060641934
2022-12-19,META,d_rate,0.025959343302113202
2022-12-19,META,d_credit,-0.06731652229825129
2022-12-19,META,r_vix,0.03888031395794303
2022-12-19,META,GSPC,1.142691461390577
2022-12-26,META,d_rate,0.027664639812119474
2022-12-26,META,d_credit,-0.06938534641596891
2022-12-26,META,r_vix,0.05321611633920619
2022-12-26,META,GSPC,1.1817382378530545
2023-01-02,META,d_rate,0.005127649229864966
2023-01-02,META,d_credit,-0.0605950601383198
2023-01-02,META,r_vix,0.05160508773070898
2023-01-02,META,GSPC,1.1990649518959555
2023-01-09,META,d_rate,0.001574682607544727
2023-01-09,META,d_credit,-0.06987733108653821
2023-01-09,META,r_vix,0.04559516728657044
2023-01-09,META,GSPC,1.190797034324427
2023-01-16,META,d_rate,-0.001206315239275539
2023-01-16,META,d_credit,-0.0744895926583429
2023-01-16,META,r_vix,0.07945408544496942
2023-01-16,META,GSPC,1.2444093849811553
2023-01-23,META,d_rate,-0.0018915645888609198
2023-01-23,META,d_credit,-0.08851605561514692
2023-01-23,META,r_vix,0.08469654904444365
2023-01-23,META,GSPC,1.278344095467208
2023-01-30,META,d_rate,0.024990564716491644
2023-01-30,META,d_credit,-0.060208037476865976
2023-01-30,META,r_vix,-0.007397339921561646
2023-01-30,META,GSPC,1.2389018353210788
2023-02-06,META,d_rate,0.016105713023125686
2023-02-06,META,d_credit,-0.059783232773897486
2023-02-06,META,r_vix,-0.006002273216943148
2023-02-06,META,GSPC,1.229179377179472
2023-02-13,META,d_rate,0.01653864243479262
2023-02-13,META,d_credit,-0.04917507434449334
2023-02-13,META,r_vix,-0.011085693434996567
2023-02-13,META,GSPC,1.2155081312590277
2023-02-20,META,d_rate,0.016237383093455317
2023-02-20,META,d_credit,-0.0547815639595675
2023-02-20,META,r_vix,-0.00984590244389689
2023-02-20,META,GSPC,1.201605313793938
2023-02-27,META,d_rate,0.011312119321060179
2023-02-27,META,d_credit,-0.056185287348156136
2023-02-27,META,r_vix,-0.021073567496829898
2023-02-27,META,GSPC,1.1841164367495685
2023-03-06,META,d_rate,0.007204020269701113
2023-03-06,META,d_credit,-0.04491873024452941
2023-03-06,META,r_vix,-0.008737841120250223
2023-03-06,META,GSPC,1.1718266197002
2023-03-13,META,d_rate,-0.010525736321769568
2023-03-13,META,d_credit,-0.008444939913399124
2023-03-13,META,r_vix,0.02054644379613846
2023-03-13,META,GSPC,1.2035307654321543
2023-03-20,META,d_rate,-0.010680245612540924
2023-03-20,META,d_credit,-1.4040340545280172e-4
2023-03-20,META,r_vix,0.0037223202276838005
2023-03-20,META,GSPC,1.1733775825786823
2023-03-27,META,d_rate,-0.009317020892313815
2023-03-27,META,d_credit,0.007527920483276805
2023-03-27,META,r_vix,0.006285677036350874
2023-03-27,META,GSPC,1.177490309265604
2023-04-03,META,d_rate,-0.01215076401378175
2023-04-03,META,d_credit,0.006133344675232425
2023-04-03,META,r_vix,0.005730668366757811
2023-04-03,META,GSPC,1.1735033527769656
2023-04-10,META,d_rate,-0.012281882386862042
2023-04-10,META,d_credit,0.0040190226740366005
2023-04-10,META,r_vix,-0.003979129079907545
2023-04-10,META,GSPC,1.1350042074532898
2023-04-17,META,d_rate,0.016890376218241764
2023-04-17,META,d_credit,0.06095011241676101
2023-04-17,META,r_vix,0.10576577570685836
2023-04-17,META,GSPC,1.4251027055210626
2023-04-24,META,d_rate,0.0037809867905657605
2023-04-24,META,d_credit,0.04822013373153721
2023-04-24,META,r_vix,0.03934882109104365
2023-04-24,META,GSPC,1.3300721429145486
2023-05-01,META,d_rate,-0.0029312399564338466
2023-05-01,META,d_credit,0.031567333579441616
2023-05-01,META,r_vix,0.03598325588491837
2023-05-01,META,GSPC,1.3122570621990304
2023-05-08,META,d_rate,-0.002887724359877469
2023-05-08,META,d_credit,0.03185588587186327
2023-05-08,META,r_vix,0.035623577543078586
2023-05-08,META,GSPC,1.3110392794755374
2023-05-15,META,d_rate,0.004226886518176811
2023-05-15,META,d_credit,0.03177404149529215
2023-05-15,META,r_vix,0.04533649519779512
2023-05-15,META,GSPC,1.3583141936637662
2023-05-22,META,d_rate,0.003959665610934617
2023-05-22,META,d_credit,-0.002637805797437977
2023-05-22,META,r_vix,0.09378096750851746
2023-05-22,META,GSPC,1.5902240847536862
2023-05-29,META,d_rate,0.002115951688247411
2023-05-29,META,d_credit,-0.0040376631705245246
2023-05-29,META,r_vix,0.07452004385471653
2023-05-29,META,GSPC,1.5421823860853534
2023-06-05,META,d_rate,0.0030942487450419
2023-06-05,META,d_credit,-0.001370850754382378
2023-06-05,META,r_vix,0.07817651342809265
2023-06-05,META,GSPC,1.5277018212423485
2023-06-12,META,d_rate,0.002284983424604983
2023-06-12,META,d_credit,-0.007627474368698097
2023-06-12,META,r_vix,0.08467599674001561
2023-06-12,META,GSPC,1.5631383520508786
2023-06-19,META,d_rate,7.68034673943202e-5
2023-06-19,META,d_credit,0.01278229038330136
2023-06-19,META,r_vix,0.08698276337612196
2023-06-19,META,GSPC,1.65647740397593
2023-06-26,META,d_rate,-0.008762908364225991
2023-06-26,META,d_credit,0.04472944038528526
2023-06-26,META,r_vix,0.04668752667069935
2023-06-26,META,GSPC,1.4883089642318774
2023-07-03,META,d_rate,-0.010947904210005058
2023-07-03,META,d_credit,0.05002338718901393
2023-07-03,META,r_vix,0.05525292405578002
2023-07-03,META,GSPC,1.4831884879967658
2023-07-10,META,d_rate,-0.02045734648330066
2023-07-10,META,d_credit,0.049439103919554764
2023-07-10,META,r_vix,0.045676031688119866
2023-07-10,META,GSPC,1.441203911086469
2023-07-17,META,d_rate,-0.022500233853861542
2023-07-17,META,d_credit,0.051345489203146244
2023-07-17,META,r_vix,0.03448668164712668
2023-07-17,META,GSPC,1.4097390550955304
2023-07-24,META,d_rate,-0.016688797474314815
2023-07-24,META,d_credit,0.09564749769146387
2023-07-24,META,r_vix,0.06740887329688244
2023-07-24,META,GSPC,1.7313774989834978
2023-07-31,META,d_rate,-0.02455750436423857
2023-07-31,META,d_credit,0.0896760734944201
2023-07-31,META,r_vix,0.03681991589166263
2023-07-31,META,GSPC,1.65239254992832
2023-08-07,META,d_rate,-0.026814675386176438
2023-08-07,META,d_credit,0.08786989404434621
2023-08-07,META,r_vix,0.04905387036225084
2023-08-07,META,GSPC,1.6723634024414942
2023-08-14,META,d_rate,-0.0239131983166787
2023-08-14,META,d_credit,0.08483436404282703
2023-08-14,META,r_vix,0.03944035391013002
2023-08-14,META,GSPC,1.6497511274266183
2023-08-21,META,d_rate,-0.02241068120478801
2023-08-21,META,d_credit,0.0930276426112038
2023-08-21,META,r_vix,0.03197494419823142
2023-08-21,META,GSPC,1.6605159641134373
2023-08-28,META,d_rate,-0.027455774177709814
2023-08-28,META,d_credit,0.07689199784697191
2023-08-28,META,r_vix,0.055267328720659786
2023-08-28,META,GSPC,1.7554650607603555
2023-09-04,META,d_rate,-0.02611931820598873
2023-09-04,META,d_credit,0.07508961171062854
2023-09-04,META,r_vix,0.05707920235334026
2023-09-04,META,GSPC,1.7583174149479113
2023-09-11,META,d_rate,-0.025326043050216098
2023-09-11,META,d_credit,0.06456807558615725
2023-09-11,META,r_vix,0.05396527355494305
2023-09-11,META,GSPC,1.5916576773692606
2023-09-18,META,d_rate,-0.028477454241072224
2023-09-18,META,d_credit,0.06663859536570892
2023-09-18,META,r_vix,0.06851828120029597
2023-09-18,META,GSPC,1.6680418422724432
2023-09-25,META,d_rate,-0.026449629077911232
2023-09-25,META,d_credit,0.0722736106194463
2023-09-25,META,r_vix,0.0659751639732883
2023-09-25,META,GSPC,1.6535616034784724
2023-10-02,META,d_rate,-0.018984604204547336
2023-10-02,META,d_credit,0.07322569027756166
2023-10-02,META,r_vix,0.07438025162714647
2023-10-02,META,GSPC,1.719008740262693
2023-10-09,META,d_rate,-0.006126127354952556
2023-10-09,META,d_credit,0.10636651423904701
2023-10-09,META,r_vix,0.04866919504115668
2023-10-09,META,GSPC,1.6131094417888847
2023-10-16,META,d_rate,0.017942801835026667
2023-10-16,META,d_credit,0.1530410441625799
2023-10-16,META,r_vix,0.06706915944011461
2023-10-16,META,GSPC,1.9140024072633206
2023-10-23,META,d_rate,-0.043835957265878266
2023-10-23,META,d_credit,0.08068072408150051
2023-10-23,META,r_vix,0.08678808230802156
2023-10-23,META,GSPC,2.476481733379958
2023-10-30,META,d_rate,-0.03161182252240149
2023-10-30,META,d_credit,0.07054134373367547
2023-10-30,META,r_vix,0.11136705759476848
2023-10-30,META,GSPC,2.3838192572255954
2023-11-06,META,d_rate,-0.040764172290328284
2023-11-06,META,d_credit,0.04442326625281281
2023-11-06,META,r_vix,0.05456672057883705
2023-11-06,META,GSPC,1.848043006961823
2023-11-13,META,d_rate,-0.04585623557783079
2023-11-13,META,d_credit,0.02882987992268461
2023-11-13,META,r_vix,0.04034109032824439
2023-11-13,META,GSPC,1.6927857939514235
2023-11-20,META,d_rate,-0.05660103228693791
2023-11-20,META,d_credit,0.01208380933176917
2023-11-20,META,r_vix,0.03590274361768244
2023-11-20,META,GSPC,1.655216914681207
2023-11-27,META,d_rate,-0.01664228219997315
2023-11-27,META,d_credit,0.05327981310668352
2023-11-27,META,r_vix,0.024563786003090175
2023-11-27,META,GSPC,1.678266682185152
2023-12-04,META,d_rate,-0.023451802171778783
2023-12-04,META,d_credit,0.025460566089067212
2023-12-04,META,r_vix,0.026300462893714013
2023-12-04,META,GSPC,1.59379635245433
2023-12-11,META,d_rate,-3.343234765462355e-4
2023-12-11,META,d_credit,0.038634555114037523
2023-12-11,META,r_vix,0.027875419218604355
2023-12-11,META,GSPC,1.6786476686911604
2023-12-18,META,d_rate,0.009735612125877386
2023-12-18,META,d_credit,0.06116216742484277
2023-12-18,META,r_vix,0.02555309826844673
2023-12-18,META,GSPC,1.7213044794720485
2023-12-25,META,d_rate,0.01010532138909494
2023-12-25,META,d_credit,0.06376153217050909
2023-12-25,META,r_vix,0.027160869135009192
2023-12-25,META,GSPC,1.7360854195804074
2024-01-01,META,d_rate,0.019703483982731522
2024-01-01,META,d_credit,0.05419120530958177
2024-01-01,META,r_vix,0.0241333746530189
2024-01-01,META,GSPC,1.7093714551625572
2024-01-08,META,d_rate,0.019013458863310254
2024-01-08,META,d_credit,0.056887312346850676
2024-01-08,META,r_vix,0.02657321259087004
2024-01-08,META,GSPC,1.7343557674174201
2024-01-15,META,d_rate,0.01680437122515438
2024-01-15,META,d_credit,0.055971915906537065
2024-01-15,META,r_vix,0.020502498749975104
2024-01-15,META,GSPC,1.7000465891065089
2024-01-22,META,d_rate,0.01609596439144716
2024-01-22,META,d_credit,0.06884671793867991
2024-01-22,META,r_vix,0.013383442346210393
2024-01-22,META,GSPC,1.634711802810135
2024-01-29,META,d_rate,1.5295405686483043e-4
2024-01-29,META,d_credit,0.09805314768182578
2024-01-29,META,r_vix,0.028639630285747713
2024-01-29,META,GSPC,1.6654315073780588
2024-02-05,META,d_rate,0.004740838589938657
2024-02-05,META,d_credit,0.098335210099554
2024-02-05,META,r_vix,0.04524212285254328
2024-02-05,META,GSPC,1.6676724377737506
2024-02-12,META,d_rate,0.007427289929470951
2024-02-12,META,d_credit,0.1037063927725014
2024-02-12,META,r_vix,0.04254236313816559
2024-02-12,META,GSPC,1.6573211152589948
2024-02-19,META,d_rate,0.008270951108849395
2024-02-19,META,d_credit,0.1102000399084418
2024-02-19,META,r_vix,0.044563009827254765
2024-02-19,META,GSPC,1.6988090435956356
2024-02-26,META,d_rate,0.008081944187909444
2024-02-26,META,d_credit,0.12160911455710134
2024-02-26,META,r_vix,0.06111309589075378
2024-02-26,META,GSPC,1.74512126395993
2024-03-04,META,d_rate,0.010388065296476118
2024-03-04,META,d_credit,0.12177091116884459
2024-03-04,META,r_vix,0.0576573290549624
2024-03-04,META,GSPC,1.7480334370891633
2024-03-11,META,d_rate,0.009649657820186359
2024-03-11,META,d_credit,0.10902114313073014
2024-03-11,META,r_vix,0.05555224641477124
2024-03-11,META,GSPC,1.725509523448814
2024-03-18,META,d_rate,0.007969728343952832
2024-03-18,META,d_credit,0.10138943375565264
2024-03-18,META,r_vix,0.06651655955265204
2024-03-18,META,GSPC,1.7539437617628078
2024-03-25,META,d_rate,0.013685323120278243
2024-03-25,META,d_credit,0.08691866936669089
2024-03-25,META,r_vix,0.06531681021889696
2024-03-25,META,GSPC,1.8138178170265795
2024-04-01,META,d_rate,0.023065023027396776
2024-04-01,META,d_credit,0.07227504942424652
2024-04-01,META,r_vix,0.1088022807781067
2024-04-01,META,GSPC,1.9760707093935406
2024-04-08,META,d_rate,0.021538285583117905
2024-04-08,META,d_credit,0.07897523004498692
2024-04-08,META,r_vix,0.11333293238629087
2024-04-08,META,GSPC,2.013642559547315
2024-04-15,META,d_rate,0.02383252675179499
2024-04-15,META,d_credit,0.07938487968897406
2024-04-15,META,r_vix,0.11246549076488754
2024-04-15,META,GSPC,2.0543571862848635
2024-04-22,META,d_rate,0.014838646585858761
2024-04-22,META,d_credit,0.02575664215417704
2024-04-22,META,r_vix,0.17683023641857423
2024-04-22,META,GSPC,2.081457744538311
2024-04-29,META,d_rate,0.009553850573357118
2024-04-29,META,d_credit,0.06931362432047052
2024-04-29,META,r_vix,0.17483854805114185
2024-04-29,META,GSPC,2.037616926332294
2024-05-06,META,d_rate,0.011150144064764937
2024-05-06,META,d_credit,0.07095360980121046
2024-05-06,META,r_vix,0.17530034693657545
2024-05-06,META,GSPC,2.070147522447985
2024-05-13,META,d_rate,0.008406189322082397
2024-05-13,META,d_credit,0.06530225091136878
2024-05-13,META,r_vix,0.17170471605583543
2024-05-13,META,GSPC,2.0029245994805813
2024-05-20,META,d_rate,0.005316901598414073
2024-05-20,META,d_credit,0.08731820864790489
2024-05-20,META,r_vix,0.16017176781189255
2024-05-20,META,GSPC,1.9432582122584414
2024-05-27,META,d_rate,0.007873764514473938
2024-05-27,META,d_credit,0.07928227175025608
2024-05-27,META,r_vix,0.17251069323711368
2024-05-27,META,GSPC,1.998282077604605
2024-06-03,META,d_rate,0.006092760982326687
2024-06-03,META,d_credit,0.07199194189350912
2024-06-03,META,r_vix,0.16529341336313255
2024-06-03,META,GSPC,1.9744504230993662
2024-06-10,META,d_rate,0.009284797987098501
2024-06-10,META,d_credit,0.0694620799922877
2024-06-10,META,r_vix,0.15345451857033734
2024-06-10,META,GSPC,1.896476127942977
2024-06-17,META,d_rate,0.015815268483798002
2024-06-17,META,d_credit,0.06050010764842422
2024-06-17,META,r_vix,0.16534808005776014
2024-06-17,META,GSPC,2.0436838454967208
2024-06-24,META,d_rate,0.03171741487411474
2024-06-24,META,d_credit,0.03482460204586017
2024-06-24,META,r_vix,0.18516632810947695
2024-06-24,META,GSPC,2.284473108938671
2024-07-01,META,d_rate,0.028304979323145563
2024-07-01,META,d_credit,0.0444809817453622
2024-07-01,META,r_vix,0.19016150518934472
2024-07-01,META,GSPC,2.3353575066171355
2024-07-08,META,d_rate,0.04727359165823453
2024-07-08,META,d_credit,0.01159762742395689
2024-07-08,META,r_vix,0.19033761324591303
2024-07-08,META,GSPC,2.3482613452128036
2024-07-15,META,d_rate,0.051521372066244124
2024-07-15,META,d_credit,0.014082092694730533
2024-07-15,META,r_vix,0.16720347036522187
2024-07-15,META,GSPC,2.357598881009685
2024-07-22,META,d_rate,0.03341129656846565
2024-07-22,META,d_credit,0.036826153623173145
2024-07-22,META,r_vix,0.15985146402076933
2024-07-22,META,GSPC,2.2072431962870613
2024-07-29,META,d_rate,0.02439187926293222
2024-07-29,META,d_credit,0.09618917588766834
2024-07-29,META,r_vix,0.19125373828927966
2024-07-29,META,GSPC,2.2052408374340904
2024-08-05,META,d_rate,0.03014121078454013
2024-08-05,META,d_credit,0.09428209230628158
2024-08-05,META,r_vix,0.1519484324476395
2024-08-05,META,GSPC,2.000518687669318
2024-08-12,META,d_rate,0.031858120204322146
2024-08-12,META,d_credit,0.1008005822151088
2024-08-12,META,r_vix,0.15536357632188838
2024-08-12,META,GSPC,1.929380588744363
2024-08-19,META,d_rate,0.03368218060125024
2024-08-19,META,d_credit,0.11923125385723345
2024-08-19,META,r_vix,0.1438486257688319
2024-08-19,META,GSPC,1.8516946020492147
2024-08-26,META,d_rate,0.03150803635901299
2024-08-26,META,d_credit,0.10999236617713364
2024-08-26,META,r_vix,0.1490262804021776
2024-08-26,META,GSPC,1.8545884484246937
2024-09-02,META,d_rate,0.03960208794726271
2024-09-02,META,d_credit,0.12300983760609924
2024-09-02,META,r_vix,0.14766773380914064
2024-09-02,META,GSPC,1.9585377586137487
2024-09-09,META,d_rate,0.0393277412223671
2024-09-09,META,d_credit,0.1269440408287307
2024-09-09,META,r_vix,0.14371598676928427
2024-09-09,META,GSPC,1.9722175913587447
2024-09-16,META,d_rate,0.045518749484750355
2024-09-16,META,d_credit,0.1284336302791078
2024-09-16,META,r_vix,0.14955448519140951
2024-09-16,META,GSPC,2.095837032619778
2024-09-23,META,d_rate,0.04430085080160485
2024-09-23,META,d_credit,0.12807474444626138
2024-09-23,META,r_vix,0.14751929981112857
2024-09-23,META,GSPC,2.081207767587245
2024-09-30,META,d_rate,0.040811085644737864
2024-09-30,META,d_credit,0.0863078626398037
2024-09-30,META,r_vix,0.1577059391915295
2024-09-30,META,GSPC,2.1005409609415775
2024-10-07,META,d_rate,0.027221324577246665
2024-10-07,META,d_credit,0.07594663122524785
2024-10-07,META,r_vix,0.14685250650661638
2024-10-07,META,GSPC,1.978522562908338
2024-10-14,META,d_rate,0.028821737336513543
2024-10-14,META,d_credit,0.07756211627013668
2024-10-14,META,r_vix,0.15314257539621542
2024-10-14,META,GSPC,2.0133841044885994
2024-10-21,META,d_rate,0.03574545644143626
2024-10-21,META,d_credit,0.08791313731756092
2024-10-21,META,r_vix,0.16709492405978538
2024-10-21,META,GSPC,2.176375469380609
2024-10-28,META,d_rate,0.03732028601739212
2024-10-28,META,d_credit,0.08552394666445931
2024-10-28,META,r_vix,0.16750150550967657
2024-10-28,META,GSPC,2.143872410930819
2024-11-04,META,d_rate,0.03540714174516131
2024-11-04,META,d_credit,0.09148160220818616
2024-11-04,META,r_vix,0.16136306804361325
2024-11-04,META,GSPC,2.129310082743522
2024-11-11,META,d_rate,0.026886023563932146
2024-11-11,META,d_credit,0.06764523220773279
2024-11-11,META,r_vix,0.1739745174346052
2024-11-11,META,GSPC,2.2628351592573988
2024-11-18,META,d_rate,0.026046275207796357
2024-11-18,META,d_credit,0.06496888564137661
2024-11-18,META,r_vix,0.175135420852317
2024-11-18,META,GSPC,2.249749079626062
2024-11-25,META,d_rate,-0.013967446590719378
2024-11-25,META,d_credit,0.010042877900782286
2024-11-25,META,r_vix,0.16076558501975335
2024-11-25,META,GSPC,2.0533118869761484
2024-12-02,META,d_rate,-0.01283492326993738
2024-12-02,META,d_credit,0.027763898087322117
2024-12-02,META,r_vix,0.15674374261944882
2024-12-02,META,GSPC,2.0676422570707995
2024-12-09,META,d_rate,-0.048598135176536744
2024-12-09,META,d_credit,-0.05400304554274147
2024-12-09,META,r_vix,0.1717499061375551
2024-12-09,META,GSPC,2.115538569396873
2024-12-16,META,d_rate,-0.07045154389169123
2024-12-16,META,d_credit,-0.11363318555493195
2024-12-16,META,r_vix,0.1457716633043709
2024-12-16,META,GSPC,1.9371687828081228
2024-12-23,META,d_rate,-0.07013999011909254
2024-12-23,META,d_credit,-0.11967775485443519
2024-12-23,META,r_vix,0.13324884390343836
2024-12-23,META,GSPC,1.8496011518341908
2024-12-30,META,d_rate,-0.08280899801742443
2024-12-30,META,d_credit,-0.1488090665357476
2024-12-30,META,r_vix,0.13524559288958538
2024-12-30,META,GSPC,1.8489566578747108
2025-01-06,META,d_rate,-0.0731161383047655
2025-01-06,META,d_credit,-0.14226887502442848
2025-01-06,META,r_vix,0.1358108507061289
2025-01-06,META,GSPC,1.7927072634854448
2025-01-13,META,d_rate,-0.07216783431561566
2025-01-13,META,d_credit,-0.1633695308432762
2025-01-13,META,r_vix,0.1406453009368947
2025-01-13,META,GSPC,1.7590786935598801
2025-01-20,META,d_rate,-0.0721628136704849
2025-01-20,META,d_credit,-0.16988883088971957
2025-01-20,META,r_vix,0.14235327987517937
2025-01-20,META,GSPC,1.790430410057991
2025-01-27,META,d_rate,-0.05686872395788811
2025-01-27,META,d_credit,-0.14118259445883583
2025-01-27,META,r_vix,0.09346753270026488
2025-01-27,META,GSPC,1.3265276406715187
2025-02-03,META,d_rate,-0.05734217718360808
2025-02-03,META,d_credit,-0.13919275535554684
2025-02-03,META,r_vix,0.08932624951651444
2025-02-03,META,GSPC,1.2975880164600875
2025-02-10,META,d_rate,-0.05560965725216661
2025-02-10,META,d_credit,-0.1285611473425528
2025-02-10,META,r_vix,0.08650144631280915
2025-02-10,META,GSPC,1.301068316588386
2025-02-17,META,d_rate,-0.045986219711256875
2025-02-17,META,d_credit,-0.12178132789867147
2025-02-17,META,r_vix,0.0780066277321927
2025-02-17,META,GSPC,1.3560267745386403
2025-02-24,META,d_rate,-0.0562504969599441
2025-02-24,META,d_credit,-0.18996421944683967
2025-02-24,META,r_vix,0.08379544869777932
2025-02-24,META,GSPC,1.3349000710275614
2025-03-03,META,d_rate,-0.0606208464509676
2025-03-03,META,d_credit,-0.20662196747981595
2025-03-03,META,r_vix,0.09117127604342033
2025-03-03,META,GSPC,1.4226752450341877
2025-03-10,META,d_rate,-0.0658619897958815
2025-03-10,META,d_credit,-0.27413536802141864
2025-03-10,META,r_vix,0.07632060599888886
2025-03-10,META,GSPC,1.226323208936663
2025-03-17,META,d_rate,-0.07324815055350904
2025-03-17,META,d_credit,-0.3201433366123685
2025-03-17,META,r_vix,0.07715317155998248
2025-03-17,META,GSPC,1.1394795701602676
2025-03-24,META,d_rate,-0.0753441810247406
2025-03-24,META,d_credit,-0.32992760566504237
2025-03-24,META,r_vix,0.07862751634655224
2025-03-24,META,GSPC,1.1550093605083882
2025-03-31,META,d_rate,-0.07528981449796839
2025-03-31,META,d_credit,-0.28936606134730314
2025-03-31,META,r_vix,0.061690426831595695
2025-03-31,META,GSPC,1.2039221658475763
2025-04-07,META,d_rate,-0.058079592875268315
2025-04-07,META,d_credit,-0.2610116096356884
2025-04-07,META,r_vix,0.0670002431044072
2025-04-07,META,GSPC,1.300367109313362
2025-04-14,META,d_rate,-0.049599468229189494
2025-04-14,META,d_credit,-0.22901525274219547
2025-04-14,META,r_vix,0.07543876134838906
2025-04-14,META,GSPC,1.397974495351003
2025-04-21,META,d_rate,-0.042045333722388424
2025-04-21,META,d_credit,-0.19363996858796675
2025-04-21,META,r_vix,0.0469876958900834
2025-04-21,META,GSPC,1.396318139440527
2025-04-28,META,d_rate,-0.016800528895181997
2025-04-28,META,d_credit,-0.08789351514485712
2025-04-28,META,r_vix,0.05108872251995387
2025-04-28,META,GSPC,1.5875424251714132
2025-05-05,META,d_rate,-0.016689623153876825
2025-05-05,META,d_credit,-0.08777008458894267
2025-05-05,META,r_vix,0.05003841696361431
2025-05-05,META,GSPC,1.5686610770937988
2025-05-12,META,d_rate,-0.021643835337156837
2025-05-12,META,d_credit,-0.09464851658993335
2025-05-12,META,r_vix,0.05345625011061803
2025-05-12,META,GSPC,1.5996556994320477
2025-05-19,META,d_rate,-0.01878803852529697
2025-05-19,META,d_credit,-0.08357699242749456
2025-05-19,META,r_vix,0.05500999956990947
2025-05-19,META,GSPC,1.611533805035951
2025-05-26,META,d_rate,-0.019137320673798447
2025-05-26,META,d_credit,-0.09014808246402885
2025-05-26,META,r_vix,0.05622849727917536
2025-05-26,META,GSPC,1.6081545818517673
2025-06-02,META,d_rate,-0.02193637287239624
2025-06-02,META,d_credit,-0.14647342579186648
2025-06-02,META,r_vix,0.05687065009494061
2025-06-02,META,GSPC,1.5476028348505364
2025-06-09,META,d_rate,-0.01511570747943983
2025-06-09,META,d_credit,-0.13362619163149894
2025-06-09,META,r_vix,0.044551526116887376
2025-06-09,META,GSPC,1.490389704452702
2025-06-16,META,d_rate,-0.011139848014748372
2025-06-16,META,d_credit,-0.11954965116683736
2025-06-16,META,r_vix,0.047363300603046846
2025-06-16,META,GSPC,1.5279527686998282
2025-06-23,META,d_rate,-0.014497181028172542
2025-06-23,META,d_credit,-0.10130454825358602
2025-06-23,META,r_vix,0.04832052197692364
2025-06-23,META,GSPC,1.5881328848979632
2025-06-30,META,d_rate,-0.008065178284511493
2025-06-30,META,d_credit,-0.10585546871469674
2025-06-30,META,r_vix,0.022599404369456594
2025-06-30,META,GSPC,1.3794523436582775
2025-07-07,META,d_rate,-0.021101284807902944
2025-07-07,META,d_credit,-0.10020505400319206
2025-07-07,META,r_vix,0.03279392654786567
2025-07-07,META,GSPC,1.475031110709473
2025-07-14,META,d_rate,-0.024014452380700047
2025-07-14,META,d_credit,-0.12446706025744556
2025-07-14,META,r_vix,0.04195663879302434
2025-07-14,META,GSPC,1.479388898946138
2025-07-21,META,d_rate,-0.02010431252045315
2025-07-21,META,d_credit,-0.10793593214427401
2025-07-21,META,r_vix,0.03985602936854558
2025-07-21,META,GSPC,1.477972185713834
2025-07-28,META,d_rate,-0.02057386752102123
2025-07-28,META,d_credit,-0.19224866210810873
2025-07-28,META,r_vix,0.03340696226352908
2025-07-28,META,GSPC,1.3277877778861507
2025-08-04,META,d_rate,-0.03577772218480153
2025-08-04,META,d_credit,-0.19158728384969956
2025-08-04,META,r_vix,0.057129093839586594
2025-08-04,META,GSPC,1.4887935071140332
2025-08-11,META,d_rate,-0.0445493676033943
2025-08-11,META,d_credit,-0.22397687163179297
2025-08-11,META,r_vix,0.050417941298254255
2025-08-11,META,GSPC,1.4576644236467726
2025-08-18,META,d_rate,-0.05067058682332823
2025-08-18,META,d_credit,-0.24310327844527943
2025-08-18,META,r_vix,0.06641655707762446
2025-08-18,META,GSPC,1.547394105363359
2025-08-25,META,d_rate,-0.0491662547655375
2025-08-25,META,d_credit,-0.2535414854204557
2025-08-25,META,r_vix,0.062351549175456905
2025-08-25,META,GSPC,1.51030263616871
2025-09-01,META,d_rate,-0.050787376899272
2025-09-01,META,d_credit,-0.2564476258145902
2025-09-01,META,r_vix,0.06408155973631074
2025-09-01,META,GSPC,1.5125297692675683
2025-09-08,META,d_rate,-0.03626129452328374
2025-09-08,META,d_credit,-0.20264961633411388
2025-09-08,META,r_vix,0.05278331924511929
2025-09-08,META,GSPC,1.492720189721049
2025-09-15,META,d_rate,-0.03559073876426485
2025-09-15,META,d_credit,-0.18509375008555196
2025-09-15,META,r_vix,0.04998819450765503
2025-09-15,META,GSPC,1.4862512066617115
2025-09-22,META,d_rate,-0.03778144019044764
2025-09-22,META,d_credit,-0.16845843181841505
2025-09-22,META,r_vix,0.05571876948796978
2025-09-22,META,GSPC,1.5512993142083598
2025-09-29,META,d_rate,-0.02840933522760846
2025-09-29,META,d_credit,-0.12980350542294353
2025-09-29,META,r_vix,0.01985547075048478
2025-09-29,META,GSPC,1.3702525517789803
2025-10-06,META,d_rate,-0.03013985305892995
2025-10-06,META,d_credit,-0.1353852598969468
2025-10-06,META,r_vix,0.03501557822710456
2025-10-06,META,GSPC,1.4382848884420423
2025-10-13,META,d_rate,-0.027526308030097046
2025-10-13,META,d_credit,-0.13150969259321169
2025-10-13,META,r_vix,0.026113764444457857
2025-10-13,META,GSPC,1.3909300026945488
2025-10-20,META,d_rate,-0.028949569465369574
2025-10-20,META,d_credit,-0.1306647648735927
2025-10-20,META,r_vix,0.025182300283849372
2025-10-20,META,GSPC,1.390350061690894
2025-10-27,META,d_rate,-0.061017701173379305
2025-10-27,META,d_credit,-0.23367344792621522
2025-10-27,META,r_vix,0.010250373097007949
2025-10-27,META,GSPC,1.1671301868066237
2025-11-03,META,d_rate,-0.06829356858535915
2025-11-03,META,d_credit,-0.25626781163380846
2025-11-03,META,r_vix,0.003305400233801287
2025-11-03,META,GSPC,1.156526011535294
2025-11-10,META,d_rate,-0.062004399264671516
2025-11-10,META,d_credit,-0.2522504037351161
2025-11-10,META,r_vix,-0.0022525850449388297
2025-11-10,META,GSPC,1.1080802503126133
2025-11-17,META,d_rate,-0.06236004502395813
2025-11-17,META,d_credit,-0.24929642841141098
2025-11-17,META,r_vix,-0.0015716686229775402
2025-11-17,META,GSPC,1.1159196547498995
2025-11-24,META,d_rate,-0.06265759364858747
2025-11-24,META,d_credit,-0.2463849011551833
2025-11-24,META,r_vix,-0.01232597447636365
2025-11-24,META,GSPC,1.0914267895052823
2025-12-01,META,d_rate,-0.04928905208489336
2025-12-01,META,d_credit,-0.23535552960514045
2025-12-01,META,r_vix,-0.017733678131107124
2025-12-01,META,GSPC,1.0474320330090565
2025-12-08,META,d_rate,-0.06460591883372269
2025-12-08,META,d_credit,-0.2499393259099228
2025-12-08,META,r_vix,-0.013232825225536423
2025-12-08,META,GSPC,1.0820707049030203
2025-12-15,META,d_rate,-0.06023849456202558
2025-12-15,META,d_credit,-0.2582545214363623
2025-12-15,META,r_vix,-0.007942605926434507
2025-12-15,META,GSPC,1.079717281547986
2025-12-22,META,d_rate,-0.06375006316587699
2025-12-22,META,d_credit,-0.2570153768373476
2025-12-22,META,r_vix,-0.0030839899906761684
2025-12-22,META,GSPC,1.1070274734319974
2025-12-29,META,d_rate,-0.06647562314219431
2025-12-29,META,d_credit,-0.26530737570641116
2025-12-29,META,r_vix,-5.9344130230258e-4
2025-12-29,META,GSPC,1.121884365326929
2026-01-05,META,d_rate,-0.08302745102011314
2026-01-05,META,d_credit,-0.2239330601540878
2026-01-05,META,r_vix,-0.013894966244618724
2026-01-05,META,GSPC,1.1502104954480197
2026-01-12,META,d_rate,-0.09824537795644506
2026-01-12,META,d_credit,-0.12025265632117517
2026-01-12,META,r_vix,-0.0311804564220802
2026-01-12,META,GSPC,1.271849731038153
2026-01-19,META,d_rate,-0.09888522458024511
2026-01-19,META,d_credit,-0.14410285497731054
2026-01-19,META,r_vix,-0.03336236871126764
2026-01-19,META,GSPC,1.194427226762778
2026-01-26,META,d_rate,-0.08651251230792398
2026-01-26,META,d_credit,-0.12782099312173203
2026-01-26,META,r_vix,-0.0233956661177728
2026-01-26,META,GSPC,1.296654736527092
2026-02-02,META,d_rate,-0.07582759985464196
2026-02-02,META,d_credit,-0.13746572469713192
2026-02-02,META,r_vix,-0.022725389660791115
2026-02-02,META,GSPC,1.2886742912970395
2026-02-09,META,d_rate,-0.07219450563021457
2026-02-09,META,d_credit,-0.1455993523799238
2026-02-09,META,r_vix,-0.022438882300782396
2026-02-09,META,GSPC,1.2731447034667387
2026-02-16,META,d_rate,-0.07534768084397424
2026-02-16,META,d_credit,-0.15838252802927458
2026-02-16,META,r_vix,-0.011383894591553222
2026-02-16,META,GSPC,1.296132776079874
2026-02-23,META,d_rate,-0.07755826594613173
2026-02-23,META,d_credit,-0.1456406129438519
2026-02-23,META,r_vix,-0.011985402207534851
2026-02-23,META,GSPC,1.3100685546095674
2026-03-02,META,d_rate,-0.06594759849655571
2026-03-02,META,d_credit,-0.1753916643284592
2026-03-02,META,r_vix,0.005567889514956017
2026-03-02,META,GSPC,1.3172850374700873
2026-03-09,META,d_rate,-0.06909801028945307
2026-03-09,META,d_credit,-0.17865549774985345
2026-03-09,META,r_vix,0.012660805713211123
2026-03-09,META,GSPC,1.3719137115575717
2026-03-16,META,d_rate,-0.07053094966222238
2026-03-16,META,d_credit,-0.17135722897681654
2026-03-16,META,r_vix,0.008774933795612967
2026-03-16,META,GSPC,1.363884487612125
2026-03-23,META,d_rate,-0.07930581054640884
2026-03-23,META,d_credit,-0.13864751113686805
2026-03-23,META,r_vix,0.007800945880809447
2026-03-23,META,GSPC,1.4876916811196408
2026-03-30,META,d_rate,-0.08029381934722792
2026-03-30,META,d_credit,-0.14402621624091327
2026-03-30,META,r_vix,0.027254256090225127
2026-03-30,META,GSPC,1.7359473819160924
2026-04-06,META,d_rate,-0.0933969644597867
2026-04-06,META,d_credit,-0.15977647371224257
2026-04-06,META,r_vix,0.011334450135112742
2026-04-06,META,GSPC,1.6397343904750603
2026-04-13,META,d_rate,-0.09741370241213265
2026-04-13,META,d_credit,-0.16212135305438993
2026-04-13,META,r_vix,0.005087638368948535
2026-04-13,META,GSPC,1.572328513690591
2026-04-20,META,d_rate,-0.10565083835069854
2026-04-20,META,d_credit,-0.16391932564268755
2026-04-20,META,r_vix,-8.081982044654918e-4
2026-04-20,META,GSPC,1.5404534763046174
2026-04-27,META,d_rate,-0.17919310607251737
2026-04-27,META,d_credit,-0.3018474060573605
2026-04-27,META,r_vix,9.947742067175527e-4
2026-04-27,META,GSPC,1.233244844981189
2026-05-04,META,d_rate,-0.17906725241565338
2026-05-04,META,d_credit,-0.29228294672711125
2026-05-04,META,r_vix,-0.006601123356195663
2026-05-04,META,GSPC,1.1631325551139562
2026-05-11,META,d_rate,-0.15461059762576554
2026-05-11,META,d_credit,-0.2802693603811146
2026-05-11,META,r_vix,-0.002242681439876808
2026-05-11,META,GSPC,1.1752737516991703
2026-05-18,META,d_rate,-0.16282038762557194
2026-05-18,META,d_credit,-0.2916862625978608
2026-05-18,META,r_vix,-0.003525270847612774
2026-05-18,META,GSPC,1.2462952168962862
2026-05-25,META,d_rate,-0.17135047441904158
2026-05-25,META,d_credit,-0.30135632376548904
2026-05-25,META,r_vix,-0.006621695024622733
2026-05-25,META,GSPC,1.2269903062636849
2026-06-01,META,d_rate,-0.171965574340381
2026-06-01,META,d_credit,-0.2263735141934052
2026-06-01,META,r_vix,-0.010493530134020105
2026-06-01,META,GSPC,1.2740271347494443
2026-06-08,META,d_rate,-0.16704087456474437
2026-06-08,META,d_credit,-0.2339976504858164
2026-06-08,META,r_vix,0.013103559576849404
2026-06-08,META,GSPC,1.4143415066475442
2026-06-15,META,d_rate,-0.16507598171878937
2026-06-15,META,d_credit,-0.23145262727572816
2026-06-15,META,r_vix,0.013559283930070415
2026-06-15,META,GSPC,1.431260266100376
2026-06-22,META,d_rate,-0.15609542748236363
2026-06-22,META,d_credit,-0.24754710791483325
2026-06-22,META,r_vix,0.01838230118126021
2026-06-22,META,GSPC,1.4235114552397932
2026-06-29,META,d_rate,-0.14701006392551208
2026-06-29,META,d_credit,-0.22053999348615785
2026-06-29,META,r_vix,0.024749794933963322
2026-06-29,META,GSPC,1.580202908103712
2026-07-06,META,d_rate,-0.03750972284307254
2026-07-06,META,d_credit,-0.03592741346856797
2026-07-06,META,r_vix,0.03691938237095066
2026-07-06,META,GSPC,2.0060644370145533
2026-07-13,META,d_rate,-0.03554916546871938
2026-07-13,META,d_credit,-0.029746214277288033
2026-07-13,META,r_vix,0.037125443481924744
2026-07-13,META,GSPC,2.022852544566685
2026-07-20,META,d_rate,-0.05870471083021757
2026-07-20,META,d_credit,-0.049462594446367816
2026-07-20,META,r_vix,0.043890736114732314
2026-07-20,META,GSPC,2.0809505972988145
2026-07-27,META,d_rate,-0.02907414169327176
2026-07-27,META,d_credit,-0.11410946303704185
2026-07-27,META,r_vix,0.03215088358655301
2026-07-27,META,GSPC,2.1207980936977995
2026-08-03,META,d_rate,-0.028581374117625798
2026-08-03,META,d_credit,-0.11329863527039835
2026-08-03,META,r_vix,0.03132356743318682
2026-08-03,META,GSPC,2.1223366226962668
2026-08-10,META,d_rate,-0.027437668302680376
2026-08-10,META,d_credit,-0.10128265777125219
2026-08-10,META,r_vix,0.030235539383724665
2026-08-10,META,GSPC,2.121824602563619
2026-08-17,META,d_rate,-0.029573154218525244
2026-08-17,META,d_credit,-0.061679628649036415
2026-08-17,META,r_vix,0.030430214873599013
2026-08-17,META,GSPC,2.18506894098023
2022-01-03,MSFT,d_rate,-0.07151995933231411
2022-01-03,MSFT,d_credit,-0.07521924940015981
2022-01-03,MSFT,r_vix,0.060099311724846914
2022-01-03,MSFT,GSPC,1.7698542241138469
2022-01-10,MSFT,d_rate,-0.07702658580722657
2022-01-10,MSFT,d_credit,-0.08790990680778661
2022-01-10,MSFT,r_vix,0.05660225856607901
2022-01-10,MSFT,GSPC,1.7159535095422516
2022-01-17,MSFT,d_rate,-0.08482170557724258
2022-01-17,MSFT,d_credit,-0.08032839370825856
2022-01-17,MSFT,r_vix,0.040714683448836456
2022-01-17,MSFT,GSPC,1.4440020535689977
2022-01-24,MSFT,d_rate,-0.09577559647310661
2022-01-24,MSFT,d_credit,-0.07137252608909982
2022-01-24,MSFT,r_vix,0.016186111529842222
2022-01-24,MSFT,GSPC,1.3935135765148425
2022-01-31,MSFT,d_rate,-0.1003298695043214
2022-01-31,MSFT,d_credit,-0.07347546259680322
2022-01-31,MSFT,r_vix,0.01542657202929762
2022-01-31,MSFT,GSPC,1.396753484328516
2022-02-07,MSFT,d_rate,-0.09996425930066796
2022-02-07,MSFT,d_credit,-0.07967966036000887
2022-02-07,MSFT,r_vix,0.016504238654683534
2022-02-07,MSFT,GSPC,1.4208491390262572
2022-02-14,MSFT,d_rate,-0.10292364750750228
2022-02-14,MSFT,d_credit,-0.07069867310639548
2022-02-14,MSFT,r_vix,0.011883205623124104
2022-02-14,MSFT,GSPC,1.38067878624541
2022-02-21,MSFT,d_rate,-0.09508743020586859
2022-02-21,MSFT,d_credit,-0.05269091587605655
2022-02-21,MSFT,r_vix,0.018096495284272634
2022-02-21,MSFT,GSPC,1.4494499479154257
2022-02-28,MSFT,d_rate,-0.07474387502430113
2022-02-28,MSFT,d_credit,-0.06472599474189233
2022-02-28,MSFT,r_vix,0.0253319454634214
2022-02-28,MSFT,GSPC,1.5143558318096646
2022-03-07,MSFT,d_rate,-0.05800239020053568
2022-03-07,MSFT,d_credit,-0.05017291099949668
2022-03-07,MSFT,r_vix,0.015637311719264545
2022-03-07,MSFT,GSPC,1.4055210882481965
2022-03-14,MSFT,d_rate,-0.06255045315298773
2022-03-14,MSFT,d_credit,-0.053154143048725955
2022-03-14,MSFT,r_vix,0.008029305143641736
2022-03-14,MSFT,GSPC,1.3048860844055474
2022-03-21,MSFT,d_rate,-0.06526814027072285
2022-03-21,MSFT,d_credit,-0.04979799188187687
2022-03-21,MSFT,r_vix,0.007170605578525718
2022-03-21,MSFT,GSPC,1.3018735665958967
2022-03-28,MSFT,d_rate,-0.06890852215139523
2022-03-28,MSFT,d_credit,-0.05451540914775287
2022-03-28,MSFT,r_vix,0.0036031950707171296
2022-03-28,MSFT,GSPC,1.2685481121595117
2022-04-04,MSFT,d_rate,-0.07226384874254657
2022-04-04,MSFT,d_credit,-0.04994617434946853
2022-04-04,MSFT,r_vix,0.001779166936886184
2022-04-04,MSFT,GSPC,1.260341895730926
2022-04-11,MSFT,d_rate,-0.06544506366348463
2022-04-11,MSFT,d_credit,-0.040789506400868654
2022-04-11,MSFT,r_vix,0.01644179112513988
2022-04-11,MSFT,GSPC,1.4103043311153987
2022-04-18,MSFT,d_rate,-0.04852052828523709
2022-04-18,MSFT,d_credit,-0.013432140072727044
2022-04-18,MSFT,r_vix,0.028254885893829094
2022-04-18,MSFT,GSPC,1.4745909321567778
2022-04-25,MSFT,d_rate,-0.04732040358668593
2022-04-25,MSFT,d_credit,-0.007591186091919502
2022-04-25,MSFT,r_vix,0.025826529107289983
2022-04-25,MSFT,GSPC,1.3747010019349184
2022-05-02,MSFT,d_rate,-0.049709553850320186
2022-05-02,MSFT,d_credit,-0.005224756381866957
2022-05-02,MSFT,r_vix,0.02247669100059191
2022-05-02,MSFT,GSPC,1.3686298415691704
2022-05-09,MSFT,d_rate,-0.03772840222988304
2022-05-09,MSFT,d_credit,-0.013370666697239528
2022-05-09,MSFT,r_vix,0.037270500340257064
2022-05-09,MSFT,GSPC,1.4722380032764262
2022-05-16,MSFT,d_rate,-0.040050710263907344
2022-05-16,MSFT,d_credit,-0.014010771076196301
2022-05-16,MSFT,r_vix,0.0351449179671303
2022-05-16,MSFT,GSPC,1.4493191845289295
2022-05-23,MSFT,d_rate,-0.03862546863073691
2022-05-23,MSFT,d_credit,-0.013924878710546673
2022-05-23,MSFT,r_vix,0.03128253765855536
2022-05-23,MSFT,GSPC,1.3881536059557955
2022-05-30,MSFT,d_rate,-0.038286211570660755
2022-05-30,MSFT,d_credit,-0.020913711231564096
2022-05-30,MSFT,r_vix,0.029845072277849577
2022-05-30,MSFT,GSPC,1.3666605432286627
2022-06-06,MSFT,d_rate,-0.033621659731872894
2022-06-06,MSFT,d_credit,-0.02041005324283316
2022-06-06,MSFT,r_vix,0.031242291943315202
2022-06-06,MSFT,GSPC,1.3596203566522205
2022-06-13,MSFT,d_rate,-0.02975689605392009
2022-06-13,MSFT,d_credit,-0.0035837863877003612
2022-06-13,MSFT,r_vix,0.012434762314781762
2022-06-13,MSFT,GSPC,1.1981204033944202
2022-06-20,MSFT,d_rate,-0.02899867775851082
2022-06-20,MSFT,d_credit,-0.0010307586551790236
2022-06-20,MSFT,r_vix,0.010056869851130376
2022-06-20,MSFT,GSPC,1.1949270444350275
2022-06-27,MSFT,d_rate,-0.019330072266525875
2022-06-27,MSFT,d_credit,1.2814721294063304e-4
2022-06-27,MSFT,r_vix,0.015009916706118998
2022-06-27,MSFT,GSPC,1.2134097560819697
2022-07-04,MSFT,d_rate,-0.01808960938141435
2022-07-04,MSFT,d_credit,-0.0011775269128044882
2022-07-04,MSFT,r_vix,0.016679166724854012
2022-07-04,MSFT,GSPC,1.2263485300525143
2022-07-11,MSFT,d_rate,-0.003954730946640206
2022-07-11,MSFT,d_credit,0.01286037516597131
2022-07-11,MSFT,r_vix,0.02065761002623634
2022-07-11,MSFT,GSPC,1.270240269057361
2022-07-18,MSFT,d_rate,8.071678815540898e-4
2022-07-18,MSFT,d_credit,0.015805934654833976
2022-07-18,MSFT,r_vix,0.020442555754400175
2022-07-18,MSFT,GSPC,1.2546987490612949
2022-07-25,MSFT,d_rate,-5.984840648243853e-4
2022-07-25,MSFT,d_credit,0.02341256045625714
2022-07-25,MSFT,r_vix,0.023128898587976194
2022-07-25,MSFT,GSPC,1.299932148429373
2022-08-01,MSFT,d_rate,-3.0132509200841013e-4
2022-08-01,MSFT,d_credit,0.022673012013688147
2022-08-01,MSFT,r_vix,0.02409343276312076
2022-08-01,MSFT,GSPC,1.3017601407174593
2022-08-08,MSFT,d_rate,-3.7842693632907966e-4
2022-08-08,MSFT,d_credit,0.02213963450780446
2022-08-08,MSFT,r_vix,0.02357592250178851
2022-08-08,MSFT,GSPC,1.2908608537275623
2022-08-15,MSFT,d_rate,0.0022466979284823194
2022-08-15,MSFT,d_credit,0.032109898626670505
2022-08-15,MSFT,r_vix,0.012058431922810432
2022-08-15,MSFT,GSPC,1.2653154959895607
2022-08-22,MSFT,d_rate,0.0024633064857577623
2022-08-22,MSFT,d_credit,0.03517439050418835
2022-08-22,MSFT,r_vix,0.007193431443184204
2022-08-22,MSFT,GSPC,1.2772020026155941
2022-08-29,MSFT,d_rate,0.0016849808469073975
2022-08-29,MSFT,d_credit,0.03404094876346212
2022-08-29,MSFT,r_vix,0.008264943300612003
2022-08-29,MSFT,GSPC,1.284679495853783
2022-09-05,MSFT,d_rate,-8.74858039218738e-5
2022-09-05,MSFT,d_credit,0.033574022563880354
2022-09-05,MSFT,r_vix,0.0064085244469106375
2022-09-05,MSFT,GSPC,1.2669883083174776
2022-09-12,MSFT,d_rate,0.0024144004290981144
2022-09-12,MSFT,d_credit,0.04318703292881719
2022-09-12,MSFT,r_vix,0.00785660010844547
2022-09-12,MSFT,GSPC,1.301225916709073
2022-09-19,MSFT,d_rate,0.0054022500703457335
2022-09-19,MSFT,d_credit,0.031406249381094896
2022-09-19,MSFT,r_vix,0.006874948501674743
2022-09-19,MSFT,GSPC,1.2542860383140544
2022-09-26,MSFT,d_rate,0.0077547184613535915
2022-09-26,MSFT,d_credit,0.03714689159260027
2022-09-26,MSFT,r_vix,0.007923298553298434
2022-09-26,MSFT,GSPC,1.2550330597113457
2022-10-03,MSFT,d_rate,0.006898905855099951
2022-10-03,MSFT,d_credit,0.03831472365789053
2022-10-03,MSFT,r_vix,0.008187277531750758
2022-10-03,MSFT,GSPC,1.2496689139787494
2022-10-10,MSFT,d_rate,0.007757643542079128
2022-10-10,MSFT,d_credit,0.03872947269889487
2022-10-10,MSFT,r_vix,0.010876867642999223
2022-10-10,MSFT,GSPC,1.255680712808467
2022-10-17,MSFT,d_rate,0.006555286059454648
2022-10-17,MSFT,d_credit,0.03681212739503971
2022-10-17,MSFT,r_vix,0.010194286946310051
2022-10-17,MSFT,GSPC,1.248539383582396
2022-10-24,MSFT,d_rate,0.0360216766457965
2022-10-24,MSFT,d_credit,0.06941458099296771
2022-10-24,MSFT,r_vix,0.007581811669864284
2022-10-24,MSFT,GSPC,1.2041263290847757
2022-10-31,MSFT,d_rate,0.036049094656798196
2022-10-31,MSFT,d_credit,0.07386679433729926
2022-10-31,MSFT,r_vix,0.012061125314567626
2022-10-31,MSFT,GSPC,1.2349699309629882
2022-11-07,MSFT,d_rate,0.03708875106241106
2022-11-07,MSFT,d_credit,0.07798684533858652
2022-11-07,MSFT,r_vix,0.01972681807285774
2022-11-07,MSFT,GSPC,1.3147336648058106
2022-11-14,MSFT,d_rate,0.033538405631178686
2022-11-14,MSFT,d_credit,0.07247565328940478
2022-11-14,MSFT,r_vix,0.016284582559953655
2022-11-14,MSFT,GSPC,1.2950452303620197
2022-11-21,MSFT,d_rate,0.029245616698679852
2022-11-21,MSFT,d_credit,0.06791510545853
2022-11-21,MSFT,r_vix,0.029301551240761805
2022-11-21,MSFT,GSPC,1.3303626711027823
2022-11-28,MSFT,d_rate,0.023850713644733446
2022-11-28,MSFT,d_credit,0.06384623145264459
2022-11-28,MSFT,r_vix,0.026710241565638712
2022-11-28,MSFT,GSPC,1.3229218989087737
2022-12-05,MSFT,d_rate,0.021451815538149222
2022-12-05,MSFT,d_credit,0.0533378049327832
2022-12-05,MSFT,r_vix,0.04574740185452862
2022-12-05,MSFT,GSPC,1.3489648988487168
2022-12-12,MSFT,d_rate,0.015479295413107564
2022-12-12,MSFT,d_credit,0.055969057956371054
2022-12-12,MSFT,r_vix,0.04888903771675646
2022-12-12,MSFT,GSPC,1.3362507980765557
2022-12-19,MSFT,d_rate,0.011031291958432053
2022-12-19,MSFT,d_credit,0.05210487945734131
2022-12-19,MSFT,r_vix,0.05205485330856754
2022-12-19,MSFT,GSPC,1.3365817113714387
2022-12-26,MSFT,d_rate,0.011158350506280843
2022-12-26,MSFT,d_credit,0.05140067508621658
2022-12-26,MSFT,r_vix,0.05621386535206046
2022-12-26,MSFT,GSPC,1.347109510056109
2023-01-02,MSFT,d_rate,0.035686240093261
2023-01-02,MSFT,d_credit,0.03544141683004158
2023-01-02,MSFT,r_vix,0.06505178985106089
2023-01-02,MSFT,GSPC,1.339864608299912
2023-01-09,MSFT,d_rate,0.030919291571925085
2023-01-09,MSFT,d_credit,0.023426936190561812
2023-01-09,MSFT,r_vix,0.05933394677563942
2023-01-09,MSFT,GSPC,1.3350671028521708
2023-01-16,MSFT,d_rate,0.03138263629826368
2023-01-16,MSFT,d_credit,0.02516073256784211
2023-01-16,MSFT,r_vix,0.052825752051283335
2023-01-16,MSFT,GSPC,1.3287850485468213
2023-01-23,MSFT,d_rate,0.030120035574521226
2023-01-23,MSFT,d_credit,0.016941529760093332
2023-01-23,MSFT,r_vix,0.05609366209030772
2023-01-23,MSFT,GSPC,1.327257548599242
2023-01-30,MSFT,d_rate,0.032368619134013656
2023-01-30,MSFT,d_credit,0.01875295689919713
2023-01-30,MSFT,r_vix,0.04911379768001676
2023-01-30,MSFT,GSPC,1.3278433324245942
2023-02-06,MSFT,d_rate,0.03481843901305378
2023-02-06,MSFT,d_credit,0.0212314680397388
2023-02-06,MSFT,r_vix,0.06730622280698732
2023-02-06,MSFT,GSPC,1.3678485022774955
2023-02-13,MSFT,d_rate,0.034066729477952876
2023-02-13,MSFT,d_credit,0.020192435190736508
2023-02-13,MSFT,r_vix,0.06862832335984376
2023-02-13,MSFT,GSPC,1.369022569776734
2023-02-20,MSFT,d_rate,0.032785783778220265
2023-02-20,MSFT,d_credit,0.016457947057745604
2023-02-20,MSFT,r_vix,0.06707689607684324
2023-02-20,MSFT,GSPC,1.359980375200628
2023-02-27,MSFT,d_rate,0.03035208655407102
2023-02-27,MSFT,d_credit,0.0168591517994785
2023-02-27,MSFT,r_vix,0.06856818819460497
2023-02-27,MSFT,GSPC,1.363240783751893
2023-03-06,MSFT,d_rate,0.02496749743583817
2023-03-06,MSFT,d_credit,0.018439315289939823
2023-03-06,MSFT,r_vix,0.08321237896626477
2023-03-06,MSFT,GSPC,1.3818908652318278
2023-03-13,MSFT,d_rate,0.008330607500068784
2023-03-13,MSFT,d_credit,0.04994886978092184
2023-03-13,MSFT,r_vix,0.10157945174494554
2023-03-13,MSFT,GSPC,1.4570272118137544
2023-03-20,MSFT,d_rate,0.0076879185253107
2023-03-20,MSFT,d_credit,0.05024336045847316
2023-03-20,MSFT,r_vix,0.10400853933236555
2023-03-20,MSFT,GSPC,1.4604312361331087
2023-03-27,MSFT,d_rate,0.013021481539062046
2023-03-27,MSFT,d_credit,0.06559785889849179
2023-03-27,MSFT,r_vix,0.10706639842853802
2023-03-27,MSFT,GSPC,1.480357094460233
2023-04-03,MSFT,d_rate,0.018870543890366465
2023-04-03,MSFT,d_credit,0.06452904120029734
2023-04-03,MSFT,r_vix,0.11428980110291924
2023-04-03,MSFT,GSPC,1.4978698448581222
2023-04-10,MSFT,d_rate,0.015954192256824967
2023-04-10,MSFT,d_credit,0.06456991855558082
2023-04-10,MSFT,r_vix,0.11310613136972252
2023-04-10,MSFT,GSPC,1.4757158430678563
2023-04-17,MSFT,d_rate,0.024665262369487025
2023-04-17,MSFT,d_credit,0.08095504602660913
2023-04-17,MSFT,r_vix,0.14442682460139483
2023-04-17,MSFT,GSPC,1.5586820463192976
2023-04-24,MSFT,d_rate,0.017599037145935362
2023-04-24,MSFT,d_credit,0.07914292664459316
2023-04-24,MSFT,r_vix,0.12016684610249416
2023-04-24,MSFT,GSPC,1.5216942172392784
2023-05-01,MSFT,d_rate,0.01894118047848617
2023-05-01,MSFT,d_credit,0.08094841176292236
2023-05-01,MSFT,r_vix,0.11743969005589423
2023-05-01,MSFT,GSPC,1.5168102065199247
2023-05-08,MSFT,d_rate,0.01582205711205616
2023-05-08,MSFT,d_credit,0.08829876287536916
2023-05-08,MSFT,r_vix,0.10391881759434939
2023-05-08,MSFT,GSPC,1.4709887037812723
2023-05-15,MSFT,d_rate,0.016899226924147498
2023-05-15,MSFT,d_credit,0.0884675378237801
2023-05-15,MSFT,r_vix,0.10523975387440697
2023-05-15,MSFT,GSPC,1.4775447743799845
2023-05-22,MSFT,d_rate,0.018393529293846668
2023-05-22,MSFT,d_credit,0.08089297480037759
2023-05-22,MSFT,r_vix,0.12110585715879911
2023-05-22,MSFT,GSPC,1.5155719373712908
2023-05-29,MSFT,d_rate,0.0171187968501486
2023-05-29,MSFT,d_credit,0.08836101803887964
2023-05-29,MSFT,r_vix,0.12295445739016073
2023-05-29,MSFT,GSPC,1.5273876876263133
2023-06-05,MSFT,d_rate,0.017080282309782282
2023-06-05,MSFT,d_credit,0.09174895369629729
2023-06-05,MSFT,r_vix,0.12613520355120614
2023-06-05,MSFT,GSPC,1.5326060148231075
2023-06-12,MSFT,d_rate,0.013593116957576675
2023-06-12,MSFT,d_credit,0.07511263151391052
2023-06-12,MSFT,r_vix,0.14190400134332976
2023-06-12,MSFT,GSPC,1.649367013079167
2023-06-19,MSFT,d_rate,0.013673532495465235
2023-06-19,MSFT,d_credit,0.08100082081282034
2023-06-19,MSFT,r_vix,0.1448213902605319
2023-06-19,MSFT,GSPC,1.6880181833844996
2023-06-26,MSFT,d_rate,0.011769137666648633
2023-06-26,MSFT,d_credit,0.08916398499467358
2023-06-26,MSFT,r_vix,0.132526904010149
2023-06-26,MSFT,GSPC,1.6368962546275936
2023-07-03,MSFT,d_rate,0.009148552310544482
2023-07-03,MSFT,d_credit,0.09276502258135613
2023-07-03,MSFT,r_vix,0.13247213725231355
2023-07-03,MSFT,GSPC,1.6289239089317147
2023-07-10,MSFT,d_rate,0.005475157593395522
2023-07-10,MSFT,d_credit,0.08828146366382736
2023-07-10,MSFT,r_vix,0.1291507983904326
2023-07-10,MSFT,GSPC,1.5980648402093112
2023-07-17,MSFT,d_rate,0.0024453771016437233
2023-07-17,MSFT,d_credit,0.08697611544368673
2023-07-17,MSFT,r_vix,0.1278421749486331
2023-07-17,MSFT,GSPC,1.6014104023382858
2023-07-24,MSFT,d_rate,1.0026671915126842e-4
2023-07-24,MSFT,d_credit,0.08599200558285626
2023-07-24,MSFT,r_vix,0.12398532293914215
2023-07-24,MSFT,GSPC,1.568420387106123
2023-07-31,MSFT,d_rate,-0.0036844528500341554
2023-07-31,MSFT,d_credit,0.07636144740827142
2023-07-31,MSFT,r_vix,0.09865580706080124
2023-07-31,MSFT,GSPC,1.5065787430811004
2023-08-07,MSFT,d_rate,-0.0035411170705483322
2023-08-07,MSFT,d_credit,0.07654292403342598
2023-08-07,MSFT,r_vix,0.10030536680437417
2023-08-07,MSFT,GSPC,1.5219470773431332
2023-08-14,MSFT,d_rate,-0.0030193540842470114
2023-08-14,MSFT,d_credit,0.07646385324221501
2023-08-14,MSFT,r_vix,0.10115222789507186
2023-08-14,MSFT,GSPC,1.5220796654607727
2023-08-21,MSFT,d_rate,-0.006974204330643636
2023-08-21,MSFT,d_credit,0.05680563547478938
2023-08-21,MSFT,r_vix,0.10637945247161015
2023-08-21,MSFT,GSPC,1.4927926277874601
2023-08-28,MSFT,d_rate,-0.006904830032748245
2023-08-28,MSFT,d_credit,0.05430131478053964
2023-08-28,MSFT,r_vix,0.10922587118284126
2023-08-28,MSFT,GSPC,1.4946140585193848
2023-09-04,MSFT,d_rate,-0.004801297259304029
2023-09-04,MSFT,d_credit,0.051733404802254176
2023-09-04,MSFT,r_vix,0.11189589476942141
2023-09-04,MSFT,GSPC,1.5003580721583585
2023-09-11,MSFT,d_rate,-0.0052016940329071525
2023-09-11,MSFT,d_credit,0.048234864091717615
2023-09-11,MSFT,r_vix,0.1112833663664403
2023-09-11,MSFT,GSPC,1.4514972034089018
2023-09-18,MSFT,d_rate,-0.008551152933978883
2023-09-18,MSFT,d_credit,0.06569066425476824
2023-09-18,MSFT,r_vix,0.10383432247139739
2023-09-18,MSFT,GSPC,1.5287597164897482
2023-09-25,MSFT,d_rate,-0.009805876627311822
2023-09-25,MSFT,d_credit,0.061278590134105144
2023-09-25,MSFT,r_vix,0.10602806732708442
2023-09-25,MSFT,GSPC,1.5419650413856307
2023-10-02,MSFT,d_rate,-0.004263912210808273
2023-10-02,MSFT,d_credit,0.0671069718913024
2023-10-02,MSFT,r_vix,0.10803060578628804
2023-10-02,MSFT,GSPC,1.5680024895700082
2023-10-09,MSFT,d_rate,0.0012720194746494472
2023-10-09,MSFT,d_credit,0.0788972391900827
2023-10-09,MSFT,r_vix,0.09625690922960409
2023-10-09,MSFT,GSPC,1.5240516604295944
2023-10-16,MSFT,d_rate,0.011026823028298107
2023-10-16,MSFT,d_credit,0.0954496442318684
2023-10-16,MSFT,r_vix,0.10079336937410234
2023-10-16,MSFT,GSPC,1.5887040922558364
2023-10-23,MSFT,d_rate,-0.008967539052217217
2023-10-23,MSFT,d_credit,0.07685662096598772
2023-10-23,MSFT,r_vix,0.08545799295506908
2023-10-23,MSFT,GSPC,1.5521783846339139
2023-10-30,MSFT,d_rate,-0.009063592933413954
2023-10-30,MSFT,d_credit,0.07537071929219796
2023-10-30,MSFT,r_vix,0.08089175685705274
2023-10-30,MSFT,GSPC,1.5273725700446266
2023-11-06,MSFT,d_rate,-0.011352633912663572
2023-11-06,MSFT,d_credit,0.06295355938923176
2023-11-06,MSFT,r_vix,0.06461030005913634
2023-11-06,MSFT,GSPC,1.379058075022783
2023-11-13,MSFT,d_rate,-0.01508997392574413
2023-11-13,MSFT,d_credit,0.05141751019718276
2023-11-13,MSFT,r_vix,0.05398075182484269
2023-11-13,MSFT,GSPC,1.2634028320393986
2023-11-20,MSFT,d_rate,-0.013403504661597863
2023-11-20,MSFT,d_credit,0.05278192944674647
2023-11-20,MSFT,r_vix,0.053144966894024114
2023-11-20,MSFT,GSPC,1.2631287026043791
2023-11-27,MSFT,d_rate,-0.0020875610115831246
2023-11-27,MSFT,d_credit,0.06422842893449468
2023-11-27,MSFT,r_vix,0.04902437082493734
2023-11-27,MSFT,GSPC,1.2661028080968846
2023-12-04,MSFT,d_rate,-0.002134628306516075
2023-12-04,MSFT,d_credit,0.06410070361057416
2023-12-04,MSFT,r_vix,0.049154403497287495
2023-12-04,MSFT,GSPC,1.2647953550409927
2023-12-11,MSFT,d_rate,0.01301189141251093
2023-12-11,MSFT,d_credit,0.07812029696534259
2023-12-11,MSFT,r_vix,0.039115337620989156
2023-12-11,MSFT,GSPC,1.2436302309316452
2023-12-18,MSFT,d_rate,0.02166261798881435
2023-12-18,MSFT,d_credit,0.0870984639725307
2023-12-18,MSFT,r_vix,0.023497795696490985
2023-12-18,MSFT,GSPC,1.1902976809497374
2023-12-25,MSFT,d_rate,0.021844794392770754
2023-12-25,MSFT,d_credit,0.08716969600554673
2023-12-25,MSFT,r_vix,0.02359732516224592
2023-12-25,MSFT,GSPC,1.1908805822243926
2024-01-01,MSFT,d_rate,-0.0035299752088246866
2024-01-01,MSFT,d_credit,0.10474442675405227
2024-01-01,MSFT,r_vix,0.03180608483385874
2024-01-01,MSFT,GSPC,1.2620142844403326
2024-01-08,MSFT,d_rate,-4.791544972300356e-4
2024-01-08,MSFT,d_credit,0.12549332947931383
2024-01-08,MSFT,r_vix,0.036638749753092455
2024-01-08,MSFT,GSPC,1.2934053830877081
2024-01-15,MSFT,d_rate,0.0014840200363177578
2024-01-15,MSFT,d_credit,0.12554716910253563
2024-01-15,MSFT,r_vix,0.04008721043524421
2024-01-15,MSFT,GSPC,1.318843861999845
2024-01-22,MSFT,d_rate,0.0012399974549183485
2024-01-22,MSFT,d_credit,0.12874969210280746
2024-01-22,MSFT,r_vix,0.037562863313649164
2024-01-22,MSFT,GSPC,1.2964728522852973
2024-01-29,MSFT,d_rate,0.0020022790094767293
2024-01-29,MSFT,d_credit,0.13255766228989185
2024-01-29,MSFT,r_vix,0.029591162093356084
2024-01-29,MSFT,GSPC,1.2451711804772327
2024-02-05,MSFT,d_rate,-0.002166762391705248
2024-02-05,MSFT,d_credit,0.12842154269602796
2024-02-05,MSFT,r_vix,0.025505465686766666
2024-02-05,MSFT,GSPC,1.2293759490799319
2024-02-12,MSFT,d_rate,-9.137999026387933e-4
2024-02-12,MSFT,d_credit,0.14687478752062702
2024-02-12,MSFT,r_vix,0.010925413393761355
2024-02-12,MSFT,GSPC,1.1903792803979896
2024-02-19,MSFT,d_rate,-8.460745524540589e-4
2024-02-19,MSFT,d_credit,0.14604239454203732
2024-02-19,MSFT,r_vix,0.009472040589740716
2024-02-19,MSFT,GSPC,1.1714635715547974
2024-02-26,MSFT,d_rate,-0.001461618115281044
2024-02-26,MSFT,d_credit,0.1399338002487637
2024-02-26,MSFT,r_vix,0.013734910414906105
2024-02-26,MSFT,GSPC,1.17120294140561
2024-03-04,MSFT,d_rate,9.32219758471294e-4
2024-03-04,MSFT,d_credit,0.14302653541568283
2024-03-04,MSFT,r_vix,0.004673924438523544
2024-03-04,MSFT,GSPC,1.1377299557321008
2024-03-11,MSFT,d_rate,0.02341378025299621
2024-03-11,MSFT,d_credit,0.04602685338062323
2024-03-11,MSFT,r_vix,-0.02386019223511241
2024-03-11,MSFT,GSPC,0.9432348847332411
2024-03-18,MSFT,d_rate,0.02471193820947861
2024-03-18,MSFT,d_credit,0.05399541012052194
2024-03-18,MSFT,r_vix,-0.032090057014417805
2024-03-18,MSFT,GSPC,0.9305206496298272
2024-03-25,MSFT,d_rate,0.02714570668883312
2024-03-25,MSFT,d_credit,0.047867700573363293
2024-03-25,MSFT,r_vix,-0.032584699277732165
2024-03-25,MSFT,GSPC,0.9563096520380205
2024-04-01,MSFT,d_rate,0.03135711727038944
2024-04-01,MSFT,d_credit,0.04438487994064522
2024-04-01,MSFT,r_vix,-0.020057264217616583
2024-04-01,MSFT,GSPC,1.0149131255707176
2024-04-08,MSFT,d_rate,0.03701046038904754
2024-04-08,MSFT,d_credit,0.036136869646255836
2024-04-08,MSFT,r_vix,-0.03054763966516981
2024-04-08,MSFT,GSPC,0.9896665495307373
2024-04-15,MSFT,d_rate,0.03903387680277792
2024-04-15,MSFT,d_credit,0.0363804111549245
2024-04-15,MSFT,r_vix,-0.022172106817671084
2024-04-15,MSFT,GSPC,1.1074245317930305
2024-04-22,MSFT,d_rate,0.044927673816933696
2024-04-22,MSFT,d_credit,0.014201396806449917
2024-04-22,MSFT,r_vix,-0.005521704708379898
2024-04-22,MSFT,GSPC,1.1495476156003712
2024-04-29,MSFT,d_rate,0.04469584320923366
2024-04-29,MSFT,d_credit,-0.0042524080067852625
2024-04-29,MSFT,r_vix,-0.008666466296879404
2024-04-29,MSFT,GSPC,1.1423663841274247
2024-05-06,MSFT,d_rate,0.044534868480385806
2024-05-06,MSFT,d_credit,-0.0040514956778882364
2024-05-06,MSFT,r_vix,-0.008992363495860772
2024-05-06,MSFT,GSPC,1.1375159902506278
2024-05-13,MSFT,d_rate,0.043149052436497366
2024-05-13,MSFT,d_credit,-0.004468416805889391
2024-05-13,MSFT,r_vix,-0.009375538193615513
2024-05-13,MSFT,GSPC,1.1277935059632702
2024-05-20,MSFT,d_rate,0.04074143364076516
2024-05-20,MSFT,d_credit,0.012458988562395861
2024-05-20,MSFT,r_vix,-0.01965266529850519
2024-05-20,MSFT,GSPC,1.0712371013171245
2024-05-27,MSFT,d_rate,0.03999172947163931
2024-05-27,MSFT,d_credit,0.012407550889384037
2024-05-27,MSFT,r_vix,-0.030562587664762466
2024-05-27,MSFT,GSPC,1.046842660885483
2024-06-03,MSFT,d_rate,0.040441133533733714
2024-06-03,MSFT,d_credit,6.724422615352524e-4
2024-06-03,MSFT,r_vix,-0.038066367814837465
2024-06-03,MSFT,GSPC,1.0145348272483363
2024-06-10,MSFT,d_rate,0.03005771698297235
2024-06-10,MSFT,d_credit,0.029765362964987455
2024-06-10,MSFT,r_vix,-0.03246532543304765
2024-06-10,MSFT,GSPC,0.9993556049500537
2024-06-17,MSFT,d_rate,0.029210328524058107
2024-06-17,MSFT,d_credit,0.03159803035987115
2024-06-17,MSFT,r_vix,-0.03402493680284415
2024-06-17,MSFT,GSPC,0.9788193730973698
2024-06-24,MSFT,d_rate,0.0294959246116037
2024-06-24,MSFT,d_credit,0.025713767372448047
2024-06-24,MSFT,r_vix,-0.026377582615057512
2024-06-24,MSFT,GSPC,1.0309089666171614
2024-07-01,MSFT,d_rate,0.030459013767223528
2024-07-01,MSFT,d_credit,0.027031399605332747
2024-07-01,MSFT,r_vix,-0.01806230759546691
2024-07-01,MSFT,GSPC,1.100905877302963
2024-07-08,MSFT,d_rate,0.03541190168142442
2024-07-08,MSFT,d_credit,0.020602934767539004
2024-07-08,MSFT,r_vix,-0.01961976970576417
2024-07-08,MSFT,GSPC,1.104283434327735
2024-07-15,MSFT,d_rate,0.036258678503608435
2024-07-15,MSFT,d_credit,0.02160867921299353
2024-07-15,MSFT,r_vix,-0.02524283817051618
2024-07-15,MSFT,GSPC,1.1030812011957405
2024-07-22,MSFT,d_rate,0.047041184753479404
2024-07-22,MSFT,d_credit,-5.125167734928907e-4
2024-07-22,MSFT,r_vix,-0.01595750794022152
2024-07-22,MSFT,GSPC,1.2244526611500492
2024-07-29,MSFT,d_rate,0.04580048184384087
2024-07-29,MSFT,d_credit,0.006093246306423016
2024-07-29,MSFT,r_vix,-0.0123829419961174
2024-07-29,MSFT,GSPC,1.2237041581559278
2024-08-05,MSFT,d_rate,0.044599938312746286
2024-08-05,MSFT,d_credit,0.004789943562054117
2024-08-05,MSFT,r_vix,-0.019474541547264797
2024-08-05,MSFT,GSPC,1.1740133476195336
2024-08-12,MSFT,d_rate,0.044494042123126416
2024-08-12,MSFT,d_credit,0.009764799050607821
2024-08-12,MSFT,r_vix,-0.013789005323446325
2024-08-12,MSFT,GSPC,1.1850975129168817
2024-08-19,MSFT,d_rate,0.04600308378694202
2024-08-19,MSFT,d_credit,0.02193796249186063
2024-08-19,MSFT,r_vix,-0.01796692695861049
2024-08-19,MSFT,GSPC,1.159785803176578
2024-08-26,MSFT,d_rate,0.04612100116157718
2024-08-26,MSFT,d_credit,0.03164975580021716
2024-08-26,MSFT,r_vix,-0.02047755250783819
2024-08-26,MSFT,GSPC,1.170461806507993
2024-09-02,MSFT,d_rate,0.03654242794346667
2024-09-02,MSFT,d_credit,0.03238505889161894
2024-09-02,MSFT,r_vix,-0.012500881593116459
2024-09-02,MSFT,GSPC,1.1386138959952452
2024-09-09,MSFT,d_rate,0.03733558633220945
2024-09-09,MSFT,d_credit,0.037292669652570776
2024-09-09,MSFT,r_vix,-0.020243083190890902
2024-09-09,MSFT,GSPC,1.1393535687127492
2024-09-16,MSFT,d_rate,0.036400949298598564
2024-09-16,MSFT,d_credit,0.035327912294762974
2024-09-16,MSFT,r_vix,-0.02079788704196231
2024-09-16,MSFT,GSPC,1.1174978107861895
2024-09-23,MSFT,d_rate,0.035229183116788056
2024-09-23,MSFT,d_credit,0.03913510716288819
2024-09-23,MSFT,r_vix,-0.02594946026797483
2024-09-23,MSFT,GSPC,1.0830146163396104
2024-09-30,MSFT,d_rate,0.017499832437030217
2024-09-30,MSFT,d_credit,0.033136519875840445
2024-09-30,MSFT,r_vix,-0.04219584098971328
2024-09-30,MSFT,GSPC,0.9451155859848462
2024-10-07,MSFT,d_rate,0.017046255233114472
2024-10-07,MSFT,d_credit,0.0358529577578637
2024-10-07,MSFT,r_vix,-0.0458289947394806
2024-10-07,MSFT,GSPC,0.9219605337983184
2024-10-14,MSFT,d_rate,0.007560823273617322
2024-10-14,MSFT,d_credit,0.011687260327405146
2024-10-14,MSFT,r_vix,-0.041264238458262825
2024-10-14,MSFT,GSPC,0.9495413921833598
2024-10-21,MSFT,d_rate,0.03367354210468831
2024-10-21,MSFT,d_credit,0.03784256647951553
2024-10-21,MSFT,r_vix,-0.005021402998566953
2024-10-21,MSFT,GSPC,1.304270410036162
2024-10-28,MSFT,d_rate,0.035675117697864606
2024-10-28,MSFT,d_credit,0.050215098754808216
2024-10-28,MSFT,r_vix,-0.0011651780407864842
2024-10-28,MSFT,GSPC,1.3591949003699761
2024-11-04,MSFT,d_rate,0.04039060900007855
2024-11-04,MSFT,d_credit,0.07822191275492088
2024-11-04,MSFT,r_vix,0.0053744498322329335
2024-11-04,MSFT,GSPC,1.3509695779916313
2024-11-11,MSFT,d_rate,0.0381236367406754
2024-11-11,MSFT,d_credit,0.07549075760820322
2024-11-11,MSFT,r_vix,0.006052132438156039
2024-11-11,MSFT,GSPC,1.353483362787466
2024-11-18,MSFT,d_rate,0.038543914049321344
2024-11-18,MSFT,d_credit,0.07838311154840694
2024-11-18,MSFT,r_vix,0.00852938621075513
2024-11-18,MSFT,GSPC,1.3583902328166175
2024-11-25,MSFT,d_rate,0.03023772411767953
2024-11-25,MSFT,d_credit,0.06958995611855548
2024-11-25,MSFT,r_vix,0.0026940383161246748
2024-11-25,MSFT,GSPC,1.3020948350977646
2024-12-02,MSFT,d_rate,0.02840070468786809
2024-12-02,MSFT,d_credit,0.06918074346405956
2024-12-02,MSFT,r_vix,-4.072980215111884e-4
2024-12-02,MSFT,GSPC,1.290424190645417
2024-12-09,MSFT,d_rate,0.015544677993810744
2024-12-09,MSFT,d_credit,0.035454704463922904
2024-12-09,MSFT,r_vix,0.00896436386465962
2024-12-09,MSFT,GSPC,1.334301272903834
2024-12-16,MSFT,d_rate,0.01570103010708176
2024-12-16,MSFT,d_credit,0.03580064818221985
2024-12-16,MSFT,r_vix,0.009190792667659353
2024-12-16,MSFT,GSPC,1.3355363520529608
2024-12-23,MSFT,d_rate,0.016058910569898954
2024-12-23,MSFT,d_credit,0.040842095551085325
2024-12-23,MSFT,r_vix,0.016538949996805982
2024-12-23,MSFT,GSPC,1.3892946120202394
2024-12-30,MSFT,d_rate,0.017101218088165122
2024-12-30,MSFT,d_credit,0.040281556906726475
2024-12-30,MSFT,r_vix,0.01761590621669766
2024-12-30,MSFT,GSPC,1.3995252925634167
2025-01-06,MSFT,d_rate,0.025961395027050256
2025-01-06,MSFT,d_credit,0.05317299363833206
2025-01-06,MSFT,r_vix,0.014965250843945834
2025-01-06,MSFT,GSPC,1.346855859529737
2025-01-13,MSFT,d_rate,0.022114783727570714
2025-01-13,MSFT,d_credit,0.048226157686136424
2025-01-13,MSFT,r_vix,0.011425361041508734
2025-01-13,MSFT,GSPC,1.2951184411083458
2025-01-20,MSFT,d_rate,0.02211688779782768
2025-01-20,MSFT,d_credit,0.04434754885164153
2025-01-20,MSFT,r_vix,0.0124094944574159
2025-01-20,MSFT,GSPC,1.3134924699385355
2025-01-27,MSFT,d_rate,0.03227409956063489
2025-01-27,MSFT,d_credit,0.05562299533809898
2025-01-27,MSFT,r_vix,0.013396222898400438
2025-01-27,MSFT,GSPC,1.3892508291704226
2025-02-03,MSFT,d_rate,0.030121462211852905
2025-02-03,MSFT,d_credit,0.050801169418317194
2025-02-03,MSFT,r_vix,0.013369081883621254
2025-02-03,MSFT,GSPC,1.3791227477588568
2025-02-10,MSFT,d_rate,0.027491169484875313
2025-02-10,MSFT,d_credit,0.019697238259064106
2025-02-10,MSFT,r_vix,0.020498062858070737
2025-02-10,MSFT,GSPC,1.3818636588270148
2025-02-17,MSFT,d_rate,0.02363635995054137
2025-02-17,MSFT,d_credit,0.015635361802898876
2025-02-17,MSFT,r_vix,0.02386949187911528
2025-02-17,MSFT,GSPC,1.3646321758675832
2025-02-24,MSFT,d_rate,0.022725308005274544
2025-02-24,MSFT,d_credit,5.079672292495027e-4
2025-02-24,MSFT,r_vix,0.025967082344866232
2025-02-24,MSFT,GSPC,1.3729318558791137
2025-03-03,MSFT,d_rate,0.023723999808332306
2025-03-03,MSFT,d_credit,0.012891265273892274
2025-03-03,MSFT,r_vix,0.020568384809547053
2025-03-03,MSFT,GSPC,1.2764804234454783
2025-03-10,MSFT,d_rate,0.023970197494862865
2025-03-10,MSFT,d_credit,0.05727744304781801
2025-03-10,MSFT,r_vix,0.007867211178920933
2025-03-10,MSFT,GSPC,1.1965604746931686
2025-03-17,MSFT,d_rate,0.02267368187446522
2025-03-17,MSFT,d_credit,0.05225584623204352
2025-03-17,MSFT,r_vix,0.0058829367799563825
2025-03-17,MSFT,GSPC,1.169834351932028
2025-03-24,MSFT,d_rate,0.019663391259778295
2025-03-24,MSFT,d_credit,0.039037900946166514
2025-03-24,MSFT,r_vix,0.006709812251261568
2025-03-24,MSFT,GSPC,1.1762779821387643
2025-03-31,MSFT,d_rate,-0.004052145575661982
2025-03-31,MSFT,d_credit,0.04507303756246935
2025-03-31,MSFT,r_vix,-0.021738550833719318
2025-03-31,MSFT,GSPC,0.8062723866901458
2025-04-07,MSFT,d_rate,0.019033944836775656
2025-04-07,MSFT,d_credit,0.1150166379936775
2025-04-07,MSFT,r_vix,-0.014064369342449897
2025-04-07,MSFT,GSPC,0.9899038211347113
2025-04-14,MSFT,d_rate,0.02633860513098182
2025-04-14,MSFT,d_credit,0.13314364863962802
2025-04-14,MSFT,r_vix,-0.012867139344361449
2025-04-14,MSFT,GSPC,1.0077311419442085
2025-04-21,MSFT,d_rate,0.015780010760118722
2025-04-21,MSFT,d_credit,0.10744280345152213
2025-04-21,MSFT,r_vix,-0.021542464375151053
2025-04-21,MSFT,GSPC,0.9752984950110458
2025-04-28,MSFT,d_rate,0.041444286644932236
2025-04-28,MSFT,d_credit,0.23340128121293832
2025-04-28,MSFT,r_vix,-0.021249666228474656
2025-04-28,MSFT,GSPC,1.1773394816468536
2025-05-05,MSFT,d_rate,0.0418627464201362
2025-05-05,MSFT,d_credit,0.23022873890583512
2025-05-05,MSFT,r_vix,-0.023855480523636483
2025-05-05,MSFT,GSPC,1.1537636369587478
2025-05-12,MSFT,d_rate,0.042302738729586876
2025-05-12,MSFT,d_credit,0.23390859165846
2025-05-12,MSFT,r_vix,-0.025649167400059073
2025-05-12,MSFT,GSPC,1.1274725032682817
2025-05-19,MSFT,d_rate,0.045596814123742536
2025-05-19,MSFT,d_credit,0.2523989411481576
2025-05-19,MSFT,r_vix,-0.023714390415475555
2025-05-19,MSFT,GSPC,1.1515016386003636
2025-05-26,MSFT,d_rate,0.04297473580833792
2025-05-26,MSFT,d_credit,0.23758531666114427
2025-05-26,MSFT,r_vix,-0.02306339941739765
2025-05-26,MSFT,GSPC,1.1389041911868867
2025-06-02,MSFT,d_rate,0.04028652947371231
2025-06-02,MSFT,d_credit,0.20418177279223929
2025-06-02,MSFT,r_vix,-0.02229010782383182
2025-06-02,MSFT,GSPC,1.1084045473965056
2025-06-09,MSFT,d_rate,0.040681003721396485
2025-06-09,MSFT,d_credit,0.18380086567589232
2025-06-09,MSFT,r_vix,-0.01979239274760992
2025-06-09,MSFT,GSPC,1.0838486204788746
2025-06-16,MSFT,d_rate,0.03966017451651978
2025-06-16,MSFT,d_credit,0.1808948093401308
2025-06-16,MSFT,r_vix,-0.020783192623613264
2025-06-16,MSFT,GSPC,1.0730215728469323
2025-06-23,MSFT,d_rate,0.04179510134877258
2025-06-23,MSFT,d_credit,0.18117975151523746
2025-06-23,MSFT,r_vix,-0.022509753722993797
2025-06-23,MSFT,GSPC,1.0572439725924285
2025-06-30,MSFT,d_rate,0.04566442545084574
2025-06-30,MSFT,d_credit,0.17917709652745312
2025-06-30,MSFT,r_vix,-0.03219038453785444
2025-06-30,MSFT,GSPC,0.9749700514940004
2025-07-07,MSFT,d_rate,0.04154022054832137
2025-07-07,MSFT,d_credit,0.16756548100556234
2025-07-07,MSFT,r_vix,-0.031486745616663966
2025-07-07,MSFT,GSPC,0.9710960467669122
2025-07-14,MSFT,d_rate,0.041192101393134666
2025-07-14,MSFT,d_credit,0.16238567546065097
2025-07-14,MSFT,r_vix,-0.027842226530774943
2025-07-14,MSFT,GSPC,0.9811129492312295
2025-07-21,MSFT,d_rate,0.04683485050821455
2025-07-21,MSFT,d_credit,0.1971078232177214
2025-07-21,MSFT,r_vix,-0.0354397170078512
2025-07-21,MSFT,GSPC,0.9650787463914509
2025-07-28,MSFT,d_rate,0.023948054658922916
2025-07-28,MSFT,d_credit,0.21272175305457186
2025-07-28,MSFT,r_vix,-0.0020520547187609568
2025-07-28,MSFT,GSPC,1.1436178370253995
2025-08-04,MSFT,d_rate,0.018813563856516544
2025-08-04,MSFT,d_credit,0.1954961890379502
2025-08-04,MSFT,r_vix,0.009162791171171851
2025-08-04,MSFT,GSPC,1.1753149506661038
2025-08-11,MSFT,d_rate,0.02028367654773653
2025-08-11,MSFT,d_credit,0.2042649914267566
2025-08-11,MSFT,r_vix,0.009204604526558437
2025-08-11,MSFT,GSPC,1.178326803776137
2025-08-18,MSFT,d_rate,0.015335861775742528
2025-08-18,MSFT,d_credit,0.18736035477903876
2025-08-18,MSFT,r_vix,0.02241277762387562
2025-08-18,MSFT,GSPC,1.2508199026179079
2025-08-25,MSFT,d_rate,0.014172275053418181
2025-08-25,MSFT,d_credit,0.17347112139302046
2025-08-25,MSFT,r_vix,0.02045975398665084
2025-08-25,MSFT,GSPC,1.224544975157969
2025-09-01,MSFT,d_rate,0.023761226581551692
2025-09-01,MSFT,d_credit,0.19407827177599568
2025-09-01,MSFT,r_vix,0.015924203231031567
2025-09-01,MSFT,GSPC,1.22270446794613
2025-09-08,MSFT,d_rate,0.01468218444026631
2025-09-08,MSFT,d_credit,0.1481828213358634
2025-09-08,MSFT,r_vix,0.028187134660370282
2025-09-08,MSFT,GSPC,1.2158042576731154
2025-09-15,MSFT,d_rate,0.014759111538662826
2025-09-15,MSFT,d_credit,0.14879710416195358
2025-09-15,MSFT,r_vix,0.028363639924300566
2025-09-15,MSFT,GSPC,1.2175047638567582
2025-09-22,MSFT,d_rate,0.01337265274352263
2025-09-22,MSFT,d_credit,0.14765690308608248
2025-09-22,MSFT,r_vix,0.03376720708356816
2025-09-22,MSFT,GSPC,1.2520780880664126
2025-09-29,MSFT,d_rate,0.017887805875526124
2025-09-29,MSFT,d_credit,0.12021539883616425
2025-09-29,MSFT,r_vix,0.0390974108790116
2025-09-29,MSFT,GSPC,1.2443596441446487
2025-10-06,MSFT,d_rate,0.018733797298593386
2025-10-06,MSFT,d_credit,0.11646568682220035
2025-10-06,MSFT,r_vix,0.04349919445494468
2025-10-06,MSFT,GSPC,1.2683666053369007
2025-10-13,MSFT,d_rate,0.020109096202149363
2025-10-13,MSFT,d_credit,0.11935308645617732
2025-10-13,MSFT,r_vix,0.04145950933454172
2025-10-13,MSFT,GSPC,1.2536509045590412
2025-10-20,MSFT,d_rate,0.01284495642907134
2025-10-20,MSFT,d_credit,0.12288380239471428
2025-10-20,MSFT,r_vix,0.03602149053941863
2025-10-20,MSFT,GSPC,1.246797920515046
2025-10-27,MSFT,d_rate,0.008702019484015345
2025-10-27,MSFT,d_credit,0.07771515434791405
2025-10-27,MSFT,r_vix,0.03253776871671443
2025-10-27,MSFT,GSPC,1.1509828575365357
2025-11-03,MSFT,d_rate,0.004053941971414479
2025-11-03,MSFT,d_credit,0.05780786262682067
2025-11-03,MSFT,r_vix,0.03438915553913795
2025-11-03,MSFT,GSPC,1.1651221489900518
2025-11-10,MSFT,d_rate,0.005797065208447599
2025-11-10,MSFT,d_credit,0.06300432366754208
2025-11-10,MSFT,r_vix,0.035420092579498075
2025-11-10,MSFT,GSPC,1.1761539816805215
2025-11-17,MSFT,d_rate,0.01217111177779544
2025-11-17,MSFT,d_credit,0.06576127277659007
2025-11-17,MSFT,r_vix,0.029068395702964392
2025-11-17,MSFT,GSPC,1.189371311617849
2025-11-24,MSFT,d_rate,0.015594199370626963
2025-11-24,MSFT,d_credit,0.06865912458487969
2025-11-24,MSFT,r_vix,0.02561059782137529
2025-11-24,MSFT,GSPC,1.180181755780998
2025-12-01,MSFT,d_rate,0.01613433381824775
2025-12-01,MSFT,d_credit,0.08878701334144103
2025-12-01,MSFT,r_vix,0.027566654027572576
2025-12-01,MSFT,GSPC,1.2091017043331598
2025-12-08,MSFT,d_rate,0.008248733987013153
2025-12-08,MSFT,d_credit,0.08296180138815412
2025-12-08,MSFT,r_vix,0.028825041073124235
2025-12-08,MSFT,GSPC,1.220585872767476
2025-12-15,MSFT,d_rate,0.009505487637956427
2025-12-15,MSFT,d_credit,0.07878277293561398
2025-12-15,MSFT,r_vix,0.029681116705183835
2025-12-15,MSFT,GSPC,1.211371636523064
2025-12-22,MSFT,d_rate,0.01421189232534503
2025-12-22,MSFT,d_credit,0.07831057655267934
2025-12-22,MSFT,r_vix,0.02524437666994509
2025-12-22,MSFT,GSPC,1.178692808780284
2025-12-29,MSFT,d_rate,0.013212176072313486
2025-12-29,MSFT,d_credit,0.09142041505701518
2025-12-29,MSFT,r_vix,0.023925001252971995
2025-12-29,MSFT,GSPC,1.1948551861866454
2026-01-05,MSFT,d_rate,0.009415993873771135
2026-01-05,MSFT,d_credit,0.09671318533809711
2026-01-05,MSFT,r_vix,0.02244838183573101
2026-01-05,MSFT,GSPC,1.2052532881714626
2026-01-12,MSFT,d_rate,0.00654484570722235
2026-01-12,MSFT,d_credit,0.1418968421574228
2026-01-12,MSFT,r_vix,0.014634040781459537
2026-01-12,MSFT,GSPC,1.243493354705971
2026-01-19,MSFT,d_rate,0.006334720766697609
2026-01-19,MSFT,d_credit,0.13557495675049122
2026-01-19,MSFT,r_vix,0.013414120694046286
2026-01-19,MSFT,GSPC,1.2123899300649539
2026-01-26,MSFT,d_rate,-0.00372773751833031
2026-01-26,MSFT,d_credit,0.12231600277490234
2026-01-26,MSFT,r_vix,0.0023582315671933124
2026-01-26,MSFT,GSPC,1.1151526868654693
2026-02-02,MSFT,d_rate,-0.0036046259242191393
2026-02-02,MSFT,d_credit,0.09972403492644061
2026-02-02,MSFT,r_vix,0.003357689063869686
2026-02-02,MSFT,GSPC,1.0955254418065359
2026-02-09,MSFT,d_rate,-0.0073523660057061195
2026-02-09,MSFT,d_credit,0.10879953172451438
2026-02-09,MSFT,r_vix,0.0028449440958683092
2026-02-09,MSFT,GSPC,1.112032096288323
2026-02-16,MSFT,d_rate,-0.006445064156211976
2026-02-16,MSFT,d_credit,0.11596398403957434
2026-02-16,MSFT,r_vix,-0.0017299703892777456
2026-02-16,MSFT,GSPC,1.1047504401079333
2026-02-23,MSFT,d_rate,-0.013490875261416851
2026-02-23,MSFT,d_credit,0.1077394651722065
2026-02-23,MSFT,r_vix,2.4574236052638067e-5
2026-02-23,MSFT,GSPC,1.10546159730342
2026-03-02,MSFT,d_rate,-0.005408037298164535
2026-03-02,MSFT,d_credit,0.03963847614524204
2026-03-02,MSFT,r_vix,0.04078908700174341
2026-03-02,MSFT,GSPC,1.2087449111847972
2026-03-09,MSFT,d_rate,-0.01492381614732511
2026-03-09,MSFT,d_credit,0.027016089119378042
2026-03-09,MSFT,r_vix,0.056141555405119045
2026-03-09,MSFT,GSPC,1.3204444357739047
2026-03-16,MSFT,d_rate,-0.015088281078237243
2026-03-16,MSFT,d_credit,0.025392227155630425
2026-03-16,MSFT,r_vix,0.05903742375883958
2026-03-16,MSFT,GSPC,1.3367198020096345
2026-03-23,MSFT,d_rate,-0.01691108059511844
2026-03-23,MSFT,d_credit,0.04764155117474969
2026-03-23,MSFT,r_vix,0.0583843539740968
2026-03-23,MSFT,GSPC,1.391973328687018
2026-03-30,MSFT,d_rate,0.005137722682781109
2026-03-30,MSFT,d_credit,0.022090872953148877
2026-03-30,MSFT,r_vix,0.07690419184852074
2026-03-30,MSFT,GSPC,1.727334898971731
2026-04-06,MSFT,d_rate,0.0063037126486229595
2026-04-06,MSFT,d_credit,0.025827800788427516
2026-04-06,MSFT,r_vix,0.08599956946614755
2026-04-06,MSFT,GSPC,1.745059888606015
2026-04-13,MSFT,d_rate,0.011047650937577484
2026-04-13,MSFT,d_credit,0.05182166647151287
2026-04-13,MSFT,r_vix,0.10345487497607363
2026-04-13,MSFT,GSPC,2.0178943732519152
2026-04-20,MSFT,d_rate,0.03211332524569827
2026-04-20,MSFT,d_credit,0.07280621998177399
2026-04-20,MSFT,r_vix,0.11180449860628174
2026-04-20,MSFT,GSPC,2.0387511061079477
2026-04-27,MSFT,d_rate,-0.014008281591012835
2026-04-27,MSFT,d_credit,-0.033910130734985736
2026-04-27,MSFT,r_vix,0.10605448153975146
2026-04-27,MSFT,GSPC,1.757442318964659
2026-05-04,MSFT,d_rate,-0.01475872024752727
2026-05-04,MSFT,d_credit,-0.02259140212309055
2026-05-04,MSFT,r_vix,0.10233944707833055
2026-05-04,MSFT,GSPC,1.7277874393477313
2026-05-11,MSFT,d_rate,0.004979439227992965
2026-05-11,MSFT,d_credit,-0.01253706807768608
2026-05-11,MSFT,r_vix,0.10881275228813574
2026-05-11,MSFT,GSPC,1.8569669993645956
2026-05-18,MSFT,d_rate,-0.002291003324073684
2026-05-18,MSFT,d_credit,-0.026269842312924882
2026-05-18,MSFT,r_vix,0.10666045712185827
2026-05-18,MSFT,GSPC,1.8720879084169724
2026-05-25,MSFT,d_rate,-0.018336452140654814
2026-05-25,MSFT,d_credit,-0.028166996284854178
2026-05-25,MSFT,r_vix,0.10447358993248253
2026-05-25,MSFT,GSPC,1.8736314546261716
2026-06-01,MSFT,d_rate,-0.01794931072457197
2026-06-01,MSFT,d_credit,0.03823493811718632
2026-06-01,MSFT,r_vix,0.09118845091199565
2026-06-01,MSFT,GSPC,1.9431356489691891
2026-06-08,MSFT,d_rate,-0.0057656879929044984
2026-06-08,MSFT,d_credit,0.03453497431221746
2026-06-08,MSFT,r_vix,0.10703289177723185
2026-06-08,MSFT,GSPC,2.0551885588433465
2026-06-15,MSFT,d_rate,-0.004599911764944101
2026-06-15,MSFT,d_credit,0.030410779340441063
2026-06-15,MSFT,r_vix,0.10988149614753664
2026-06-15,MSFT,GSPC,2.070519862450652
2026-06-22,MSFT,d_rate,-0.01497762389600494
2026-06-22,MSFT,d_credit,0.019129719440918312
2026-06-22,MSFT,r_vix,0.10686452053378252
2026-06-22,MSFT,GSPC,1.9790402968159875
2026-06-29,MSFT,d_rate,-0.008094431764883132
2026-06-29,MSFT,d_credit,0.03987404164813247
2026-06-29,MSFT,r_vix,0.11021629304069253
2026-06-29,MSFT,GSPC,2.089405422958102
2026-07-06,MSFT,d_rate,-0.03131832320953456
2026-07-06,MSFT,d_credit,0.04602947794067859
2026-07-06,MSFT,r_vix,0.11777077350221282
2026-07-06,MSFT,GSPC,2.140319691877171
2026-07-13,MSFT,d_rate,-0.035569736018453674
2026-07-13,MSFT,d_credit,0.03747831656324514
2026-07-13,MSFT,r_vix,0.12407760587292792
2026-07-13,MSFT,GSPC,2.1169053547004535
2026-07-20,MSFT,d_rate,-0.035498701805174136
2026-07-20,MSFT,d_credit,0.03765681518128109
2026-07-20,MSFT,r_vix,0.12409385493147453
2026-07-20,MSFT,GSPC,2.1169625867503425
2026-07-27,MSFT,d_rate,0.04933023473057033
2026-07-27,MSFT,d_credit,0.2047386802424597
2026-07-27,MSFT,r_vix,0.0817758707851218
2026-07-27,MSFT,GSPC,2.222459820509681
2026-08-03,MSFT,d_rate,0.052128236926491295
2026-08-03,MSFT,d_credit,0.21450144634265625
2026-08-03,MSFT,r_vix,0.07743717367487743
2026-08-03,MSFT,GSPC,2.26915763171592
2026-08-10,MSFT,d_rate,0.04923040867837342
2026-08-10,MSFT,d_credit,0.19740297835815063
2026-08-10,MSFT,r_vix,0.07892778682846441
2026-08-10,MSFT,GSPC,2.265624843261715
2026-08-17,MSFT,d_rate,0.04377393762482927
2026-08-17,MSFT,d_credit,0.18353445956864986
2026-08-17,MSFT,r_vix,0.07359295178111884
2026-08-17,MSFT,GSPC,2.1878750164652607
2022-01-03,NVDA,d_rate,-0.12954549947662966
2022-01-03,NVDA,d_credit,-0.30310368945416066
2022-01-03,NVDA,r_vix,0.22024516326358437
2022-01-03,NVDA,GSPC,4.0355897192183425
2022-01-10,NVDA,d_rate,-0.1345650756586269
2022-01-10,NVDA,d_credit,-0.31214760393439456
2022-01-10,NVDA,r_vix,0.21590461466093896
2022-01-10,NVDA,GSPC,3.972335248853616
2022-01-17,NVDA,d_rate,-0.13849321318430902
2022-01-17,NVDA,d_credit,-0.3080564742466931
2022-01-17,NVDA,r_vix,0.2081514870831851
2022-01-17,NVDA,GSPC,3.8408296556564148
2022-01-24,NVDA,d_rate,-0.14138167943805868
2022-01-24,NVDA,d_credit,-0.3211808370455481
2022-01-24,NVDA,r_vix,0.20722809064155007
2022-01-24,NVDA,GSPC,3.8311402575025304
2022-01-31,NVDA,d_rate,-0.1103673127502851
2022-01-31,NVDA,d_credit,-0.29376645183482764
2022-01-31,NVDA,r_vix,0.20129814824360323
2022-01-31,NVDA,GSPC,3.9193390780660606
2022-02-07,NVDA,d_rate,-0.11404359636077074
2022-02-07,NVDA,d_credit,-0.2707066588290457
2022-02-07,NVDA,r_vix,0.19247791734018735
2022-02-07,NVDA,GSPC,3.7499701148483693
2022-02-14,NVDA,d_rate,-0.13113438380983883
2022-02-14,NVDA,d_credit,-0.19513358724188312
2022-02-14,NVDA,r_vix,0.15643128649929783
2022-02-14,NVDA,GSPC,3.417013030187227
2022-02-21,NVDA,d_rate,-0.11290634051581239
2022-02-21,NVDA,d_credit,-0.1930555240809962
2022-02-21,NVDA,r_vix,0.1678686198443792
2022-02-21,NVDA,GSPC,3.4454254897293737
2022-02-28,NVDA,d_rate,-0.0576648665848787
2022-02-28,NVDA,d_credit,-0.19481996724321388
2022-02-28,NVDA,r_vix,0.17013309785606973
2022-02-28,NVDA,GSPC,3.5011007839187247
2022-03-07,NVDA,d_rate,-0.01237271451748229
2022-03-07,NVDA,d_credit,-0.15848056272630845
2022-03-07,NVDA,r_vix,0.140624676918667
2022-03-07,NVDA,GSPC,3.1584726734573194
2022-03-14,NVDA,d_rate,-0.014959790362033721
2022-03-14,NVDA,d_credit,-0.15316782881060886
2022-03-14,NVDA,r_vix,0.13840972082755384
2022-03-14,NVDA,GSPC,3.13481697365823
2022-03-21,NVDA,d_rate,-0.03877247690484567
2022-03-21,NVDA,d_credit,-0.14707637390176467
2022-03-21,NVDA,r_vix,0.12628781369985995
2022-03-21,NVDA,GSPC,3.093887096070986
2022-03-28,NVDA,d_rate,-0.007767823305718787
2022-03-28,NVDA,d_credit,-0.08590552961104227
2022-03-28,NVDA,r_vix,0.14788736771968344
2022-03-28,NVDA,GSPC,3.2903287352350974
2022-04-04,NVDA,d_rate,-0.0938098615100089
2022-04-04,NVDA,d_credit,-0.1299996784436676
2022-04-04,NVDA,r_vix,0.11577280471483826
2022-04-04,NVDA,GSPC,3.2312397204123435
2022-04-11,NVDA,d_rate,-0.08102433208546403
2022-04-11,NVDA,d_credit,-0.12797697660581817
2022-04-11,NVDA,r_vix,0.12270312690783575
2022-04-11,NVDA,GSPC,3.260191271942263
2022-04-18,NVDA,d_rate,-0.07944184602612021
2022-04-18,NVDA,d_credit,-0.12041890588050129
2022-04-18,NVDA,r_vix,0.12792329076816042
2022-04-18,NVDA,GSPC,3.2945447523341618
2022-04-25,NVDA,d_rate,-0.07834048722756518
2022-04-25,NVDA,d_credit,-0.11608640904726203
2022-04-25,NVDA,r_vix,0.126301519274921
2022-04-25,NVDA,GSPC,3.219082623224224
2022-05-02,NVDA,d_rate,-0.07336980031266299
2022-05-02,NVDA,d_credit,-0.10028930192727349
2022-05-02,NVDA,r_vix,0.11438729606076843
2022-05-02,NVDA,GSPC,3.1876878254676773
2022-05-09,NVDA,d_rate,-0.08265948641047485
2022-05-09,NVDA,d_credit,-0.09170249832743395
2022-05-09,NVDA,r_vix,0.10278276106931099
2022-05-09,NVDA,GSPC,3.10237308036819
2022-05-16,NVDA,d_rate,-0.08845852949578639
2022-05-16,NVDA,d_credit,-0.08094988419289166
2022-05-16,NVDA,r_vix,0.0905640192930045
2022-05-16,NVDA,GSPC,3.022449312348893
2022-05-23,NVDA,d_rate,-0.07293568586440798
2022-05-23,NVDA,d_credit,-0.07473620931280256
2022-05-23,NVDA,r_vix,0.08027934208799127
2022-05-23,NVDA,GSPC,2.740880813098426
2022-05-30,NVDA,d_rate,-0.06508509599666625
2022-05-30,NVDA,d_credit,-0.0926587236154225
2022-05-30,NVDA,r_vix,0.07745505213965999
2022-05-30,NVDA,GSPC,2.6636823555719746
2022-06-06,NVDA,d_rate,-0.06314040777138137
2022-06-06,NVDA,d_credit,-0.1070405466480021
2022-06-06,NVDA,r_vix,0.07017493219692383
2022-06-06,NVDA,GSPC,2.5435669616359675
2022-06-13,NVDA,d_rate,-0.05351545814763477
2022-06-13,NVDA,d_credit,-0.05998080850071556
2022-06-13,NVDA,r_vix,0.033440142378435574
2022-06-13,NVDA,GSPC,2.308467557743294
2022-06-20,NVDA,d_rate,-0.052061648958178115
2022-06-20,NVDA,d_credit,-0.08703803487438681
2022-06-20,NVDA,r_vix,0.016602350108736105
2022-06-20,NVDA,GSPC,2.0999677283027705
2022-06-27,NVDA,d_rate,-0.0042983254317526766
2022-06-27,NVDA,d_credit,-0.11311050544628004
2022-06-27,NVDA,r_vix,0.056068879597790645
2022-06-27,NVDA,GSPC,2.2829723521886955
2022-07-04,NVDA,d_rate,-1.062018959304372e-4
2022-07-04,NVDA,d_credit,-0.11755888032030709
2022-07-04,NVDA,r_vix,0.06194913772402693
2022-07-04,NVDA,GSPC,2.3284198209043674
2022-07-11,NVDA,d_rate,-0.01381561313459932
2022-07-11,NVDA,d_credit,-0.13125446311518954
2022-07-11,NVDA,r_vix,0.06935632553169499
2022-07-11,NVDA,GSPC,2.321166345464924
2022-07-18,NVDA,d_rate,-0.020832943067577412
2022-07-18,NVDA,d_credit,-0.13845396631387552
2022-07-18,NVDA,r_vix,0.06964884818351784
2022-07-18,NVDA,GSPC,2.318368833783964
2022-07-25,NVDA,d_rate,-0.020880911581933857
2022-07-25,NVDA,d_credit,-0.15265648695749343
2022-07-25,NVDA,r_vix,0.06606995194761914
2022-07-25,NVDA,GSPC,2.2428964265854408
2022-08-01,NVDA,d_rate,-0.018463043731471143
2022-08-01,NVDA,d_credit,-0.15741040095008912
2022-08-01,NVDA,r_vix,0.07133420196255333
2022-08-01,NVDA,GSPC,2.25382013663614
2022-08-08,NVDA,d_rate,-0.02005777182566956
2022-08-08,NVDA,d_credit,-0.15833637582130447
2022-08-08,NVDA,r_vix,0.06464328176268658
2022-08-08,NVDA,GSPC,2.1546148084191343
2022-08-15,NVDA,d_rate,-0.02121493017462943
2022-08-15,NVDA,d_credit,-0.1514180051961296
2022-08-15,NVDA,r_vix,0.05629633741919254
2022-08-15,NVDA,GSPC,2.141437918196996
2022-08-22,NVDA,d_rate,-0.01792116625689589
2022-08-22,NVDA,d_credit,-0.13660858538950316
2022-08-22,NVDA,r_vix,0.05933995942806862
2022-08-22,NVDA,GSPC,2.1717531168344273
2022-08-29,NVDA,d_rate,-0.029976073874487537
2022-08-29,NVDA,d_credit,-0.1533429935479158
2022-08-29,NVDA,r_vix,0.0753651548363784
2022-08-29,NVDA,GSPC,2.2817669370565246
2022-09-05,NVDA,d_rate,-0.03300406934259079
2022-09-05,NVDA,d_credit,-0.15450942770622253
2022-09-05,NVDA,r_vix,0.07270040606291066
2022-09-05,NVDA,GSPC,2.2526101192679024
2022-09-12,NVDA,d_rate,-0.034859898900464
2022-09-12,NVDA,d_credit,-0.16277771423585766
2022-09-12,NVDA,r_vix,0.07149791388602657
2022-09-12,NVDA,GSPC,2.220075249076576
2022-09-19,NVDA,d_rate,-0.03171646279689574
2022-09-19,NVDA,d_credit,-0.17492065989667938
2022-09-19,NVDA,r_vix,0.07378952549173486
2022-09-19,NVDA,GSPC,2.179817298494884
2022-09-26,NVDA,d_rate,-0.017644990453691178
2022-09-26,NVDA,d_credit,-0.14150030484028125
2022-09-26,NVDA,r_vix,0.07312850034696991
2022-09-26,NVDA,GSPC,2.1744514515690763
2022-10-03,NVDA,d_rate,-0.01720704933404185
2022-10-03,NVDA,d_credit,-0.1329235574958572
2022-10-03,NVDA,r_vix,0.0683565839242591
2022-10-03,NVDA,GSPC,2.1484737702847996
2022-10-10,NVDA,d_rate,-0.019030071946329625
2022-10-10,NVDA,d_credit,-0.13834311942222088
2022-10-10,NVDA,r_vix,0.07087058837477013
2022-10-10,NVDA,GSPC,2.1517221093740444
2022-10-17,NVDA,d_rate,-0.00933290414610334
2022-10-17,NVDA,d_credit,-0.12382917395487113
2022-10-17,NVDA,r_vix,0.07644663928476506
2022-10-17,NVDA,GSPC,2.2124731036382763
2022-10-24,NVDA,d_rate,-0.0019133703513089537
2022-10-24,NVDA,d_credit,-0.11189331996333757
2022-10-24,NVDA,r_vix,0.06288870513400067
2022-10-24,NVDA,GSPC,2.171595103690998
2022-10-31,NVDA,d_rate,0.00727933672178146
2022-10-31,NVDA,d_credit,-0.13971226900110406
2022-10-31,NVDA,r_vix,0.028072354033914823
2022-10-31,NVDA,GSPC,1.92436365350703
2022-11-07,NVDA,d_rate,0.007216380221074419
2022-11-07,NVDA,d_credit,-0.13441143376342782
2022-11-07,NVDA,r_vix,0.034859385503565384
2022-11-07,NVDA,GSPC,1.9956968701805513
2022-11-14,NVDA,d_rate,0.030167177674419357
2022-11-14,NVDA,d_credit,-0.1135060171395207
2022-11-14,NVDA,r_vix,0.023108356753705234
2022-11-14,NVDA,GSPC,1.9772706825652984
2022-11-21,NVDA,d_rate,0.023363528143934168
2022-11-21,NVDA,d_credit,-0.12159256907837805
2022-11-21,NVDA,r_vix,0.010291295179872739
2022-11-21,NVDA,GSPC,1.9412583490835489
2022-11-28,NVDA,d_rate,0.01957995561541312
2022-11-28,NVDA,d_credit,-0.12426974184936873
2022-11-28,NVDA,r_vix,0.007574336764574864
2022-11-28,NVDA,GSPC,1.9357227078193118
2022-12-05,NVDA,d_rate,0.022970216601956233
2022-12-05,NVDA,d_credit,-0.12935789809363918
2022-12-05,NVDA,r_vix,-0.03964994122712364
2022-12-05,NVDA,GSPC,1.8197829403085533
2022-12-12,NVDA,d_rate,0.017037973870272418
2022-12-12,NVDA,d_credit,-0.12613279320814857
2022-12-12,NVDA,r_vix,-0.03861040592813222
2022-12-12,NVDA,GSPC,1.801672567047045
2022-12-19,NVDA,d_rate,2.3892321813059425e-4
2022-12-19,NVDA,d_credit,-0.14083888305448783
2022-12-19,NVDA,r_vix,-0.02904321885627815
2022-12-19,NVDA,GSPC,1.7901401909405217
2022-12-26,NVDA,d_rate,-0.0010911944167181563
2022-12-26,NVDA,d_credit,-0.13776137225329946
2022-12-26,NVDA,r_vix,-0.04845061216010835
2022-12-26,NVDA,GSPC,1.7394093378888018
2023-01-02,NVDA,d_rate,0.002958759806275356
2023-01-02,NVDA,d_credit,-0.14719073112510767
2023-01-02,NVDA,r_vix,-0.039461465774829126
2023-01-02,NVDA,GSPC,1.750555394909851
2023-01-09,NVDA,d_rate,-0.0037753277666130584
2023-01-09,NVDA,d_credit,-0.164333827721042
2023-01-09,NVDA,r_vix,-0.04845009706313712
2023-01-09,NVDA,GSPC,1.741332367637432
2023-01-16,NVDA,d_rate,-0.006494320679285507
2023-01-16,NVDA,d_credit,-0.16634774375518055
2023-01-16,NVDA,r_vix,-0.01758719236001781
2023-01-16,NVDA,GSPC,1.8006008105403815
2023-01-23,NVDA,d_rate,-0.006063086444044154
2023-01-23,NVDA,d_credit,-0.1752708783637139
2023-01-23,NVDA,r_vix,-0.014449453931348421
2023-01-23,NVDA,GSPC,1.8437532040628317
2023-01-30,NVDA,d_rate,-0.010357105288418437
2023-01-30,NVDA,d_credit,-0.18218513970712769
2023-01-30,NVDA,r_vix,0.0033716927591814186
2023-01-30,NVDA,GSPC,1.8667578136317367
2023-02-06,NVDA,d_rate,-0.004705773213418658
2023-02-06,NVDA,d_credit,-0.18280702756594322
2023-02-06,NVDA,r_vix,-3.267797549042274e-5
2023-02-06,NVDA,GSPC,1.8678848144291111
2023-02-13,NVDA,d_rate,-0.0041841464360743265
2023-02-13,NVDA,d_credit,-0.19322194746619595
2023-02-13,NVDA,r_vix,0.0038581336142059545
2023-02-13,NVDA,GSPC,1.881527219712838
2023-02-20,NVDA,d_rate,-9.989164112958176e-4
2023-02-20,NVDA,d_credit,-0.2114271846744363
2023-02-20,NVDA,r_vix,0.017046069798262994
2023-02-20,NVDA,GSPC,1.835540316918869
2023-02-27,NVDA,d_rate,-0.0030484190823449504
2023-02-27,NVDA,d_credit,-0.20911276815141058
2023-02-27,NVDA,r_vix,0.03101019043558741
2023-02-27,NVDA,GSPC,1.8597736459317993
2023-03-06,NVDA,d_rate,-0.024641829371976297
2023-03-06,NVDA,d_credit,-0.21077581566668901
2023-03-06,NVDA,r_vix,0.08881182595931529
2023-03-06,NVDA,GSPC,1.9556505841949008
2023-03-13,NVDA,d_rate,-0.0461282215892496
2023-03-13,NVDA,d_credit,-0.16806511422426013
2023-03-13,NVDA,r_vix,0.1192977498847909
2023-03-13,NVDA,GSPC,2.0189927077960608
2023-03-20,NVDA,d_rate,-0.04610658760823043
2023-03-20,NVDA,d_credit,-0.16150275769907613
2023-03-20,NVDA,r_vix,0.10532062406846716
2023-03-20,NVDA,GSPC,1.9941562577773235
2023-03-27,NVDA,d_rate,-0.05961973954596835
2023-03-27,NVDA,d_credit,-0.1846484201161513
2023-03-27,NVDA,r_vix,0.10507222944672111
2023-03-27,NVDA,GSPC,1.9395466112649584
2023-04-03,NVDA,d_rate,-0.029877173847201257
2023-04-03,NVDA,d_credit,-0.1821721608889516
2023-04-03,NVDA,r_vix,0.12962220031600255
2023-04-03,NVDA,GSPC,2.00999352811631
2023-04-10,NVDA,d_rate,-0.034298460062542085
2023-04-10,NVDA,d_credit,-0.18239838132473168
2023-04-10,NVDA,r_vix,0.12651262417982773
2023-04-10,NVDA,GSPC,1.9712999160013436
2023-04-17,NVDA,d_rate,-0.02310587184172909
2023-04-17,NVDA,d_credit,-0.16184007059074848
2023-04-17,NVDA,r_vix,0.16558977265162403
2023-04-17,NVDA,GSPC,2.0749582867983585
2023-04-24,NVDA,d_rate,-0.02390281580315657
2023-04-24,NVDA,d_credit,-0.16043830497199604
2023-04-24,NVDA,r_vix,0.166524274984548
2023-04-24,NVDA,GSPC,2.0753146684835695
2023-05-01,NVDA,d_rate,-0.02778687019227954
2023-05-01,NVDA,d_credit,-0.15597326899909578
2023-05-01,NVDA,r_vix,0.1960306043284148
2023-05-01,NVDA,GSPC,2.1431402914888165
2023-05-08,NVDA,d_rate,-0.02563629099965883
2023-05-08,NVDA,d_credit,-0.1621506513125421
2023-05-08,NVDA,r_vix,0.20690842136618548
2023-05-08,NVDA,GSPC,2.1800013672909975
2023-05-15,NVDA,d_rate,-0.011312828222488696
2023-05-15,NVDA,d_credit,-0.16122497294233012
2023-05-15,NVDA,r_vix,0.22556232156625647
2023-05-15,NVDA,GSPC,2.271557126368974
2023-05-22,NVDA,d_rate,-0.00524698135961224
2023-05-22,NVDA,d_credit,-0.21194262827895316
2023-05-22,NVDA,r_vix,0.31860095085994306
2023-05-22,NVDA,GSPC,2.5592048827331637
2023-05-29,NVDA,d_rate,-0.0059335316970097135
2023-05-29,NVDA,d_credit,-0.21619936339206292
2023-05-29,NVDA,r_vix,0.3047133248162769
2023-05-29,NVDA,GSPC,2.521375212997449
2023-06-05,NVDA,d_rate,-0.004376139719564771
2023-06-05,NVDA,d_credit,-0.215092865639037
2023-06-05,NVDA,r_vix,0.3075464767700384
2023-06-05,NVDA,GSPC,2.494145860060796
2023-06-12,NVDA,d_rate,-0.008405131410927122
2023-06-12,NVDA,d_credit,-0.2320678130636764
2023-06-12,NVDA,r_vix,0.3231026479674077
2023-06-12,NVDA,GSPC,2.6212296237314088
2023-06-19,NVDA,d_rate,-0.008979773606688729
2023-06-19,NVDA,d_credit,-0.2165476242136735
2023-06-19,NVDA,r_vix,0.32832348548245854
2023-06-19,NVDA,GSPC,2.7102545099044146
2023-06-26,NVDA,d_rate,-0.028317920250381615
2023-06-26,NVDA,d_credit,-0.1488645149658437
2023-06-26,NVDA,r_vix,0.2463962009723999
2023-06-26,NVDA,GSPC,2.3680147801976323
2023-07-03,NVDA,d_rate,-0.03531970144990818
2023-07-03,NVDA,d_credit,-0.13946014826747893
2023-07-03,NVDA,r_vix,0.2454343204981174
2023-07-03,NVDA,GSPC,2.34656936359758
2023-07-10,NVDA,d_rate,-0.0394363315864999
2023-07-10,NVDA,d_credit,-0.13550484800567697
2023-07-10,NVDA,r_vix,0.24091478663464858
2023-07-10,NVDA,GSPC,2.3428645305469
2023-07-17,NVDA,d_rate,-0.034914905019367344
2023-07-17,NVDA,d_credit,-0.12875173436602097
2023-07-17,NVDA,r_vix,0.22509433798857706
2023-07-17,NVDA,GSPC,2.2797240109406256
2023-07-24,NVDA,d_rate,-0.033677855664830975
2023-07-24,NVDA,d_credit,-0.11593504572776965
2023-07-24,NVDA,r_vix,0.23399228328414007
2023-07-24,NVDA,GSPC,2.3675940234446755
2023-07-31,NVDA,d_rate,-0.03987342282530771
2023-07-31,NVDA,d_credit,-0.1266238505382902
2023-07-31,NVDA,r_vix,0.2005024292013319
2023-07-31,NVDA,GSPC,2.2842746564123733
2023-08-07,NVDA,d_rate,-0.04240453980014935
2023-08-07,NVDA,d_credit,-0.12778140490855983
2023-08-07,NVDA,r_vix,0.24575395798632108
2023-08-07,NVDA,GSPC,2.522868720454811
2023-08-14,NVDA,d_rate,-0.035129826499696086
2023-08-14,NVDA,d_credit,-0.12683817337698036
2023-08-14,NVDA,r_vix,0.268848711460996
2023-08-14,NVDA,GSPC,2.5431183535040978
2023-08-21,NVDA,d_rate,-0.043325702860505175
2023-08-21,NVDA,d_credit,-0.16927883705875904
2023-08-21,NVDA,r_vix,0.2925470393077722
2023-08-21,NVDA,GSPC,2.4832745938137717
2023-08-28,NVDA,d_rate,-0.0299425027651963
2023-08-28,NVDA,d_credit,-0.12892420388009243
2023-08-28,NVDA,r_vix,0.23360326871055148
2023-08-28,NVDA,GSPC,2.2342102876228647
2023-09-04,NVDA,d_rate,-0.027726139623635
2023-09-04,NVDA,d_credit,-0.1205976273588045
2023-09-04,NVDA,r_vix,0.22896000271023256
2023-09-04,NVDA,GSPC,2.2917163193708534
2023-09-11,NVDA,d_rate,-0.029992523413133212
2023-09-11,NVDA,d_credit,-0.1253890939284848
2023-09-11,NVDA,r_vix,0.22921500424244082
2023-09-11,NVDA,GSPC,2.2417556606087152
2023-09-18,NVDA,d_rate,-0.030347615734765646
2023-09-18,NVDA,d_credit,-0.1062973713625061
2023-09-18,NVDA,r_vix,0.2025252787132519
2023-09-18,NVDA,GSPC,2.2455141066328315
2023-09-25,NVDA,d_rate,-0.02732403989378351
2023-09-25,NVDA,d_credit,-0.10924960345800024
2023-09-25,NVDA,r_vix,0.2063428568912158
2023-09-25,NVDA,GSPC,2.2760161878260474
2023-10-02,NVDA,d_rate,-0.018957842637552385
2023-10-02,NVDA,d_credit,-0.11101699685207955
2023-10-02,NVDA,r_vix,0.2181076428919625
2023-10-02,NVDA,GSPC,2.3618437485374963
2023-10-09,NVDA,d_rate,2.4213700056690152e-4
2023-10-09,NVDA,d_credit,-0.06911429594427189
2023-10-09,NVDA,r_vix,0.1775609948591094
2023-10-09,NVDA,GSPC,2.2087414326433983
2023-10-16,NVDA,d_rate,-0.021473128909968022
2023-10-16,NVDA,d_credit,-0.09906284012934857
2023-10-16,NVDA,r_vix,0.17598567619106903
2023-10-16,NVDA,GSPC,2.2320150437670723
2023-10-23,NVDA,d_rate,-0.021583420010331086
2023-10-23,NVDA,d_credit,-0.09737464005275467
2023-10-23,NVDA,r_vix,0.16784255446768173
2023-10-23,NVDA,GSPC,2.150710214361934
2023-10-30,NVDA,d_rate,-0.027826477471824717
2023-10-30,NVDA,d_credit,-0.0690763829756243
2023-10-30,NVDA,r_vix,0.21987029850439802
2023-10-30,NVDA,GSPC,2.575111618199007
2023-11-06,NVDA,d_rate,-0.026844771926958517
2023-11-06,NVDA,d_credit,-0.07248830510696913
2023-11-06,NVDA,r_vix,0.22377154755921136
2023-11-06,NVDA,GSPC,2.617466755737908
2023-11-13,NVDA,d_rate,-0.05869799335879284
2023-11-13,NVDA,d_credit,-0.1348207692027495
2023-11-13,NVDA,r_vix,0.20757936601047244
2023-11-13,NVDA,GSPC,2.3038471040654684
2023-11-20,NVDA,d_rate,-0.05625170333310244
2023-11-20,NVDA,d_credit,-0.12053285539147049
2023-11-20,NVDA,r_vix,0.22128970401135442
2023-11-20,NVDA,GSPC,2.363541057938285
2023-11-27,NVDA,d_rate,-0.033796257171522515
2023-11-27,NVDA,d_credit,-0.09933957588346742
2023-11-27,NVDA,r_vix,0.206818670871113
2023-11-27,NVDA,GSPC,2.3448524447706425
2023-12-04,NVDA,d_rate,-0.02536400575030122
2023-12-04,NVDA,d_credit,-0.06506933408129653
2023-12-04,NVDA,r_vix,0.2043419451744241
2023-12-04,NVDA,GSPC,2.4514521180436355
2023-12-11,NVDA,d_rate,-0.006288053881650208
2023-12-11,NVDA,d_credit,-0.04721830094763808
2023-12-11,NVDA,r_vix,0.1912990972417343
2023-12-11,NVDA,GSPC,2.422027196800602
2023-12-18,NVDA,d_rate,0.015839214556235333
2023-12-18,NVDA,d_credit,-0.027615985634895056
2023-12-18,NVDA,r_vix,0.14693654101079745
2023-12-18,NVDA,GSPC,2.256447751789039
2023-12-25,NVDA,d_rate,0.024192867827833184
2023-12-25,NVDA,d_credit,-0.022176647787268813
2023-12-25,NVDA,r_vix,0.15274485037163404
2023-12-25,NVDA,GSPC,2.295213582433329
2024-01-01,NVDA,d_rate,0.01889574794767245
2024-01-01,NVDA,d_credit,-0.01801071743088723
2024-01-01,NVDA,r_vix,0.1544452876694318
2024-01-01,NVDA,GSPC,2.3100303328028984
2024-01-08,NVDA,d_rate,0.024156378810581785
2024-01-08,NVDA,d_credit,0.020995484564442248
2024-01-08,NVDA,r_vix,0.1643218848485344
2024-01-08,NVDA,GSPC,2.378176291265029
2024-01-15,NVDA,d_rate,0.03178873999452428
2024-01-15,NVDA,d_credit,0.018038635252569914
2024-01-15,NVDA,r_vix,0.16961601691454833
2024-01-15,NVDA,GSPC,2.4560212499173666
2024-01-22,NVDA,d_rate,0.03032358279461378
2024-01-22,NVDA,d_credit,0.04255660721778965
2024-01-22,NVDA,r_vix,0.1547686787886902
2024-01-22,NVDA,GSPC,2.321123619290153
2024-01-29,NVDA,d_rate,0.027278688008050098
2024-01-29,NVDA,d_credit,0.03986084752725609
2024-01-29,NVDA,r_vix,0.1691958736014401
2024-01-29,NVDA,GSPC,2.406213109070921
2024-02-05,NVDA,d_rate,0.03900667940857817
2024-02-05,NVDA,d_credit,0.056200461661935666
2024-02-05,NVDA,r_vix,0.16735066080782848
2024-02-05,NVDA,GSPC,2.467329440869684
2024-02-12,NVDA,d_rate,0.038673567679722166
2024-02-12,NVDA,d_credit,0.06246760937743761
2024-02-12,NVDA,r_vix,0.16189440964553392
2024-02-12,NVDA,GSPC,2.4537587022167235
2024-02-19,NVDA,d_rate,0.03942031668371988
2024-02-19,NVDA,d_credit,0.0942727676858757
2024-02-19,NVDA,r_vix,0.19478195046436275
2024-02-19,NVDA,GSPC,2.9187068938142815
2024-02-26,NVDA,d_rate,0.03974780183496063
2024-02-26,NVDA,d_credit,0.09748723758398975
2024-02-26,NVDA,r_vix,0.1924733101316323
2024-02-26,NVDA,GSPC,2.9187217217008112
2024-03-04,NVDA,d_rate,0.04529023998578025
2024-03-04,NVDA,d_credit,0.08902257188074346
2024-03-04,NVDA,r_vix,0.20073734558873912
2024-03-04,NVDA,GSPC,3.036196374659374
2024-03-11,NVDA,d_rate,0.05693964398693219
2024-03-11,NVDA,d_credit,0.031356612710761254
2024-03-11,NVDA,r_vix,0.18453833629900968
2024-03-11,NVDA,GSPC,2.921982376178727
2024-03-18,NVDA,d_rate,0.05576608367369989
2024-03-18,NVDA,d_credit,0.031207615143632395
2024-03-18,NVDA,r_vix,0.19280516439788045
2024-03-18,NVDA,GSPC,2.96501091049056
2024-03-25,NVDA,d_rate,0.068040251158669
2024-03-25,NVDA,d_credit,0.001542819833418321
2024-03-25,NVDA,r_vix,0.19089980007324217
2024-03-25,NVDA,GSPC,3.1057460619095183
2024-04-01,NVDA,d_rate,0.05818467576357772
2024-04-01,NVDA,d_credit,0.0108072490169788
2024-04-01,NVDA,r_vix,0.15906227157243522
2024-04-01,NVDA,GSPC,2.9634693811690775
2024-04-08,NVDA,d_rate,0.06368207184193363
2024-04-08,NVDA,d_credit,-0.0025420614059735885
2024-04-08,NVDA,r_vix,0.14683871296449266
2024-04-08,NVDA,GSPC,2.9022791009294484
2024-04-15,NVDA,d_rate,0.06879813592072946
2024-04-15,NVDA,d_credit,-0.0019978203021032343
2024-04-15,NVDA,r_vix,0.1735687515718023
2024-04-15,NVDA,GSPC,3.249747148077085
2024-04-22,NVDA,d_rate,0.0875810338497046
2024-04-22,NVDA,d_credit,0.012622898094275423
2024-04-22,NVDA,r_vix,0.1390861075735152
2024-04-22,NVDA,GSPC,3.294876182671954
2024-04-29,NVDA,d_rate,0.08406207071995833
2024-04-29,NVDA,d_credit,-0.021477519242818023
2024-04-29,NVDA,r_vix,0.12828598633418956
2024-04-29,NVDA,GSPC,3.249391012633137
2024-05-06,NVDA,d_rate,0.08084612241725712
2024-05-06,NVDA,d_credit,-0.024967284333330095
2024-05-06,NVDA,r_vix,0.12749731274827036
2024-05-06,NVDA,GSPC,3.1846500467816847
2024-05-13,NVDA,d_rate,0.07209061953660165
2024-05-13,NVDA,d_credit,-0.030105171629041395
2024-05-13,NVDA,r_vix,0.12360454415192973
2024-05-13,NVDA,GSPC,3.098334470242412
2024-05-20,NVDA,d_rate,0.06028915960402966
2024-05-20,NVDA,d_credit,0.05246480563307408
2024-05-20,NVDA,r_vix,0.07097455236459511
2024-05-20,NVDA,GSPC,2.8035235747889535
2024-05-27,NVDA,d_rate,0.05808263915568931
2024-05-27,NVDA,d_credit,0.05939192926557729
2024-05-27,NVDA,r_vix,0.060302913451137585
2024-05-27,NVDA,GSPC,2.756012596430778
2024-06-03,NVDA,d_rate,0.054421585662980526
2024-06-03,NVDA,d_credit,0.05258018716036104
2024-06-03,NVDA,r_vix,0.05108222983549458
2024-06-03,NVDA,GSPC,2.730100121805947
2024-06-10,NVDA,d_rate,0.04305131627677281
2024-06-10,NVDA,d_credit,0.08464530827760136
2024-06-10,NVDA,r_vix,0.056888809962679046
2024-06-10,NVDA,GSPC,2.7108088573297113
2024-06-17,NVDA,d_rate,0.03828337589684262
2024-06-17,NVDA,d_credit,0.06534267345219903
2024-06-17,NVDA,r_vix,0.04883473233096481
2024-06-17,NVDA,GSPC,2.658694604453395
2024-06-24,NVDA,d_rate,0.05068332433390739
2024-06-24,NVDA,d_credit,0.022358717479558855
2024-06-24,NVDA,r_vix,0.09516223474587328
2024-06-24,NVDA,GSPC,3.048704499608372
2024-07-01,NVDA,d_rate,0.04687447097468886
2024-07-01,NVDA,d_credit,0.024289340344678032
2024-07-01,NVDA,r_vix,0.07945550827476973
2024-07-01,NVDA,GSPC,2.9208922445688414
2024-07-08,NVDA,d_rate,0.04876024950182475
2024-07-08,NVDA,d_credit,0.019700584445211698
2024-07-08,NVDA,r_vix,0.08045367299563616
2024-07-08,NVDA,GSPC,2.9221700495578964
2024-07-15,NVDA,d_rate,0.05304460178135163
2024-07-15,NVDA,d_credit,0.026565674413104624
2024-07-15,NVDA,r_vix,0.04848367352398792
2024-07-15,NVDA,GSPC,2.9054260032061072
2024-07-22,NVDA,d_rate,0.054130237386676
2024-07-22,NVDA,d_credit,0.014292496911721186
2024-07-22,NVDA,r_vix,0.05516537100953654
2024-07-22,NVDA,GSPC,2.9549412105238755
2024-07-29,NVDA,d_rate,0.05569977936145382
2024-07-29,NVDA,d_credit,0.015319844573418697
2024-07-29,NVDA,r_vix,0.0551249712040024
2024-07-29,NVDA,GSPC,2.9587334207176204
2024-08-05,NVDA,d_rate,0.052815347516060616
2024-08-05,NVDA,d_credit,0.010220305062245088
2024-08-05,NVDA,r_vix,0.020389642744401526
2024-08-05,NVDA,GSPC,2.732417770972875
2024-08-12,NVDA,d_rate,0.04866289799363483
2024-08-12,NVDA,d_credit,-0.02346049955258521
2024-08-12,NVDA,r_vix,-0.007515704267818656
2024-08-12,NVDA,GSPC,2.882157402865598
2024-08-19,NVDA,d_rate,0.05385588262587333
2024-08-19,NVDA,d_credit,0.008520771215332956
2024-08-19,NVDA,r_vix,-0.004654302873731479
2024-08-19,NVDA,GSPC,2.920620597929724
2024-08-26,NVDA,d_rate,0.04530221656763024
2024-08-26,NVDA,d_credit,0.01902087023672716
2024-08-26,NVDA,r_vix,0.004374519216550373
2024-08-26,NVDA,GSPC,2.987105328026728
2024-09-02,NVDA,d_rate,0.05102552374124638
2024-09-02,NVDA,d_credit,0.01451961850149346
2024-09-02,NVDA,r_vix,-0.001994457131948672
2024-09-02,NVDA,GSPC,2.983191637675083
2024-09-09,NVDA,d_rate,0.053224769602533376
2024-09-09,NVDA,d_credit,0.019436988102232988
2024-09-09,NVDA,r_vix,-0.013231470181599241
2024-09-09,NVDA,GSPC,2.9637383730727542
2024-09-16,NVDA,d_rate,0.045627621412986825
2024-09-16,NVDA,d_credit,0.06589772816782631
2024-09-16,NVDA,r_vix,-0.02946095277297299
2024-09-16,NVDA,GSPC,2.9006692343355334
2024-09-23,NVDA,d_rate,0.03613913801441447
2024-09-23,NVDA,d_credit,0.02782895304339755
2024-09-23,NVDA,r_vix,-0.01819023075614006
2024-09-23,NVDA,GSPC,2.9600482322316175
2024-09-30,NVDA,d_rate,0.02896425781785959
2024-09-30,NVDA,d_credit,-0.009729721198345646
2024-09-30,NVDA,r_vix,-0.013179428066349324
2024-09-30,NVDA,GSPC,2.944471817647681
2024-10-07,NVDA,d_rate,0.032323048687262886
2024-10-07,NVDA,d_credit,-0.019864799088903595
2024-10-07,NVDA,r_vix,0.003064017257516103
2024-10-07,NVDA,GSPC,3.053744238387065
2024-10-14,NVDA,d_rate,0.05005061817627458
2024-10-14,NVDA,d_credit,0.02294785606781088
2024-10-14,NVDA,r_vix,0.0012759247248401396
2024-10-14,NVDA,GSPC,3.0399376902797637
2024-10-21,NVDA,d_rate,0.08789243679482439
2024-10-21,NVDA,d_credit,0.0632301799835922
2024-10-21,NVDA,r_vix,0.05682209608037047
2024-10-21,NVDA,GSPC,3.602005544416537
2024-10-28,NVDA,d_rate,0.0713460482783066
2024-10-28,NVDA,d_credit,0.05460039477341526
2024-10-28,NVDA,r_vix,0.04523973228558516
2024-10-28,NVDA,GSPC,3.7328375032325187
2024-11-04,NVDA,d_rate,0.08203368995309367
2024-11-04,NVDA,d_credit,0.09629514097768285
2024-11-04,NVDA,r_vix,0.06444485915302403
2024-11-04,NVDA,GSPC,3.7367056284794495
2024-11-11,NVDA,d_rate,0.07459125907775298
2024-11-11,NVDA,d_credit,0.08689558002055818
2024-11-11,NVDA,r_vix,0.06699096932155726
2024-11-11,NVDA,GSPC,3.7489193666036176
2024-11-18,NVDA,d_rate,0.060324823857273356
2024-11-18,NVDA,d_credit,0.02366082266104408
2024-11-18,NVDA,r_vix,0.05172433322479786
2024-11-18,NVDA,GSPC,3.5453917946433973
2024-11-25,NVDA,d_rate,0.06238177608357719
2024-11-25,NVDA,d_credit,0.012304457565217005
2024-11-25,NVDA,r_vix,0.06796834409666842
2024-11-25,NVDA,GSPC,3.6398451868926545
2024-12-02,NVDA,d_rate,0.0656792732988102
2024-12-02,NVDA,d_credit,0.026048904289161057
2024-12-02,NVDA,r_vix,0.06911609332843345
2024-12-02,NVDA,GSPC,3.6661084153300787
2024-12-09,NVDA,d_rate,0.0059129719478531835
2024-12-09,NVDA,d_credit,-0.09313907711211067
2024-12-09,NVDA,r_vix,0.07816793232927112
2024-12-09,NVDA,GSPC,3.6387305522933473
2024-12-16,NVDA,d_rate,0.025628727952882166
2024-12-16,NVDA,d_credit,-0.03898327129364613
2024-12-16,NVDA,r_vix,0.10142477325739568
2024-12-16,NVDA,GSPC,3.799835163896085
2024-12-23,NVDA,d_rate,0.026652011393293783
2024-12-23,NVDA,d_credit,-0.03579044645979944
2024-12-23,NVDA,r_vix,0.1020852592042947
2024-12-23,NVDA,GSPC,3.8090210503840938
2024-12-30,NVDA,d_rate,0.01224194418508449
2024-12-30,NVDA,d_credit,-0.04704905770534785
2024-12-30,NVDA,r_vix,0.09517440827327002
2024-12-30,NVDA,GSPC,3.7329989042253984
2025-01-06,NVDA,d_rate,0.018669122015102128
2025-01-06,NVDA,d_credit,-0.029409990443255984
2025-01-06,NVDA,r_vix,0.08945450780322776
2025-01-06,NVDA,GSPC,3.6932912376916636
2025-01-13,NVDA,d_rate,0.010494390495491319
2025-01-13,NVDA,d_credit,-0.07446293072465288
2025-01-13,NVDA,r_vix,0.08806235746553104
2025-01-13,NVDA,GSPC,3.5115627384944976
2025-01-20,NVDA,d_rate,0.01051523568834861
2025-01-20,NVDA,d_credit,-0.0701029428928679
2025-01-20,NVDA,r_vix,0.08779771814827031
2025-01-20,NVDA,GSPC,3.49822795310016
2025-01-27,NVDA,d_rate,0.041746295930157384
2025-01-27,NVDA,d_credit,-0.034284323736332264
2025-01-27,NVDA,r_vix,0.08589584481738155
2025-01-27,NVDA,GSPC,3.674532299524728
2025-02-03,NVDA,d_rate,-0.0119627076696669
2025-02-03,NVDA,d_credit,-0.14204489042744306
2025-02-03,NVDA,r_vix,0.06821087289120191
2025-02-03,NVDA,GSPC,3.3119715799191027
2025-02-10,NVDA,d_rate,-0.009215044839469964
2025-02-10,NVDA,d_credit,-0.12389997675166499
2025-02-10,NVDA,r_vix,0.06348720619311936
2025-02-10,NVDA,GSPC,3.3168025674862602
2025-02-17,NVDA,d_rate,-0.005192773037979308
2025-02-17,NVDA,d_credit,-0.10301263712931379
2025-02-17,NVDA,r_vix,0.06035638233909254
2025-02-17,NVDA,GSPC,3.2756265863560463
2025-02-24,NVDA,d_rate,-0.008526224025622323
2025-02-24,NVDA,d_credit,-0.16593816808911105
2025-02-24,NVDA,r_vix,0.06935333362101316
2025-02-24,NVDA,GSPC,3.3144878681308803
2025-03-03,NVDA,d_rate,0.00704833796620739
2025-03-03,NVDA,d_credit,-0.13946484045830024
2025-03-03,NVDA,r_vix,0.05730741357344013
2025-03-03,NVDA,GSPC,3.29463441721136
2025-03-10,NVDA,d_rate,-0.0069424846481407915
2025-03-10,NVDA,d_credit,-0.1086918124295927
2025-03-10,NVDA,r_vix,-0.05092886172255536
2025-03-10,NVDA,GSPC,2.3141278839822457
2025-03-17,NVDA,d_rate,-0.010798809747216248
2025-03-17,NVDA,d_credit,-0.14999622502025883
2025-03-17,NVDA,r_vix,-0.038438728505050736
2025-03-17,NVDA,GSPC,2.33376127839873
2025-03-24,NVDA,d_rate,-0.015899636116785597
2025-03-24,NVDA,d_credit,-0.17267281027672607
2025-03-24,NVDA,r_vix,-0.036605521723282075
2025-03-24,NVDA,GSPC,2.3499899336829517
2025-03-31,NVDA,d_rate,-0.05661633389256631
2025-03-31,NVDA,d_credit,-0.1852434887394067
2025-03-31,NVDA,r_vix,-0.07583859372568008
2025-03-31,NVDA,GSPC,1.6875702387096092
2025-04-07,NVDA,d_rate,-0.015128431213895666
2025-04-07,NVDA,d_credit,-0.05155315492943734
2025-04-07,NVDA,r_vix,-0.06190917385709197
2025-04-07,NVDA,GSPC,2.0311684982277725
2025-04-14,NVDA,d_rate,0.004145420757040757
2025-04-14,NVDA,d_credit,-0.022976275999163485
2025-04-14,NVDA,r_vix,-0.07114057155268078
2025-04-14,NVDA,GSPC,1.9430092804805112
2025-04-21,NVDA,d_rate,0.002891358834986743
2025-04-21,NVDA,d_credit,-0.037156585517417906
2025-04-21,NVDA,r_vix,-0.049468307718465596
2025-04-21,NVDA,GSPC,1.955441943269509
2025-04-28,NVDA,d_rate,-0.008869963619488573
2025-04-28,NVDA,d_credit,-0.0888844383424995
2025-04-28,NVDA,r_vix,-0.05086190066140753
2025-04-28,NVDA,GSPC,1.865333363734879
2025-05-05,NVDA,d_rate,-0.008436719610539736
2025-05-05,NVDA,d_credit,-0.09341645208780884
2025-05-05,NVDA,r_vix,-0.05309449192927655
2025-05-05,NVDA,GSPC,1.8572668334869569
2025-05-12,NVDA,d_rate,-0.00989165221996994
2025-05-12,NVDA,d_credit,-0.10301860291073527
2025-05-12,NVDA,r_vix,-0.048409242669918764
2025-05-12,NVDA,GSPC,1.924522764896829
2025-05-19,NVDA,d_rate,0.0011050361057399222
2025-05-19,NVDA,d_credit,-0.027869697669005506
2025-05-19,NVDA,r_vix,-0.0416157593880002
2025-05-19,NVDA,GSPC,2.0289763161118173
2025-05-26,NVDA,d_rate,0.004404935336276716
2025-05-26,NVDA,d_credit,-0.00734374772101796
2025-05-26,NVDA,r_vix,-0.04289853086594601
2025-05-26,NVDA,GSPC,2.045526934353835
2025-06-02,NVDA,d_rate,0.011638009239368264
2025-06-02,NVDA,d_credit,-0.013169368881186501
2025-06-02,NVDA,r_vix,-0.045703382541741486
2025-06-02,NVDA,GSPC,1.9996821304926589
2025-06-09,NVDA,d_rate,0.020206538237685756
2025-06-09,NVDA,d_credit,-0.056272178886977414
2025-06-09,NVDA,r_vix,-0.05217638420475182
2025-06-09,NVDA,GSPC,1.868220143440244
2025-06-16,NVDA,d_rate,0.026097366589423045
2025-06-16,NVDA,d_credit,-0.03362427504494918
2025-06-16,NVDA,r_vix,-0.048690411206685894
2025-06-16,NVDA,GSPC,1.9208842899416614
2025-06-23,NVDA,d_rate,0.03335684578995349
2025-06-23,NVDA,d_credit,-0.007813397328636187
2025-06-23,NVDA,r_vix,-0.05689747068104245
2025-06-23,NVDA,GSPC,1.9142375870086001
2025-06-30,NVDA,d_rate,0.03204433625377394
2025-06-30,NVDA,d_credit,-0.007846827615841217
2025-06-30,NVDA,r_vix,-0.0592304180583619
2025-06-30,NVDA,GSPC,1.9001959347886335
2025-07-07,NVDA,d_rate,0.03551131117172801
2025-07-07,NVDA,d_credit,-0.030134455081172747
2025-07-07,NVDA,r_vix,-0.06585314602185396
2025-07-07,NVDA,GSPC,1.8218619499919229
2025-07-14,NVDA,d_rate,0.03436955501841015
2025-07-14,NVDA,d_credit,-0.05040616231325002
2025-07-14,NVDA,r_vix,-0.050229515023412975
2025-07-14,NVDA,GSPC,1.8683859120959465
2025-07-21,NVDA,d_rate,0.043492420608468994
2025-07-21,NVDA,d_credit,-0.007455048759435114
2025-07-21,NVDA,r_vix,-0.056971842876321975
2025-07-21,NVDA,GSPC,1.8594389977236363
2025-07-28,NVDA,d_rate,0.027988275774036394
2025-07-28,NVDA,d_credit,-0.03856617194605108
2025-07-28,NVDA,r_vix,-0.03786820779565422
2025-07-28,NVDA,GSPC,1.9046043759275104
2025-08-04,NVDA,d_rate,0.03529538802929141
2025-08-04,NVDA,d_credit,-0.04554285972819877
2025-08-04,NVDA,r_vix,-0.04804671151770171
2025-08-04,NVDA,GSPC,1.818569932353213
2025-08-11,NVDA,d_rate,0.05534375504791682
2025-08-11,NVDA,d_credit,0.04837322236703726
2025-08-11,NVDA,r_vix,-0.039155203051829277
2025-08-11,NVDA,GSPC,1.876588785514598
2025-08-18,NVDA,d_rate,0.05856581365509907
2025-08-18,NVDA,d_credit,0.037335674562406045
2025-08-18,NVDA,r_vix,-0.043538439216572224
2025-08-18,NVDA,GSPC,1.8288329651993231
2025-08-25,NVDA,d_rate,0.07563630356187562
2025-08-25,NVDA,d_credit,0.03426939687585525
2025-08-25,NVDA,r_vix,-0.06288812257913548
2025-08-25,NVDA,GSPC,1.69669013110841
2025-09-01,NVDA,d_rate,0.06787776295908489
2025-09-01,NVDA,d_credit,0.024721725040187686
2025-09-01,NVDA,r_vix,-0.047337860523460194
2025-09-01,NVDA,GSPC,1.7218111134890148
2025-09-08,NVDA,d_rate,0.05570667729588548
2025-09-08,NVDA,d_credit,-0.04870176595424358
2025-09-08,NVDA,r_vix,-0.025855460546205977
2025-09-08,NVDA,GSPC,1.693866029461948
2025-09-15,NVDA,d_rate,0.053617785657739676
2025-09-15,NVDA,d_credit,-0.07404184381101506
2025-09-15,NVDA,r_vix,-0.0275725346705933
2025-09-15,NVDA,GSPC,1.6628018773230322
2025-09-22,NVDA,d_rate,0.05537564439516442
2025-09-22,NVDA,d_credit,-0.07214612846587527
2025-09-22,NVDA,r_vix,-0.03449212633233367
2025-09-22,NVDA,GSPC,1.6192215355161983
2025-09-29,NVDA,d_rate,0.04669742202960043
2025-09-29,NVDA,d_credit,-0.06641606623786217
2025-09-29,NVDA,r_vix,-0.02166323961959835
2025-09-29,NVDA,GSPC,1.7151980419581245
2025-10-06,NVDA,d_rate,0.03934025991750558
2025-10-06,NVDA,d_credit,-0.05186422388437104
2025-10-06,NVDA,r_vix,-0.027016552782418723
2025-10-06,NVDA,GSPC,1.6660395234364722
2025-10-13,NVDA,d_rate,0.04247237920927122
2025-10-13,NVDA,d_credit,-0.045034227770239986
2025-10-13,NVDA,r_vix,-0.030868976324700252
2025-10-13,NVDA,GSPC,1.6355844923375498
2025-10-20,NVDA,d_rate,0.03378241226297874
2025-10-20,NVDA,d_credit,-0.02817605607869337
2025-10-20,NVDA,r_vix,-0.026319674133265646
2025-10-20,NVDA,GSPC,1.6903099660978624
2025-10-27,NVDA,d_rate,0.053324767866885524
2025-10-27,NVDA,d_credit,0.0036670181027882837
2025-10-27,NVDA,r_vix,-0.01872939022926429
2025-10-27,NVDA,GSPC,1.7613190444664495
2025-11-03,NVDA,d_rate,0.04805629592552571
2025-11-03,NVDA,d_credit,-0.02108643886195762
2025-11-03,NVDA,r_vix,-0.014115911633313808
2025-11-03,NVDA,GSPC,1.7857101662120614
2025-11-10,NVDA,d_rate,0.05140787035689323
2025-11-10,NVDA,d_credit,-0.016656596347311464
2025-11-10,NVDA,r_vix,-0.015636303284669233
2025-11-10,NVDA,GSPC,1.7736046303930824
2025-11-17,NVDA,d_rate,0.05394913933805322
2025-11-17,NVDA,d_credit,-0.003071516400227044
2025-11-17,NVDA,r_vix,-0.01685684346552567
2025-11-17,NVDA,GSPC,1.8133327310029195
2025-11-24,NVDA,d_rate,0.041261574819830824
2025-11-24,NVDA,d_credit,-0.017576124890776198
2025-11-24,NVDA,r_vix,0.009112376578715872
2025-11-24,NVDA,GSPC,1.8774853501671807
2025-12-01,NVDA,d_rate,0.04637599282109747
2025-12-01,NVDA,d_credit,-0.019723108270836308
2025-12-01,NVDA,r_vix,0.006340158200142772
2025-12-01,NVDA,GSPC,1.8507246975055334
2025-12-08,NVDA,d_rate,0.07783455599001157
2025-12-08,NVDA,d_credit,-0.003270606372144601
2025-12-08,NVDA,r_vix,0.00558943989369166
2025-12-08,NVDA,GSPC,1.83051128235845
2025-12-15,NVDA,d_rate,0.06967852517591246
2025-12-15,NVDA,d_credit,0.0016190473656389212
2025-12-15,NVDA,r_vix,-0.00825774335420178
2025-12-15,NVDA,GSPC,1.7840614272042012
2025-12-22,NVDA,d_rate,0.06986931324143279
2025-12-22,NVDA,d_credit,3.775817171829393e-4
2025-12-22,NVDA,r_vix,-0.010571572192034577
2025-12-22,NVDA,GSPC,1.7787014318976397
2025-12-29,NVDA,d_rate,0.06516734030836493
2025-12-29,NVDA,d_credit,-0.030028529716670745
2025-12-29,NVDA,r_vix,-0.004049052631151401
2025-12-29,NVDA,GSPC,1.793651865818489
2026-01-05,NVDA,d_rate,0.08842967345859398
2026-01-05,NVDA,d_credit,-0.01887565373172423
2026-01-05,NVDA,r_vix,-0.011349733676727926
2026-01-05,NVDA,GSPC,1.6894121834942408
2026-01-12,NVDA,d_rate,0.08019667786752976
2026-01-12,NVDA,d_credit,-0.006308576660757348
2026-01-12,NVDA,r_vix,-0.012966944412204657
2026-01-12,NVDA,GSPC,1.7292458023186268
2026-01-19,NVDA,d_rate,0.08007854000892382
2026-01-19,NVDA,d_credit,-0.011597245043632394
2026-01-19,NVDA,r_vix,-0.013074837001772149
2026-01-19,NVDA,GSPC,1.7182780044563906
2026-01-26,NVDA,d_rate,0.06675375676770931
2026-01-26,NVDA,d_credit,-0.028971989826186074
2026-01-26,NVDA,r_vix,0.0035241588403723823
2026-01-26,NVDA,GSPC,1.7387965000833705
2026-02-02,NVDA,d_rate,0.08793287121529116
2026-02-02,NVDA,d_credit,-0.010072908215719614
2026-02-02,NVDA,r_vix,0.0031756678775653013
2026-02-02,NVDA,GSPC,1.7560133594657572
2026-02-09,NVDA,d_rate,0.0794659120944449
2026-02-09,NVDA,d_credit,-0.02074536021408722
2026-02-09,NVDA,r_vix,0.011899445984137792
2026-02-09,NVDA,GSPC,1.7711468770132823
2026-02-16,NVDA,d_rate,0.08012809693025412
2026-02-16,NVDA,d_credit,-0.024257558765254972
2026-02-16,NVDA,r_vix,0.012055553447662803
2026-02-16,NVDA,GSPC,1.7675048765683607
2026-02-23,NVDA,d_rate,0.06819465604719849
2026-02-23,NVDA,d_credit,-0.0674651746991769
2026-02-23,NVDA,r_vix,0.01722842388553054
2026-02-23,NVDA,GSPC,1.7425072769085663
2026-03-02,NVDA,d_rate,0.09408205055787393
2026-03-02,NVDA,d_credit,-0.06591369581677184
2026-03-02,NVDA,r_vix,0.015475700130619678
2026-03-02,NVDA,GSPC,1.617841693623827
2026-03-09,NVDA,d_rate,0.09255098621837342
2026-03-09,NVDA,d_credit,-0.04952268822977785
2026-03-09,NVDA,r_vix,0.05841245288719902
2026-03-09,NVDA,GSPC,1.9910910277241096
2026-03-16,NVDA,d_rate,0.08652266331972912
2026-03-16,NVDA,d_credit,-0.029731617599016616
2026-03-16,NVDA,r_vix,0.056880005646495084
2026-03-16,NVDA,GSPC,2.033550292329346
2026-03-23,NVDA,d_rate,0.09388369150458226
2026-03-23,NVDA,d_credit,-0.009665360143409187
2026-03-23,NVDA,r_vix,0.05631152209967796
2026-03-23,NVDA,GSPC,2.0204791460176796
2026-03-30,NVDA,d_rate,0.11383148681636915
2026-03-30,NVDA,d_credit,-0.03164971367619819
2026-03-30,NVDA,r_vix,0.06954818641588914
2026-03-30,NVDA,GSPC,2.27821383450505
2026-04-06,NVDA,d_rate,0.09403008393784547
2026-04-06,NVDA,d_credit,-0.05115746720318836
2026-04-06,NVDA,r_vix,0.05960878316864317
2026-04-06,NVDA,GSPC,2.1496656091906776
2026-04-13,NVDA,d_rate,0.08536088009980972
2026-04-13,NVDA,d_credit,-0.07107506525476058
2026-04-13,NVDA,r_vix,0.03967985490158281
2026-04-13,NVDA,GSPC,1.880579114483405
2026-04-20,NVDA,d_rate,0.11126738076218695
2026-04-20,NVDA,d_credit,-0.04973801099938905
2026-04-20,NVDA,r_vix,0.05178348764743388
2026-04-20,NVDA,GSPC,1.92277490545864
2026-04-27,NVDA,d_rate,0.10287778072619674
2026-04-27,NVDA,d_credit,-0.03559473570279661
2026-04-27,NVDA,r_vix,0.06215867496320773
2026-04-27,NVDA,GSPC,2.018742861134199
2026-05-04,NVDA,d_rate,0.10137292862436033
2026-05-04,NVDA,d_credit,-0.04096968264450711
2026-05-04,NVDA,r_vix,0.07483726680300559
2026-05-04,NVDA,GSPC,2.143162239355953
2026-05-11,NVDA,d_rate,0.09491656684878814
2026-05-11,NVDA,d_credit,-0.044755555742536826
2026-05-11,NVDA,r_vix,0.06862214714320705
2026-05-11,NVDA,GSPC,1.9354042255954524
2026-05-18,NVDA,d_rate,0.1123524560378298
2026-05-18,NVDA,d_credit,-0.0023984628258110993
2026-05-18,NVDA,r_vix,0.07642813602745255
2026-05-18,NVDA,GSPC,2.0234297634716127
2026-05-25,NVDA,d_rate,0.13090382287649868
2026-05-25,NVDA,d_credit,0.014844692301881545
2026-05-25,NVDA,r_vix,0.08231666975885928
2026-05-25,NVDA,GSPC,2.0566140346341153
2026-06-01,NVDA,d_rate,0.1307720208508665
2026-06-01,NVDA,d_credit,0.043989025400699724
2026-06-01,NVDA,r_vix,0.07967709147619677
2026-06-01,NVDA,GSPC,2.078102443642
2026-06-08,NVDA,d_rate,0.13039643845593232
2026-06-08,NVDA,d_credit,0.046118195521219714
2026-06-08,NVDA,r_vix,0.07353561837336493
2026-06-08,NVDA,GSPC,2.0434045161801313
2026-06-15,NVDA,d_rate,0.13366562166342563
2026-06-15,NVDA,d_credit,0.04829257232582011
2026-06-15,NVDA,r_vix,0.07523652940212826
2026-06-15,NVDA,GSPC,2.0734893170648068
2026-06-22,NVDA,d_rate,0.15236227597018032
2026-06-22,NVDA,d_credit,0.021908507938418538
2026-06-22,NVDA,r_vix,0.08466816054300046
2026-06-22,NVDA,GSPC,2.0812999460929023
2026-06-29,NVDA,d_rate,0.15536899977120572
2026-06-29,NVDA,d_credit,0.029379248658277186
2026-06-29,NVDA,r_vix,0.09439770557836816
2026-06-29,NVDA,GSPC,2.1763652402468496
2026-07-06,NVDA,d_rate,0.17201639338866578
2026-07-06,NVDA,d_credit,0.08781533475261138
2026-07-06,NVDA,r_vix,0.10304128058937216
2026-07-06,NVDA,GSPC,2.335773286260828
2026-07-13,NVDA,d_rate,0.1710680314258836
2026-07-13,NVDA,d_credit,0.08160554355806693
2026-07-13,NVDA,r_vix,0.09846037408620131
2026-07-13,NVDA,GSPC,2.3190332103158546
2026-07-20,NVDA,d_rate,0.17652462164508353
2026-07-20,NVDA,d_credit,0.08423196031626251
2026-07-20,NVDA,r_vix,0.09623285869355895
2026-07-20,NVDA,GSPC,2.3013127243388585
2026-07-27,NVDA,d_rate,0.19277070338534236
2026-07-27,NVDA,d_credit,0.038083981817418865
2026-07-27,NVDA,r_vix,0.09006069938513037
2026-07-27,NVDA,GSPC,2.323421437411226
2026-08-03,NVDA,d_rate,0.18115828589848235
2026-08-03,NVDA,d_credit,0.05666065647537584
2026-08-03,NVDA,r_vix,0.11217885686696162
2026-08-03,NVDA,GSPC,2.564472850490018
2026-08-10,NVDA,d_rate,0.18419087198709833
2026-08-10,NVDA,d_credit,0.0381411564586451
2026-08-10,NVDA,r_vix,0.11407329517262886
2026-08-10,NVDA,GSPC,2.5813477067251758
2026-08-17,NVDA,d_rate,0.18653551271154947
2026-08-17,NVDA,d_credit,0.05440984632596187
2026-08-17,NVDA,r_vix,0.11688824102434663
2026-08-17,NVDA,GSPC,2.6362023971358135
2022-01-03,UNH,d_rate,-0.07215267079089412
2022-01-03,UNH,d_credit,-0.0013703719571349963
2022-01-03,UNH,r_vix,-0.047596933299744126
2022-01-03,UNH,GSPC,0.2678080653226379
2022-01-10,UNH,d_rate,-0.08145915416472226
2022-01-10,UNH,d_credit,-0.014918931604266907
2022-01-10,UNH,r_vix,-0.05711463680643426
2022-01-10,UNH,GSPC,0.13252325054845404
2022-01-17,UNH,d_rate,-0.08439658325983532
2022-01-17,UNH,d_credit,-0.00775774649390993
2022-01-17,UNH,r_vix,-0.059078030858519134
2022-01-17,UNH,GSPC,0.11810494757202812
2022-01-24,UNH,d_rate,-0.07875393192295492
2022-01-24,UNH,d_credit,7.76752152956398e-4
2022-01-24,UNH,r_vix,-0.05115018777518262
2022-01-24,UNH,GSPC,0.1410360433160788
2022-01-31,UNH,d_rate,-0.05955608181359451
2022-01-31,UNH,d_credit,0.024715139214531768
2022-01-31,UNH,r_vix,-0.06072997088366238
2022-01-31,UNH,GSPC,0.25431739168447287
2022-02-07,UNH,d_rate,-0.05935922848074979
2022-02-07,UNH,d_credit,0.020347934038138293
2022-02-07,UNH,r_vix,-0.06009709611850565
2022-02-07,UNH,GSPC,0.2691948576385537
2022-02-14,UNH,d_rate,-0.05373336198970968
2022-02-14,UNH,d_credit,-0.005744227213125525
2022-02-14,UNH,r_vix,-0.04775159662687721
2022-02-14,UNH,GSPC,0.3839724443963332
2022-02-21,UNH,d_rate,-0.07101476825866701
2022-02-21,UNH,d_credit,0.007239906468022603
2022-02-21,UNH,r_vix,-0.05746218952308374
2022-02-21,UNH,GSPC,0.40645380620074667
2022-02-28,UNH,d_rate,-0.10744813816603188
2022-02-28,UNH,d_credit,0.017563625060890205
2022-02-28,UNH,r_vix,-0.06410600960577376
2022-02-28,UNH,GSPC,0.33401031937255027
2022-03-07,UNH,d_rate,-0.1117494274555011
2022-03-07,UNH,d_credit,0.010510702359274477
2022-03-07,UNH,r_vix,-0.06520061152979463
2022-03-07,UNH,GSPC,0.30930908927345224
2022-03-14,UNH,d_rate,-0.10445883678341114
2022-03-14,UNH,d_credit,0.024128445557269163
2022-03-14,UNH,r_vix,-0.05034046840741602
2022-03-14,UNH,GSPC,0.512988035632058
2022-03-21,UNH,d_rate,-0.09121739922184202
2022-03-21,UNH,d_credit,0.007675455532654656
2022-03-21,UNH,r_vix,-0.04617647911737327
2022-03-21,UNH,GSPC,0.5276031778852799
2022-03-28,UNH,d_rate,-0.07423918051094942
2022-03-28,UNH,d_credit,0.03243838620600979
2022-03-28,UNH,r_vix,-0.03069403706359077
2022-03-28,UNH,GSPC,0.6715329255479721
2022-04-04,UNH,d_rate,-0.019680684170129036
2022-04-04,UNH,d_credit,0.04023988682019469
2022-04-04,UNH,r_vix,-0.00849799916436298
2022-04-04,UNH,GSPC,0.7279191358554973
2022-04-11,UNH,d_rate,-0.013590495055584597
2022-04-11,UNH,d_credit,0.04209791882397507
2022-04-11,UNH,r_vix,-0.003982412010594332
2022-04-11,UNH,GSPC,0.7566067312086062
2022-04-18,UNH,d_rate,-0.021387859010265416
2022-04-18,UNH,d_credit,0.027534162923179385
2022-04-18,UNH,r_vix,-0.011038028228423433
2022-04-18,UNH,GSPC,0.7158798278805426
2022-04-25,UNH,d_rate,-0.02008586432172273
2022-04-25,UNH,d_credit,0.025554522116399015
2022-04-25,UNH,r_vix,-0.008762948535169658
2022-04-25,UNH,GSPC,0.7386549790051888
2022-05-02,UNH,d_rate,-0.02052500668453841
2022-05-02,UNH,d_credit,0.017993949981179556
2022-05-02,UNH,r_vix,-0.0020919395831104533
2022-05-02,UNH,GSPC,0.7545276034888414
2022-05-09,UNH,d_rate,-0.01055497884814586
2022-05-09,UNH,d_credit,0.014033974060529985
2022-05-09,UNH,r_vix,0.010052257635579556
2022-05-09,UNH,GSPC,0.8345614648200387
2022-05-16,UNH,d_rate,-0.01584861026998377
2022-05-16,UNH,d_credit,0.01677913062612814
2022-05-16,UNH,r_vix,0.0028545894955606436
2022-05-16,UNH,GSPC,0.7745940304259713
2022-05-23,UNH,d_rate,-0.018224475765162142
2022-05-23,UNH,d_credit,0.014466935168745802
2022-05-23,UNH,r_vix,-0.0037673036492610608
2022-05-23,UNH,GSPC,0.7185057391813998
2022-05-30,UNH,d_rate,-0.02366075930107662
2022-05-30,UNH,d_credit,0.036446863369503035
2022-05-30,UNH,r_vix,2.1397656291057647e-4
2022-05-30,UNH,GSPC,0.7999223424094879
2022-06-06,UNH,d_rate,-0.027539702443294584
2022-06-06,UNH,d_credit,0.015990016124876803
2022-06-06,UNH,r_vix,-0.011745186029272613
2022-06-06,UNH,GSPC,0.644860402299892
2022-06-13,UNH,d_rate,-0.029275264802141956
2022-06-13,UNH,d_credit,0.008839407142355626
2022-06-13,UNH,r_vix,-0.0025041807037209135
2022-06-13,UNH,GSPC,0.7305344332254694
2022-06-20,UNH,d_rate,-0.030057534317766716
2022-06-20,UNH,d_credit,0.02268279761922565
2022-06-20,UNH,r_vix,0.0062809452570616485
2022-06-20,UNH,GSPC,0.8381919676639559
2022-06-27,UNH,d_rate,-0.048003168609988885
2022-06-27,UNH,d_credit,0.03212518541093865
2022-06-27,UNH,r_vix,-0.008380650531258155
2022-06-27,UNH,GSPC,0.7704530902407252
2022-07-04,UNH,d_rate,-0.049900250420524456
2022-07-04,UNH,d_credit,0.03370079989070257
2022-07-04,UNH,r_vix,-0.008126504161744848
2022-07-04,UNH,GSPC,0.77087449520239
2022-07-11,UNH,d_rate,-0.0529575222866114
2022-07-11,UNH,d_credit,0.03068709938298835
2022-07-11,UNH,r_vix,-0.01215999273835878
2022-07-11,UNH,GSPC,0.7514341393807348
2022-07-18,UNH,d_rate,-0.040921945753932376
2022-07-18,UNH,d_credit,0.04135757205236788
2022-07-18,UNH,r_vix,-0.012676016958448427
2022-07-18,UNH,GSPC,0.7411513192164388
2022-07-25,UNH,d_rate,-0.0429637113008504
2022-07-25,UNH,d_credit,0.03748340718167068
2022-07-25,UNH,r_vix,-0.012561568317740666
2022-07-25,UNH,GSPC,0.7273836659251135
2022-08-01,UNH,d_rate,-0.04447301414914631
2022-08-01,UNH,d_credit,0.03960774893021437
2022-08-01,UNH,r_vix,-0.014123396586968682
2022-08-01,UNH,GSPC,0.7232007365017958
2022-08-08,UNH,d_rate,-0.04540754891811017
2022-08-08,UNH,d_credit,0.0427305246563418
2022-08-08,UNH,r_vix,-0.01658890599973139
2022-08-08,UNH,GSPC,0.7108473366274587
2022-08-15,UNH,d_rate,-0.04001914401765224
2022-08-15,UNH,d_credit,0.052784625506113576
2022-08-15,UNH,r_vix,-0.027876595138096205
2022-08-15,UNH,GSPC,0.6809008772847883
2022-08-22,UNH,d_rate,-0.04093122879145104
2022-08-22,UNH,d_credit,0.05031239717277744
2022-08-22,UNH,r_vix,-0.032665480515207
2022-08-22,UNH,GSPC,0.6802133749243301
2022-08-29,UNH,d_rate,-0.04165749628924261
2022-08-29,UNH,d_credit,0.04930185881775821
2022-08-29,UNH,r_vix,-0.03169838468027414
2022-08-29,UNH,GSPC,0.6868579211030199
2022-09-05,UNH,d_rate,-0.04356320091187343
2022-09-05,UNH,d_credit,0.04121548540081805
2022-09-05,UNH,r_vix,-0.023273664557116765
2022-09-05,UNH,GSPC,0.6897602832790252
2022-09-12,UNH,d_rate,-0.039380290615048885
2022-09-12,UNH,d_credit,0.045154880828876
2022-09-12,UNH,r_vix,-0.022221460955139886
2022-09-12,UNH,GSPC,0.6708723655287336
2022-09-19,UNH,d_rate,-0.037151169587515624
2022-09-19,UNH,d_credit,0.03572170565317343
2022-09-19,UNH,r_vix,-0.03147290382261849
2022-09-19,UNH,GSPC,0.6124653958936671
2022-09-26,UNH,d_rate,-0.03821527268958114
2022-09-26,UNH,d_credit,0.033847932321661285
2022-09-26,UNH,r_vix,-0.026486822496817997
2022-09-26,UNH,GSPC,0.6198740408872107
2022-10-03,UNH,d_rate,-0.04068267845833069
2022-10-03,UNH,d_credit,0.03412893193911277
2022-10-03,UNH,r_vix,-0.02416604191696256
2022-10-03,UNH,GSPC,0.6140700814141228
2022-10-10,UNH,d_rate,-0.03281709307679392
2022-10-10,UNH,d_credit,0.04934233858195225
2022-10-10,UNH,r_vix,-0.02021125191762318
2022-10-10,UNH,GSPC,0.6288722359709519
2022-10-17,UNH,d_rate,-0.031627411505857836
2022-10-17,UNH,d_credit,0.05449311548972053
2022-10-17,UNH,r_vix,-0.01977894152688152
2022-10-17,UNH,GSPC,0.6251283611528431
2022-10-24,UNH,d_rate,-0.028829647580121097
2022-10-24,UNH,d_credit,0.05778236862095766
2022-10-24,UNH,r_vix,-0.02069759055530498
2022-10-24,UNH,GSPC,0.6193677829888835
2022-10-31,UNH,d_rate,-0.032334696543184806
2022-10-31,UNH,d_credit,0.05911969427392619
2022-10-31,UNH,r_vix,-0.01679030371002106
2022-10-31,UNH,GSPC,0.6490839964303432
2022-11-07,UNH,d_rate,-0.03538909520411951
2022-11-07,UNH,d_credit,0.05439594457386043
2022-11-07,UNH,r_vix,-0.02966900039893247
2022-11-07,UNH,GSPC,0.5160245121408433
2022-11-14,UNH,d_rate,-0.040223010150341694
2022-11-14,UNH,d_credit,0.052472813562734616
2022-11-14,UNH,r_vix,-0.02146567348790681
2022-11-14,UNH,GSPC,0.5444507962460892
2022-11-21,UNH,d_rate,-0.039187147485840075
2022-11-21,UNH,d_credit,0.053505387495638886
2022-11-21,UNH,r_vix,-0.02725202685282352
2022-11-21,UNH,GSPC,0.5286534964251214
2022-11-28,UNH,d_rate,-0.031542603469711966
2022-11-28,UNH,d_credit,0.05998396329148494
2022-11-28,UNH,r_vix,-0.027215875591641264
2022-11-28,UNH,GSPC,0.5379148704182234
2022-12-05,UNH,d_rate,-0.03615487294602109
2022-12-05,UNH,d_credit,0.03711137209122623
2022-12-05,UNH,r_vix,0.0066667662727797694
2022-12-05,UNH,GSPC,0.5773963256101562
2022-12-12,UNH,d_rate,-0.03128206346819
2022-12-12,UNH,d_credit,0.0337978120518035
2022-12-12,UNH,r_vix,0.008073534466065298
2022-12-12,UNH,GSPC,0.5982279105991465
2022-12-19,UNH,d_rate,-0.027415969093323122
2022-12-19,UNH,d_credit,0.037133872075361785
2022-12-19,UNH,r_vix,0.004840033396566029
2022-12-19,UNH,GSPC,0.5953625467958756
2022-12-26,UNH,d_rate,-0.027989544886490424
2022-12-26,UNH,d_credit,0.0362223775435318
2022-12-26,UNH,r_vix,0.009050113777303496
2022-12-26,UNH,GSPC,0.6044913508785239
2023-01-02,UNH,d_rate,0.005589112714864857
2023-01-02,UNH,d_credit,0.011869575762875353
2023-01-02,UNH,r_vix,0.0239249978141573
2023-01-02,UNH,GSPC,0.5991228997252919
2023-01-09,UNH,d_rate,0.007246225896596499
2023-01-09,UNH,d_credit,0.01580423582146919
2023-01-09,UNH,r_vix,0.024621392660428128
2023-01-09,UNH,GSPC,0.5973248918233715
2023-01-16,UNH,d_rate,0.007871067593400397
2023-01-16,UNH,d_credit,0.016932796706628818
2023-01-16,UNH,r_vix,0.016931024694557793
2023-01-16,UNH,GSPC,0.5855324489480846
2023-01-23,UNH,d_rate,0.007861927808837082
2023-01-23,UNH,d_credit,0.019294439132272412
2023-01-23,UNH,r_vix,0.01607668292958364
2023-01-23,UNH,GSPC,0.5767224391735406
2023-01-30,UNH,d_rate,0.005103739591671822
2023-01-30,UNH,d_credit,0.018131263836853383
2023-01-30,UNH,r_vix,0.02326186921751569
2023-01-30,UNH,GSPC,0.568611473118221
2023-02-06,UNH,d_rate,0.011508118849374263
2023-02-06,UNH,d_credit,0.020929086970291774
2023-02-06,UNH,r_vix,0.04447191378209719
2023-02-06,UNH,GSPC,0.6202544525413832
2023-02-13,UNH,d_rate,0.012234618848908458
2023-02-13,UNH,d_credit,0.027911714779309194
2023-02-13,UNH,r_vix,0.04061279445344268
2023-02-13,UNH,GSPC,0.6113583032155759
2023-02-20,UNH,d_rate,0.011172189423687992
2023-02-20,UNH,d_credit,0.02827239179836807
2023-02-20,UNH,r_vix,0.03815240828242914
2023-02-20,UNH,GSPC,0.6124714957631697
2023-02-27,UNH,d_rate,0.02178744292845643
2023-02-27,UNH,d_credit,0.024637659408956333
2023-02-27,UNH,r_vix,0.019529585675882664
2023-02-27,UNH,GSPC,0.5777604793662365
2023-03-06,UNH,d_rate,0.028156634029383485
2023-03-06,UNH,d_credit,0.028543671498662992
2023-03-06,UNH,r_vix,0.0028752782619152527
2023-03-06,UNH,GSPC,0.5404781429806325
2023-03-13,UNH,d_rate,0.024197293487361913
2023-03-13,UNH,d_credit,0.03687665974988836
2023-03-13,UNH,r_vix,0.010045009512381702
2023-03-13,UNH,GSPC,0.5444198412151642
2023-03-20,UNH,d_rate,0.023450183138658022
2023-03-20,UNH,d_credit,0.03964103820503599
2023-03-20,UNH,r_vix,0.007747989415953035
2023-03-20,UNH,GSPC,0.5392663322228761
2023-03-27,UNH,d_rate,0.02394507065123965
2023-03-27,UNH,d_credit,0.048134827196594794
2023-03-27,UNH,r_vix,0.01139610052609513
2023-03-27,UNH,GSPC,0.5392643904754251
2023-04-03,UNH,d_rate,0.0018782140814743574
2023-04-03,UNH,d_credit,0.041818865929780076
2023-04-03,UNH,r_vix,7.785202368501993e-5
2023-04-03,UNH,GSPC,0.49753099538774975
2023-04-10,UNH,d_rate,0.0012019512304756322
2023-04-10,UNH,d_credit,0.04163918431231763
2023-04-10,UNH,r_vix,-0.0010598131173773814
2023-04-10,UNH,GSPC,0.48904142972354353
2023-04-17,UNH,d_rate,0.0057483760794722
2023-04-17,UNH,d_credit,0.053068718961724
2023-04-17,UNH,r_vix,0.0220728062754345
2023-04-17,UNH,GSPC,0.5494688659158208
2023-04-24,UNH,d_rate,0.004726538130759829
2023-04-24,UNH,d_credit,0.056216918042905864
2023-04-24,UNH,r_vix,0.02635821380653814
2023-04-24,UNH,GSPC,0.5537340961235591
2023-05-01,UNH,d_rate,0.008936048859137635
2023-05-01,UNH,d_credit,0.06195844433021475
2023-05-01,UNH,r_vix,0.017980474492702736
2023-05-01,UNH,GSPC,0.5388523904219651
2023-05-08,UNH,d_rate,0.005510684948083675
2023-05-08,UNH,d_credit,0.07000888023369968
2023-05-08,UNH,r_vix,0.003162361991552962
2023-05-08,UNH,GSPC,0.48863454827673614
2023-05-15,UNH,d_rate,-0.0010011843872652234
2023-05-15,UNH,d_credit,0.06556260271907528
2023-05-15,UNH,r_vix,-0.0019936810196893064
2023-05-15,UNH,GSPC,0.46037497373894154
2023-05-22,UNH,d_rate,7.548510806171095e-5
2023-05-22,UNH,d_credit,0.06869554936596507
2023-05-22,UNH,r_vix,-0.0028789942613589377
2023-05-22,UNH,GSPC,0.43043959813037636
2023-05-29,UNH,d_rate,-8.060227057682634e-4
2023-05-29,UNH,d_credit,0.05893239765446672
2023-05-29,UNH,r_vix,-0.028436261023751373
2023-05-29,UNH,GSPC,0.3589263866487998
2023-06-05,UNH,d_rate,-0.0025639653765688677
2023-06-05,UNH,d_credit,0.0644099362857291
2023-06-05,UNH,r_vix,-0.02523168940277958
2023-06-05,UNH,GSPC,0.3986135398899241
2023-06-12,UNH,d_rate,0.0024535284954175134
2023-06-12,UNH,d_credit,0.09901941528910216
2023-06-12,UNH,r_vix,-0.06057158123419443
2023-06-12,UNH,GSPC,0.19346221252876172
2023-06-19,UNH,d_rate,-2.7042100023521535e-4
2023-06-19,UNH,d_credit,0.0718345131444588
2023-06-19,UNH,r_vix,-0.0814249673843181
2023-06-19,UNH,GSPC,-0.023425680498597463
2023-06-26,UNH,d_rate,0.006184852444986305
2023-06-26,UNH,d_credit,0.05112752029361573
2023-06-26,UNH,r_vix,-0.059399437881615176
2023-06-26,UNH,GSPC,0.0688807982424062
2023-07-03,UNH,d_rate,3.3241135955841637e-4
2023-07-03,UNH,d_credit,0.05675335915130168
2023-07-03,UNH,r_vix,-0.06860155101196394
2023-07-03,UNH,GSPC,0.04946667390841327
2023-07-10,UNH,d_rate,-1.6079548400242463e-4
2023-07-10,UNH,d_credit,0.06503181507630759
2023-07-10,UNH,r_vix,-0.06983610022621982
2023-07-10,UNH,GSPC,0.07585928566506635
2023-07-17,UNH,d_rate,-0.003823193332719536
2023-07-17,UNH,d_credit,0.059286029362864825
2023-07-17,UNH,r_vix,-0.056001615359203415
2023-07-17,UNH,GSPC,0.13034002089539717
2023-07-24,UNH,d_rate,-0.004054184456103598
2023-07-24,UNH,d_credit,0.050156009540070594
2023-07-24,UNH,r_vix,-0.06142300652776343
2023-07-24,UNH,GSPC,0.07532900179990681
2023-07-31,UNH,d_rate,-0.0020221356533992995
2023-07-31,UNH,d_credit,0.0524413941257373
2023-07-31,UNH,r_vix,-0.05235593995919643
2023-07-31,UNH,GSPC,0.09834960066534829
2023-08-07,UNH,d_rate,-0.0018719601516838887
2023-08-07,UNH,d_credit,0.052467397251798435
2023-08-07,UNH,r_vix,-0.05659144184946428
2023-08-07,UNH,GSPC,0.07356161571537823
2023-08-14,UNH,d_rate,-0.003656910068642577
2023-08-14,UNH,d_credit,0.05260445942811788
2023-08-14,UNH,r_vix,-0.060224819429739146
2023-08-14,UNH,GSPC,0.07190774254948028
2023-08-21,UNH,d_rate,-0.003212818246987893
2023-08-21,UNH,d_credit,0.053545280106556306
2023-08-21,UNH,r_vix,-0.051235895211588535
2023-08-21,UNH,GSPC,0.07582871455586239
2023-08-28,UNH,d_rate,9.978032513852092e-5
2023-08-28,UNH,d_credit,0.045830718083111795
2023-08-28,UNH,r_vix,-0.045261968444209946
2023-08-28,UNH,GSPC,0.03448670519106492
2023-09-04,UNH,d_rate,-0.0019985188432238947
2023-09-04,UNH,d_credit,0.043011241183027314
2023-09-04,UNH,r_vix,-0.04428841808755049
2023-09-04,UNH,GSPC,0.003660194508038145
2023-09-11,UNH,d_rate,-0.0013487481067364455
2023-09-11,UNH,d_credit,0.043670278080528625
2023-09-11,UNH,r_vix,-0.04453873141450227
2023-09-11,UNH,GSPC,0.007195391606845102
2023-09-18,UNH,d_rate,-7.785398229626513e-4
2023-09-18,UNH,d_credit,0.026105440686162534
2023-09-18,UNH,r_vix,-0.021348431184944727
2023-09-18,UNH,GSPC,-0.0022059353143209395
2023-09-25,UNH,d_rate,0.002436171895930379
2023-09-25,UNH,d_credit,0.038238013935242184
2023-09-25,UNH,r_vix,-0.027524214894013434
2023-09-25,UNH,GSPC,-0.03984002574772597
2023-10-02,UNH,d_rate,0.010500331230399009
2023-10-02,UNH,d_credit,0.05271266362894096
2023-10-02,UNH,r_vix,-0.029569200221223342
2023-10-02,UNH,GSPC,-0.028342643954290807
2023-10-09,UNH,d_rate,0.0031384419926320187
2023-10-09,UNH,d_credit,0.039999862714905535
2023-10-09,UNH,r_vix,-0.013068840098907632
2023-10-09,UNH,GSPC,0.0281393351939384
2023-10-16,UNH,d_rate,-0.01602030454488418
2023-10-16,UNH,d_credit,0.007196408148447486
2023-10-16,UNH,r_vix,-0.022341819100189442
2023-10-16,UNH,GSPC,-0.10596528844315845
2023-10-23,UNH,d_rate,-0.009072828497122886
2023-10-23,UNH,d_credit,0.014393392119225887
2023-10-23,UNH,r_vix,-0.020327203055985676
2023-10-23,UNH,GSPC,-0.12662662021523435
2023-10-30,UNH,d_rate,-0.009257152359438092
2023-10-30,UNH,d_credit,0.006608568225332507
2023-10-30,UNH,r_vix,-0.0428701478681461
2023-10-30,UNH,GSPC,-0.2546905240751122
2023-11-06,UNH,d_rate,-0.006280469912779838
2023-11-06,UNH,d_credit,0.010451460253606474
2023-11-06,UNH,r_vix,-0.026037099986730237
2023-11-06,UNH,GSPC,-0.09175111719462428
2023-11-13,UNH,d_rate,0.0023302031522271067
2023-11-13,UNH,d_credit,0.023422550063881446
2023-11-13,UNH,r_vix,-0.029679046228630764
2023-11-13,UNH,GSPC,-0.07941111782637886
2023-11-20,UNH,d_rate,0.0051052989223530475
2023-11-20,UNH,d_credit,0.025420330205164585
2023-11-20,UNH,r_vix,-0.03135424990394164
2023-11-20,UNH,GSPC,-0.08106991369202685
2023-11-27,UNH,d_rate,0.003402359841325669
2023-11-27,UNH,d_credit,0.023796503613290228
2023-11-27,UNH,r_vix,-0.030325524773962526
2023-11-27,UNH,GSPC,-0.0799210626122951
2023-12-04,UNH,d_rate,0.005683864288654385
2023-12-04,UNH,d_credit,0.03270061605523786
2023-12-04,UNH,r_vix,-0.031669053506985685
2023-12-04,UNH,GSPC,-0.04695009630350881
2023-12-11,UNH,d_rate,0.009861432596563895
2023-12-11,UNH,d_credit,0.04964666362387177
2023-12-11,UNH,r_vix,-0.061312444515780044
2023-12-11,UNH,GSPC,-0.23911946046377308
2023-12-18,UNH,d_rate,0.005929330339607099
2023-12-18,UNH,d_credit,0.037037383710398386
2023-12-18,UNH,r_vix,-0.0654120053482938
2023-12-18,UNH,GSPC,-0.2888434879965534
2023-12-25,UNH,d_rate,0.00530600883169563
2023-12-25,UNH,d_credit,0.03496190603364149
2023-12-25,UNH,r_vix,-0.06680153318228385
2023-12-25,UNH,GSPC,-0.3009846103235027
2024-01-01,UNH,d_rate,-0.01190293576655019
2024-01-01,UNH,d_credit,0.06050878031860376
2024-01-01,UNH,r_vix,-0.061595894085373096
2024-01-01,UNH,GSPC,-0.2536413598626436
2024-01-08,UNH,d_rate,-0.009907274881398264
2024-01-08,UNH,d_credit,0.06042008091282617
2024-01-08,UNH,r_vix,-0.06496649176210895
2024-01-08,UNH,GSPC,-0.2924268824096352
2024-01-15,UNH,d_rate,-0.015704194363226797
2024-01-15,UNH,d_credit,0.06083816006469035
2024-01-15,UNH,r_vix,-0.07367060977489594
2024-01-15,UNH,GSPC,-0.3637051385130707
2024-01-22,UNH,d_rate,-0.015811063969271753
2024-01-22,UNH,d_credit,0.06317822242622201
2024-01-22,UNH,r_vix,-0.07472132271597473
2024-01-22,UNH,GSPC,-0.3736049448844209
2024-01-29,UNH,d_rate,-0.01739736093504854
2024-01-29,UNH,d_credit,0.05869644946153436
2024-01-29,UNH,r_vix,-0.06292285598171476
2024-01-29,UNH,GSPC,-0.29980979987502127
2024-02-05,UNH,d_rate,-0.025207261074275737
2024-02-05,UNH,d_credit,0.052035785588266804
2024-02-05,UNH,r_vix,-0.07366038521844545
2024-02-05,UNH,GSPC,-0.3255423343876603
2024-02-12,UNH,d_rate,-0.02496638837472593
2024-02-12,UNH,d_credit,0.04546821412751676
2024-02-12,UNH,r_vix,-0.068014543568381
2024-02-12,UNH,GSPC,-0.311367644316377
2024-02-19,UNH,d_rate,-0.02612309681647342
2024-02-19,UNH,d_credit,0.03411981421674137
2024-02-19,UNH,r_vix,-0.07370330118771203
2024-02-19,UNH,GSPC,-0.408434771004493
2024-02-26,UNH,d_rate,-0.029130547270456567
2024-02-26,UNH,d_credit,-0.010735588467272085
2024-02-26,UNH,r_vix,-0.07009575070844663
2024-02-26,UNH,GSPC,-0.46212434880397013
2024-03-04,UNH,d_rate,-0.0500822193015146
2024-03-04,UNH,d_credit,0.0034980814851582297
2024-03-04,UNH,r_vix,-0.06808882801727212
2024-03-04,UNH,GSPC,-0.6845345797030356
2024-03-11,UNH,d_rate,-0.04167378759108735
2024-03-11,UNH,d_credit,-0.024868182853379838
2024-03-11,UNH,r_vix,-0.07725032846926416
2024-03-11,UNH,GSPC,-0.7429219982136942
2024-03-18,UNH,d_rate,-0.04222282100870972
2024-03-18,UNH,d_credit,-0.02765559345073824
2024-03-18,UNH,r_vix,-0.07370134672193773
2024-03-18,UNH,GSPC,-0.7349398332819511
2024-03-25,UNH,d_rate,-0.04311302772831041
2024-03-25,UNH,d_credit,-0.025443473536448817
2024-03-25,UNH,r_vix,-0.07353432235908795
2024-03-25,UNH,GSPC,-0.7446245895333382
2024-04-01,UNH,d_rate,-0.03456853640692942
2024-04-01,UNH,d_credit,-0.006532433107759948
2024-04-01,UNH,r_vix,-0.10690323915563896
2024-04-01,UNH,GSPC,-0.7454164157422433
2024-04-08,UNH,d_rate,-0.03278641543101958
2024-04-08,UNH,d_credit,0.0032893399491197538
2024-04-08,UNH,r_vix,-0.10549543887797913
2024-04-08,UNH,GSPC,-0.6679645103216579
2024-04-15,UNH,d_rate,-0.039002443417402485
2024-04-15,UNH,d_credit,0.0028069562361903123
2024-04-15,UNH,r_vix,-0.15185754965899917
2024-04-15,UNH,GSPC,-1.2144730128520307
2024-04-22,UNH,d_rate,-0.041567814824456685
2024-04-22,UNH,d_credit,-0.0026032688606897098
2024-04-22,UNH,r_vix,-0.14364483424594146
2024-04-22,UNH,GSPC,-1.2170709709967245
2024-04-29,UNH,d_rate,-0.035572435266707544
2024-04-29,UNH,d_credit,-0.011111044963559026
2024-04-29,UNH,r_vix,-0.13524403382919986
2024-04-29,UNH,GSPC,-1.1567736812298632
2024-05-06,UNH,d_rate,-0.03279889764292973
2024-05-06,UNH,d_credit,-0.003986190165831641
2024-05-06,UNH,r_vix,-0.13770200526311338
2024-05-06,UNH,GSPC,-1.1185764255566653
2024-05-13,UNH,d_rate,-0.030998327764102423
2024-05-13,UNH,d_credit,-2.6490872764807906e-4
2024-05-13,UNH,r_vix,-0.1353349938359635
2024-05-13,UNH,GSPC,-1.0743369623126764
2024-05-20,UNH,d_rate,-0.032278501332909715
2024-05-20,UNH,d_credit,0.009518669176924878
2024-05-20,UNH,r_vix,-0.13642301659963943
2024-05-20,UNH,GSPC,-1.0702667199473594
2024-05-27,UNH,d_rate,-0.03075217621950298
2024-05-27,UNH,d_credit,0.004431324737173368
2024-05-27,UNH,r_vix,-0.1299364034147903
2024-05-27,UNH,GSPC,-1.0384160306166705
2024-06-03,UNH,d_rate,-0.02935578614321616
2024-06-03,UNH,d_credit,-0.002929024209330704
2024-06-03,UNH,r_vix,-0.13326029196128114
2024-06-03,UNH,GSPC,-1.0566452855948818
2024-06-10,UNH,d_rate,-0.028636728541453993
2024-06-10,UNH,d_credit,-0.02101333919795836
2024-06-10,UNH,r_vix,-0.10830014642173628
2024-06-10,UNH,GSPC,-0.8485398047786614
2024-06-17,UNH,d_rate,-0.026086438673242333
2024-06-17,UNH,d_credit,-0.025060421143760524
2024-06-17,UNH,r_vix,-0.10364212528445486
2024-06-17,UNH,GSPC,-0.7898797976842722
2024-06-24,UNH,d_rate,-0.026386341984172255
2024-06-24,UNH,d_credit,-0.004828758576631174
2024-06-24,UNH,r_vix,-0.13056636460775134
2024-06-24,UNH,GSPC,-0.9683494056874077
2024-07-01,UNH,d_rate,-0.01702032878507151
2024-07-01,UNH,d_credit,-0.02712289593962118
2024-07-01,UNH,r_vix,-0.13415090798083096
2024-07-01,UNH,GSPC,-1.0201781852123013
2024-07-08,UNH,d_rate,-0.014364782882318915
2024-07-08,UNH,d_credit,-0.04219286185321603
2024-07-08,UNH,r_vix,-0.1263483743778489
2024-07-08,UNH,GSPC,-1.0184116590819465
2024-07-15,UNH,d_rate,-0.020301495458165595
2024-07-15,UNH,d_credit,-0.05818976803509958
2024-07-15,UNH,r_vix,-0.06920178759674053
2024-07-15,UNH,GSPC,-0.9562953043428095
2024-07-22,UNH,d_rate,-0.01842342923463942
2024-07-22,UNH,d_credit,-0.06202321232715245
2024-07-22,UNH,r_vix,-0.06759568610399992
2024-07-22,UNH,GSPC,-0.9352277944117229
2024-07-29,UNH,d_rate,-0.031090038596609304
2024-07-29,UNH,d_credit,-0.03425012079950875
2024-07-29,UNH,r_vix,-0.05004615528702546
2024-07-29,UNH,GSPC,-0.9548968372177637
2024-08-05,UNH,d_rate,-0.03546293029257099
2024-08-05,UNH,d_credit,-0.032858944782233446
2024-08-05,UNH,r_vix,-0.02068438664788657
2024-08-05,UNH,GSPC,-0.8024104766010949
2024-08-12,UNH,d_rate,-0.03501751607456841
2024-08-12,UNH,d_credit,-0.04595117084167749
2024-08-12,UNH,r_vix,-0.03600939593689204
2024-08-12,UNH,GSPC,-0.839277044803453
2024-08-19,UNH,d_rate,-0.040100594149902934
2024-08-19,UNH,d_credit,-0.07941888680883769
2024-08-19,UNH,r_vix,-0.0350469550935854
2024-08-19,UNH,GSPC,-0.8495143023878876
2024-08-26,UNH,d_rate,-0.03831268481272117
2024-08-26,UNH,d_credit,-0.06430651509646357
2024-08-26,UNH,r_vix,-0.04112404339419279
2024-08-26,UNH,GSPC,-0.8430557508360109
2024-09-02,UNH,d_rate,-0.030725927108731153
2024-09-02,UNH,d_credit,-0.058106680965746296
2024-09-02,UNH,r_vix,-0.0447657388924404
2024-09-02,UNH,GSPC,-0.7795217648890671
2024-09-09,UNH,d_rate,-0.030944663714647706
2024-09-09,UNH,d_credit,-0.05725616225461474
2024-09-09,UNH,r_vix,-0.045225099859393214
2024-09-09,UNH,GSPC,-0.7742721012244728
2024-09-16,UNH,d_rate,-0.03339714174697283
2024-09-16,UNH,d_credit,-0.03249434775193749
2024-09-16,UNH,r_vix,-0.05229707892327204
2024-09-16,UNH,GSPC,-0.7767120616447418
2024-09-23,UNH,d_rate,-0.030511129481101743
2024-09-23,UNH,d_credit,-0.027407282963209035
2024-09-23,UNH,r_vix,-0.05073255609398337
2024-09-23,UNH,GSPC,-0.7628671820773494
2024-09-30,UNH,d_rate,-0.04480681292491155
2024-09-30,UNH,d_credit,-0.09281659864319305
2024-09-30,UNH,r_vix,-0.0438568791853781
2024-09-30,UNH,GSPC,-0.8046954557481703
2024-10-07,UNH,d_rate,-0.036545708942652924
2024-10-07,UNH,d_credit,-0.08211114764346851
2024-10-07,UNH,r_vix,-0.04196637736297262
2024-10-07,UNH,GSPC,-0.7579834234489959
2024-10-14,UNH,d_rate,-0.020913755965435297
2024-10-14,UNH,d_credit,-0.04949251957832536
2024-10-14,UNH,r_vix,-0.02882210105137341
2024-10-14,UNH,GSPC,-0.6877668443995766
2024-10-21,UNH,d_rate,-0.03961379705366615
2024-10-21,UNH,d_credit,-0.07043759927094698
2024-10-21,UNH,r_vix,-0.05759186826557587
2024-10-21,UNH,GSPC,-0.9864880736146414
2024-10-28,UNH,d_rate,-0.030836653948087375
2024-10-28,UNH,d_credit,-0.05919337165412163
2024-10-28,UNH,r_vix,-0.05000316213137766
2024-10-28,UNH,GSPC,-1.0142542685638052
2024-11-04,UNH,d_rate,-0.04690595020367849
2024-11-04,UNH,d_credit,-0.09887657103302638
2024-11-04,UNH,r_vix,-0.0835082047032729
2024-11-04,UNH,GSPC,-1.0438457853789254
2024-11-11,UNH,d_rate,-0.05574369743251274
2024-11-11,UNH,d_credit,-0.12711024614224328
2024-11-11,UNH,r_vix,-0.06782386368579484
2024-11-11,UNH,GSPC,-0.8732523454738645
2024-11-18,UNH,d_rate,-0.05412868192230238
2024-11-18,UNH,d_credit,-0.11972197676254183
2024-11-18,UNH,r_vix,-0.0656429547936909
2024-11-18,UNH,GSPC,-0.8504553455248629
2024-11-25,UNH,d_rate,-0.0662065038959422
2024-11-25,UNH,d_credit,-0.13422447701537052
2024-11-25,UNH,r_vix,-0.07225094145235426
2024-11-25,UNH,GSPC,-0.9221011621053045
2024-12-02,UNH,d_rate,-0.0590673437510564
2024-12-02,UNH,d_credit,-0.12433496775423346
2024-12-02,UNH,r_vix,-0.06301738814647508
2024-12-02,UNH,GSPC,-0.8733558923868449
2024-12-09,UNH,d_rate,-0.1096444596321042
2024-12-09,UNH,d_credit,-0.22794028137253522
2024-12-09,UNH,r_vix,-0.05283958252115226
2024-12-09,UNH,GSPC,-0.879648410617761
2024-12-16,UNH,d_rate,-0.11564153527639706
2024-12-16,UNH,d_credit,-0.23629869402307574
2024-12-16,UNH,r_vix,-0.0639934198665811
2024-12-16,UNH,GSPC,-0.9245209757685243
2024-12-23,UNH,d_rate,-0.11612364069842909
2024-12-23,UNH,d_credit,-0.24117008675951587
2024-12-23,UNH,r_vix,-0.0704105108028051
2024-12-23,UNH,GSPC,-0.9722125677739782
2024-12-30,UNH,d_rate,-0.13286094445820643
2024-12-30,UNH,d_credit,-0.2871341819281375
2024-12-30,UNH,r_vix,-0.06463380637091204
2024-12-30,UNH,GSPC,-0.9473273791831365
2025-01-06,UNH,d_rate,-0.13674093912762442
2025-01-06,UNH,d_credit,-0.30265490712629595
2025-01-06,UNH,r_vix,-0.058948467447390365
2025-01-06,UNH,GSPC,-0.9224738636117663
2025-01-13,UNH,d_rate,-0.1301558324420316
2025-01-13,UNH,d_credit,-0.31251532008684324
2025-01-13,UNH,r_vix,-0.049635103384833894
2025-01-13,UNH,GSPC,-0.8719926843816513
2025-01-20,UNH,d_rate,-0.13012274062514712
2025-01-20,UNH,d_credit,-0.3226891650599484
2025-01-20,UNH,r_vix,-0.046053838760866446
2025-01-20,UNH,GSPC,-0.8151010345844767
2025-01-27,UNH,d_rate,-0.130151312490277
2025-01-27,UNH,d_credit,-0.3219402743571977
2025-01-27,UNH,r_vix,-0.0494092005860036
2025-01-27,UNH,GSPC,-0.8537825351091448
2025-02-03,UNH,d_rate,-0.1320258230268301
2025-02-03,UNH,d_credit,-0.33063646086473863
2025-02-03,UNH,r_vix,-0.04333585209239651
2025-02-03,UNH,GSPC,-0.823218602164505
2025-02-10,UNH,d_rate,-0.13223593608685005
2025-02-10,UNH,d_credit,-0.3312644819075292
2025-02-10,UNH,r_vix,-0.043118810507330886
2025-02-10,UNH,GSPC,-0.8239953513891666
2025-02-17,UNH,d_rate,-0.11392240351762505
2025-02-17,UNH,d_credit,-0.31040095175159704
2025-02-17,UNH,r_vix,-0.05909947244457013
2025-02-17,UNH,GSPC,-0.7476966761620709
2025-02-24,UNH,d_rate,-0.0953836826051157
2025-02-24,UNH,d_credit,-0.20026438736389854
2025-02-24,UNH,r_vix,-0.06728428155551151
2025-02-24,UNH,GSPC,-0.694951499636514
2025-03-03,UNH,d_rate,-0.09549252978567653
2025-03-03,UNH,d_credit,-0.18686882685399614
2025-03-03,UNH,r_vix,-0.07307965586520841
2025-03-03,UNH,GSPC,-0.8157755329597377
2025-03-10,UNH,d_rate,-0.0912937662498346
2025-03-10,UNH,d_credit,-0.15559739179066784
2025-03-10,UNH,r_vix,-0.05376560164155333
2025-03-10,UNH,GSPC,-0.6091290802875989
2025-03-17,UNH,d_rate,-0.09111079451204605
2025-03-17,UNH,d_credit,-0.13500721232195292
2025-03-17,UNH,r_vix,-0.06735308798652567
2025-03-17,UNH,GSPC,-0.6800983257028173
2025-03-24,UNH,d_rate,-0.09089515401581537
2025-03-24,UNH,d_credit,-0.13395878439362924
2025-03-24,UNH,r_vix,-0.06756947310359687
2025-03-24,UNH,GSPC,-0.6824912019276931
2025-03-31,UNH,d_rate,-0.0764551102149832
2025-03-31,UNH,d_credit,-0.16709171319729507
2025-03-31,UNH,r_vix,-0.03790379840462201
2025-03-31,UNH,GSPC,-0.492095681790972
2025-04-07,UNH,d_rate,0.028896961728334284
2025-04-07,UNH,d_credit,0.07197927270005593
2025-04-07,UNH,r_vix,-0.004267761749629705
2025-04-07,UNH,GSPC,0.20966890773875368
2025-04-14,UNH,d_rate,0.028823431637658506
2025-04-14,UNH,d_credit,0.22680467445299954
2025-04-14,UNH,r_vix,0.09547896103777061
2025-04-14,UNH,GSPC,1.2980096928353893
2025-04-21,UNH,d_rate,0.06416591959735304
2025-04-21,UNH,d_credit,0.31999483635980847
2025-04-21,UNH,r_vix,0.10990497956401604
2025-04-21,UNH,GSPC,1.3960888424170832
2025-04-28,UNH,d_rate,0.03067823992965509
2025-04-28,UNH,d_credit,0.1591358638981117
2025-04-28,UNH,r_vix,0.10878855989027301
2025-04-28,UNH,GSPC,1.133905661177773
2025-05-05,UNH,d_rate,0.03004738387692064
2025-05-05,UNH,d_credit,0.16552520484210903
2025-05-05,UNH,r_vix,0.11211775080535238
2025-05-05,UNH,GSPC,1.148400448353673
2025-05-12,UNH,d_rate,0.03824791551943083
2025-05-12,UNH,d_credit,0.24380412104556512
2025-05-12,UNH,r_vix,0.07398016157707256
2025-05-12,UNH,GSPC,0.5840361738173788
2025-05-19,UNH,d_rate,0.03896496688187557
2025-05-19,UNH,d_credit,0.24104370977418152
2025-05-19,UNH,r_vix,0.07423218376330969
2025-05-19,UNH,GSPC,0.5770143795500531
2025-05-26,UNH,d_rate,0.026767122556408746
2025-05-26,UNH,d_credit,0.1997326457626193
2025-05-26,UNH,r_vix,0.0704662556733785
2025-05-26,UNH,GSPC,0.5286236772011645
2025-06-02,UNH,d_rate,0.021618271830445172
2025-06-02,UNH,d_credit,0.15315896116238978
2025-06-02,UNH,r_vix,0.07207908578395968
2025-06-02,UNH,GSPC,0.49346927537420465
2025-06-09,UNH,d_rate,0.01646167801938316
2025-06-09,UNH,d_credit,0.13739779908235003
2025-06-09,UNH,r_vix,0.08231181402887593
2025-06-09,UNH,GSPC,0.5306402655682566
2025-06-16,UNH,d_rate,0.02047020619653151
2025-06-16,UNH,d_credit,0.14968069282902985
2025-06-16,UNH,r_vix,0.08587154132858456
2025-06-16,UNH,GSPC,0.571699965345326
2025-06-23,UNH,d_rate,0.006288961003689554
2025-06-23,UNH,d_credit,0.15283593318609498
2025-06-23,UNH,r_vix,0.09686550267032752
2025-06-23,UNH,GSPC,0.6860536880431576
2025-06-30,UNH,d_rate,7.546784640787542e-4
2025-06-30,UNH,d_credit,0.1549781413174896
2025-06-30,UNH,r_vix,0.10502062920775913
2025-06-30,UNH,GSPC,0.761224851155349
2025-07-07,UNH,d_rate,0.008306681564150707
2025-07-07,UNH,d_credit,0.14257756563447685
2025-07-07,UNH,r_vix,0.09739716070730252
2025-07-07,UNH,GSPC,0.6826184447961833
2025-07-14,UNH,d_rate,0.011560930842249613
2025-07-14,UNH,d_credit,0.1940550951918914
2025-07-14,UNH,r_vix,0.05991105322384367
2025-07-14,UNH,GSPC,0.5762533305998497
2025-07-21,UNH,d_rate,0.006764341315394747
2025-07-21,UNH,d_credit,0.17126840176892472
2025-07-21,UNH,r_vix,0.06354173705451947
2025-07-21,UNH,GSPC,0.58122005756443
2025-07-28,UNH,d_rate,0.06377486944017528
2025-07-28,UNH,d_credit,0.18394517356146262
2025-07-28,UNH,r_vix,-0.015279123479102909
2025-07-28,UNH,GSPC,0.23022907524861763
2025-08-04,UNH,d_rate,0.08642312022097937
2025-08-04,UNH,d_credit,0.21458063093152024
2025-08-04,UNH,r_vix,-0.056422135811488375
2025-08-04,UNH,GSPC,0.031481999072662074
2025-08-11,UNH,d_rate,0.08643792483255053
2025-08-11,UNH,d_credit,0.12360333420741057
2025-08-11,UNH,r_vix,-0.026897741270858103
2025-08-11,UNH,GSPC,0.0916343852730035
2025-08-18,UNH,d_rate,0.0929259340586064
2025-08-18,UNH,d_credit,0.13473941792193203
2025-08-18,UNH,r_vix,-0.042106953290040626
2025-08-18,UNH,GSPC,-0.003698977125838937
2025-08-25,UNH,d_rate,0.092143168793204
2025-08-25,UNH,d_credit,0.14934311728328506
2025-08-25,UNH,r_vix,-0.03786303093913664
2025-08-25,UNH,GSPC,0.038555763191849446
2025-09-01,UNH,d_rate,0.1053816588468452
2025-09-01,UNH,d_credit,0.1685215427689196
2025-09-01,UNH,r_vix,-0.05958309850922162
2025-09-01,UNH,GSPC,0.005266253323819302
2025-09-08,UNH,d_rate,0.05921879679244045
2025-09-08,UNH,d_credit,0.001196510422136795
2025-09-08,UNH,r_vix,-0.025221535274423678
2025-09-08,UNH,GSPC,0.0739412913571031
2025-09-15,UNH,d_rate,0.05749580128162646
2025-09-15,UNH,d_credit,-0.009030775391811456
2025-09-15,UNH,r_vix,-0.030429105835601704
2025-09-15,UNH,GSPC,0.02969147878609653
2025-09-22,UNH,d_rate,0.05978762976484098
2025-09-22,UNH,d_credit,-0.01696865834303046
2025-09-22,UNH,r_vix,-0.03786552958844467
2025-09-22,UNH,GSPC,-0.03300991583896497
2025-09-29,UNH,d_rate,0.045309048742926704
2025-09-29,UNH,d_credit,-0.004374935497495998
2025-09-29,UNH,r_vix,-0.01795102191461857
2025-09-29,UNH,GSPC,0.12187933068096116
2025-10-06,UNH,d_rate,0.04346180546010194
2025-10-06,UNH,d_credit,1.7931968590924585e-4
2025-10-06,UNH,r_vix,-0.020937261885151173
2025-10-06,UNH,GSPC,0.10157609470730244
2025-10-13,UNH,d_rate,0.04385788842497277
2025-10-13,UNH,d_credit,-0.001159357358230448
2025-10-13,UNH,r_vix,-0.028292937010642973
2025-10-13,UNH,GSPC,0.07122504377188504
2025-10-20,UNH,d_rate,0.04470947949693938
2025-10-20,UNH,d_credit,-0.007530366230411278
2025-10-20,UNH,r_vix,-0.032867686436147965
2025-10-20,UNH,GSPC,0.04236017136717932
2025-10-27,UNH,d_rate,0.030937757166741207
2025-10-27,UNH,d_credit,-0.038984581958868676
2025-10-27,UNH,r_vix,-0.03865648475783661
2025-10-27,UNH,GSPC,-0.026629813581423235
2025-11-03,UNH,d_rate,0.04072845407806368
2025-11-03,UNH,d_credit,-0.019302163774130323
2025-11-03,UNH,r_vix,-0.016993388081252014
2025-11-03,UNH,GSPC,0.028607086834265803
2025-11-10,UNH,d_rate,0.05221525275950738
2025-11-10,UNH,d_credit,-0.007522699690863658
2025-11-10,UNH,r_vix,-0.024347276887954086
2025-11-10,UNH,GSPC,-0.03326695169435577
2025-11-17,UNH,d_rate,0.05078992991527199
2025-11-17,UNH,d_credit,-0.011030621613122965
2025-11-17,UNH,r_vix,-0.023230736653744012
2025-11-17,UNH,GSPC,-0.04420226439019283
2025-11-24,UNH,d_rate,0.07299092871325172
2025-11-24,UNH,d_credit,0.004081293291350022
2025-11-24,UNH,r_vix,-0.032787728011639324
2025-11-24,UNH,GSPC,-0.07436027894837609
2025-12-01,UNH,d_rate,0.06334719984279269
2025-12-01,UNH,d_credit,-0.029322959665591876
2025-12-01,UNH,r_vix,-0.03169829917954101
2025-12-01,UNH,GSPC,-0.08231350812042175
2025-12-08,UNH,d_rate,0.10747153791306668
2025-12-08,UNH,d_credit,0.006725101135288749
2025-12-08,UNH,r_vix,-0.04091185933833709
2025-12-08,UNH,GSPC,-0.15959902870932016
2025-12-15,UNH,d_rate,0.11822174864084826
2025-12-15,UNH,d_credit,-9.150815595262662e-4
2025-12-15,UNH,r_vix,-0.023106114867944654
2025-12-15,UNH,GSPC,-0.10408743692394656
2025-12-22,UNH,d_rate,0.11405598571776396
2025-12-22,UNH,d_credit,-0.001157951109916105
2025-12-22,UNH,r_vix,-0.02033272548074113
2025-12-22,UNH,GSPC,-0.07734412215061841
2025-12-29,UNH,d_rate,0.11448001750648047
2025-12-29,UNH,d_credit,-0.013156263157997157
2025-12-29,UNH,r_vix,-0.018883100769949413
2025-12-29,UNH,GSPC,-0.0884695167574143
2026-01-05,UNH,d_rate,0.10874059255194338
2026-01-05,UNH,d_credit,-0.030592957440226783
2026-01-05,UNH,r_vix,-0.011573485678233984
2026-01-05,UNH,GSPC,-0.04909822675194826
2026-01-12,UNH,d_rate,0.1089758182786429
2026-01-12,UNH,d_credit,0.018128531351206338
2026-01-12,UNH,r_vix,-0.02024890817272121
2026-01-12,UNH,GSPC,-0.020946792753379816
2026-01-19,UNH,d_rate,0.10820628315501693
2026-01-19,UNH,d_credit,-0.0093445285509120065
2026-01-19,UNH,r_vix,-0.023276726220521574
2026-01-19,UNH,GSPC,-0.11861495763885004
2026-01-26,UNH,d_rate,0.09900956039332749
2026-01-26,UNH,d_credit,-0.02166363086228716
2026-01-26,UNH,r_vix,-0.0677018732481593
2026-01-26,UNH,GSPC,-0.3714908494612007
2026-02-02,UNH,d_rate,0.09710347391869939
2026-02-02,UNH,d_credit,-0.031008874548539
2026-02-02,UNH,r_vix,-0.06733328146228028
2026-02-02,UNH,GSPC,-0.37968309583702997
2026-02-09,UNH,d_rate,0.0649734716898969
2026-02-09,UNH,d_credit,-0.010958529977313275
2026-02-09,UNH,r_vix,-0.05342178195895687
2026-02-09,UNH,GSPC,-0.279218961309434
2026-02-16,UNH,d_rate,0.05524446852382423
2026-02-16,UNH,d_credit,-0.03238971733280216
2026-02-16,UNH,r_vix,-0.02651352146893911
2026-02-16,UNH,GSPC,-0.21173615308576346
2026-02-23,UNH,d_rate,0.06653699003931614
2026-02-23,UNH,d_credit,-0.01605371711924712
2026-02-23,UNH,r_vix,-0.02956273382797899
2026-02-23,UNH,GSPC,-0.2100529868007368
2026-03-02,UNH,d_rate,0.045581702011560546
2026-03-02,UNH,d_credit,-0.0076339712096056365
2026-03-02,UNH,r_vix,-0.03397196799786878
2026-03-02,UNH,GSPC,-0.1292007314440955
2026-03-09,UNH,d_rate,0.0405570132644304
2026-03-09,UNH,d_credit,-0.01617624201486681
2026-03-09,UNH,r_vix,-0.029988794740412123
2026-03-09,UNH,GSPC,-0.10642159871367883
2026-03-16,UNH,d_rate,0.03882533068872423
2026-03-16,UNH,d_credit,-0.026742187457505
2026-03-16,UNH,r_vix,-0.008365793425468405
2026-03-16,UNH,GSPC,0.01931022631526014
2026-03-23,UNH,d_rate,0.031924010357940694
2026-03-23,UNH,d_credit,-0.012546397578636442
2026-03-23,UNH,r_vix,-0.008795541671766088
2026-03-23,UNH,GSPC,0.09464814181786137
2026-03-30,UNH,d_rate,0.04103440300270971
2026-03-30,UNH,d_credit,-0.036759647793398124
2026-03-30,UNH,r_vix,0.0413154682719882
2026-03-30,UNH,GSPC,0.7843473582532721
2026-04-06,UNH,d_rate,-0.09924153536002106
2026-04-06,UNH,d_credit,-0.1759955236987355
2026-04-06,UNH,r_vix,-0.032516820732111075
2026-04-06,UNH,GSPC,-0.1303878850843471
2026-04-13,UNH,d_rate,-0.12261017622185164
2026-04-13,UNH,d_credit,-0.19731872621285285
2026-04-13,UNH,r_vix,-0.07219261313344283
2026-04-13,UNH,GSPC,-0.5864490773268787
2026-04-20,UNH,d_rate,-0.1965781604940651
2026-04-20,UNH,d_credit,-0.29165622974318534
2026-04-20,UNH,r_vix,-0.09302981800421525
2026-04-20,UNH,GSPC,-0.5832233955238055
2026-04-27,UNH,d_rate,-0.173690858728551
2026-04-27,UNH,d_credit,-0.2561870572629403
2026-04-27,UNH,r_vix,-0.09612865496665525
2026-04-27,UNH,GSPC,-0.5203097019427052
2026-05-04,UNH,d_rate,-0.17196031238964132
2026-05-04,UNH,d_credit,-0.26934960147259523
2026-05-04,UNH,r_vix,-0.09683906553621467
2026-05-04,UNH,GSPC,-0.5366800809801623
2026-05-11,UNH,d_rate,-0.027846927630078143
2026-05-11,UNH,d_credit,-0.1943121787681577
2026-05-11,UNH,r_vix,-0.03615457108972114
2026-05-11,UNH,GSPC,0.948567572807508
2026-05-18,UNH,d_rate,-0.03822368560310048
2026-05-18,UNH,d_credit,-0.2086206942003166
2026-05-18,UNH,r_vix,-0.03774149984202735
2026-05-18,UNH,GSPC,1.039942494098817
2026-05-25,UNH,d_rate,-0.030729866723439952
2026-05-25,UNH,d_credit,-0.21169781090535875
2026-05-25,UNH,r_vix,-0.03760500109871056
2026-05-25,UNH,GSPC,1.0300129718752056
2026-06-01,UNH,d_rate,-0.031004872633972835
2026-06-01,UNH,d_credit,-0.3273366385414014
2026-06-01,UNH,r_vix,-0.0186913863358341
2026-06-01,UNH,GSPC,0.9209024323809593
2026-06-08,UNH,d_rate,-0.019562634380794003
2026-06-08,UNH,d_credit,-0.31906465800819744
2026-06-08,UNH,r_vix,-0.036764653141076
2026-06-08,UNH,GSPC,0.8440063250480322
2026-06-15,UNH,d_rate,-0.024033975048801164
2026-06-15,UNH,d_credit,-0.3228776102080819
2026-06-15,UNH,r_vix,-0.03870709740254709
2026-06-15,UNH,GSPC,0.8036468716703786
2026-06-22,UNH,d_rate,-0.061975473004959675
2026-06-22,UNH,d_credit,-0.3443172906454225
2026-06-22,UNH,r_vix,-0.051431737517853
2026-06-22,UNH,GSPC,0.5357614010569692
2026-06-29,UNH,d_rate,-0.06299342192188957
2026-06-29,UNH,d_credit,-0.3486986764502093
2026-06-29,UNH,r_vix,-0.04510272771501358
2026-06-29,UNH,GSPC,0.5581278472018854
2026-07-06,UNH,d_rate,-0.052966344062580446
2026-07-06,UNH,d_credit,-0.3711129489137748
2026-07-06,UNH,r_vix,-0.05278385656094083
2026-07-06,UNH,GSPC,0.4745620075881105
2026-07-13,UNH,d_rate,-0.04853017326296375
2026-07-13,UNH,d_credit,-0.3529455730481287
2026-07-13,UNH,r_vix,-0.046498461696851276
2026-07-13,UNH,GSPC,0.5237413015385237
2026-07-20,UNH,d_rate,-0.060604202032397775
2026-07-20,UNH,d_credit,-0.37788214975532597
2026-07-20,UNH,r_vix,-0.047566090481977234
2026-07-20,UNH,GSPC,0.5247945810226045
2026-07-27,UNH,d_rate,-0.14161265365850337
2026-07-27,UNH,d_credit,-0.3773069875830285
2026-07-27,UNH,r_vix,-0.011113727524376109
2026-07-27,UNH,GSPC,0.4201464910075725
2026-08-03,UNH,d_rate,-0.14098948296017869
2026-08-03,UNH,d_credit,-0.40425785762190364
2026-08-03,UNH,r_vix,-0.014106408658186794
2026-08-03,UNH,GSPC,0.21622340773030396
2026-08-10,UNH,d_rate,-0.15490841543919082
2026-08-10,UNH,d_credit,-0.3204951446074964
2026-08-10,UNH,r_vix,-0.022684047556666607
2026-08-10,UNH,GSPC,0.139219357165449
2026-08-17,UNH,d_rate,-0.1504320436790348
2026-08-17,UNH,d_credit,-0.2840661228033492
2026-08-17,UNH,r_vix,-0.01703762629813851
2026-08-17,UNH,GSPC,0.25511606903433875
2022-01-03,SOFI,d_rate,-0.09270829412977417
2022-01-03,SOFI,d_credit,-0.5564212622198736
2022-01-03,SOFI,r_vix,0.04119424923633274
2022-01-03,SOFI,GSPC,1.253353737992869
2022-01-10,SOFI,d_rate,-0.07330897665946819
2022-01-10,SOFI,d_credit,-0.521424397152537
2022-01-10,SOFI,r_vix,0.057948957983834544
2022-01-10,SOFI,GSPC,1.4975660599944496
2022-01-17,SOFI,d_rate,-0.11481545297656838
2022-01-17,SOFI,d_credit,-0.46930656132762694
2022-01-17,SOFI,r_vix,-0.015664764566951983
2022-01-17,SOFI,GSPC,0.28988151434218556
2022-01-24,SOFI,d_rate,-0.19502722730970343
2022-01-24,SOFI,d_credit,-0.6675733152880207
2022-01-24,SOFI,r_vix,-0.1008110482356346
2022-01-24,SOFI,GSPC,-0.018082788320307727
2022-01-31,SOFI,d_rate,-0.1409665886228533
2022-01-31,SOFI,d_credit,-0.6128010725075839
2022-01-31,SOFI,r_vix,-0.11707164458590728
2022-01-31,SOFI,GSPC,0.19449104244952592
2022-02-07,SOFI,d_rate,-0.14480008881024764
2022-02-07,SOFI,d_credit,-0.5322137789136699
2022-02-07,SOFI,r_vix,-0.12916758475218204
2022-02-07,SOFI,GSPC,-0.0869626700131894
2022-02-14,SOFI,d_rate,-0.12484916550700126
2022-02-14,SOFI,d_credit,-0.5456553630531757
2022-02-14,SOFI,r_vix,-0.11661173274736622
2022-02-14,SOFI,GSPC,-0.01677146048569369
2022-02-21,SOFI,d_rate,-0.04771681982018372
2022-02-21,SOFI,d_credit,-0.5816338046903478
2022-02-21,SOFI,r_vix,-0.07160581938947802
2022-02-21,SOFI,GSPC,-0.04449758537541216
2022-02-28,SOFI,d_rate,-0.044500533095943144
2022-02-28,SOFI,d_credit,-0.5733942644618344
2022-02-28,SOFI,r_vix,-0.07616451887756784
2022-02-28,SOFI,GSPC,-0.0737908350456369
2022-03-07,SOFI,d_rate,-0.13483433283431825
2022-03-07,SOFI,d_credit,-0.679305528604234
2022-03-07,SOFI,r_vix,-0.05348345994855332
2022-03-07,SOFI,GSPC,0.078254061810410655
2022-03-14,SOFI,d_rate,-0.11595258404823966
2022-03-14,SOFI,d_credit,-0.7546091618766418
2022-03-14,SOFI,r_vix,-0.04832910077855401
2022-03-14,SOFI,GSPC,0.07584085634606476
2022-03-21,SOFI,d_rate,-0.23259325109797876
2022-03-21,SOFI,d_credit,-0.6418104575261039
2022-03-21,SOFI,r_vix,-0.09134515758563137
2022-03-21,SOFI,GSPC,-0.0729299433944896
2022-03-28,SOFI,d_rate,-0.19232740182684135
2022-03-28,SOFI,d_credit,-0.5642471215033676
2022-03-28,SOFI,r_vix,-0.06250737789968404
2022-03-28,SOFI,GSPC,0.19001291604614995
2022-04-04,SOFI,d_rate,-0.2777215785478447
2022-04-04,SOFI,d_credit,-0.6151980645052513
2022-04-04,SOFI,r_vix,-0.0937266347321279
2022-04-04,SOFI,GSPC,0.1381154783283412
2022-04-11,SOFI,d_rate,-0.27934660609223405
2022-04-11,SOFI,d_credit,-0.5928903407356102
2022-04-11,SOFI,r_vix,-0.06397360783247201
2022-04-11,SOFI,GSPC,0.5102085724827304
2022-04-18,SOFI,d_rate,-0.23961236245948828
2022-04-18,SOFI,d_credit,-0.5301311458313409
2022-04-18,SOFI,r_vix,-0.037448398813530945
2022-04-18,SOFI,GSPC,0.6528119973975157
2022-04-25,SOFI,d_rate,-0.25112906092683945
2022-04-25,SOFI,d_credit,-0.5147209713686574
2022-04-25,SOFI,r_vix,-0.0563323691051144
2022-04-25,SOFI,GSPC,0.4844810390913977
2022-05-02,SOFI,d_rate,-0.21448797385828836
2022-05-02,SOFI,d_credit,-0.47371528429664916
2022-05-02,SOFI,r_vix,-0.07540355091419816
2022-05-02,SOFI,GSPC,0.4133512375054226
2022-05-09,SOFI,d_rate,-0.25003286559137006
2022-05-09,SOFI,d_credit,-0.4373878503256157
2022-05-09,SOFI,r_vix,-0.12001061870666595
2022-05-09,SOFI,GSPC,0.07929739501733002
2022-05-16,SOFI,d_rate,-0.27925331141753074
2022-05-16,SOFI,d_credit,-0.3844208791433483
2022-05-16,SOFI,r_vix,-0.18089976253553952
2022-05-16,SOFI,GSPC,-0.32119559330903447
2022-05-23,SOFI,d_rate,-0.2709843158912633
2022-05-23,SOFI,d_credit,-0.3807856017984818
2022-05-23,SOFI,r_vix,-0.18441986936159976
2022-05-23,SOFI,GSPC,-0.44748565064905504
2022-05-30,SOFI,d_rate,-0.27695449378197173
2022-05-30,SOFI,d_credit,-0.3181555075417433
2022-05-30,SOFI,r_vix,-0.171899903787099
2022-05-30,SOFI,GSPC,-0.24560876049485464
2022-06-06,SOFI,d_rate,-0.27325698101076246
2022-06-06,SOFI,d_credit,-0.26925701543033603
2022-06-06,SOFI,r_vix,-0.14465906390684452
2022-06-06,SOFI,GSPC,0.13828655625396544
2022-06-13,SOFI,d_rate,-0.2656004245983617
2022-06-13,SOFI,d_credit,-0.2299806461240615
2022-06-13,SOFI,r_vix,-0.17027314383356082
2022-06-13,SOFI,GSPC,0.010939069108766887
2022-06-20,SOFI,d_rate,-0.24233886561863255
2022-06-20,SOFI,d_credit,-0.10208482238328928
2022-06-20,SOFI,r_vix,-0.2241763671431754
2022-06-20,SOFI,GSPC,0.22693621100188702
2022-06-27,SOFI,d_rate,-0.1994301306012516
2022-06-27,SOFI,d_credit,-0.1577995065760342
2022-06-27,SOFI,r_vix,-0.1734895634241789
2022-06-27,SOFI,GSPC,0.4844663091005925
2022-07-04,SOFI,d_rate,-0.17871583840093397
2022-07-04,SOFI,d_credit,-0.17837306683782056
2022-07-04,SOFI,r_vix,-0.1538100157065331
2022-07-04,SOFI,GSPC,0.6415283806202541
2022-07-11,SOFI,d_rate,-0.18232742131082874
2022-07-11,SOFI,d_credit,-0.18200769713030104
2022-07-11,SOFI,r_vix,-0.14811077773595632
2022-07-11,SOFI,GSPC,0.6513667344367228
2022-07-18,SOFI,d_rate,-0.1827023837173891
2022-07-18,SOFI,d_credit,-0.1829069405792794
2022-07-18,SOFI,r_vix,-0.14809953705165405
2022-07-18,SOFI,GSPC,0.6465915717559808
2022-07-25,SOFI,d_rate,-0.18320516701375245
2022-07-25,SOFI,d_credit,-0.21353473441933357
2022-07-25,SOFI,r_vix,-0.15560274072096691
2022-07-25,SOFI,GSPC,0.48517745544528385
2022-08-01,SOFI,d_rate,-0.15543572911737477
2022-08-01,SOFI,d_credit,-0.25124906116384066
2022-08-01,SOFI,r_vix,-0.12967075147357168
2022-08-01,SOFI,GSPC,0.5578521709395102
2022-08-08,SOFI,d_rate,-0.1590256860669306
2022-08-08,SOFI,d_credit,-0.24027889289102666
2022-08-08,SOFI,r_vix,-0.13954917116170512
2022-08-08,SOFI,GSPC,0.49758496640120164
2022-08-15,SOFI,d_rate,-0.17953875277262424
2022-08-15,SOFI,d_credit,-0.2440103369887342
2022-08-15,SOFI,r_vix,-0.1375659758614206
2022-08-15,SOFI,GSPC,0.5369721198184313
2022-08-22,SOFI,d_rate,-0.18239595311366566
2022-08-22,SOFI,d_credit,-0.25847830480117345
2022-08-22,SOFI,r_vix,-0.13627771505169642
2022-08-22,SOFI,GSPC,0.5030021777209549
2022-08-29,SOFI,d_rate,-0.1823026854687221
2022-08-29,SOFI,d_credit,-0.2565608381081928
2022-08-29,SOFI,r_vix,-0.13764505062364557
2022-08-29,SOFI,GSPC,0.4895149669780502
2022-09-05,SOFI,d_rate,-0.16831540148720736
2022-09-05,SOFI,d_credit,-0.23454281393646945
2022-09-05,SOFI,r_vix,-0.14818473624910877
2022-09-05,SOFI,GSPC,0.5761291046684193
2022-09-12,SOFI,d_rate,-0.16954239725183307
2022-09-12,SOFI,d_credit,-0.24360103045450243
2022-09-12,SOFI,r_vix,-0.14938498520757218
2022-09-12,SOFI,GSPC,0.5320819799962696
2022-09-19,SOFI,d_rate,-0.1746821790016609
2022-09-19,SOFI,d_credit,-0.22093011056366105
2022-09-19,SOFI,r_vix,-0.11587729557599613
2022-09-19,SOFI,GSPC,0.7001801930411189
2022-09-26,SOFI,d_rate,-0.17210757383142933
2022-09-26,SOFI,d_credit,-0.21464871108563158
2022-09-26,SOFI,r_vix,-0.11473988488717839
2022-09-26,SOFI,GSPC,0.7009836628718239
2022-10-03,SOFI,d_rate,-0.17194048592977026
2022-10-03,SOFI,d_credit,-0.2182552129930875
2022-10-03,SOFI,r_vix,-0.11308389098745895
2022-10-03,SOFI,GSPC,0.7126081905290846
2022-10-10,SOFI,d_rate,-0.1422261719520953
2022-10-10,SOFI,d_credit,-0.165575105391244
2022-10-10,SOFI,r_vix,-0.08946069202123029
2022-10-10,SOFI,GSPC,0.7854320387610108
2022-10-17,SOFI,d_rate,-0.11387025397777813
2022-10-17,SOFI,d_credit,-0.11868688173763874
2022-10-17,SOFI,r_vix,-0.07348776848551654
2022-10-17,SOFI,GSPC,0.9483008209628435
2022-10-24,SOFI,d_rate,-0.11838540737202392
2022-10-24,SOFI,d_credit,-0.1250516449464553
2022-10-24,SOFI,r_vix,-0.06834833261063374
2022-10-24,SOFI,GSPC,0.9660153099666938
2022-10-31,SOFI,d_rate,-0.1073307326222234
2022-10-31,SOFI,d_credit,-0.12828026462324105
2022-10-31,SOFI,r_vix,-0.07967196351221016
2022-10-31,SOFI,GSPC,0.8791809036300625
2022-11-07,SOFI,d_rate,-0.10592940871756593
2022-11-07,SOFI,d_credit,-0.11791566246667778
2022-11-07,SOFI,r_vix,-0.06305386169981123
2022-11-07,SOFI,GSPC,1.0527143994412442
2022-11-14,SOFI,d_rate,-0.0453604671434992
2022-11-14,SOFI,d_credit,-0.03931068417110522
2022-11-14,SOFI,r_vix,-0.03993753200675263
2022-11-14,SOFI,GSPC,1.236021020978467
2022-11-21,SOFI,d_rate,-0.017225862336711452
2022-11-21,SOFI,d_credit,-0.0056054271510533
2022-11-21,SOFI,r_vix,0.023410082541544586
2022-11-21,SOFI,GSPC,1.4133939415305512
2022-11-28,SOFI,d_rate,-0.04731276093718556
2022-11-28,SOFI,d_credit,-0.03291131706385189
2022-11-28,SOFI,r_vix,0.032486698561016436
2022-11-28,SOFI,GSPC,1.3801947181035186
2022-12-05,SOFI,d_rate,-0.04355465234193418
2022-12-05,SOFI,d_credit,-0.015463583649321249
2022-12-05,SOFI,r_vix,0.0036671858027669457
2022-12-05,SOFI,GSPC,1.343306057777354
2022-12-12,SOFI,d_rate,-0.053992923420439445
2022-12-12,SOFI,d_credit,-0.0011283549919040294
2022-12-12,SOFI,r_vix,-0.02397003574483057
2022-12-12,SOFI,GSPC,1.233812395302173
2022-12-19,SOFI,d_rate,-0.049019752823101566
2022-12-19,SOFI,d_credit,0.0029678969010950465
2022-12-19,SOFI,r_vix,-0.03229148907897642
2022-12-19,SOFI,GSPC,1.207861162035477
2022-12-26,SOFI,d_rate,-0.049521825351201226
2022-12-26,SOFI,d_credit,-0.0032813897433519863
2022-12-26,SOFI,r_vix,0.0020261807552946023
2022-12-26,SOFI,GSPC,1.2913557429812779
2023-01-02,SOFI,d_rate,-0.03514556599195706
2023-01-02,SOFI,d_credit,-0.023603216713997396
2023-01-02,SOFI,r_vix,0.01936158399554787
2023-01-02,SOFI,GSPC,1.3070333511852084
2023-01-09,SOFI,d_rate,-0.05015412636643913
2023-01-09,SOFI,d_credit,-0.06148300911376829
2023-01-09,SOFI,r_vix,0.0010781163105252343
2023-01-09,SOFI,GSPC,1.2911742498381453
2023-01-16,SOFI,d_rate,-0.040467825741599434
2023-01-16,SOFI,d_credit,-0.03386683228989139
2023-01-16,SOFI,r_vix,-0.12722740003432317
2023-01-16,SOFI,GSPC,1.1361555334487066
2023-01-23,SOFI,d_rate,-0.0322233479305961
2023-01-23,SOFI,d_credit,0.008962288587853515
2023-01-23,SOFI,r_vix,-0.14463496145699584
2023-01-23,SOFI,GSPC,1.1855257184493901
2023-01-30,SOFI,d_rate,-0.04134758083428596
2023-01-30,SOFI,d_credit,-0.025848594305056673
2023-01-30,SOFI,r_vix,-0.0806101362274662
2023-01-30,SOFI,GSPC,1.374878341349288
2023-02-06,SOFI,d_rate,-0.04581229742344768
2023-02-06,SOFI,d_credit,-0.03466335760377629
2023-02-06,SOFI,r_vix,-0.1445244099326903
2023-02-06,SOFI,GSPC,1.2401700314758137
2023-02-13,SOFI,d_rate,-0.04598936588539847
2023-02-13,SOFI,d_credit,-0.020587941368982163
2023-02-13,SOFI,r_vix,-0.15039611107358655
2023-02-13,SOFI,GSPC,1.2218555642972266
2023-02-20,SOFI,d_rate,-0.04163580014320402
2023-02-20,SOFI,d_credit,-0.008159102762750687
2023-02-20,SOFI,r_vix,-0.14503379123989854
2023-02-20,SOFI,GSPC,1.2519308193121206
2023-02-27,SOFI,d_rate,-0.04828639117865492
2023-02-27,SOFI,d_credit,-0.005961937347088811
2023-02-27,SOFI,r_vix,-0.13388097876422067
2023-02-27,SOFI,GSPC,1.2728075675552746
2023-03-06,SOFI,d_rate,-0.005446983765573939
2023-03-06,SOFI,d_credit,0.015609590425672807
2023-03-06,SOFI,r_vix,-0.2464418604965245
2023-03-06,SOFI,GSPC,1.0344346256460326
2023-03-13,SOFI,d_rate,-0.003658572967816521
2023-03-13,SOFI,d_credit,0.013947043473502781
2023-03-13,SOFI,r_vix,-0.2426301385521683
2023-03-13,SOFI,GSPC,0.9975376946481833
2023-03-20,SOFI,d_rate,0.01916499444883069
2023-03-20,SOFI,d_credit,-0.02082641375133576
2023-03-20,SOFI,r_vix,-0.2774849552979829
2023-03-20,SOFI,GSPC,0.9681149782268104
2023-03-27,SOFI,d_rate,0.022595782845901014
2023-03-27,SOFI,d_credit,-0.005807892269116318
2023-03-27,SOFI,r_vix,-0.2730708649512169
2023-03-27,SOFI,GSPC,0.9795859718594632
2023-04-03,SOFI,d_rate,0.05604607203523992
2023-04-03,SOFI,d_credit,-0.0028362726251497192
2023-04-03,SOFI,r_vix,-0.24574790156883428
2023-04-03,SOFI,GSPC,1.0583758282224573
2023-04-10,SOFI,d_rate,0.053513682886361665
2023-04-10,SOFI,d_credit,-0.004621000811989949
2023-04-10,SOFI,r_vix,-0.2550818785806905
2023-04-10,SOFI,GSPC,1.006880135128852
2023-04-17,SOFI,d_rate,0.06265953807466966
2023-04-17,SOFI,d_credit,0.012469840680220824
2023-04-17,SOFI,r_vix,-0.2224622305248962
2023-04-17,SOFI,GSPC,1.0933202493559901
2023-04-24,SOFI,d_rate,0.058376718732451066
2023-04-24,SOFI,d_credit,0.008337458730058186
2023-04-24,SOFI,r_vix,-0.24410003125434346
2023-04-24,SOFI,GSPC,1.0623485599043514
2023-05-01,SOFI,d_rate,0.04156729808625584
2023-05-01,SOFI,d_credit,-0.04873199669219669
2023-05-01,SOFI,r_vix,-0.2868030868433639
2023-05-01,SOFI,GSPC,0.9325926267984711
2023-05-08,SOFI,d_rate,0.05321533114528332
2023-05-08,SOFI,d_credit,-0.07887196473637871
2023-05-08,SOFI,r_vix,-0.23253830131049577
2023-05-08,SOFI,GSPC,1.1164851428414297
2023-05-15,SOFI,d_rate,0.06623885898001305
2023-05-15,SOFI,d_credit,-0.1302504186401737
2023-05-15,SOFI,r_vix,-0.1724492307203908
2023-05-15,SOFI,GSPC,1.3731015744298294
2023-05-22,SOFI,d_rate,0.06662166811833008
2023-05-22,SOFI,d_credit,-0.18250279360609037
2023-05-22,SOFI,r_vix,-0.0962475379394201
2023-05-22,SOFI,GSPC,1.7186326660957099
2023-05-29,SOFI,d_rate,0.05155760632417757
2023-05-29,SOFI,d_credit,-0.20950184606907074
2023-05-29,SOFI,r_vix,-0.28159433493392977
2023-05-29,SOFI,GSPC,1.2430394077337894
2023-06-05,SOFI,d_rate,0.05860501499261669
2023-06-05,SOFI,d_credit,-0.24114380609729796
2023-06-05,SOFI,r_vix,-0.3036578469788173
2023-06-05,SOFI,GSPC,1.0710519062843697
2023-06-12,SOFI,d_rate,0.053074444114470314
2023-06-12,SOFI,d_credit,-0.2619765705336064
2023-06-12,SOFI,r_vix,-0.28523031007236865
2023-06-12,SOFI,GSPC,1.2369057142927113
2023-06-19,SOFI,d_rate,0.054155981716556285
2023-06-19,SOFI,d_credit,-0.25745390522318856
2023-06-19,SOFI,r_vix,-0.2797887922363881
2023-06-19,SOFI,GSPC,1.2832556544588556
2023-06-26,SOFI,d_rate,0.04461905625949058
2023-06-26,SOFI,d_credit,-0.2248414517461118
2023-06-26,SOFI,r_vix,-0.3180295088468001
2023-06-26,SOFI,GSPC,1.1233893568382538
2023-07-03,SOFI,d_rate,0.032382814163364394
2023-07-03,SOFI,d_credit,-0.20882082411244965
2023-07-03,SOFI,r_vix,-0.32126755369451726
2023-07-03,SOFI,GSPC,1.0856354985225058
2023-07-10,SOFI,d_rate,0.023274589144253496
2023-07-10,SOFI,d_credit,-0.19021619133035889
2023-07-10,SOFI,r_vix,-0.33214223010816424
2023-07-10,SOFI,GSPC,1.1113197184463979
2023-07-17,SOFI,d_rate,0.02419448067409048
2023-07-17,SOFI,d_credit,-0.19131309585320525
2023-07-17,SOFI,r_vix,-0.3262216837606727
2023-07-17,SOFI,GSPC,1.1283739157848902
2023-07-24,SOFI,d_rate,0.021871146512271
2023-07-24,SOFI,d_credit,-0.1517841709269653
2023-07-24,SOFI,r_vix,-0.3074369156895046
2023-07-24,SOFI,GSPC,1.327786317984077
2023-07-31,SOFI,d_rate,0.008999278894610009
2023-07-31,SOFI,d_credit,-0.08681108949639763
2023-07-31,SOFI,r_vix,-0.24006461418574676
2023-07-31,SOFI,GSPC,1.462351061646078
2023-08-07,SOFI,d_rate,0.002730882512755286
2023-08-07,SOFI,d_credit,-0.09056821920611335
2023-08-07,SOFI,r_vix,-0.16035060181734576
2023-08-07,SOFI,GSPC,1.831414688594587
2023-08-14,SOFI,d_rate,0.017918505516577313
2023-08-14,SOFI,d_credit,-0.09459900170747611
2023-08-14,SOFI,r_vix,-0.14524086429229535
2023-08-14,SOFI,GSPC,1.81972013994172
2023-08-21,SOFI,d_rate,0.026667675029866396
2023-08-21,SOFI,d_credit,-0.04923323435413894
2023-08-21,SOFI,r_vix,-0.17099256559831943
2023-08-21,SOFI,GSPC,1.8835739278705153
2023-08-28,SOFI,d_rate,0.028553602277693615
2023-08-28,SOFI,d_credit,-0.05036466269405199
2023-08-28,SOFI,r_vix,-0.1713789783362871
2023-08-28,SOFI,GSPC,1.8562970457109875
2023-09-04,SOFI,d_rate,0.02752954022765034
2023-09-04,SOFI,d_credit,-0.05095039666596421
2023-09-04,SOFI,r_vix,-0.17143799050178987
2023-09-04,SOFI,GSPC,1.8449382620854156
2023-09-11,SOFI,d_rate,0.02981543698712908
2023-09-11,SOFI,d_credit,-0.04024511868629414
2023-09-11,SOFI,r_vix,-0.1702390761795283
2023-09-11,SOFI,GSPC,1.9839794076659554
2023-09-18,SOFI,d_rate,0.03217991725891948
2023-09-18,SOFI,d_credit,-0.019778622725223422
2023-09-18,SOFI,r_vix,-0.2142369833873284
2023-09-18,SOFI,GSPC,1.921007820653074
2023-09-25,SOFI,d_rate,0.0482167151374046
2023-09-25,SOFI,d_credit,0.014600684213065538
2023-09-25,SOFI,r_vix,-0.22752340236147658
2023-09-25,SOFI,GSPC,1.8532185168658706
2023-10-02,SOFI,d_rate,0.04398612056964215
2023-10-02,SOFI,d_credit,0.005964684284088999
2023-10-02,SOFI,r_vix,-0.22558817894906605
2023-10-02,SOFI,GSPC,1.851776203742512
2023-10-09,SOFI,d_rate,0.03873849875044342
2023-10-09,SOFI,d_credit,0.003569130747066941
2023-10-09,SOFI,r_vix,-0.21193152016903657
2023-10-09,SOFI,GSPC,1.8876200555970044
2023-10-16,SOFI,d_rate,0.0449164459998718
2023-10-16,SOFI,d_credit,0.021227062931338497
2023-10-16,SOFI,r_vix,-0.20019417905543535
2023-10-16,SOFI,GSPC,2.1024512681138408
2023-10-23,SOFI,d_rate,0.03927815717790796
2023-10-23,SOFI,d_credit,0.013000593562956055
2023-10-23,SOFI,r_vix,-0.19109341487632958
2023-10-23,SOFI,GSPC,2.227266765158926
2023-10-30,SOFI,d_rate,0.04329099339281519
2023-10-30,SOFI,d_credit,0.013427061975498398
2023-10-30,SOFI,r_vix,-0.17253620501111772
2023-10-30,SOFI,GSPC,2.2580899620344
2023-11-06,SOFI,d_rate,0.04011211723338696
2023-11-06,SOFI,d_credit,0.042753155349203285
2023-11-06,SOFI,r_vix,-0.17872277283910146
2023-11-06,SOFI,GSPC,2.1653986943895087
2023-11-13,SOFI,d_rate,-0.003117950926711073
2023-11-13,SOFI,d_credit,-0.039116960742349216
2023-11-13,SOFI,r_vix,-0.19506396065598655
2023-11-13,SOFI,GSPC,1.790661259449265
2023-11-20,SOFI,d_rate,-0.040923652865840855
2023-11-20,SOFI,d_credit,-0.10308798309965299
2023-11-20,SOFI,r_vix,-0.21680247668183456
2023-11-20,SOFI,GSPC,1.633821672143467
2023-11-27,SOFI,d_rate,-0.0804625914688488
2023-11-27,SOFI,d_credit,-0.14205197900660943
2023-11-27,SOFI,r_vix,-0.19813852774671833
2023-11-27,SOFI,GSPC,1.640097581866983
2023-12-04,SOFI,d_rate,-0.08381010123396328
2023-12-04,SOFI,d_credit,-0.1560043162326356
2023-12-04,SOFI,r_vix,-0.19779046559018626
2023-12-04,SOFI,GSPC,1.601672719681886
2023-12-11,SOFI,d_rate,-0.08723781475200149
2023-12-11,SOFI,d_credit,-0.19535908337358715
2023-12-11,SOFI,r_vix,-0.12117393873102796
2023-12-11,SOFI,GSPC,2.1219238263331137
2023-12-18,SOFI,d_rate,-0.08672780927854756
2023-12-18,SOFI,d_credit,-0.18085430523549603
2023-12-18,SOFI,r_vix,-0.10374382580649665
2023-12-18,SOFI,GSPC,2.2399880010775455
2023-12-25,SOFI,d_rate,-0.08864587157209541
2023-12-25,SOFI,d_credit,-0.1821284147180467
2023-12-25,SOFI,r_vix,-0.10509188679025849
2023-12-25,SOFI,GSPC,2.2309475016333313
2024-01-01,SOFI,d_rate,-0.12429053067711224
2024-01-01,SOFI,d_credit,-0.20632768874515173
2024-01-01,SOFI,r_vix,-0.09226411535888444
2024-01-01,SOFI,GSPC,2.334095996048814
2024-01-08,SOFI,d_rate,-0.11135819421105002
2024-01-08,SOFI,d_credit,-0.1783349610650889
2024-01-08,SOFI,r_vix,-0.10044752707197849
2024-01-08,SOFI,GSPC,2.2068013676461544
2024-01-15,SOFI,d_rate,-0.12149790399607158
2024-01-15,SOFI,d_credit,-0.18384588157124612
2024-01-15,SOFI,r_vix,-0.13166679605797801
2024-01-15,SOFI,GSPC,2.040616219716329
2024-01-22,SOFI,d_rate,-0.12112632198359921
2024-01-22,SOFI,d_credit,-0.19186261317837697
2024-01-22,SOFI,r_vix,-0.12800650949308667
2024-01-22,SOFI,GSPC,2.0750244466533783
2024-01-29,SOFI,d_rate,-0.1222642750305807
2024-01-29,SOFI,d_credit,-0.15737390848076546
2024-01-29,SOFI,r_vix,-0.1720097943244543
2024-01-29,SOFI,GSPC,1.7669444725708048
2024-02-05,SOFI,d_rate,-0.11429479117067164
2024-02-05,SOFI,d_credit,-0.14752568641942784
2024-02-05,SOFI,r_vix,-0.16970519265631617
2024-02-05,SOFI,GSPC,1.8040241347396224
2024-02-12,SOFI,d_rate,-0.1102378976814531
2024-02-12,SOFI,d_credit,-0.163994555508202
2024-02-12,SOFI,r_vix,-0.15325136001067513
2024-02-12,SOFI,GSPC,1.8410549866623342
2024-02-19,SOFI,d_rate,-0.10648552838005751
2024-02-19,SOFI,d_credit,-0.14224816202194285
2024-02-19,SOFI,r_vix,-0.15278019871566761
2024-02-19,SOFI,GSPC,1.90831686181939
2024-02-26,SOFI,d_rate,-0.10341129893873224
2024-02-26,SOFI,d_credit,-0.10351550884690515
2024-02-26,SOFI,r_vix,-0.16463493735654372
2024-02-26,SOFI,GSPC,1.9383389447770276
2024-03-04,SOFI,d_rate,-0.1084989747294363
2024-03-04,SOFI,d_credit,-0.08090971753007882
2024-03-04,SOFI,r_vix,-0.1999860400904403
2024-03-04,SOFI,GSPC,1.6453814650515357
2024-03-11,SOFI,d_rate,-0.13372322927136115
2024-03-11,SOFI,d_credit,0.014790227253067764
2024-03-11,SOFI,r_vix,-0.17047813832785658
2024-03-11,SOFI,GSPC,1.8397764824670721
2024-03-18,SOFI,d_rate,-0.13411562098560464
2024-03-18,SOFI,d_credit,0.001915950430597883
2024-03-18,SOFI,r_vix,-0.16921716511911974
2024-03-18,SOFI,GSPC,1.7968382643986718
2024-03-25,SOFI,d_rate,-0.13099699503813303
2024-03-25,SOFI,d_credit,-0.005365979995204373
2024-03-25,SOFI,r_vix,-0.16957985066611475
2024-03-25,SOFI,GSPC,1.8347959733109211
2024-04-01,SOFI,d_rate,-0.135260718595185
2024-04-01,SOFI,d_credit,-0.027405446636334697
2024-04-01,SOFI,r_vix,-0.12440896746116602
2024-04-01,SOFI,GSPC,1.8932592334566052
2024-04-08,SOFI,d_rate,-0.14028125890571586
2024-04-08,SOFI,d_credit,-0.03542169130422918
2024-04-08,SOFI,r_vix,-0.12091552419433756
2024-04-08,SOFI,GSPC,1.8101974265494745
2024-04-15,SOFI,d_rate,-0.14382398892304374
2024-04-15,SOFI,d_credit,-0.03585108677605566
2024-04-15,SOFI,r_vix,-0.13534808234153917
2024-04-15,SOFI,GSPC,1.6060953534924813
2024-04-22,SOFI,d_rate,-0.13504159152027434
2024-04-22,SOFI,d_credit,-0.030803227092198713
2024-04-22,SOFI,r_vix,-0.14963584294556226
2024-04-22,SOFI,GSPC,1.6290648085464394
2024-04-29,SOFI,d_rate,-0.09774314540222877
2024-04-29,SOFI,d_credit,0.0842034411442435
2024-04-29,SOFI,r_vix,-0.07216016043864636
2024-04-29,SOFI,GSPC,2.0475464477054675
2024-05-06,SOFI,d_rate,-0.10119819046604656
2024-05-06,SOFI,d_credit,0.08239032636715951
2024-05-06,SOFI,r_vix,-0.07448390603682675
2024-05-06,SOFI,GSPC,1.9696941079248134
2024-05-13,SOFI,d_rate,-0.09041354931709492
2024-05-13,SOFI,d_credit,0.08730698224029128
2024-05-13,SOFI,r_vix,-0.07051900853729955
2024-05-13,SOFI,GSPC,2.0619779203963615
2024-05-20,SOFI,d_rate,-0.09810127219473688
2024-05-20,SOFI,d_credit,0.1432012668646908
2024-05-20,SOFI,r_vix,-0.09302920474842216
2024-05-20,SOFI,GSPC,1.961784680916098
2024-05-27,SOFI,d_rate,-0.08320877769126052
2024-05-27,SOFI,d_credit,0.10907733537837223
2024-05-27,SOFI,r_vix,0.017246954923406173
2024-05-27,SOFI,GSPC,2.325782630998826
2024-06-03,SOFI,d_rate,-0.08764267849290261
2024-06-03,SOFI,d_credit,0.16911392033674177
2024-06-03,SOFI,r_vix,0.05298802367120272
2024-06-03,SOFI,GSPC,2.4871720515453135
2024-06-10,SOFI,d_rate,-0.058496011762785675
2024-06-10,SOFI,d_credit,0.10988720939633506
2024-06-10,SOFI,r_vix,0.001871784697769025
2024-06-10,SOFI,GSPC,2.240667154366135
2024-06-17,SOFI,d_rate,-0.059915414478381834
2024-06-17,SOFI,d_credit,0.10427989316725796
2024-06-17,SOFI,r_vix,-5.292780655309176e-4
2024-06-17,SOFI,GSPC,2.2248550862466896
2024-06-24,SOFI,d_rate,-0.047933134738127416
2024-06-24,SOFI,d_credit,0.10473749635621778
2024-06-24,SOFI,r_vix,-0.012222894995387552
2024-06-24,SOFI,GSPC,2.2318623091813703
2024-07-01,SOFI,d_rate,-0.0545966961124775
2024-07-01,SOFI,d_credit,0.11085259458035485
2024-07-01,SOFI,r_vix,-0.03311683849131434
2024-07-01,SOFI,GSPC,2.0653746756391254
2024-07-08,SOFI,d_rate,-0.04943675068099842
2024-07-08,SOFI,d_credit,0.08712910413284067
2024-07-08,SOFI,r_vix,-0.02208669810588691
2024-07-08,SOFI,GSPC,2.0688284104428543
2024-07-15,SOFI,d_rate,-0.05567427337055641
2024-07-15,SOFI,d_credit,0.06370512950241114
2024-07-15,SOFI,r_vix,0.05106436316763834
2024-07-15,SOFI,GSPC,2.1738012203781727
2024-07-22,SOFI,d_rate,-0.06145886857611985
2024-07-22,SOFI,d_credit,0.07756676649056347
2024-07-22,SOFI,r_vix,0.04494225859626538
2024-07-22,SOFI,GSPC,2.101285032228273
2024-07-29,SOFI,d_rate,-0.032127728309164695
2024-07-29,SOFI,d_credit,-0.02146460496361135
2024-07-29,SOFI,r_vix,-0.012277150607779475
2024-07-29,SOFI,GSPC,2.136303880852842
2024-08-05,SOFI,d_rate,-0.031890033777227024
2024-08-05,SOFI,d_credit,-0.026812218225485938
2024-08-05,SOFI,r_vix,-0.061275708387493785
2024-08-05,SOFI,GSPC,1.8416012757590658
2024-08-12,SOFI,d_rate,-0.03189562879945506
2024-08-12,SOFI,d_credit,-0.017752264471322134
2024-08-12,SOFI,r_vix,-0.051328630512960084
2024-08-12,SOFI,GSPC,1.8531429634991778
2024-08-19,SOFI,d_rate,-0.030104112056531497
2024-08-19,SOFI,d_credit,-0.018227992687518034
2024-08-19,SOFI,r_vix,-0.030320703627383788
2024-08-19,SOFI,GSPC,2.01224437895597
2024-08-26,SOFI,d_rate,-0.024083916581884746
2024-08-26,SOFI,d_credit,-0.02375564935978041
2024-08-26,SOFI,r_vix,-0.037126203068598165
2024-08-26,SOFI,GSPC,1.9676419472491078
2024-09-02,SOFI,d_rate,-0.015356722387486426
2024-09-02,SOFI,d_credit,-0.01238346644893703
2024-09-02,SOFI,r_vix,-0.039642058050070456
2024-09-02,SOFI,GSPC,2.0646777055535015
2024-09-09,SOFI,d_rate,-0.018830490914901406
2024-09-09,SOFI,d_credit,-0.0067883092752190465
2024-09-09,SOFI,r_vix,-0.03762312038654165
2024-09-09,SOFI,GSPC,2.1284696827336913
2024-09-16,SOFI,d_rate,-0.019929721312140467
2024-09-16,SOFI,d_credit,-0.0917532041953508
2024-09-16,SOFI,r_vix,-0.02275951530322075
2024-09-16,SOFI,GSPC,1.9510641776242401
2024-09-23,SOFI,d_rate,-0.04093036735074436
2024-09-23,SOFI,d_credit,-0.15464463278790264
2024-09-23,SOFI,r_vix,-0.014245332260579726
2024-09-23,SOFI,GSPC,1.97748298828864
2024-09-30,SOFI,d_rate,-0.03481411885225521
2024-09-30,SOFI,d_credit,-0.212547485973795
2024-09-30,SOFI,r_vix,0.011136973575725363
2024-09-30,SOFI,GSPC,2.093731522052939
2024-10-07,SOFI,d_rate,-0.022014264109125888
2024-10-07,SOFI,d_credit,-0.20921632310748997
2024-10-07,SOFI,r_vix,0.028225329598326857
2024-10-07,SOFI,GSPC,2.248712668494929
2024-10-14,SOFI,d_rate,-0.015562350130584325
2024-10-14,SOFI,d_credit,-0.181178315138034
2024-10-14,SOFI,r_vix,-0.008149068138185538
2024-10-14,SOFI,GSPC,2.04374845335759
2024-10-21,SOFI,d_rate,0.001184159253450762
2024-10-21,SOFI,d_credit,-0.1790791145746012
2024-10-21,SOFI,r_vix,-0.003561289757217329
2024-10-21,SOFI,GSPC,1.9751045842277455
2024-10-28,SOFI,d_rate,0.012921923581595328
2024-10-28,SOFI,d_credit,-0.18345059809888684
2024-10-28,SOFI,r_vix,0.002380955768427358
2024-10-28,SOFI,GSPC,1.8167600269700814
2024-11-04,SOFI,d_rate,-0.0035478115499112776
2024-11-04,SOFI,d_credit,-0.30316235129780233
2024-11-04,SOFI,r_vix,-0.016054668841136915
2024-11-04,SOFI,GSPC,1.8681131054966924
2024-11-11,SOFI,d_rate,-0.004073971050741575
2024-11-11,SOFI,d_credit,-0.28268370956906835
2024-11-11,SOFI,r_vix,-0.03155491029859819
2024-11-11,SOFI,GSPC,1.6756624911981624
2024-11-18,SOFI,d_rate,0.003931365943998734
2024-11-18,SOFI,d_credit,-0.2526718903052983
2024-11-18,SOFI,r_vix,-0.03376318455419524
2024-11-18,SOFI,GSPC,1.7956547693161935
2024-11-25,SOFI,d_rate,0.04934820298542328
2024-11-25,SOFI,d_credit,-0.17059264217817238
2024-11-25,SOFI,r_vix,-0.03903425648690959
2024-11-25,SOFI,GSPC,1.9012060511391586
2024-12-02,SOFI,d_rate,0.059415708993293515
2024-12-02,SOFI,d_credit,-0.13729979981632764
2024-12-02,SOFI,r_vix,-0.03258505442531426
2024-12-02,SOFI,GSPC,1.9778482487249422
2024-12-09,SOFI,d_rate,0.14021478663598963
2024-12-09,SOFI,d_credit,0.04497693215589632
2024-12-09,SOFI,r_vix,-0.06423217311691165
2024-12-09,SOFI,GSPC,1.8847588276632132
2024-12-16,SOFI,d_rate,0.1271775956023693
2024-12-16,SOFI,d_credit,7.03644879250526e-4
2024-12-16,SOFI,r_vix,-0.0753564135082642
2024-12-16,SOFI,GSPC,1.7739183724199161
2024-12-23,SOFI,d_rate,0.13297717105329598
2024-12-23,SOFI,d_credit,0.017594600851675985
2024-12-23,SOFI,r_vix,-0.07379769368915914
2024-12-23,SOFI,GSPC,1.8104651206769415
2024-12-30,SOFI,d_rate,0.21780708579441582
2024-12-30,SOFI,d_credit,0.23320388925857227
2024-12-30,SOFI,r_vix,-0.09579307758028605
2024-12-30,SOFI,GSPC,1.744055200131922
2025-01-06,SOFI,d_rate,0.2027878428540203
2025-01-06,SOFI,d_credit,0.21271737008155034
2025-01-06,SOFI,r_vix,-0.09192582740039361
2025-01-06,SOFI,GSPC,1.8330897897860972
2025-01-13,SOFI,d_rate,0.2353555836087816
2025-01-13,SOFI,d_credit,0.28530438958682386
2025-01-13,SOFI,r_vix,-0.06740485590331079
2025-01-13,SOFI,GSPC,2.3349360125362737
2025-01-20,SOFI,d_rate,0.2354106006654306
2025-01-20,SOFI,d_credit,0.2759284566200082
2025-01-20,SOFI,r_vix,-0.06321531800520563
2025-01-20,SOFI,GSPC,2.3950986166391917
2025-01-27,SOFI,d_rate,0.25676260334206
2025-01-27,SOFI,d_credit,0.3007457634760663
2025-01-27,SOFI,r_vix,-0.06592811326835031
2025-01-27,SOFI,GSPC,2.499426434818198
2025-02-03,SOFI,d_rate,0.29026383838206654
2025-02-03,SOFI,d_credit,0.3708077300384719
2025-02-03,SOFI,r_vix,-0.05875506381457348
2025-02-03,SOFI,GSPC,2.7006543868789756
2025-02-10,SOFI,d_rate,0.29471530779810357
2025-02-10,SOFI,d_credit,0.41002418352117925
2025-02-10,SOFI,r_vix,-0.06827193737705829
2025-02-10,SOFI,GSPC,2.703214611933299
2025-02-17,SOFI,d_rate,0.28999012252181944
2025-02-17,SOFI,d_credit,0.3760056476464917
2025-02-17,SOFI,r_vix,-0.06481440705015229
2025-02-17,SOFI,GSPC,2.785273597482721
2025-02-24,SOFI,d_rate,0.262209752321783
2025-02-24,SOFI,d_credit,0.2941003524172949
2025-02-24,SOFI,r_vix,-0.06705738874090304
2025-02-24,SOFI,GSPC,2.6130292377622633
2025-03-03,SOFI,d_rate,0.2226390670506191
2025-03-03,SOFI,d_credit,0.199231443376304
2025-03-03,SOFI,r_vix,-0.02449967205777468
2025-03-03,SOFI,GSPC,2.9093721835890456
2025-03-10,SOFI,d_rate,0.2118539681005493
2025-03-10,SOFI,d_credit,0.025344437126542663
2025-03-10,SOFI,r_vix,-0.0436938116055766
2025-03-10,SOFI,GSPC,2.5809376112259996
2025-03-17,SOFI,d_rate,0.21525820176637075
2025-03-17,SOFI,d_credit,0.06404207281393462
2025-03-17,SOFI,r_vix,-0.05627895599393765
2025-03-17,SOFI,GSPC,2.555201969057637
2025-03-24,SOFI,d_rate,0.2049077400855344
2025-03-24,SOFI,d_credit,0.01932499482585671
2025-03-24,SOFI,r_vix,-0.054566867864152734
2025-03-24,SOFI,GSPC,2.563458216126608
2025-03-31,SOFI,d_rate,0.1685164319049124
2025-03-31,SOFI,d_credit,0.014286840311072465
2025-03-31,SOFI,r_vix,-0.09222893933092857
2025-03-31,SOFI,GSPC,1.9787492159889626
2025-04-07,SOFI,d_rate,0.1218301568826448
2025-04-07,SOFI,d_credit,-0.10628868341637453
2025-04-07,SOFI,r_vix,-0.10738749430643744
2025-04-07,SOFI,GSPC,1.6428840698963212
2025-04-14,SOFI,d_rate,0.11711804350005003
2025-04-14,SOFI,d_credit,-0.128043514892653
2025-04-14,SOFI,r_vix,-0.11463504701722665
2025-04-14,SOFI,GSPC,1.5607292323732174
2025-04-21,SOFI,d_rate,0.09318282065768557
2025-04-21,SOFI,d_credit,-0.19220289784773634
2025-04-21,SOFI,r_vix,-0.12226757485688872
2025-04-21,SOFI,GSPC,1.4958395492022563
2025-04-28,SOFI,d_rate,0.04817681761834954
2025-04-28,SOFI,d_credit,-0.28821104697782857
2025-04-28,SOFI,r_vix,-0.14901111960910712
2025-04-28,SOFI,GSPC,1.1932240674590493
2025-05-05,SOFI,d_rate,0.0484098292980944
2025-05-05,SOFI,d_credit,-0.2921226376327461
2025-05-05,SOFI,r_vix,-0.14966200700128782
2025-05-05,SOFI,GSPC,1.2081986212876237
2025-05-12,SOFI,d_rate,0.05171223870168403
2025-05-12,SOFI,d_credit,-0.2683828139426726
2025-05-12,SOFI,r_vix,-0.16124091732751758
2025-05-12,SOFI,GSPC,1.040624369766971
2025-05-19,SOFI,d_rate,0.05155061335508828
2025-05-19,SOFI,d_credit,-0.29225324542669806
2025-05-19,SOFI,r_vix,-0.16190824925798758
2025-05-19,SOFI,GSPC,0.9979804416474358
2025-05-26,SOFI,d_rate,0.06472316037528092
2025-05-26,SOFI,d_credit,-0.2525597700588954
2025-05-26,SOFI,r_vix,-0.15663062947960835
2025-05-26,SOFI,GSPC,1.0484180783169108
2025-06-02,SOFI,d_rate,0.06407006625267365
2025-06-02,SOFI,d_credit,-0.24147628190970502
2025-06-02,SOFI,r_vix,-0.15629748423546921
2025-06-02,SOFI,GSPC,1.066667766894466
2025-06-09,SOFI,d_rate,0.04238081984766168
2025-06-09,SOFI,d_credit,-0.2121732240857649
2025-06-09,SOFI,r_vix,-0.1277851498023944
2025-06-09,SOFI,GSPC,1.319166690921354
2025-06-16,SOFI,d_rate,0.045060562785569705
2025-06-16,SOFI,d_credit,-0.19615438403961033
2025-06-16,SOFI,r_vix,-0.12836950515823214
2025-06-16,SOFI,GSPC,1.3335791303496203
2025-06-23,SOFI,d_rate,0.042743127580392046
2025-06-23,SOFI,d_credit,-0.167932388033351
2025-06-23,SOFI,r_vix,-0.1291784557618833
2025-06-23,SOFI,GSPC,1.4046884427481812
2025-06-30,SOFI,d_rate,0.033342190905285445
2025-06-30,SOFI,d_credit,-0.16232500816994513
2025-06-30,SOFI,r_vix,-0.09981335731753432
2025-06-30,SOFI,GSPC,1.648236299683613
2025-07-07,SOFI,d_rate,0.04525525419200828
2025-07-07,SOFI,d_credit,-0.2323296445402818
2025-07-07,SOFI,r_vix,-0.12133196505519438
2025-07-07,SOFI,GSPC,1.3958178243785897
2025-07-14,SOFI,d_rate,0.051767665993086895
2025-07-14,SOFI,d_credit,-0.16254087543467063
2025-07-14,SOFI,r_vix,-0.15920081284657234
2025-07-14,SOFI,GSPC,1.321322134227846
2025-07-21,SOFI,d_rate,0.06624877687454148
2025-07-21,SOFI,d_credit,-0.11388711531136739
2025-07-21,SOFI,r_vix,-0.16169868478353694
2025-07-21,SOFI,GSPC,1.3322575805462327
2025-07-28,SOFI,d_rate,0.03913043902874246
2025-07-28,SOFI,d_credit,-0.12809808503994538
2025-07-28,SOFI,r_vix,-0.1248953801964909
2025-07-28,SOFI,GSPC,1.4843428052110963
2025-08-04,SOFI,d_rate,0.040518135146290865
2025-08-04,SOFI,d_credit,-0.15665477165343114
2025-08-04,SOFI,r_vix,-0.12182859160323348
2025-08-04,SOFI,GSPC,1.432614406147381
2025-08-11,SOFI,d_rate,0.023812306239208995
2025-08-11,SOFI,d_credit,-0.2351512753345565
2025-08-11,SOFI,r_vix,-0.12916036502127964
2025-08-11,SOFI,GSPC,1.3844261035374612
2025-08-18,SOFI,d_rate,0.03358608202154762
2025-08-18,SOFI,d_credit,-0.21968593672970765
2025-08-18,SOFI,r_vix,-0.1518213510688852
2025-08-18,SOFI,GSPC,1.2407798623544646
2025-08-25,SOFI,d_rate,0.03157275794596746
2025-08-25,SOFI,d_credit,-0.19362019152958132
2025-08-25,SOFI,r_vix,-0.14357371826610363
2025-08-25,SOFI,GSPC,1.3206921186013414
2025-09-01,SOFI,d_rate,0.027838764002742853
2025-09-01,SOFI,d_credit,-0.19789888822974067
2025-09-01,SOFI,r_vix,-0.13556230912194095
2025-09-01,SOFI,GSPC,1.333831396133422
2025-09-08,SOFI,d_rate,0.034957762531255224
2025-09-08,SOFI,d_credit,-0.166248957543955
2025-09-08,SOFI,r_vix,-0.14333934180530108
2025-09-08,SOFI,GSPC,1.3324265876807526
2025-09-15,SOFI,d_rate,0.037887084573206505
2025-09-15,SOFI,d_credit,-0.1734807002009662
2025-09-15,SOFI,r_vix,-0.12574138422246764
2025-09-15,SOFI,GSPC,1.4506194444796958
2025-09-22,SOFI,d_rate,0.03274086989875045
2025-09-22,SOFI,d_credit,-0.14887124112719693
2025-09-22,SOFI,r_vix,-0.11007638079864945
2025-09-22,SOFI,GSPC,1.5952478303780864
2025-09-29,SOFI,d_rate,0.05387067926609248
2025-09-29,SOFI,d_credit,-0.11323864401141229
2025-09-29,SOFI,r_vix,-0.1656477904893119
2025-09-29,SOFI,GSPC,1.275984388244598
2025-10-06,SOFI,d_rate,0.0364503583927479
2025-10-06,SOFI,d_credit,-0.09592983705678608
2025-10-06,SOFI,r_vix,-0.14705667774325196
2025-10-06,SOFI,GSPC,1.3111571043074097
2025-10-13,SOFI,d_rate,0.03658927574351452
2025-10-13,SOFI,d_credit,-0.09182352241101337
2025-10-13,SOFI,r_vix,-0.13536606252516403
2025-10-13,SOFI,GSPC,1.3555697807669678
2025-10-20,SOFI,d_rate,0.015821319755996592
2025-10-20,SOFI,d_credit,-0.0755531066641067
2025-10-20,SOFI,r_vix,-0.14550921925981425
2025-10-20,SOFI,GSPC,1.3667368098021777
2025-10-27,SOFI,d_rate,0.01662680775781315
2025-10-27,SOFI,d_credit,-0.05316081798734634
2025-10-27,SOFI,r_vix,-0.1441677818583629
2025-10-27,SOFI,GSPC,1.413977028683621
2025-11-03,SOFI,d_rate,0.01901990208808079
2025-11-03,SOFI,d_credit,-0.05168889216867654
2025-11-03,SOFI,r_vix,-0.13503671380961646
2025-11-03,SOFI,GSPC,1.4402367289993792
2025-11-10,SOFI,d_rate,-0.010302172647898924
2025-11-10,SOFI,d_credit,-0.08345388279980394
2025-11-10,SOFI,r_vix,-0.11733263092618791
2025-11-10,SOFI,GSPC,1.5880221656998739
2025-11-17,SOFI,d_rate,-0.006414719205299821
2025-11-17,SOFI,d_credit,-0.13077155286580325
2025-11-17,SOFI,r_vix,-0.12635448857620568
2025-11-17,SOFI,GSPC,1.4608560751065434
2025-11-24,SOFI,d_rate,-0.0034223209328380615
2025-11-24,SOFI,d_credit,-0.12414520617608964
2025-11-24,SOFI,r_vix,-0.14368095397575337
2025-11-24,SOFI,GSPC,1.420098261441176
2025-12-01,SOFI,d_rate,-0.02818273550255547
2025-12-01,SOFI,d_credit,-0.11079075360480822
2025-12-01,SOFI,r_vix,-0.12993276457920017
2025-12-01,SOFI,GSPC,1.554271508798622
2025-12-08,SOFI,d_rate,-0.0516029854439424
2025-12-08,SOFI,d_credit,-0.12780447914460302
2025-12-08,SOFI,r_vix,-0.1263760142179922
2025-12-08,SOFI,GSPC,1.5872962009907579
2025-12-15,SOFI,d_rate,-0.053872473122562416
2025-12-15,SOFI,d_credit,-0.12237552811391393
2025-12-15,SOFI,r_vix,-0.12871176220102742
2025-12-15,SOFI,GSPC,1.5938147225361579
2025-12-22,SOFI,d_rate,-0.05396648448632496
2025-12-22,SOFI,d_credit,-0.12010991900475829
2025-12-22,SOFI,r_vix,-0.12468423073968816
2025-12-22,SOFI,GSPC,1.601915814023006
2025-12-29,SOFI,d_rate,-0.04428358236508906
2025-12-29,SOFI,d_credit,-0.10181419861285065
2025-12-29,SOFI,r_vix,-0.13198900235340857
2025-12-29,SOFI,GSPC,1.5417307163015181
2026-01-05,SOFI,d_rate,-0.04173258071443626
2026-01-05,SOFI,d_credit,-0.074306622169625
2026-01-05,SOFI,r_vix,-0.14264895074458817
2026-01-05,SOFI,GSPC,1.5058628172957487
2026-01-12,SOFI,d_rate,-0.017256584072901066
2026-01-12,SOFI,d_credit,-0.09081667590045105
2026-01-12,SOFI,r_vix,-0.14154631407871987
2026-01-12,SOFI,GSPC,1.3998838675032794
2026-01-19,SOFI,d_rate,-0.017142276615448718
2026-01-19,SOFI,d_credit,-0.07893152341916398
2026-01-19,SOFI,r_vix,-0.1436973882871964
2026-01-19,SOFI,GSPC,1.3850552482903988
2026-01-26,SOFI,d_rate,-0.03333436591833
2026-01-26,SOFI,d_credit,-0.1002444585708088
2026-01-26,SOFI,r_vix,-0.15758925680495744
2026-01-26,SOFI,GSPC,1.2472160577514533
2026-02-02,SOFI,d_rate,-0.045053596760310725
2026-02-02,SOFI,d_credit,-0.14410838855967092
2026-02-02,SOFI,r_vix,-0.15592271439140243
2026-02-02,SOFI,GSPC,1.2086600234842197
2026-02-09,SOFI,d_rate,-0.03763196105452026
2026-02-09,SOFI,d_credit,-0.16762599684632853
2026-02-09,SOFI,r_vix,-0.15314953144760055
2026-02-09,SOFI,GSPC,1.1720304888798765
2026-02-16,SOFI,d_rate,-0.046469668639793765
2026-02-16,SOFI,d_credit,-0.1661023795035227
2026-02-16,SOFI,r_vix,-0.13709966426831896
2026-02-16,SOFI,GSPC,1.2293147391461947
2026-02-23,SOFI,d_rate,-0.040317642899596544
2026-02-23,SOFI,d_credit,-0.22713334812965763
2026-02-23,SOFI,r_vix,-0.13350320250835718
2026-02-23,SOFI,GSPC,1.1676475167375422
2026-03-02,SOFI,d_rate,0.019357966907902487
2026-03-02,SOFI,d_credit,-0.3236370800875348
2026-03-02,SOFI,r_vix,-0.07726122589651598
2026-03-02,SOFI,GSPC,1.087778763797579
2026-03-09,SOFI,d_rate,0.0016738689232173685
2026-03-09,SOFI,d_credit,-0.35537054788396266
2026-03-09,SOFI,r_vix,-0.0669098753010162
2026-03-09,SOFI,GSPC,1.135752378509811
2026-03-16,SOFI,d_rate,-0.00716275360075547
2026-03-16,SOFI,d_credit,-0.3482418558224901
2026-03-16,SOFI,r_vix,-0.0394481288329795
2026-03-16,SOFI,GSPC,1.3508661753659696
2026-03-23,SOFI,d_rate,-0.007989184656703986
2026-03-23,SOFI,d_credit,-0.3038214828587819
2026-03-23,SOFI,r_vix,-0.04074556501952911
2026-03-23,SOFI,GSPC,1.4415306472749791
2026-03-30,SOFI,d_rate,-0.009309841122778969
2026-03-30,SOFI,d_credit,-0.30064557525706953
2026-03-30,SOFI,r_vix,-0.04697101015003765
2026-03-30,SOFI,GSPC,1.3550338108030038
2026-04-06,SOFI,d_rate,-0.02392454719252869
2026-04-06,SOFI,d_credit,-0.3078438636058541
2026-04-06,SOFI,r_vix,-0.030634344015258802
2026-04-06,SOFI,GSPC,1.2884066393771771
2026-04-13,SOFI,d_rate,-0.006658529464890869
2026-04-13,SOFI,d_credit,-0.24768060092256652
2026-04-13,SOFI,r_vix,0.01795002047326181
2026-04-13,SOFI,GSPC,1.99484396852535
2026-04-20,SOFI,d_rate,0.03159004093193509
2026-04-20,SOFI,d_credit,-0.19541283396967363
2026-04-20,SOFI,r_vix,0.02729340012438815
2026-04-20,SOFI,GSPC,1.9802705012479185
2026-04-27,SOFI,d_rate,0.023888083958719455
2026-04-27,SOFI,d_credit,-0.15026981178132376
2026-04-27,SOFI,r_vix,0.04776410724907853
2026-04-27,SOFI,GSPC,2.209388855941385
2026-05-04,SOFI,d_rate,0.02299584813031913
2026-05-04,SOFI,d_credit,-0.12123937161099471
2026-05-04,SOFI,r_vix,0.03218100466049656
2026-05-04,SOFI,GSPC,2.0721205820685324
2026-05-11,SOFI,d_rate,0.029224534315178866
2026-05-11,SOFI,d_credit,-0.11757615113657484
2026-05-11,SOFI,r_vix,0.0382664077843907
2026-05-11,SOFI,GSPC,2.276165172072123
2026-05-18,SOFI,d_rate,0.032280136047222095
2026-05-18,SOFI,d_credit,-0.10974107197303237
2026-05-18,SOFI,r_vix,0.039750031644907265
2026-05-18,SOFI,GSPC,2.297026702865057
2026-05-25,SOFI,d_rate,-0.023253363762656406
2026-05-25,SOFI,d_credit,-0.14540385522827398
2026-05-25,SOFI,r_vix,0.02568487142746153
2026-05-25,SOFI,GSPC,2.2347610303269914
2026-06-01,SOFI,d_rate,-0.02290576882722306
2026-06-01,SOFI,d_credit,-0.03607540815890083
2026-06-01,SOFI,r_vix,0.006876845256136695
2026-06-01,SOFI,GSPC,2.340535413280436
2026-06-08,SOFI,d_rate,-0.02739047590286645
2026-06-08,SOFI,d_credit,-0.03328899844953517
2026-06-08,SOFI,r_vix,-0.0029515059110477074
2026-06-08,SOFI,GSPC,2.277203409677297
2026-06-15,SOFI,d_rate,-0.01398553886296435
2026-06-15,SOFI,d_credit,-0.022926785264343826
2026-06-15,SOFI,r_vix,0.0033610124503036937
2026-06-15,SOFI,GSPC,2.3992040061142084
2026-06-22,SOFI,d_rate,-0.034831913052439344
2026-06-22,SOFI,d_credit,-0.07451707434753806
2026-06-22,SOFI,r_vix,-2.2428433284982143e-4
2026-06-22,SOFI,GSPC,2.118202993636615
2026-06-29,SOFI,d_rate,-0.0423447001149522
2026-06-29,SOFI,d_credit,-0.09506980891295773
2026-06-29,SOFI,r_vix,-0.014736667974799651
2026-06-29,SOFI,GSPC,1.9362130103138377
2026-07-06,SOFI,d_rate,-0.05683294681710225
2026-07-06,SOFI,d_credit,0.039022161692980915
2026-07-06,SOFI,r_vix,0.019112714578858252
2026-07-06,SOFI,GSPC,2.3739833710278218
2026-07-13,SOFI,d_rate,-0.05574048353632614
2026-07-13,SOFI,d_credit,0.03697122403854505
2026-07-13,SOFI,r_vix,0.011579465948165495
2026-07-13,SOFI,GSPC,2.3686275434453155
2026-07-20,SOFI,d_rate,-0.0720196368493909
2026-07-20,SOFI,d_credit,0.0046843409967677165
2026-07-20,SOFI,r_vix,0.010558451887084779
2026-07-20,SOFI,GSPC,2.3727103442004163
2026-07-27,SOFI,d_rate,-0.046983566500646536
2026-07-27,SOFI,d_credit,-0.014731571116933172
2026-07-27,SOFI,r_vix,-2.3161615916539912e-4
2026-07-27,SOFI,GSPC,2.4055211703403896
2026-08-03,SOFI,d_rate,-0.051932077965078594
2026-08-03,SOFI,d_credit,0.002355723288087561
2026-08-03,SOFI,r_vix,0.009831875904556895
2026-08-03,SOFI,GSPC,2.575729570019409
2026-08-10,SOFI,d_rate,-0.05721414034914577
2026-08-10,SOFI,d_credit,0.034608450871813794
2026-08-10,SOFI,r_vix,0.006532578080821479
2026-08-10,SOFI,GSPC,2.5463389097991063
2026-08-17,SOFI,d_rate,-0.05548619212170496
2026-08-17,SOFI,d_credit,-0.06449619668011503
2026-08-17,SOFI,r_vix,0.0029758836565144846
2026-08-17,SOFI,GSPC,2.355666717472154
2022-01-03,PLTR,d_rate,-0.09188435147140493
2022-01-03,PLTR,d_credit,0.058974266216442014
2022-01-03,PLTR,r_vix,0.05392862478204507
2022-01-03,PLTR,GSPC,1.8362894653458524
2022-01-10,PLTR,d_rate,-0.07603562397162278
2022-01-10,PLTR,d_credit,0.08713268627565976
2022-01-10,PLTR,r_vix,0.06781456321044345
2022-01-10,PLTR,GSPC,2.0382272155647074
2022-01-17,PLTR,d_rate,-0.048933904828546544
2022-01-17,PLTR,d_credit,0.023164607227238426
2022-01-17,PLTR,r_vix,0.08789575724366096
2022-01-17,PLTR,GSPC,2.2142899913292293
2022-01-24,PLTR,d_rate,-0.09517268706271642
2022-01-24,PLTR,d_credit,-0.0617451852154697
2022-01-24,PLTR,r_vix,0.028292159431960954
2022-01-24,PLTR,GSPC,2.029885012822315
2022-01-31,PLTR,d_rate,-0.0720603362257999
2022-01-31,PLTR,d_credit,-0.030781676866933644
2022-01-31,PLTR,r_vix,0.014941058192786264
2022-01-31,PLTR,GSPC,2.184319833879859
2022-02-07,PLTR,d_rate,-0.06945013983629855
2022-02-07,PLTR,d_credit,0.0332564870428368
2022-02-07,PLTR,r_vix,0.017081359518318254
2022-02-07,PLTR,GSPC,2.1554717891201833
2022-02-14,PLTR,d_rate,-0.022077670480706742
2022-02-14,PLTR,d_credit,-0.09575736831230405
2022-02-14,PLTR,r_vix,0.08522943274590195
2022-02-14,PLTR,GSPC,2.7356807010127664
2022-02-21,PLTR,d_rate,0.05113440299770782
2022-02-21,PLTR,d_credit,-0.08675693035750426
2022-02-21,PLTR,r_vix,0.13121648024270927
2022-02-21,PLTR,GSPC,2.8519592106742446
2022-02-28,PLTR,d_rate,0.03653743760040026
2022-02-28,PLTR,d_credit,-0.08210741811375696
2022-02-28,PLTR,r_vix,0.12826601796232573
2022-02-28,PLTR,GSPC,2.8209328619669716
2022-03-07,PLTR,d_rate,0.0635314108629529
2022-03-07,PLTR,d_credit,-0.10730966040700139
2022-03-07,PLTR,r_vix,0.05997951243123043
2022-03-07,PLTR,GSPC,1.8720332280399627
2022-03-14,PLTR,d_rate,0.07399483138898597
2022-03-14,PLTR,d_credit,-0.17736259982147304
2022-03-14,PLTR,r_vix,0.05429792488275692
2022-03-14,PLTR,GSPC,1.734957531516357
2022-03-21,PLTR,d_rate,0.026351028006226098
2022-03-21,PLTR,d_credit,-0.15811948105848522
2022-03-21,PLTR,r_vix,0.031436090594676974
2022-03-21,PLTR,GSPC,1.6574641756498971
2022-03-28,PLTR,d_rate,-0.012634066500199145
2022-03-28,PLTR,d_credit,-0.22502147098109712
2022-03-28,PLTR,r_vix,8.707368190299205e-5
2022-03-28,PLTR,GSPC,1.3687752770584913
2022-04-04,PLTR,d_rate,-0.05101547108053338
2022-04-04,PLTR,d_credit,-0.2391615102095573
2022-04-04,PLTR,r_vix,-0.014741150865489527
2022-04-04,PLTR,GSPC,1.3372277247778426
2022-04-11,PLTR,d_rate,-0.06872247553465935
2022-04-11,PLTR,d_credit,-0.2401187320927225
2022-04-11,PLTR,r_vix,-0.02183563133960657
2022-04-11,PLTR,GSPC,1.3278413590054077
2022-04-18,PLTR,d_rate,-0.028455613986918652
2022-04-18,PLTR,d_credit,-0.1811643268141821
2022-04-18,PLTR,r_vix,0.001220940589109905
2022-04-18,PLTR,GSPC,1.446020649908812
2022-04-25,PLTR,d_rate,-0.023501988446685985
2022-04-25,PLTR,d_credit,-0.1932788069398761
2022-04-25,PLTR,r_vix,0.012582165924925668
2022-04-25,PLTR,GSPC,1.6049373971095384
2022-05-02,PLTR,d_rate,-0.07324093956177652
2022-05-02,PLTR,d_credit,-0.19828240808630979
2022-05-02,PLTR,r_vix,-0.007698500649669163
2022-05-02,PLTR,GSPC,1.5938532425586438
2022-05-09,PLTR,d_rate,-0.052120503987507144
2022-05-09,PLTR,d_credit,-0.23007243382511736
2022-05-09,PLTR,r_vix,0.01940890721534899
2022-05-09,PLTR,GSPC,1.8147299310806728
2022-05-16,PLTR,d_rate,-0.06693927415018201
2022-05-16,PLTR,d_credit,-0.2156298393890762
2022-05-16,PLTR,r_vix,-0.0045212979661919395
2022-05-16,PLTR,GSPC,1.6344429662696727
2022-05-23,PLTR,d_rate,-0.04583214620952699
2022-05-23,PLTR,d_credit,-0.2019088345454196
2022-05-23,PLTR,r_vix,0.013238751383829319
2022-05-23,PLTR,GSPC,1.635737994863774
2022-05-30,PLTR,d_rate,-0.0394205866021241
2022-05-30,PLTR,d_credit,-0.21475223342685723
2022-05-30,PLTR,r_vix,0.011311878980952208
2022-05-30,PLTR,GSPC,1.5779315333501729
2022-06-06,PLTR,d_rate,-0.030436369468463557
2022-06-06,PLTR,d_credit,-0.21564402090283014
2022-06-06,PLTR,r_vix,0.012999766045674063
2022-06-06,PLTR,GSPC,1.5494198916516895
2022-06-13,PLTR,d_rate,-0.02112293877409687
2022-06-13,PLTR,d_credit,-0.17391590929510312
2022-06-13,PLTR,r_vix,-0.030011036349391132
2022-06-13,PLTR,GSPC,1.198471753026012
2022-06-20,PLTR,d_rate,-0.021796047646108468
2022-06-20,PLTR,d_credit,-0.09830052330251665
2022-06-20,PLTR,r_vix,0.0020277531809755212
2022-06-20,PLTR,GSPC,1.694586663026792
2022-06-27,PLTR,d_rate,-0.03609394527700646
2022-06-27,PLTR,d_credit,-0.13328424020361523
2022-06-27,PLTR,r_vix,0.010395982769153794
2022-06-27,PLTR,GSPC,1.763199964695333
2022-07-04,PLTR,d_rate,-0.02763865626568874
2022-07-04,PLTR,d_credit,-0.1418626462157082
2022-07-04,PLTR,r_vix,0.019632222931551875
2022-07-04,PLTR,GSPC,1.835973929335107
2022-07-11,PLTR,d_rate,5.655702154103987e-4
2022-07-11,PLTR,d_credit,-0.11396145665155365
2022-07-11,PLTR,r_vix,0.042951591071433225
2022-07-11,PLTR,GSPC,1.9717711752168443
2022-07-18,PLTR,d_rate,-0.011239969560715244
2022-07-18,PLTR,d_credit,-0.12225946014682859
2022-07-18,PLTR,r_vix,0.04347625344955947
2022-07-18,PLTR,GSPC,2.0013520872277066
2022-07-25,PLTR,d_rate,-0.00996517489030613
2022-07-25,PLTR,d_credit,-0.12535408536707426
2022-07-25,PLTR,r_vix,0.042005437910755165
2022-07-25,PLTR,GSPC,1.98058665158689
2022-08-01,PLTR,d_rate,0.0014949281337774606
2022-08-01,PLTR,d_credit,-0.13887169880002107
2022-08-01,PLTR,r_vix,0.04852203285099864
2022-08-01,PLTR,GSPC,2.0041804817967424
2022-08-08,PLTR,d_rate,0.002528307972953852
2022-08-08,PLTR,d_credit,-0.16360186752587738
2022-08-08,PLTR,r_vix,0.04279955132556956
2022-08-08,PLTR,GSPC,1.7520811708669148
2022-08-15,PLTR,d_rate,-0.01300808630402292
2022-08-15,PLTR,d_credit,-0.16410077164814119
2022-08-15,PLTR,r_vix,0.041540178792368536
2022-08-15,PLTR,GSPC,1.7768856099410981
2022-08-22,PLTR,d_rate,-0.011733496769885906
2022-08-22,PLTR,d_credit,-0.16058709646994984
2022-08-22,PLTR,r_vix,0.048089758912397605
2022-08-22,PLTR,GSPC,1.7781249321057735
2022-08-29,PLTR,d_rate,-0.008793149358226138
2022-08-29,PLTR,d_credit,-0.1555969069333068
2022-08-29,PLTR,r_vix,0.04354928052586276
2022-08-29,PLTR,GSPC,1.7448709682142447
2022-09-05,PLTR,d_rate,-0.007340323059190041
2022-09-05,PLTR,d_credit,-0.14976802806765713
2022-09-05,PLTR,r_vix,0.03758804855832227
2022-09-05,PLTR,GSPC,1.7436290603974325
2022-09-12,PLTR,d_rate,0.004732815416333449
2022-09-12,PLTR,d_credit,-0.1410930575076821
2022-09-12,PLTR,r_vix,0.04032093209982705
2022-09-12,PLTR,GSPC,1.6722002880402056
2022-09-19,PLTR,d_rate,0.007202255084482805
2022-09-19,PLTR,d_credit,-0.15061084481710674
2022-09-19,PLTR,r_vix,0.04240616257994139
2022-09-19,PLTR,GSPC,1.6413565201409552
2022-09-26,PLTR,d_rate,0.048898624921896075
2022-09-26,PLTR,d_credit,-0.050309775839954725
2022-09-26,PLTR,r_vix,0.05004281315468106
2022-09-26,PLTR,GSPC,1.639069576068232
2022-10-03,PLTR,d_rate,0.05177550011733871
2022-10-03,PLTR,d_credit,-0.04562910985863095
2022-10-03,PLTR,r_vix,0.04480564105679971
2022-10-03,PLTR,GSPC,1.6301569636289994
2022-10-10,PLTR,d_rate,0.047694796262670536
2022-10-10,PLTR,d_credit,-0.05654431143768914
2022-10-10,PLTR,r_vix,0.048229779377687805
2022-10-10,PLTR,GSPC,1.633138571481065
2022-10-17,PLTR,d_rate,0.060312815023709894
2022-10-17,PLTR,d_credit,-0.03783724352576332
2022-10-17,PLTR,r_vix,0.05549871456744634
2022-10-17,PLTR,GSPC,1.7127814599899303
2022-10-24,PLTR,d_rate,0.06687438115685189
2022-10-24,PLTR,d_credit,-0.02823837885128358
2022-10-24,PLTR,r_vix,0.04682049754808144
2022-10-24,PLTR,GSPC,1.684254208066349
2022-10-31,PLTR,d_rate,0.06720902244780093
2022-10-31,PLTR,d_credit,-0.023122067120948196
2022-10-31,PLTR,r_vix,0.05174691260450479
2022-10-31,PLTR,GSPC,1.717933876018237
2022-11-07,PLTR,d_rate,0.0729090027980281
2022-11-07,PLTR,d_credit,-0.034778757236607775
2022-11-07,PLTR,r_vix,0.04903496851424582
2022-11-07,PLTR,GSPC,1.6853210587200518
2022-11-14,PLTR,d_rate,0.1044546232368944
2022-11-14,PLTR,d_credit,0.006498122857242777
2022-11-14,PLTR,r_vix,0.061854481103380286
2022-11-14,PLTR,GSPC,1.784133473721094
2022-11-21,PLTR,d_rate,0.1041457881814326
2022-11-21,PLTR,d_credit,0.005706587035688988
2022-11-21,PLTR,r_vix,0.04473580141943539
2022-11-21,PLTR,GSPC,1.7370194471804745
2022-11-28,PLTR,d_rate,0.08057610679178948
2022-11-28,PLTR,d_credit,-0.013795533634524761
2022-11-28,PLTR,r_vix,0.04221426369988365
2022-11-28,PLTR,GSPC,1.7076148255980697
2022-12-05,PLTR,d_rate,0.08527394166769595
2022-12-05,PLTR,d_credit,0.004382446044091838
2022-12-05,PLTR,r_vix,0.0024863955655261656
2022-12-05,PLTR,GSPC,1.647085059552081
2022-12-12,PLTR,d_rate,0.08767827230335448
2022-12-12,PLTR,d_credit,0.0092504846995779
2022-12-12,PLTR,r_vix,-0.018945508115442548
2022-12-12,PLTR,GSPC,1.5990743538767862
2022-12-19,PLTR,d_rate,0.0678860120516118
2022-12-19,PLTR,d_credit,-0.007495333291126159
2022-12-19,PLTR,r_vix,0.004710958266952336
2022-12-19,PLTR,GSPC,1.6517405554435882
2022-12-26,PLTR,d_rate,0.07237115232472469
2022-12-26,PLTR,d_credit,-0.0025157736619868293
2022-12-26,PLTR,r_vix,-0.016140419316419775
2022-12-26,PLTR,GSPC,1.6101069246495192
2023-01-02,PLTR,d_rate,0.0773567789849328
2023-01-02,PLTR,d_credit,-0.015477649575389708
2023-01-02,PLTR,r_vix,-0.003573854117856709
2023-01-02,PLTR,GSPC,1.6262877933454705
2023-01-09,PLTR,d_rate,0.07114416069536995
2023-01-09,PLTR,d_credit,-0.03106325782411459
2023-01-09,PLTR,r_vix,-0.010638720189186185
2023-01-09,PLTR,GSPC,1.6210741131737227
2023-01-16,PLTR,d_rate,0.06602451636091332
2023-01-16,PLTR,d_credit,-0.04153653164885703
2023-01-16,PLTR,r_vix,0.053473730900182655
2023-01-16,PLTR,GSPC,1.7143284752312005
2023-01-23,PLTR,d_rate,0.06809808041601437
2023-01-23,PLTR,d_credit,-0.0359921746076479
2023-01-23,PLTR,r_vix,0.05099128148216085
2023-01-23,PLTR,GSPC,1.7457436810942188
2023-01-30,PLTR,d_rate,0.06664065559508468
2023-01-30,PLTR,d_credit,-0.04617199209811858
2023-01-30,PLTR,r_vix,0.06722388912371263
2023-01-30,PLTR,GSPC,1.808242116000476
2023-02-06,PLTR,d_rate,0.0533713044196175
2023-02-06,PLTR,d_credit,-0.05490758971641121
2023-02-06,PLTR,r_vix,0.002245788268873315
2023-02-06,PLTR,GSPC,1.6589841149237423
2023-02-13,PLTR,d_rate,0.06713780950391857
2023-02-13,PLTR,d_credit,0.021461038897746487
2023-02-13,PLTR,r_vix,-0.0467248467765125
2023-02-13,PLTR,GSPC,1.5630413230312907
2023-02-20,PLTR,d_rate,0.0627891926822367
2023-02-20,PLTR,d_credit,0.02443219623327419
2023-02-20,PLTR,r_vix,-0.05730275664574352
2023-02-20,PLTR,GSPC,1.5713209123291458
2023-02-27,PLTR,d_rate,0.06302678372237751
2023-02-27,PLTR,d_credit,0.024504000305755887
2023-02-27,PLTR,r_vix,-0.05673484892596741
2023-02-27,PLTR,GSPC,1.5722090208821948
2023-03-06,PLTR,d_rate,0.052647934718278236
2023-03-06,PLTR,d_credit,0.004280260606525275
2023-03-06,PLTR,r_vix,-0.031198189055894356
2023-03-06,PLTR,GSPC,1.6694907585455676
2023-03-13,PLTR,d_rate,0.04054694239780142
2023-03-13,PLTR,d_credit,0.027487833626516935
2023-03-13,PLTR,r_vix,-0.016869762654085442
2023-03-13,PLTR,GSPC,1.7193155292389166
2023-03-20,PLTR,d_rate,0.04483799347460984
2023-03-20,PLTR,d_credit,0.024818467390595532
2023-03-20,PLTR,r_vix,-0.03160148954857055
2023-03-20,PLTR,GSPC,1.6992327042235396
2023-03-27,PLTR,d_rate,0.057154353616149386
2023-03-27,PLTR,d_credit,0.06733351645259562
2023-03-27,PLTR,r_vix,-0.021181043450892657
2023-03-27,PLTR,GSPC,1.743397905291189
2023-04-03,PLTR,d_rate,0.07452983687871795
2023-04-03,PLTR,d_credit,0.06934893787116894
2023-04-03,PLTR,r_vix,-0.007714852850118093
2023-04-03,PLTR,GSPC,1.7832149892252198
2023-04-10,PLTR,d_rate,0.08118050487795017
2023-04-10,PLTR,d_credit,0.06629736653927826
2023-04-10,PLTR,r_vix,-0.018515239852893026
2023-04-10,PLTR,GSPC,1.781308007360058
2023-04-17,PLTR,d_rate,0.0803026941452381
2023-04-17,PLTR,d_credit,0.06830512177707089
2023-04-17,PLTR,r_vix,-0.013044031310787282
2023-04-17,PLTR,GSPC,1.7947212383387678
2023-04-24,PLTR,d_rate,0.08730412321364982
2023-04-24,PLTR,d_credit,0.07886290102177787
2023-04-24,PLTR,r_vix,0.031018365555074697
2023-04-24,PLTR,GSPC,1.8560720538634936
2023-05-01,PLTR,d_rate,0.10966507720905577
2023-05-01,PLTR,d_credit,0.10162502313508445
2023-05-01,PLTR,r_vix,-0.030741985413461993
2023-05-01,PLTR,GSPC,1.7341504148407578
2023-05-08,PLTR,d_rate,0.10134021522105302
2023-05-08,PLTR,d_credit,0.14062578510211657
2023-05-08,PLTR,r_vix,-0.0940031630721498
2023-05-08,PLTR,GSPC,1.5198185957147448
2023-05-15,PLTR,d_rate,0.14075360912642776
2023-05-15,PLTR,d_credit,0.14722304149013074
2023-05-15,PLTR,r_vix,-0.04601878791841274
2023-05-15,PLTR,GSPC,1.7583032649684047
2023-05-22,PLTR,d_rate,0.1461343261022376
2023-05-22,PLTR,d_credit,0.10754384163314708
2023-05-22,PLTR,r_vix,0.02889783641336699
2023-05-22,PLTR,GSPC,1.9780221041182464
2023-05-29,PLTR,d_rate,0.1411315298116971
2023-05-29,PLTR,d_credit,0.11783772425847981
2023-05-29,PLTR,r_vix,0.0019687801194073025
2023-05-29,PLTR,GSPC,1.9228899569325153
2023-06-05,PLTR,d_rate,0.14178172658054133
2023-06-05,PLTR,d_credit,0.11383830761026974
2023-06-05,PLTR,r_vix,-0.001094904024093241
2023-06-05,PLTR,GSPC,1.9055849454866962
2023-06-12,PLTR,d_rate,0.13489523677056908
2023-06-12,PLTR,d_credit,0.07972162745462259
2023-06-12,PLTR,r_vix,0.03154275767151581
2023-06-12,PLTR,GSPC,2.1405625782171973
2023-06-19,PLTR,d_rate,0.1413179471498347
2023-06-19,PLTR,d_credit,0.047686496547415386
2023-06-19,PLTR,r_vix,0.03720225928046718
2023-06-19,PLTR,GSPC,2.0423690055831663
2023-06-26,PLTR,d_rate,0.13828647698353597
2023-06-26,PLTR,d_credit,0.05260586891805901
2023-06-26,PLTR,r_vix,0.040416690397138556
2023-06-26,PLTR,GSPC,2.0548980663926404
2023-07-03,PLTR,d_rate,0.13122186879983722
2023-07-03,PLTR,d_credit,0.061747179629605735
2023-07-03,PLTR,r_vix,0.03814053608119559
2023-07-03,PLTR,GSPC,2.0330287329467933
2023-07-10,PLTR,d_rate,0.10714466160846137
2023-07-10,PLTR,d_credit,0.06070589906233999
2023-07-10,PLTR,r_vix,0.013853647190694856
2023-07-10,PLTR,GSPC,1.9282332460083647
2023-07-17,PLTR,d_rate,0.1155597791474722
2023-07-17,PLTR,d_credit,0.06792124384274166
2023-07-17,PLTR,r_vix,0.0042102566037612215
2023-07-17,PLTR,GSPC,1.875500160763069
2023-07-24,PLTR,d_rate,0.1193900540914252
2023-07-24,PLTR,d_credit,0.0735839699749971
2023-07-24,PLTR,r_vix,0.012773027189729768
2023-07-24,PLTR,GSPC,1.9526210251985767
2023-07-31,PLTR,d_rate,0.11472808565465253
2023-07-31,PLTR,d_credit,0.09680981226953952
2023-07-31,PLTR,r_vix,0.03669296831540964
2023-07-31,PLTR,GSPC,2.0002771318350088
2023-08-07,PLTR,d_rate,0.10804424980046111
2023-08-07,PLTR,d_credit,0.09356583553867225
2023-08-07,PLTR,r_vix,0.14938301911318977
2023-08-07,PLTR,GSPC,2.5836729544941965
2023-08-14,PLTR,d_rate,0.11836073098640448
2023-08-14,PLTR,d_credit,0.08775946450726209
2023-08-14,PLTR,r_vix,0.1427163365230132
2023-08-14,PLTR,GSPC,2.548128911514867
2023-08-21,PLTR,d_rate,0.1173633053745902
2023-08-21,PLTR,d_credit,0.08294527625718351
2023-08-21,PLTR,r_vix,0.142948432670833
2023-08-21,PLTR,GSPC,2.5406709029303425
2023-08-28,PLTR,d_rate,0.11946696435432655
2023-08-28,PLTR,d_credit,0.08857644017066953
2023-08-28,PLTR,r_vix,0.1345103607284941
2023-08-28,PLTR,GSPC,2.5023380855950594
2023-09-04,PLTR,d_rate,0.12650455722936815
2023-09-04,PLTR,d_credit,0.09005083645646057
2023-09-04,PLTR,r_vix,0.13664002149426735
2023-09-04,PLTR,GSPC,2.5685009638057372
2023-09-11,PLTR,d_rate,0.1259087873520068
2023-09-11,PLTR,d_credit,0.1023061492074286
2023-09-11,PLTR,r_vix,0.14005808755506838
2023-09-11,PLTR,GSPC,2.7593838289219303
2023-09-18,PLTR,d_rate,0.12152355948490672
2023-09-18,PLTR,d_credit,0.12958489578665988
2023-09-18,PLTR,r_vix,0.12365820206160785
2023-09-18,PLTR,GSPC,2.8594009682640538
2023-09-25,PLTR,d_rate,0.11439705126618033
2023-09-25,PLTR,d_credit,0.0747237941960417
2023-09-25,PLTR,r_vix,0.15609074374370646
2023-09-25,PLTR,GSPC,3.0711319359869
2023-10-02,PLTR,d_rate,0.11378295556707058
2023-10-02,PLTR,d_credit,0.061362796106308945
2023-10-02,PLTR,r_vix,0.16638871645873657
2023-10-02,PLTR,GSPC,3.124230732161452
2023-10-09,PLTR,d_rate,0.11730661269242167
2023-10-09,PLTR,d_credit,0.08669921519227117
2023-10-09,PLTR,r_vix,0.16396383710861606
2023-10-09,PLTR,GSPC,3.0844404632242686
2023-10-16,PLTR,d_rate,0.1268952473041415
2023-10-16,PLTR,d_credit,0.11473095183463775
2023-10-16,PLTR,r_vix,0.18295360945744682
2023-10-16,PLTR,GSPC,3.4330290312759137
2023-10-23,PLTR,d_rate,0.11500344408559862
2023-10-23,PLTR,d_credit,0.10381773216607583
2023-10-23,PLTR,r_vix,0.17317969743964937
2023-10-23,PLTR,GSPC,3.404732327890124
2023-10-30,PLTR,d_rate,0.09656561166112387
2023-10-30,PLTR,d_credit,0.12249456744900987
2023-10-30,PLTR,r_vix,0.14555788872900233
2023-10-30,PLTR,GSPC,3.599679513920808
2023-11-06,PLTR,d_rate,0.11469566788435841
2023-11-06,PLTR,d_credit,0.17286321397951132
2023-11-06,PLTR,r_vix,0.25759185480085894
2023-11-06,PLTR,GSPC,4.657678139463131
2023-11-13,PLTR,d_rate,0.08835721462092341
2023-11-13,PLTR,d_credit,0.12185873664280794
2023-11-13,PLTR,r_vix,0.24531183576458257
2023-11-13,PLTR,GSPC,4.408371785618781
2023-11-20,PLTR,d_rate,0.0797884495541414
2023-11-20,PLTR,d_credit,0.12131005892800566
2023-11-20,PLTR,r_vix,0.2572978232858696
2023-11-20,PLTR,GSPC,4.440930343746502
2023-11-27,PLTR,d_rate,0.07714583163905736
2023-11-27,PLTR,d_credit,0.12019631093571839
2023-11-27,PLTR,r_vix,0.2647119022982932
2023-11-27,PLTR,GSPC,4.4654423851294895
2023-12-04,PLTR,d_rate,0.10516230148779344
2023-12-04,PLTR,d_credit,0.23851519599117083
2023-12-04,PLTR,r_vix,0.264626926748448
2023-12-04,PLTR,GSPC,4.769695372555984
2023-12-11,PLTR,d_rate,0.1308751554253015
2023-12-11,PLTR,d_credit,0.2501728945509001
2023-12-11,PLTR,r_vix,0.272533296612822
2023-12-11,PLTR,GSPC,4.906745139608848
2023-12-18,PLTR,d_rate,0.1535418111894061
2023-12-18,PLTR,d_credit,0.24396878113513465
2023-12-18,PLTR,r_vix,0.19257609999651373
2023-12-18,PLTR,GSPC,4.509167551966274
2023-12-25,PLTR,d_rate,0.15471086975688722
2023-12-25,PLTR,d_credit,0.24645863074204352
2023-12-25,PLTR,r_vix,0.19437888116404858
2023-12-25,PLTR,GSPC,4.524168170255979
2024-01-01,PLTR,d_rate,0.1343762693764655
2024-01-01,PLTR,d_credit,0.2409322585000883
2024-01-01,PLTR,r_vix,0.20147729004463918
2024-01-01,PLTR,GSPC,4.582466288261124
2024-01-08,PLTR,d_rate,0.13829923748219872
2024-01-08,PLTR,d_credit,0.2537269034283196
2024-01-08,PLTR,r_vix,0.20105233936434372
2024-01-08,PLTR,GSPC,4.562537024600852
2024-01-15,PLTR,d_rate,0.12231704974292457
2024-01-15,PLTR,d_credit,0.2523398322641947
2024-01-15,PLTR,r_vix,0.17054743095428926
2024-01-15,PLTR,GSPC,4.349133639826443
2024-01-22,PLTR,d_rate,0.12147014964300083
2024-01-22,PLTR,d_credit,0.24972180126647453
2024-01-22,PLTR,r_vix,0.1609834252660406
2024-01-22,PLTR,GSPC,4.272993627394316
2024-01-29,PLTR,d_rate,0.12263600054604266
2024-01-29,PLTR,d_credit,0.2592711963000956
2024-01-29,PLTR,r_vix,0.14360720479225308
2024-01-29,PLTR,GSPC,4.158860552556735
2024-02-05,PLTR,d_rate,0.2142656315866116
2024-02-05,PLTR,d_credit,0.3803373141379697
2024-02-05,PLTR,r_vix,0.14788691190462747
2024-02-05,PLTR,GSPC,4.6129734037451975
2024-02-12,PLTR,d_rate,0.19144932245863547
2024-02-12,PLTR,d_credit,0.315085214897053
2024-02-12,PLTR,r_vix,0.1872158866597554
2024-02-12,PLTR,GSPC,4.742954236389773
2024-02-19,PLTR,d_rate,0.1960660604736761
2024-02-19,PLTR,d_credit,0.32235482580178504
2024-02-19,PLTR,r_vix,0.16453930262282737
2024-02-19,PLTR,GSPC,4.505476585202985
2024-02-26,PLTR,d_rate,0.19738772918985917
2024-02-26,PLTR,d_credit,0.3368227274599596
2024-02-26,PLTR,r_vix,0.15693711321160905
2024-02-26,PLTR,GSPC,4.510756840080786
2024-03-04,PLTR,d_rate,0.2066478376813168
2024-03-04,PLTR,d_credit,0.32480865680803284
2024-03-04,PLTR,r_vix,0.16676105559272483
2024-03-04,PLTR,GSPC,4.680470899071334
2024-03-11,PLTR,d_rate,0.1884288519163609
2024-03-11,PLTR,d_credit,0.3730976759622414
2024-03-11,PLTR,r_vix,0.18409677737550706
2024-03-11,PLTR,GSPC,4.7830810814024485
2024-03-18,PLTR,d_rate,0.18802957146660257
2024-03-18,PLTR,d_credit,0.34922553922414373
2024-03-18,PLTR,r_vix,0.18411734606650754
2024-03-18,PLTR,GSPC,4.691238987206128
2024-03-25,PLTR,d_rate,0.20703470672710678
2024-03-25,PLTR,d_credit,0.30388688247405554
2024-03-25,PLTR,r_vix,0.18144955710644206
2024-03-25,PLTR,GSPC,4.914267601011264
2024-04-01,PLTR,d_rate,0.20242759332148477
2024-04-01,PLTR,d_credit,0.3053383935625822
2024-04-01,PLTR,r_vix,0.17308237265623377
2024-04-01,PLTR,GSPC,4.861024933129103
2024-04-08,PLTR,d_rate,0.19119195400394973
2024-04-08,PLTR,d_credit,0.3058841170203756
2024-04-08,PLTR,r_vix,0.18791667927119596
2024-04-08,PLTR,GSPC,4.802241799695365
2024-04-15,PLTR,d_rate,0.19238560146357195
2024-04-15,PLTR,d_credit,0.3062664575192719
2024-04-15,PLTR,r_vix,0.1743303528546647
2024-04-15,PLTR,GSPC,4.705806977132434
2024-04-22,PLTR,d_rate,0.1814498202741994
2024-04-22,PLTR,d_credit,0.3274379142997194
2024-04-22,PLTR,r_vix,0.16394244163275634
2024-04-22,PLTR,GSPC,4.648522247743697
2024-04-29,PLTR,d_rate,0.17224141469861778
2024-04-29,PLTR,d_credit,0.40165378252007117
2024-04-29,PLTR,r_vix,0.16021994215981566
2024-04-29,PLTR,GSPC,4.571698955031573
2024-05-06,PLTR,d_rate,0.16470472310428488
2024-05-06,PLTR,d_credit,0.3451496287866219
2024-05-06,PLTR,r_vix,0.1952239594553819
2024-05-06,PLTR,GSPC,4.627098371373238
2024-05-13,PLTR,d_rate,0.11379725123298531
2024-05-13,PLTR,d_credit,0.3265902306082789
2024-05-13,PLTR,r_vix,0.17924117485260588
2024-05-13,PLTR,GSPC,4.237699284577843
2024-05-20,PLTR,d_rate,0.10353924170366732
2024-05-20,PLTR,d_credit,0.4006626982456514
2024-05-20,PLTR,r_vix,0.14635812206857224
2024-05-20,PLTR,GSPC,4.081798562111351
2024-05-27,PLTR,d_rate,0.10571105035752856
2024-05-27,PLTR,d_credit,0.3979625050639278
2024-05-27,PLTR,r_vix,0.16933371425358165
2024-05-27,PLTR,GSPC,4.142690871858333
2024-06-03,PLTR,d_rate,0.10076375412990979
2024-06-03,PLTR,d_credit,0.41989102444953147
2024-06-03,PLTR,r_vix,0.17826016410869133
2024-06-03,PLTR,GSPC,4.195564157288399
2024-06-10,PLTR,d_rate,0.11200714625801203
2024-06-10,PLTR,d_credit,0.40168437203633595
2024-06-10,PLTR,r_vix,0.15122258750693138
2024-06-10,PLTR,GSPC,4.040686332505297
2024-06-17,PLTR,d_rate,0.09033248962720489
2024-06-17,PLTR,d_credit,0.39035820217821837
2024-06-17,PLTR,r_vix,0.11274812116823099
2024-06-17,PLTR,GSPC,3.640079513194069
2024-06-24,PLTR,d_rate,0.09000262484176648
2024-06-24,PLTR,d_credit,0.4182361127284446
2024-06-24,PLTR,r_vix,0.07557118439898769
2024-06-24,PLTR,GSPC,3.394236850374984
2024-07-01,PLTR,d_rate,0.07962043547041604
2024-07-01,PLTR,d_credit,0.4401411347912668
2024-07-01,PLTR,r_vix,0.07279029991652507
2024-07-01,PLTR,GSPC,3.3930997852214535
2024-07-08,PLTR,d_rate,0.07656203798378379
2024-07-08,PLTR,d_credit,0.4476443792406909
2024-07-08,PLTR,r_vix,0.07112605036921713
2024-07-08,PLTR,GSPC,3.3910276460488245
2024-07-15,PLTR,d_rate,0.07452742857089367
2024-07-15,PLTR,d_credit,0.43162821225421266
2024-07-15,PLTR,r_vix,0.11158101891449736
2024-07-15,PLTR,GSPC,3.47553439854929
2024-07-22,PLTR,d_rate,0.06818616519461185
2024-07-22,PLTR,d_credit,0.4174180552785266
2024-07-22,PLTR,r_vix,0.12169144788372277
2024-07-22,PLTR,GSPC,3.505207123357699
2024-07-29,PLTR,d_rate,0.10077933904499431
2024-07-29,PLTR,d_credit,0.32633433431410475
2024-07-29,PLTR,r_vix,0.06716400150287015
2024-07-29,PLTR,GSPC,3.5498698704495935
2024-08-05,PLTR,d_rate,0.11285885337478858
2024-08-05,PLTR,d_credit,0.31131359688971655
2024-08-05,PLTR,r_vix,-0.11444786944733464
2024-08-05,PLTR,GSPC,2.521385563736833
2024-08-12,PLTR,d_rate,0.11406013306311383
2024-08-12,PLTR,d_credit,0.3276878033451212
2024-08-12,PLTR,r_vix,-0.09910412877856004
2024-08-12,PLTR,GSPC,2.4863245361741706
2024-08-19,PLTR,d_rate,0.11604858072643451
2024-08-19,PLTR,d_credit,0.34670640990492213
2024-08-19,PLTR,r_vix,-0.10979012429731311
2024-08-19,PLTR,GSPC,2.4152344810207595
2024-08-26,PLTR,d_rate,0.11621246144862167
2024-08-26,PLTR,d_credit,0.3879717437475836
2024-08-26,PLTR,r_vix,-0.12000168159579225
2024-08-26,PLTR,GSPC,2.462730519629429
2024-09-02,PLTR,d_rate,0.07455802486189483
2024-09-02,PLTR,d_credit,0.36048579909977146
2024-09-02,PLTR,r_vix,-0.09742117681425637
2024-09-02,PLTR,GSPC,2.150920547801579
2024-09-09,PLTR,d_rate,0.07457573432158683
2024-09-09,PLTR,d_credit,0.3711205064703015
2024-09-09,PLTR,r_vix,-0.10998435218358484
2024-09-09,PLTR,GSPC,2.1769815525712204
2024-09-16,PLTR,d_rate,0.0769078548127801
2024-09-16,PLTR,d_credit,0.3727586921155435
2024-09-16,PLTR,r_vix,-0.10798721058438869
2024-09-16,PLTR,GSPC,2.225525162843934
2024-09-23,PLTR,d_rate,0.05190904895508017
2024-09-23,PLTR,d_credit,0.30004166248695263
2024-09-23,PLTR,r_vix,-0.09950387449841709
2024-09-23,PLTR,GSPC,2.2464177538322265
2024-09-30,PLTR,d_rate,0.08024421964087582
2024-09-30,PLTR,d_credit,0.2491278558739799
2024-09-30,PLTR,r_vix,-0.05358684026056353
2024-09-30,PLTR,GSPC,2.5360905043190094
2024-10-07,PLTR,d_rate,0.10162025757712312
2024-10-07,PLTR,d_credit,0.2746265616243861
2024-10-07,PLTR,r_vix,-0.04634281297025616
2024-10-07,PLTR,GSPC,2.670683424101235
2024-10-14,PLTR,d_rate,0.13261387652792073
2024-10-14,PLTR,d_credit,0.34605211663791585
2024-10-14,PLTR,r_vix,-0.03964635912155153
2024-10-14,PLTR,GSPC,2.7015206956950237
2024-10-21,PLTR,d_rate,0.1479066873498699
2024-10-21,PLTR,d_credit,0.35582649366156766
2024-10-21,PLTR,r_vix,-0.025467986590317144
2024-10-21,PLTR,GSPC,2.797399724519963
2024-10-28,PLTR,d_rate,0.1786535730955782
2024-10-28,PLTR,d_credit,0.39444475432164616
2024-10-28,PLTR,r_vix,9.486432843884786e-4
2024-10-28,PLTR,GSPC,2.695317982073776
2024-11-04,PLTR,d_rate,0.1358175058464658
2024-11-04,PLTR,d_credit,0.2733362307732016
2024-11-04,PLTR,r_vix,-0.08528242367508744
2024-11-04,PLTR,GSPC,2.6322725835631156
2024-11-11,PLTR,d_rate,0.1563872599121359
2024-11-11,PLTR,d_credit,0.34393906156913284
2024-11-11,PLTR,r_vix,-0.12541354463655766
2024-11-11,PLTR,GSPC,2.190515154113156
2024-11-18,PLTR,d_rate,0.1350949699374971
2024-11-18,PLTR,d_credit,0.24900180198584726
2024-11-18,PLTR,r_vix,-0.14930343902495508
2024-11-18,PLTR,GSPC,1.88734880762906
2024-11-25,PLTR,d_rate,0.1593494793129865
2024-11-25,PLTR,d_credit,0.2938383685745689
2024-11-25,PLTR,r_vix,-0.15321492628018005
2024-11-25,PLTR,GSPC,1.9377521711075003
2024-12-02,PLTR,d_rate,0.10064362474405711
2024-12-02,PLTR,d_credit,0.06507501969900271
2024-12-02,PLTR,r_vix,-0.17906001612001282
2024-12-02,PLTR,GSPC,1.4766912046049183
2024-12-09,PLTR,d_rate,0.08754505637459664
2024-12-09,PLTR,d_credit,0.04296695645425087
2024-12-09,PLTR,r_vix,-0.18076046102999035
2024-12-09,PLTR,GSPC,1.4459956323635625
2024-12-16,PLTR,d_rate,0.13229926741580586
2024-12-16,PLTR,d_credit,0.17270311047257814
2024-12-16,PLTR,r_vix,-0.13138885405194903
2024-12-16,PLTR,GSPC,1.8151629965673073
2024-12-23,PLTR,d_rate,0.11645706412144172
2024-12-23,PLTR,d_credit,0.13972524583218895
2024-12-23,PLTR,r_vix,-0.11177944924214434
2024-12-23,PLTR,GSPC,1.8848348629896852
2024-12-30,PLTR,d_rate,0.15577096203302188
2024-12-30,PLTR,d_credit,0.25055672761538694
2024-12-30,PLTR,r_vix,-0.1265517512917476
2024-12-30,PLTR,GSPC,1.8165141203798627
2025-01-06,PLTR,d_rate,0.13523570958419687
2025-01-06,PLTR,d_credit,0.2637070977717393
2025-01-06,PLTR,r_vix,-0.14012275359049395
2025-01-06,PLTR,GSPC,1.9307918858700468
2025-01-13,PLTR,d_rate,0.15310470878057858
2025-01-13,PLTR,d_credit,0.2553247525103848
2025-01-13,PLTR,r_vix,-0.1181118862467193
2025-01-13,PLTR,GSPC,2.105958518655479
2025-01-20,PLTR,d_rate,0.1533265430125902
2025-01-20,PLTR,d_credit,0.24179626014008537
2025-01-20,PLTR,r_vix,-0.10690140486016447
2025-01-20,PLTR,GSPC,2.23769023527044
2025-01-27,PLTR,d_rate,0.1445589674058643
2025-01-27,PLTR,d_credit,0.23329684425546632
2025-01-27,PLTR,r_vix,-0.11305041501779832
2025-01-27,PLTR,GSPC,2.1115143123769706
2025-02-03,PLTR,d_rate,-0.10444427437138828
2025-02-03,PLTR,d_credit,-0.279907163466146
2025-02-03,PLTR,r_vix,-0.17659070395380555
2025-02-03,PLTR,GSPC,0.5498043197704393
2025-02-10,PLTR,d_rate,-0.10341727624752547
2025-02-10,PLTR,d_credit,-0.28100627687044905
2025-02-10,PLTR,r_vix,-0.17686022455174719
2025-02-10,PLTR,GSPC,0.5558366386464492
2025-02-17,PLTR,d_rate,-0.11209252360530728
2025-02-17,PLTR,d_credit,-0.37142305842495266
2025-02-17,PLTR,r_vix,-0.17116237761879066
2025-02-17,PLTR,GSPC,0.8058395264470407
2025-02-24,PLTR,d_rate,-0.10908227093826371
2025-02-24,PLTR,d_credit,-0.5737693313633494
2025-02-24,PLTR,r_vix,-0.13405885800380982
2025-02-24,PLTR,GSPC,1.061311420984791
2025-03-03,PLTR,d_rate,-0.0901583601868404
2025-03-03,PLTR,d_credit,-0.519077633699783
2025-03-03,PLTR,r_vix,-0.15844732601236688
2025-03-03,PLTR,GSPC,0.8365553773446804
2025-03-10,PLTR,d_rate,-0.10438497978969415
2025-03-10,PLTR,d_credit,-0.7529790222526207
2025-03-10,PLTR,r_vix,-0.18229456198425004
2025-03-10,PLTR,GSPC,0.4131091432518143
2025-03-17,PLTR,d_rate,-0.10289410373731706
2025-03-17,PLTR,d_credit,-0.738002216066862
2025-03-17,PLTR,r_vix,-0.1864315939916588
2025-03-17,PLTR,GSPC,0.40924689595553226
2025-03-24,PLTR,d_rate,-0.10723392312550561
2025-03-24,PLTR,d_credit,-0.7577897517138377
2025-03-24,PLTR,r_vix,-0.18410732953482967
2025-03-24,PLTR,GSPC,0.4324502373110823
2025-03-31,PLTR,d_rate,-0.1264868592167221
2025-03-31,PLTR,d_credit,-0.7642641966313529
2025-03-31,PLTR,r_vix,-0.20243648400610062
2025-03-31,PLTR,GSPC,0.11859606196014574
2025-04-07,PLTR,d_rate,-0.056957020285555215
2025-04-07,PLTR,d_credit,-0.6182136993949356
2025-04-07,PLTR,r_vix,-0.18044025762572072
2025-04-07,PLTR,GSPC,0.5617965986472708
2025-04-14,PLTR,d_rate,-0.0436627175300779
2025-04-14,PLTR,d_credit,-0.6406221928483685
2025-04-14,PLTR,r_vix,-0.2139147251700655
2025-04-14,PLTR,GSPC,0.20520899865953027
2025-04-21,PLTR,d_rate,-0.04633813021655077
2025-04-21,PLTR,d_credit,-0.647989506546696
2025-04-21,PLTR,r_vix,-0.2143684904380721
2025-04-21,PLTR,GSPC,0.1982422860470521
2025-04-28,PLTR,d_rate,-0.018347169245904734
2025-04-28,PLTR,d_credit,-0.5105016803296891
2025-04-28,PLTR,r_vix,-0.21407228207934997
2025-04-28,PLTR,GSPC,0.41864559985519445
2025-05-05,PLTR,d_rate,-0.022205094555760023
2025-05-05,PLTR,d_credit,-0.4886930353458296
2025-05-05,PLTR,r_vix,-0.18727314277124357
2025-05-05,PLTR,GSPC,0.7334740076059357
2025-05-12,PLTR,d_rate,-0.02174418286001297
2025-05-12,PLTR,d_credit,-0.4752402963887793
2025-05-12,PLTR,r_vix,-0.19381240338882605
2025-05-12,PLTR,GSPC,0.6323184173790234
2025-05-19,PLTR,d_rate,-0.02122063534351075
2025-05-19,PLTR,d_credit,-0.5003161410248216
2025-05-19,PLTR,r_vix,-0.1942032152674093
2025-05-19,PLTR,GSPC,0.5855511477471103
2025-05-26,PLTR,d_rate,-0.011615439578029872
2025-05-26,PLTR,d_credit,-0.4679089655159776
2025-05-26,PLTR,r_vix,-0.19120739953060897
2025-05-26,PLTR,GSPC,0.6236108242136132
2025-06-02,PLTR,d_rate,0.013101141561112558
2025-06-02,PLTR,d_credit,-0.2670122103164407
2025-06-02,PLTR,r_vix,-0.1991212276665866
2025-06-02,PLTR,GSPC,0.7620595680496676
2025-06-09,PLTR,d_rate,-0.009515287642918095
2025-06-09,PLTR,d_credit,-0.3005743372516627
2025-06-09,PLTR,r_vix,-0.15964607467059946
2025-06-09,PLTR,GSPC,0.9608610467329873
2025-06-16,PLTR,d_rate,-0.006436358296720603
2025-06-16,PLTR,d_credit,-0.2928395372248042
2025-06-16,PLTR,r_vix,-0.15626662226118848
2025-06-16,PLTR,GSPC,0.9952366624278721
2025-06-23,PLTR,d_rate,-0.01691227632820624
2025-06-23,PLTR,d_credit,-0.4181919104269068
2025-06-23,PLTR,r_vix,-0.1361377541098669
2025-06-23,PLTR,GSPC,0.8381273193181795
2025-06-30,PLTR,d_rate,-0.012947512726713217
2025-06-30,PLTR,d_credit,-0.4202079779539534
2025-06-30,PLTR,r_vix,-0.1457735956537607
2025-06-30,PLTR,GSPC,0.7559419563432107
2025-07-07,PLTR,d_rate,-0.013416802102397237
2025-07-07,PLTR,d_credit,-0.4137222666627232
2025-07-07,PLTR,r_vix,-0.14422434424771477
2025-07-07,PLTR,GSPC,0.7753763403615765
2025-07-14,PLTR,d_rate,-0.0091915337044531
2025-07-14,PLTR,d_credit,-0.3791521817793048
2025-07-14,PLTR,r_vix,-0.1568212586660748
2025-07-14,PLTR,GSPC,0.7716358645237652
2025-07-21,PLTR,d_rate,0.005556704929777845
2025-07-21,PLTR,d_credit,-0.3057699424780991
2025-07-21,PLTR,r_vix,-0.16937944263706747
2025-07-21,PLTR,GSPC,0.7520910754880826
2025-07-28,PLTR,d_rate,-0.004278273169918811
2025-07-28,PLTR,d_credit,-0.3098241790398755
2025-07-28,PLTR,r_vix,-0.15593933506713095
2025-07-28,PLTR,GSPC,0.8092466029126829
2025-08-04,PLTR,d_rate,-0.020746629029679914
2025-08-04,PLTR,d_credit,-0.2571871890662308
2025-08-04,PLTR,r_vix,-0.13977694584660696
2025-08-04,PLTR,GSPC,1.051117631878611
2025-08-11,PLTR,d_rate,-0.030494741353809727
2025-08-11,PLTR,d_credit,-0.24981547282524663
2025-08-11,PLTR,r_vix,-0.1612949920894724
2025-08-11,PLTR,GSPC,0.9878921193527371
2025-08-18,PLTR,d_rate,-0.03991398789796093
2025-08-18,PLTR,d_credit,-0.3230263316957277
2025-08-18,PLTR,r_vix,-0.12830027446631465
2025-08-18,PLTR,GSPC,1.1248792553657287
2025-08-25,PLTR,d_rate,-0.03143544643227963
2025-08-25,PLTR,d_credit,-0.32339647937273025
2025-08-25,PLTR,r_vix,-0.137643294663119
2025-08-25,PLTR,GSPC,1.0621317927489493
2025-09-01,PLTR,d_rate,0.017365115153846176
2025-09-01,PLTR,d_credit,-0.22424726608259643
2025-09-01,PLTR,r_vix,-0.1702719829395523
2025-09-01,PLTR,GSPC,1.0337765066074522
2025-09-08,PLTR,d_rate,0.0010273476731329225
2025-09-08,PLTR,d_credit,-0.3017388123406856
2025-09-08,PLTR,r_vix,-0.15036551143580465
2025-09-08,PLTR,GSPC,1.0293693872399867
2025-09-15,PLTR,d_rate,0.0019136199685327482
2025-09-15,PLTR,d_credit,-0.3088947237802816
2025-09-15,PLTR,r_vix,-0.14327669482769811
2025-09-15,PLTR,GSPC,1.0737981728615562
2025-09-22,PLTR,d_rate,-0.00257955470494293
2025-09-22,PLTR,d_credit,-0.29069250560075666
2025-09-22,PLTR,r_vix,-0.12909941607224892
2025-09-22,PLTR,GSPC,1.1982174258793568
2025-09-29,PLTR,d_rate,0.0012908893777624888
2025-09-29,PLTR,d_credit,-0.23829072415909636
2025-09-29,PLTR,r_vix,-0.16179366697487635
2025-09-29,PLTR,GSPC,1.0605596340478083
2025-10-06,PLTR,d_rate,-0.012111653309810904
2025-10-06,PLTR,d_credit,-0.22072933413410803
2025-10-06,PLTR,r_vix,-0.15523020731818363
2025-10-06,PLTR,GSPC,1.0501000392124804
2025-10-13,PLTR,d_rate,-0.005061436570911297
2025-10-13,PLTR,d_credit,-0.20918789984646088
2025-10-13,PLTR,r_vix,-0.17585401653043736
2025-10-13,PLTR,GSPC,0.9354339901203902
2025-10-20,PLTR,d_rate,-0.016052918857096744
2025-10-20,PLTR,d_credit,-0.17905016690402026
2025-10-20,PLTR,r_vix,-0.16238725823717828
2025-10-20,PLTR,GSPC,1.048553513148
2025-10-27,PLTR,d_rate,0.008667922003545245
2025-10-27,PLTR,d_credit,-0.1912600190922959
2025-10-27,PLTR,r_vix,-0.15534692768085454
2025-10-27,PLTR,GSPC,1.0280340119354041
2025-11-03,PLTR,d_rate,0.03090389580561896
2025-11-03,PLTR,d_credit,-0.15037821625720751
2025-11-03,PLTR,r_vix,-0.1017589131402558
2025-11-03,PLTR,GSPC,1.168079274942822
2025-11-10,PLTR,d_rate,-0.02107920342448138
2025-11-10,PLTR,d_credit,-0.2065584702307858
2025-11-10,PLTR,r_vix,-0.07028833927457054
2025-11-10,PLTR,GSPC,1.4308790335173849
2025-11-17,PLTR,d_rate,-0.011652545927282595
2025-11-17,PLTR,d_credit,-0.18152414403152814
2025-11-17,PLTR,r_vix,-0.07748011586731049
2025-11-17,PLTR,GSPC,1.5082633170811348
2025-11-24,PLTR,d_rate,-0.010476425560311751
2025-11-24,PLTR,d_credit,-0.18297300547334425
2025-11-24,PLTR,r_vix,-0.07012555956010677
2025-11-24,PLTR,GSPC,1.524649942759428
2025-12-01,PLTR,d_rate,0.008974161618897051
2025-12-01,PLTR,d_credit,-0.16750416243696187
2025-12-01,PLTR,r_vix,-0.07805740825808878
2025-12-01,PLTR,GSPC,1.4597376343821926
2025-12-08,PLTR,d_rate,0.013609065641983028
2025-12-08,PLTR,d_credit,-0.16304677699987719
2025-12-08,PLTR,r_vix,-0.07944724813816387
2025-12-08,PLTR,GSPC,1.449088772968369
2025-12-15,PLTR,d_rate,-0.011028346538480392
2025-12-15,PLTR,d_credit,-0.13817236182191134
2025-12-15,PLTR,r_vix,-0.11750785695405176
2025-12-15,PLTR,GSPC,1.3570639011518184
2025-12-22,PLTR,d_rate,0.008821392545998825
2025-12-22,PLTR,d_credit,-0.1385916552313944
2025-12-22,PLTR,r_vix,-0.13347538574178924
2025-12-22,PLTR,GSPC,1.2244280818639852
2025-12-29,PLTR,d_rate,-0.004465682579658961
2025-12-29,PLTR,d_credit,-0.10425463486530669
2025-12-29,PLTR,r_vix,-0.1316695055038143
2025-12-29,PLTR,GSPC,1.3464430525714695
2026-01-05,PLTR,d_rate,0.047979045640618084
2026-01-05,PLTR,d_credit,-0.19031791365127163
2026-01-05,PLTR,r_vix,-0.10641489913174623
2026-01-05,PLTR,GSPC,1.2148250949409918
2026-01-12,PLTR,d_rate,0.05036894888944543
2026-01-12,PLTR,d_credit,-0.13012379188380405
2026-01-12,PLTR,r_vix,-0.11729021722026033
2026-01-12,PLTR,GSPC,1.2413607690198385
2026-01-19,PLTR,d_rate,0.050565713932305946
2026-01-19,PLTR,d_credit,-0.11352813647455162
2026-01-19,PLTR,r_vix,-0.11970561702181264
2026-01-19,PLTR,GSPC,1.2303565086716148
2026-01-26,PLTR,d_rate,0.04739159178289773
2026-01-26,PLTR,d_credit,-0.11789994019480639
2026-01-26,PLTR,r_vix,-0.15554458996643894
2026-01-26,PLTR,GSPC,1.0450882565386228
2026-02-02,PLTR,d_rate,0.12137787198216089
2026-02-02,PLTR,d_credit,-0.041888807255138855
2026-02-02,PLTR,r_vix,-0.1572026923794804
2026-02-02,PLTR,GSPC,1.113913865926159
2026-02-09,PLTR,d_rate,0.11116297258543421
2026-02-09,PLTR,d_credit,-0.0509404225980819
2026-02-09,PLTR,r_vix,-0.14789011650315087
2026-02-09,PLTR,GSPC,1.134889587117676
2026-02-16,PLTR,d_rate,0.10077465710623068
2026-02-16,PLTR,d_credit,-0.07551214665379267
2026-02-16,PLTR,r_vix,-0.11848333329261591
2026-02-16,PLTR,GSPC,1.2072685544118769
2026-02-23,PLTR,d_rate,0.0544057285390514
2026-02-23,PLTR,d_credit,0.037786602970187405
2026-02-23,PLTR,r_vix,-0.11952416346986433
2026-02-23,PLTR,GSPC,1.361785055721954
2026-03-02,PLTR,d_rate,0.08228799300520608
2026-03-02,PLTR,d_credit,-0.13942573867496827
2026-03-02,PLTR,r_vix,-0.013663254621643525
2026-03-02,PLTR,GSPC,1.5984167542727479
2026-03-09,PLTR,d_rate,0.05987314605889463
2026-03-09,PLTR,d_credit,-0.16858860955937055
2026-03-09,PLTR,r_vix,0.023751682288700265
2026-03-09,PLTR,GSPC,1.872517635804002
2026-03-16,PLTR,d_rate,0.06628238584594197
2026-03-16,PLTR,d_credit,-0.1932665814497112
2026-03-16,PLTR,r_vix,0.030317829317190403
2026-03-16,PLTR,GSPC,1.8527800895390218
2026-03-23,PLTR,d_rate,0.06823580731599402
2026-03-23,PLTR,d_credit,-0.17137917328435667
2026-03-23,PLTR,r_vix,0.029683915127089826
2026-03-23,PLTR,GSPC,1.880963581056686
2026-03-30,PLTR,d_rate,0.10290080725347373
2026-03-30,PLTR,d_credit,-0.20665279389601768
2026-03-30,PLTR,r_vix,0.043574994093758014
2026-03-30,PLTR,GSPC,2.2105818193249305
2026-04-06,PLTR,d_rate,0.0976704186438324
2026-04-06,PLTR,d_credit,-0.19003161045335432
2026-04-06,PLTR,r_vix,0.11254256334065516
2026-04-06,PLTR,GSPC,2.2620622543941775
2026-04-13,PLTR,d_rate,0.11390250597157714
2026-04-13,PLTR,d_credit,-0.14879113514089837
2026-04-13,PLTR,r_vix,0.15156989893773495
2026-04-13,PLTR,GSPC,2.7987349564522153
2026-04-20,PLTR,d_rate,0.2159349312659506
2026-04-20,PLTR,d_credit,-0.04164824197149198
2026-04-20,PLTR,r_vix,0.1897518946818496
2026-04-20,PLTR,GSPC,2.8793825010048257
2026-04-27,PLTR,d_rate,0.1907492989971567
2026-04-27,PLTR,d_credit,-0.10228229099868574
2026-04-27,PLTR,r_vix,0.1858089038717921
2026-04-27,PLTR,GSPC,2.715422105394055
2026-05-04,PLTR,d_rate,0.19380877581114114
2026-05-04,PLTR,d_credit,-0.08084932588347547
2026-05-04,PLTR,r_vix,0.15249990968459823
2026-05-04,PLTR,GSPC,2.393653922699326
2026-05-11,PLTR,d_rate,0.1396928462235975
2026-05-11,PLTR,d_credit,-0.10784354724237144
2026-05-11,PLTR,r_vix,0.13946440976755736
2026-05-11,PLTR,GSPC,2.2298102344692015
2026-05-18,PLTR,d_rate,0.140166176666044
2026-05-18,PLTR,d_credit,-0.1106477887809663
2026-05-18,PLTR,r_vix,0.1385667133134789
2026-05-18,PLTR,GSPC,2.1800473940649265
2026-05-25,PLTR,d_rate,0.12333516600747306
2026-05-25,PLTR,d_credit,-0.08965574670955245
2026-05-25,PLTR,r_vix,0.14140395966707883
2026-05-25,PLTR,GSPC,2.235066711479957
2026-06-01,PLTR,d_rate,0.12614088850703145
2026-06-01,PLTR,d_credit,-0.021444655392942248
2026-06-01,PLTR,r_vix,0.10228656324203043
2026-06-01,PLTR,GSPC,2.3784333264410695
2026-06-08,PLTR,d_rate,0.16107402755392813
2026-06-08,PLTR,d_credit,-0.011613422352367134
2026-06-08,PLTR,r_vix,0.09037571110643651
2026-06-08,PLTR,GSPC,2.3828002371716437
2026-06-15,PLTR,d_rate,0.16348282663475486
2026-06-15,PLTR,d_credit,-0.011594585631112889
2026-06-15,PLTR,r_vix,0.09235349634694631
2026-06-15,PLTR,GSPC,2.406454831120881
2026-06-22,PLTR,d_rate,0.1875990025566334
2026-06-22,PLTR,d_credit,0.06703597364590223
2026-06-22,PLTR,r_vix,0.09488000880243658
2026-06-22,PLTR,GSPC,2.7952221936359667
2026-06-29,PLTR,d_rate,0.2002549764650455
2026-06-29,PLTR,d_credit,0.10770561430386934
2026-06-29,PLTR,r_vix,0.0879106318680044
2026-06-29,PLTR,GSPC,2.923703532177948
2026-07-06,PLTR,d_rate,0.13221049892618053
2026-07-06,PLTR,d_credit,0.0717134960095236
2026-07-06,PLTR,r_vix,0.0979592388604314
2026-07-06,PLTR,GSPC,2.9044712983914964
2026-07-13,PLTR,d_rate,0.1203118822143881
2026-07-13,PLTR,d_credit,0.04266305017624632
2026-07-13,PLTR,r_vix,0.10848748801006115
2026-07-13,PLTR,GSPC,2.8252400589910076
2026-07-20,PLTR,d_rate,0.10217342550502538
2026-07-20,PLTR,d_credit,0.03909480568895195
2026-07-20,PLTR,r_vix,0.11751067745110562
2026-07-20,PLTR,GSPC,2.8944451056560463
2026-07-27,PLTR,d_rate,0.11933295803471189
2026-07-27,PLTR,d_credit,0.03180460098208414
2026-07-27,PLTR,r_vix,0.10996645141371118
2026-07-27,PLTR,GSPC,2.9167867634235094
2026-08-03,PLTR,d_rate,0.05356145339935657
2026-08-03,PLTR,d_credit,0.10012449258151404
2026-08-03,PLTR,r_vix,0.23267431389924098
2026-08-03,PLTR,GSPC,4.010567015649798
2026-08-10,PLTR,d_rate,0.06325646060808769
2026-08-10,PLTR,d_credit,0.07863435086964159
2026-08-10,PLTR,r_vix,0.23515278834368503
2026-08-10,PLTR,GSPC,4.050865807712743
2026-08-17,PLTR,d_rate,0.039585701326633735
2026-08-17,PLTR,d_credit,0.025447922017281133
2026-08-17,PLTR,r_vix,0.21236334031523282
2026-08-17,PLTR,GSPC,3.7280916447790635
