week,stock,factor,beta
2015-12-28,AMZN,d_rate,-0.02688055798248816
2015-12-28,AMZN,d_credit,-0.13987781581520164
2015-12-28,AMZN,r_vix,-0.05564190645105042
2015-12-28,AMZN,GSPC,0.596132674801303
2016-01-04,AMZN,d_rate,-0.041813600218919736
2016-01-04,AMZN,d_credit,-0.15046759247753516
2016-01-04,AMZN,r_vix,-0.03252327189265246
2016-01-04,AMZN,GSPC,0.9382310272132361
2016-01-11,AMZN,d_rate,-0.043254691582207745
2016-01-11,AMZN,d_credit,-0.1694488905841652
2016-01-11,AMZN,r_vix,-0.004332171915578808
2016-01-11,AMZN,GSPC,1.1535375632169997
2016-01-18,AMZN,d_rate,-0.036369249900483146
2016-01-18,AMZN,d_credit,-0.14998999411517533
2016-01-18,AMZN,r_vix,1.6036045344950485e-4
2016-01-18,AMZN,GSPC,1.1786070741298666
2016-01-25,AMZN,d_rate,0.013364285351748828
2016-01-25,AMZN,d_credit,-0.06959489508168076
2016-01-25,AMZN,r_vix,-0.03226835453870832
2016-01-25,AMZN,GSPC,1.099885209413494
2016-02-01,AMZN,d_rate,0.02694059640919282
2016-02-01,AMZN,d_credit,-0.05753364630365789
2016-02-01,AMZN,r_vix,-0.014394125582593913
2016-02-01,AMZN,GSPC,1.3857629924142956
2016-02-08,AMZN,d_rate,0.027167058655914022
2016-02-08,AMZN,d_credit,-0.04775487202130505
2016-02-08,AMZN,r_vix,-0.01385496625856612
2016-02-08,AMZN,GSPC,1.4128679845956094
2016-02-15,AMZN,d_rate,0.028730881530150725
2016-02-15,AMZN,d_credit,-0.057410359972072285
2016-02-15,AMZN,r_vix,-0.011255551787869942
2016-02-15,AMZN,GSPC,1.4258875114583631
2016-02-22,AMZN,d_rate,0.02123816323735187
2016-02-22,AMZN,d_credit,-0.075337707343802
2016-02-22,AMZN,r_vix,-0.013114204162232475
2016-02-22,AMZN,GSPC,1.4089940699453467
2016-02-29,AMZN,d_rate,0.020346736884171962
2016-02-29,AMZN,d_credit,-0.04555909136970359
2016-02-29,AMZN,r_vix,-0.017629725279724992
2016-02-29,AMZN,GSPC,1.3833301925338415
2016-03-07,AMZN,d_rate,0.025116682940327754
2016-03-07,AMZN,d_credit,0.010362376662167836
2016-03-07,AMZN,r_vix,-0.02697280755266222
2016-03-07,AMZN,GSPC,1.3487306569280135
2016-03-14,AMZN,d_rate,0.04299560231960594
2016-03-14,AMZN,d_credit,0.06521112598260699
2016-03-14,AMZN,r_vix,-0.019117826868624205
2016-03-14,AMZN,GSPC,1.430430106835588
2016-03-21,AMZN,d_rate,0.04162817714290227
2016-03-21,AMZN,d_credit,0.058067280662422796
2016-03-21,AMZN,r_vix,-0.024499331232351117
2016-03-21,AMZN,GSPC,1.3772948672975078
2016-03-28,AMZN,d_rate,0.0406703199087565
2016-03-28,AMZN,d_credit,0.059211876654891464
2016-03-28,AMZN,r_vix,-0.02417904136805243
2016-03-28,AMZN,GSPC,1.382719623053045
2016-04-04,AMZN,d_rate,0.03998857898319876
2016-04-04,AMZN,d_credit,0.05266263091733362
2016-04-04,AMZN,r_vix,-0.023284744914494553
2016-04-04,AMZN,GSPC,1.3836083991660857
2016-04-11,AMZN,d_rate,0.03684477661284654
2016-04-11,AMZN,d_credit,0.041064313895629236
2016-04-11,AMZN,r_vix,-0.022786921377666552
2016-04-11,AMZN,GSPC,1.3874402570532898
2016-04-18,AMZN,d_rate,0.01016598890012797
2016-04-18,AMZN,d_credit,9.95818661964332e-4
2016-04-18,AMZN,r_vix,-0.022924360263422643
2016-04-18,AMZN,GSPC,1.262084110758302
2016-04-25,AMZN,d_rate,0.03153923535216503
2016-04-25,AMZN,d_credit,0.0072598391630783006
2016-04-25,AMZN,r_vix,8.496122265083947e-4
2016-04-25,AMZN,GSPC,1.3408816636083851
2016-05-02,AMZN,d_rate,0.027563704141938355
2016-05-02,AMZN,d_credit,0.0020561859092530694
2016-05-02,AMZN,r_vix,-0.004972905855624204
2016-05-02,AMZN,GSPC,1.2978327346972245
2016-05-09,AMZN,d_rate,0.023818727950555188
2016-05-09,AMZN,d_credit,0.018732925990083214
2016-05-09,AMZN,r_vix,-0.00677496125019335
2016-05-09,AMZN,GSPC,1.3090727925022674
2016-05-16,AMZN,d_rate,0.017990448766315944
2016-05-16,AMZN,d_credit,0.021286348737192623
2016-05-16,AMZN,r_vix,-0.009972822497429685
2016-05-16,AMZN,GSPC,1.2977265707100574
2016-05-23,AMZN,d_rate,0.021377386688829637
2016-05-23,AMZN,d_credit,0.023034823619556177
2016-05-23,AMZN,r_vix,-0.012205630290993292
2016-05-23,AMZN,GSPC,1.2565999742101561
2016-05-30,AMZN,d_rate,0.027896669373538664
2016-05-30,AMZN,d_credit,0.02573844758333962
2016-05-30,AMZN,r_vix,-0.011063989786461557
2016-05-30,AMZN,GSPC,1.2537869642126174
2016-06-06,AMZN,d_rate,0.02998225288024278
2016-06-06,AMZN,d_credit,0.028187842913365287
2016-06-06,AMZN,r_vix,-0.019366767537751496
2016-06-06,AMZN,GSPC,1.2015724104539995
2016-06-13,AMZN,d_rate,0.02851450429866689
2016-06-13,AMZN,d_credit,0.03218301339640245
2016-06-13,AMZN,r_vix,-0.019659291629825534
2016-06-13,AMZN,GSPC,1.2148345356774672
2016-06-20,AMZN,d_rate,0.033477701453065625
2016-06-20,AMZN,d_credit,0.03672315122559486
2016-06-20,AMZN,r_vix,-0.018332792152369347
2016-06-20,AMZN,GSPC,1.218943646061882
2016-06-27,AMZN,d_rate,0.04027390936869005
2016-06-27,AMZN,d_credit,0.045835057385540855
2016-06-27,AMZN,r_vix,-0.013877710952873653
2016-06-27,AMZN,GSPC,1.2412296018787647
2016-07-04,AMZN,d_rate,0.03723728762495008
2016-07-04,AMZN,d_credit,0.03879321588869981
2016-07-04,AMZN,r_vix,-0.015851119311579436
2016-07-04,AMZN,GSPC,1.224582734714438
2016-07-11,AMZN,d_rate,0.02605474747722423
2016-07-11,AMZN,d_credit,0.05418377075760191
2016-07-11,AMZN,r_vix,-0.002106644847916825
2016-07-11,AMZN,GSPC,1.2878849182243157
2016-07-18,AMZN,d_rate,0.04256526385202193
2016-07-18,AMZN,d_credit,0.08996940551752759
2016-07-18,AMZN,r_vix,-2.5622241895520285e-4
2016-07-18,AMZN,GSPC,1.446003819919623
2016-07-25,AMZN,d_rate,0.039775852122766006
2016-07-25,AMZN,d_credit,0.10072793010769387
2016-07-25,AMZN,r_vix,-0.002375036118500071
2016-07-25,AMZN,GSPC,1.460698024440648
2016-08-01,AMZN,d_rate,0.03388436487346584
2016-08-01,AMZN,d_credit,0.09141595754067214
2016-08-01,AMZN,r_vix,-0.001327573932209149
2016-08-01,AMZN,GSPC,1.4541847648368411
2016-08-08,AMZN,d_rate,0.033878207753873714
2016-08-08,AMZN,d_credit,0.09371501307210064
2016-08-08,AMZN,r_vix,-0.0010447262449785266
2016-08-08,AMZN,GSPC,1.4615187493896475
2016-08-15,AMZN,d_rate,0.029467990677566284
2016-08-15,AMZN,d_credit,0.09623284193354993
2016-08-15,AMZN,r_vix,-4.5422111214639216e-5
2016-08-15,AMZN,GSPC,1.4852738648896364
2016-08-22,AMZN,d_rate,0.01891409766068195
2016-08-22,AMZN,d_credit,0.07474776595211267
2016-08-22,AMZN,r_vix,0.00835136908564022
2016-08-22,AMZN,GSPC,1.5034101152631285
2016-08-29,AMZN,d_rate,0.019146053224956373
2016-08-29,AMZN,d_credit,0.07631037590714185
2016-08-29,AMZN,r_vix,0.013625700805876646
2016-08-29,AMZN,GSPC,1.5566924939162319
2016-09-05,AMZN,d_rate,0.015953651466694106
2016-09-05,AMZN,d_credit,0.07411527220607356
2016-09-05,AMZN,r_vix,0.019251559099567377
2016-09-05,AMZN,GSPC,1.5619144540365013
2016-09-12,AMZN,d_rate,0.019508591980706775
2016-09-12,AMZN,d_credit,0.07551784539942287
2016-09-12,AMZN,r_vix,0.018985983056284485
2016-09-12,AMZN,GSPC,1.5625074143655826
2016-09-19,AMZN,d_rate,0.021142103852255366
2016-09-19,AMZN,d_credit,0.07858861016690737
2016-09-19,AMZN,r_vix,0.011234523728206249
2016-09-19,AMZN,GSPC,1.502473685060278
2016-09-26,AMZN,d_rate,0.018319538376516654
2016-09-26,AMZN,d_credit,0.10066674924048831
2016-09-26,AMZN,r_vix,0.015176422247442607
2016-09-26,AMZN,GSPC,1.5793647749193778
2016-10-03,AMZN,d_rate,0.03176242793110953
2016-10-03,AMZN,d_credit,0.10142623537706513
2016-10-03,AMZN,r_vix,0.014801426610585056
2016-10-03,AMZN,GSPC,1.6207540173857822
2016-10-10,AMZN,d_rate,0.032788099826947595
2016-10-10,AMZN,d_credit,0.08910166820750494
2016-10-10,AMZN,r_vix,0.016627626811912516
2016-10-10,AMZN,GSPC,1.6053161503849098
2016-10-17,AMZN,d_rate,0.03347177154401393
2016-10-17,AMZN,d_credit,0.0909235236801987
2016-10-17,AMZN,r_vix,0.017192112684101944
2016-10-17,AMZN,GSPC,1.595812322168328
2016-10-24,AMZN,d_rate,0.008797032235366077
2016-10-24,AMZN,d_credit,0.08276313857373155
2016-10-24,AMZN,r_vix,0.0023278897973770052
2016-10-24,AMZN,GSPC,1.5155937365557435
2016-10-31,AMZN,d_rate,-0.011425898628051502
2016-10-31,AMZN,d_credit,0.06327202470862581
2016-10-31,AMZN,r_vix,0.0016041694348017765
2016-10-31,AMZN,GSPC,1.4856923092143748
2016-11-07,AMZN,d_rate,-0.02028574444685131
2016-11-07,AMZN,d_credit,0.015514608142924463
2016-11-07,AMZN,r_vix,0.01940923034827915
2016-11-07,AMZN,GSPC,1.4380078533962533
2016-11-14,AMZN,d_rate,-0.00625580635971799
2016-11-14,AMZN,d_credit,0.0064965938005412316
2016-11-14,AMZN,r_vix,0.016445497665055073
2016-11-14,AMZN,GSPC,1.3989434834089924
2016-11-21,AMZN,d_rate,-0.006197537787611428
2016-11-21,AMZN,d_credit,0.005150665076283905
2016-11-21,AMZN,r_vix,0.01740385372593139
2016-11-21,AMZN,GSPC,1.408820747821048
2016-11-28,AMZN,d_rate,-0.004837616619245998
2016-11-28,AMZN,d_credit,0.02570492294820166
2016-11-28,AMZN,r_vix,0.013143535884527404
2016-11-28,AMZN,GSPC,1.4379618892211423
2016-12-05,AMZN,d_rate,-0.00738326594002944
2016-12-05,AMZN,d_credit,0.022414345809862665
2016-12-05,AMZN,r_vix,0.014331056213858101
2016-12-05,AMZN,GSPC,1.4260222179420377
2016-12-12,AMZN,d_rate,-0.023625770174206834
2016-12-12,AMZN,d_credit,0.011390257538485406
2016-12-12,AMZN,r_vix,0.03417999998498677
2016-12-12,AMZN,GSPC,1.5896934321609244
2016-12-19,AMZN,d_rate,-0.025923626847851346
2016-12-19,AMZN,d_credit,0.027414423990900605
2016-12-19,AMZN,r_vix,0.05464971266273133
2016-12-19,AMZN,GSPC,1.8545318335310783
2016-12-26,AMZN,d_rate,-0.026415647903645888
2016-12-26,AMZN,d_credit,0.025181473064293886
2016-12-26,AMZN,r_vix,0.058480560927485783
2016-12-26,AMZN,GSPC,1.9119156108752866
2017-01-02,AMZN,d_rate,-0.028496838437966205
2017-01-02,AMZN,d_credit,0.022065060741514646
2017-01-02,AMZN,r_vix,0.04479471531566064
2017-01-02,AMZN,GSPC,1.7829933500909458
2017-01-09,AMZN,d_rate,-0.028325220836375484
2017-01-09,AMZN,d_credit,0.03172222449359061
2017-01-09,AMZN,r_vix,0.021519730579511745
2017-01-09,AMZN,GSPC,1.4878060339381374
2017-01-16,AMZN,d_rate,-0.04033434462245739
2017-01-16,AMZN,d_credit,0.006579160714611416
2017-01-16,AMZN,r_vix,0.030569783039325678
2017-01-16,AMZN,GSPC,1.5185344349864367
2017-01-23,AMZN,d_rate,-0.04841279772396527
2017-01-23,AMZN,d_credit,0.04018511585793728
2017-01-23,AMZN,r_vix,0.038526449010550023
2017-01-23,AMZN,GSPC,1.7453496794171557
2017-01-30,AMZN,d_rate,-0.06015560137870551
2017-01-30,AMZN,d_credit,0.007586505707323028
2017-01-30,AMZN,r_vix,-0.047211934600543445
2017-01-30,AMZN,GSPC,0.3448852584208293
2017-02-06,AMZN,d_rate,-0.06130224380253811
2017-02-06,AMZN,d_credit,0.0070344875443252375
2017-02-06,AMZN,r_vix,-0.046131316984022654
2017-02-06,AMZN,GSPC,0.359150957974115
2017-02-13,AMZN,d_rate,-0.06336302529603802
2017-02-13,AMZN,d_credit,9.523877064867111e-4
2017-02-13,AMZN,r_vix,-0.043649408306292783
2017-02-13,AMZN,GSPC,0.31427669482435416
2017-02-20,AMZN,d_rate,-0.06020639158124422
2017-02-20,AMZN,d_credit,-0.010698494212195153
2017-02-20,AMZN,r_vix,-0.053170342647108945
2017-02-20,AMZN,GSPC,0.14938066388217922
2017-02-27,AMZN,d_rate,-0.06032653440114466
2017-02-27,AMZN,d_credit,-0.0013239073533691601
2017-02-27,AMZN,r_vix,-0.06020029400763408
2017-02-27,AMZN,GSPC,0.03031791441125677
2017-03-06,AMZN,d_rate,-0.060365353848420664
2017-03-06,AMZN,d_credit,-0.016095120965977167
2017-03-06,AMZN,r_vix,-0.05653337384240568
2017-03-06,AMZN,GSPC,0.05399460029280947
2017-03-13,AMZN,d_rate,-0.08523297757404126
2017-03-13,AMZN,d_credit,-0.07309303531501538
2017-03-13,AMZN,r_vix,-0.057310225833049656
2017-03-13,AMZN,GSPC,0.031995609651977876
2017-03-20,AMZN,d_rate,-0.08390653493127337
2017-03-20,AMZN,d_credit,-0.07462565970216582
2017-03-20,AMZN,r_vix,-0.03791251152716641
2017-03-20,AMZN,GSPC,0.3294376748066289
2017-03-27,AMZN,d_rate,-0.08013116366581632
2017-03-27,AMZN,d_credit,-0.056104731777085345
2017-03-27,AMZN,r_vix,-0.03817305454421126
2017-03-27,AMZN,GSPC,0.3799421737992479
2017-04-03,AMZN,d_rate,-0.0835433051465429
2017-04-03,AMZN,d_credit,-0.06246104768745941
2017-04-03,AMZN,r_vix,-0.03776294881579618
2017-04-03,AMZN,GSPC,0.3548776444128847
2017-04-10,AMZN,d_rate,-0.0819655878937174
2017-04-10,AMZN,d_credit,-0.04781364699886737
2017-04-10,AMZN,r_vix,-0.03537988162711738
2017-04-10,AMZN,GSPC,0.36847277797704725
2017-04-17,AMZN,d_rate,-0.0812983066088284
2017-04-17,AMZN,d_credit,-0.05502003461124659
2017-04-17,AMZN,r_vix,-0.03366825117650991
2017-04-17,AMZN,GSPC,0.3825215054953447
2017-04-24,AMZN,d_rate,-0.058765196586787576
2017-04-24,AMZN,d_credit,-0.004073379197919077
2017-04-24,AMZN,r_vix,-0.044368544567912276
2017-04-24,AMZN,GSPC,0.46878454638659994
2017-05-01,AMZN,d_rate,-0.057746984213455956
2017-05-01,AMZN,d_credit,-0.006983339561745416
2017-05-01,AMZN,r_vix,-0.03884388400679438
2017-05-01,AMZN,GSPC,0.5397379758642111
2017-05-08,AMZN,d_rate,-0.0522077237436839
2017-05-08,AMZN,d_credit,-0.012235210528473832
2017-05-08,AMZN,r_vix,-0.03552607058806289
2017-05-08,AMZN,GSPC,0.5974540499761973
2017-05-15,AMZN,d_rate,-0.04833715528288787
2017-05-15,AMZN,d_credit,-0.010651787809722079
2017-05-15,AMZN,r_vix,-0.036068846458709856
2017-05-15,AMZN,GSPC,0.5954661116725759
2017-05-22,AMZN,d_rate,-0.046133799411174334
2017-05-22,AMZN,d_credit,-0.0034819634584360238
2017-05-22,AMZN,r_vix,-0.03779708139445119
2017-05-22,AMZN,GSPC,0.6384226444305187
2017-05-29,AMZN,d_rate,-0.04151673878132525
2017-05-29,AMZN,d_credit,-6.796219010856522e-4
2017-05-29,AMZN,r_vix,-0.03878817485116834
2017-05-29,AMZN,GSPC,0.629493139246252
2017-06-05,AMZN,d_rate,-0.04577859252601637
2017-06-05,AMZN,d_credit,6.827387555634841e-4
2017-06-05,AMZN,r_vix,-0.03666646795841587
2017-06-05,AMZN,GSPC,0.6710284038128281
2017-06-12,AMZN,d_rate,-0.04602243827723086
2017-06-12,AMZN,d_credit,0.002330881392873144
2017-06-12,AMZN,r_vix,-0.03791337066458264
2017-06-12,AMZN,GSPC,0.6412095673587141
2017-06-19,AMZN,d_rate,-0.04734579951954878
2017-06-19,AMZN,d_credit,-0.0037694484607388944
2017-06-19,AMZN,r_vix,-0.03908053059523234
2017-06-19,AMZN,GSPC,0.6296239635176013
2017-06-26,AMZN,d_rate,-0.0616319777340571
2017-06-26,AMZN,d_credit,-0.0147480275376137
2017-06-26,AMZN,r_vix,-0.04191060099347295
2017-06-26,AMZN,GSPC,0.6687934845152789
2017-07-03,AMZN,d_rate,-0.05588739801043072
2017-07-03,AMZN,d_credit,-0.00447224518533221
2017-07-03,AMZN,r_vix,-0.043254727189005575
2017-07-03,AMZN,GSPC,0.6506020966754206
2017-07-10,AMZN,d_rate,-0.04994157917047188
2017-07-10,AMZN,d_credit,-0.01980680230618202
2017-07-10,AMZN,r_vix,-0.03585462036959107
2017-07-10,AMZN,GSPC,0.7622026417758968
2017-07-17,AMZN,d_rate,-0.054608296254111656
2017-07-17,AMZN,d_credit,-0.028787431150330518
2017-07-17,AMZN,r_vix,-0.034625397372004804
2017-07-17,AMZN,GSPC,0.7745530426775605
2017-07-24,AMZN,d_rate,-0.0535541045558294
2017-07-24,AMZN,d_credit,-0.03557327760831369
2017-07-24,AMZN,r_vix,-0.033050637239662214
2017-07-24,AMZN,GSPC,0.7958818694915549
2017-07-31,AMZN,d_rate,-0.05627649957564279
2017-07-31,AMZN,d_credit,-0.05067723004565547
2017-07-31,AMZN,r_vix,-0.027316939074630824
2017-07-31,AMZN,GSPC,0.8528931152534451
2017-08-07,AMZN,d_rate,-0.05615413642103585
2017-08-07,AMZN,d_credit,-0.05017278664692396
2017-08-07,AMZN,r_vix,-0.026950255724119812
2017-08-07,AMZN,GSPC,0.8559478781939106
2017-08-14,AMZN,d_rate,-0.054144092006415165
2017-08-14,AMZN,d_credit,-0.056878608892190215
2017-08-14,AMZN,r_vix,-0.024249840319472023
2017-08-14,AMZN,GSPC,0.8882531431096349
2017-08-21,AMZN,d_rate,-0.05275928549377231
2017-08-21,AMZN,d_credit,-0.05411583569925857
2017-08-21,AMZN,r_vix,-0.016964576098233045
2017-08-21,AMZN,GSPC,0.9855024412844543
2017-08-28,AMZN,d_rate,-0.04941356341523822
2017-08-28,AMZN,d_credit,-0.03880872751642307
2017-08-28,AMZN,r_vix,-0.018698102118371
2017-08-28,AMZN,GSPC,1.0100800608693485
2017-09-04,AMZN,d_rate,-0.056343557217738725
2017-09-04,AMZN,d_credit,-0.0552028149750067
2017-09-04,AMZN,r_vix,-0.022716891467022146
2017-09-04,AMZN,GSPC,1.0582145712448572
2017-09-11,AMZN,d_rate,-0.0642163623144394
2017-09-11,AMZN,d_credit,-0.08319542980823273
2017-09-11,AMZN,r_vix,-0.015891086923704258
2017-09-11,AMZN,GSPC,1.122830438885719
2017-09-18,AMZN,d_rate,-0.059783110715685865
2017-09-18,AMZN,d_credit,-0.06556269403206147
2017-09-18,AMZN,r_vix,-0.008457634586345462
2017-09-18,AMZN,GSPC,1.2110928133949777
2017-09-25,AMZN,d_rate,-0.059894369785873924
2017-09-25,AMZN,d_credit,-0.07115484503108101
2017-09-25,AMZN,r_vix,-0.014057657393178774
2017-09-25,AMZN,GSPC,1.1526750917094772
2017-10-02,AMZN,d_rate,-0.06313579247261794
2017-10-02,AMZN,d_credit,-0.07097817335950665
2017-10-02,AMZN,r_vix,-0.006249111165454036
2017-10-02,AMZN,GSPC,1.2938888782578715
2017-10-09,AMZN,d_rate,-0.06585448005148231
2017-10-09,AMZN,d_credit,-0.07452380335519053
2017-10-09,AMZN,r_vix,-0.006359888305599542
2017-10-09,AMZN,GSPC,1.2905566316079486
2017-10-16,AMZN,d_rate,-0.08106880630606926
2017-10-16,AMZN,d_credit,-0.08778880086227446
2017-10-16,AMZN,r_vix,-0.020056210261130546
2017-10-16,AMZN,GSPC,1.1304546614544455
2017-10-23,AMZN,d_rate,-0.04101353588991995
2017-10-23,AMZN,d_credit,-0.02719699287208265
2017-10-23,AMZN,r_vix,-0.020944124072384173
2017-10-23,AMZN,GSPC,1.0169257796275235
2017-10-30,AMZN,d_rate,-0.03908139699618719
2017-10-30,AMZN,d_credit,-0.020788214657421134
2017-10-30,AMZN,r_vix,-0.019974620930880992
2017-10-30,AMZN,GSPC,1.0060949377953712
2017-11-06,AMZN,d_rate,-0.03495464174732123
2017-11-06,AMZN,d_credit,0.02426579900771559
2017-11-06,AMZN,r_vix,-0.02884099063396552
2017-11-06,AMZN,GSPC,1.5078347783686608
2017-11-13,AMZN,d_rate,-0.04862721604712858
2017-11-13,AMZN,d_credit,0.05652752832007727
2017-11-13,AMZN,r_vix,-0.030129019197907426
2017-11-13,AMZN,GSPC,1.504181124105739
2017-11-20,AMZN,d_rate,-0.05283709944265838
2017-11-20,AMZN,d_credit,0.050248500731892874
2017-11-20,AMZN,r_vix,-0.037270890336166984
2017-11-20,AMZN,GSPC,1.4654013472893992
2017-11-27,AMZN,d_rate,-0.05242762711208314
2017-11-27,AMZN,d_credit,0.03812207201048475
2017-11-27,AMZN,r_vix,-0.056535397594832955
2017-11-27,AMZN,GSPC,1.054288213525913
2017-12-04,AMZN,d_rate,-0.05190520710475851
2017-12-04,AMZN,d_credit,0.03705883638549879
2017-12-04,AMZN,r_vix,-0.04915136410926287
2017-12-04,AMZN,GSPC,1.1812689407205723
2017-12-11,AMZN,d_rate,-0.052911252971394804
2017-12-11,AMZN,d_credit,0.022632427241232853
2017-12-11,AMZN,r_vix,-0.048382900746865506
2017-12-11,AMZN,GSPC,1.1652397447704406
2017-12-18,AMZN,d_rate,-0.060888683754196836
2017-12-18,AMZN,d_credit,0.008087043923141551
2017-12-18,AMZN,r_vix,-0.04989107139445991
2017-12-18,AMZN,GSPC,1.1409144927639032
2017-12-25,AMZN,d_rate,-0.06205584474287904
2017-12-25,AMZN,d_credit,0.006661216262916252
2017-12-25,AMZN,r_vix,-0.04948665735722608
2017-12-25,AMZN,GSPC,1.1314847422056165
2018-01-01,AMZN,d_rate,-0.05006855285688905
2018-01-01,AMZN,d_credit,0.03581420388788911
2018-01-01,AMZN,r_vix,-0.0454369882473273
2018-01-01,AMZN,GSPC,1.1599398715843658
2018-01-08,AMZN,d_rate,-0.0519195138367294
2018-01-08,AMZN,d_credit,-0.029403129141661637
2018-01-08,AMZN,r_vix,-0.024057353121602485
2018-01-08,AMZN,GSPC,1.46366974215953
2018-01-15,AMZN,d_rate,-0.05329407207374614
2018-01-15,AMZN,d_credit,-0.023743505971250443
2018-01-15,AMZN,r_vix,-0.028910661041846402
2018-01-15,AMZN,GSPC,1.3975808239523984
2018-01-22,AMZN,d_rate,-0.05894945857061687
2018-01-22,AMZN,d_credit,-0.038499795417459765
2018-01-22,AMZN,r_vix,-0.018514577203924222
2018-01-22,AMZN,GSPC,1.664361948469383
2018-01-29,AMZN,d_rate,0.0036886212065455268
2018-01-29,AMZN,d_credit,0.013079892844390307
2018-01-29,AMZN,r_vix,-0.007284292041122719
2018-01-29,AMZN,GSPC,1.0128429848259666
2018-02-05,AMZN,d_rate,0.002003423800207068
2018-02-05,AMZN,d_credit,-0.0035669233136729106
2018-02-05,AMZN,r_vix,-0.00664600642204531
2018-02-05,AMZN,GSPC,1.1035372528495753
2018-02-12,AMZN,d_rate,0.009590629733907705
2018-02-12,AMZN,d_credit,0.025026806410434872
2018-02-12,AMZN,r_vix,-0.008690243124119373
2018-02-12,AMZN,GSPC,1.2004242370551335
2018-02-19,AMZN,d_rate,0.008330170124871548
2018-02-19,AMZN,d_credit,0.04594597144197275
2018-02-19,AMZN,r_vix,-0.012465600668728614
2018-02-19,AMZN,GSPC,1.1987160990093502
2018-02-26,AMZN,d_rate,0.013693551951432167
2018-02-26,AMZN,d_credit,0.04996396027042582
2018-02-26,AMZN,r_vix,-0.013976638030462788
2018-02-26,AMZN,GSPC,1.1543444848941609
2018-03-05,AMZN,d_rate,0.012243299327053214
2018-03-05,AMZN,d_credit,0.041735600931861044
2018-03-05,AMZN,r_vix,-0.01397862112883859
2018-03-05,AMZN,GSPC,1.1340709931665307
2018-03-12,AMZN,d_rate,0.009861135806884247
2018-03-12,AMZN,d_credit,0.05143398179034118
2018-03-12,AMZN,r_vix,-0.014841903603777327
2018-03-12,AMZN,GSPC,1.1324569887489433
2018-03-19,AMZN,d_rate,0.012351123135842038
2018-03-19,AMZN,d_credit,0.06118307364477163
2018-03-19,AMZN,r_vix,-0.016561552725429692
2018-03-19,AMZN,GSPC,1.0734501764123134
2018-03-26,AMZN,d_rate,0.006490273218443438
2018-03-26,AMZN,d_credit,0.006659019938098759
2018-03-26,AMZN,r_vix,-0.030405271865584903
2018-03-26,AMZN,GSPC,0.8305488035305129
2018-04-02,AMZN,d_rate,0.017602980327262003
2018-04-02,AMZN,d_credit,0.0372546387857045
2018-04-02,AMZN,r_vix,-0.01903324347026362
2018-04-02,AMZN,GSPC,0.9731857588775067
2018-04-09,AMZN,d_rate,0.01696134939040673
2018-04-09,AMZN,d_credit,0.04139044522182565
2018-04-09,AMZN,r_vix,-0.01904060613149837
2018-04-09,AMZN,GSPC,0.9588343580146212
2018-04-16,AMZN,d_rate,0.04834330213461851
2018-04-16,AMZN,d_credit,0.06649797081958753
2018-04-16,AMZN,r_vix,-0.02272381267154781
2018-04-16,AMZN,GSPC,0.9427811927483314
2018-04-23,AMZN,d_rate,0.05050162742451914
2018-04-23,AMZN,d_credit,0.07768357904140102
2018-04-23,AMZN,r_vix,-0.026496278445131152
2018-04-23,AMZN,GSPC,0.9211549654711576
2018-04-30,AMZN,d_rate,0.05027205808247843
2018-04-30,AMZN,d_credit,0.0675775548772606
2018-04-30,AMZN,r_vix,-0.0258580506527958
2018-04-30,AMZN,GSPC,0.9197390335232801
2018-05-07,AMZN,d_rate,0.054122915551477684
2018-05-07,AMZN,d_credit,0.0694325036693787
2018-05-07,AMZN,r_vix,-0.024011110117242548
2018-05-07,AMZN,GSPC,0.9187604853658613
2018-05-14,AMZN,d_rate,0.04557291047492934
2018-05-14,AMZN,d_credit,0.05756822158538039
2018-05-14,AMZN,r_vix,-0.023620664397641704
2018-05-14,AMZN,GSPC,0.926697943236369
2018-05-21,AMZN,d_rate,0.035860997647967685
2018-05-21,AMZN,d_credit,0.05936232899201333
2018-05-21,AMZN,r_vix,-0.020608090531586493
2018-05-21,AMZN,GSPC,0.9480035407259643
2018-05-28,AMZN,d_rate,0.03453460316204169
2018-05-28,AMZN,d_credit,0.06541104868313276
2018-05-28,AMZN,r_vix,-0.019833645802023386
2018-05-28,AMZN,GSPC,0.9623947332045317
2018-06-04,AMZN,d_rate,0.03760126939336631
2018-06-04,AMZN,d_credit,0.051978139459653835
2018-06-04,AMZN,r_vix,-0.01799663441501666
2018-06-04,AMZN,GSPC,0.951166596624133
2018-06-11,AMZN,d_rate,0.037079699598036024
2018-06-11,AMZN,d_credit,0.04702408108232215
2018-06-11,AMZN,r_vix,-0.018466979372054618
2018-06-11,AMZN,GSPC,0.9417176425707767
2018-06-18,AMZN,d_rate,0.038774609274070435
2018-06-18,AMZN,d_credit,0.05168167784262019
2018-06-18,AMZN,r_vix,-0.018107964324894296
2018-06-18,AMZN,GSPC,0.9490584242671939
2018-06-25,AMZN,d_rate,0.06011390454863014
2018-06-25,AMZN,d_credit,0.022700844776647272
2018-06-25,AMZN,r_vix,-0.01797712633338602
2018-06-25,AMZN,GSPC,0.886767259951046
2018-07-02,AMZN,d_rate,0.06481583360396836
2018-07-02,AMZN,d_credit,0.02920965988969366
2018-07-02,AMZN,r_vix,-0.016178524072527112
2018-07-02,AMZN,GSPC,0.8927217372481155
2018-07-09,AMZN,d_rate,0.05979699060126722
2018-07-09,AMZN,d_credit,7.044476253868487e-5
2018-07-09,AMZN,r_vix,-0.015365539128495127
2018-07-09,AMZN,GSPC,0.8936270718805776
2018-07-16,AMZN,d_rate,0.06707865210271742
2018-07-16,AMZN,d_credit,0.011294440581961506
2018-07-16,AMZN,r_vix,-0.016656248660417997
2018-07-16,AMZN,GSPC,0.8900442496255223
2018-07-23,AMZN,d_rate,0.06996935957305939
2018-07-23,AMZN,d_credit,0.027913186959803202
2018-07-23,AMZN,r_vix,-0.01589978742117861
2018-07-23,AMZN,GSPC,0.9071865688069162
2018-07-30,AMZN,d_rate,0.06251046254636189
2018-07-30,AMZN,d_credit,0.023066064235593785
2018-07-30,AMZN,r_vix,-0.01583427797122104
2018-07-30,AMZN,GSPC,0.9017791851659469
2018-08-06,AMZN,d_rate,0.044681609467711325
2018-08-06,AMZN,d_credit,0.03539727901002859
2018-08-06,AMZN,r_vix,-0.004221317756530732
2018-08-06,AMZN,GSPC,0.997729861997401
2018-08-13,AMZN,d_rate,0.04484624025428867
2018-08-13,AMZN,d_credit,0.02499381382745294
2018-08-13,AMZN,r_vix,-0.008141209179538299
2018-08-13,AMZN,GSPC,0.9455192076084333
2018-08-20,AMZN,d_rate,0.04502778234957885
2018-08-20,AMZN,d_credit,0.02391348016947311
2018-08-20,AMZN,r_vix,-0.021596937175522614
2018-08-20,AMZN,GSPC,0.8480699573857268
2018-08-27,AMZN,d_rate,0.050247582604384784
2018-08-27,AMZN,d_credit,0.03996672736776536
2018-08-27,AMZN,r_vix,-0.012806110118460662
2018-08-27,AMZN,GSPC,0.9360522693287062
2018-09-03,AMZN,d_rate,0.03042453740727696
2018-09-03,AMZN,d_credit,0.03078284776693871
2018-09-03,AMZN,r_vix,-0.010133227662719176
2018-09-03,AMZN,GSPC,0.9773606034798802
2018-09-10,AMZN,d_rate,0.03236874538444625
2018-09-10,AMZN,d_credit,0.03428384593548964
2018-09-10,AMZN,r_vix,-0.00741208379741426
2018-09-10,AMZN,GSPC,0.9994730464612691
2018-09-17,AMZN,d_rate,0.02980925270550317
2018-09-17,AMZN,d_credit,0.02691966403427746
2018-09-17,AMZN,r_vix,-0.014918720137491681
2018-09-17,AMZN,GSPC,0.9143104276539171
2018-09-24,AMZN,d_rate,0.02617192760184551
2018-09-24,AMZN,d_credit,0.01951917959438644
2018-09-24,AMZN,r_vix,-0.016422610483111496
2018-09-24,AMZN,GSPC,0.8795009985138242
2018-10-01,AMZN,d_rate,-0.02238522452080965
2018-10-01,AMZN,d_credit,-0.006955625097940419
2018-10-01,AMZN,r_vix,-0.02051684544010059
2018-10-01,AMZN,GSPC,0.8771788847377855
2018-10-08,AMZN,d_rate,-0.012443170680289634
2018-10-08,AMZN,d_credit,0.0027873833825066063
2018-10-08,AMZN,r_vix,-0.023042906453350186
2018-10-08,AMZN,GSPC,0.9166192068380316
2018-10-15,AMZN,d_rate,-0.008623953175990578
2018-10-15,AMZN,d_credit,-0.0221105582413857
2018-10-15,AMZN,r_vix,-0.01427331779652549
2018-10-15,AMZN,GSPC,0.9723044077950467
2018-10-22,AMZN,d_rate,-0.005651805133835528
2018-10-22,AMZN,d_credit,-0.0305785177345191
2018-10-22,AMZN,r_vix,-0.0018141278011976176
2018-10-22,AMZN,GSPC,1.1217133778688217
2018-10-29,AMZN,d_rate,-0.01898975517760151
2018-10-29,AMZN,d_credit,-0.04387805295389084
2018-10-29,AMZN,r_vix,0.0019106725982683957
2018-10-29,AMZN,GSPC,1.1241934036527748
2018-11-05,AMZN,d_rate,-0.01786903769997284
2018-11-05,AMZN,d_credit,-0.042751751373994173
2018-11-05,AMZN,r_vix,-0.0016077095489949857
2018-11-05,AMZN,GSPC,1.095092535698517
2018-11-12,AMZN,d_rate,-0.008860600648708791
2018-11-12,AMZN,d_credit,-0.12517671921103005
2018-11-12,AMZN,r_vix,1.3882421933993983e-4
2018-11-12,AMZN,GSPC,1.0433981958946976
2018-11-19,AMZN,d_rate,-0.0058329898930681865
2018-11-19,AMZN,d_credit,-0.10642725889062599
2018-11-19,AMZN,r_vix,0.013002252972340037
2018-11-19,AMZN,GSPC,1.1756396418434942
2018-11-26,AMZN,d_rate,-0.02989853689700249
2018-11-26,AMZN,d_credit,-0.030326642684086233
2018-11-26,AMZN,r_vix,0.071883989120521255
2018-11-26,AMZN,GSPC,1.8331329507536014
2018-12-03,AMZN,d_rate,-0.04183997458271396
2018-12-03,AMZN,d_credit,-0.040505135296874606
2018-12-03,AMZN,r_vix,0.06975869195795226
2018-12-03,AMZN,GSPC,1.7821150990096426
2018-12-10,AMZN,d_rate,-0.04748514970441271
2018-12-10,AMZN,d_credit,-0.04969862049098924
2018-12-10,AMZN,r_vix,0.07262048253312349
2018-12-10,AMZN,GSPC,1.8038852272960995
2018-12-17,AMZN,d_rate,-0.035095776590875524
2018-12-17,AMZN,d_credit,-0.040430267907341784
2018-12-17,AMZN,r_vix,0.08659114581822339
2018-12-17,AMZN,GSPC,1.9898590803845861
2018-12-24,AMZN,d_rate,-0.04494437494310888
2018-12-24,AMZN,d_credit,-0.03199171740884495
2018-12-24,AMZN,r_vix,0.09350467127634812
2018-12-24,AMZN,GSPC,2.062121494090381
2018-12-31,AMZN,d_rate,-0.05404524415235933
2018-12-31,AMZN,d_credit,-0.03215143073902363
2018-12-31,AMZN,r_vix,0.08084758847460867
2018-12-31,AMZN,GSPC,2.0075696428383956
2019-01-07,AMZN,d_rate,-0.050345970655647665
2019-01-07,AMZN,d_credit,-0.015199702997466258
2019-01-07,AMZN,r_vix,0.07255932728208599
2019-01-07,AMZN,GSPC,1.9524932650459141
2019-01-14,AMZN,d_rate,-0.047538486221768116
2019-01-14,AMZN,d_credit,-0.022563536419635304
2019-01-14,AMZN,r_vix,0.07658314946579975
2019-01-14,AMZN,GSPC,1.960292977990862
2019-01-21,AMZN,d_rate,-0.03076464243349382
2019-01-21,AMZN,d_credit,0.012791315234980866
2019-01-21,AMZN,r_vix,0.06317327453923734
2019-01-21,AMZN,GSPC,1.862021281609636
2019-01-28,AMZN,d_rate,-0.05659735441689726
2019-01-28,AMZN,d_credit,0.07463220793187401
2019-01-28,AMZN,r_vix,0.02112860947860614
2019-01-28,AMZN,GSPC,1.725260618423834
2019-02-04,AMZN,d_rate,-0.04632743502350881
2019-02-04,AMZN,d_credit,0.08471661003494199
2019-02-04,AMZN,r_vix,0.01764227812500186
2019-02-04,AMZN,GSPC,1.7129182105116438
2019-02-11,AMZN,d_rate,-0.045763957293532866
2019-02-11,AMZN,d_credit,0.08789433218128796
2019-02-11,AMZN,r_vix,0.01690943872159084
2019-02-11,AMZN,GSPC,1.6654658335789723
2019-02-18,AMZN,d_rate,-0.05252467552291766
2019-02-18,AMZN,d_credit,0.07365340122172599
2019-02-18,AMZN,r_vix,0.027787582921190098
2019-02-18,AMZN,GSPC,1.7213085511785893
2019-02-25,AMZN,d_rate,-0.04230991006343655
2019-02-25,AMZN,d_credit,0.06809297154468572
2019-02-25,AMZN,r_vix,0.02529047130296186
2019-02-25,AMZN,GSPC,1.714454557422646
2019-03-04,AMZN,d_rate,-0.03737318987045868
2019-03-04,AMZN,d_credit,0.0730233124706496
2019-03-04,AMZN,r_vix,0.022326903310250848
2019-03-04,AMZN,GSPC,1.7055161546121187
2019-03-11,AMZN,d_rate,-0.037014121904383905
2019-03-11,AMZN,d_credit,0.076368910362025
2019-03-11,AMZN,r_vix,0.020009868047094845
2019-03-11,AMZN,GSPC,1.7094618370751034
2019-03-18,AMZN,d_rate,-0.0714826280116405
2019-03-18,AMZN,d_credit,0.04311798792545836
2019-03-18,AMZN,r_vix,0.028488262329850453
2019-03-18,AMZN,GSPC,1.8670098457608946
2019-03-25,AMZN,d_rate,-0.0779103265623915
2019-03-25,AMZN,d_credit,0.03385499206897582
2019-03-25,AMZN,r_vix,0.052987939487369455
2019-03-25,AMZN,GSPC,2.0551139012501096
2019-04-01,AMZN,d_rate,-0.0773497118351311
2019-04-01,AMZN,d_credit,0.034708011222472746
2019-04-01,AMZN,r_vix,0.05485502649547117
2019-04-01,AMZN,GSPC,2.067736730856386
2019-04-08,AMZN,d_rate,-0.07686147303748811
2019-04-08,AMZN,d_credit,0.031617887600986806
2019-04-08,AMZN,r_vix,0.05294784444182636
2019-04-08,AMZN,GSPC,2.0592208828900174
2019-04-15,AMZN,d_rate,-0.12193699421787589
2019-04-15,AMZN,d_credit,0.009638348203154406
2019-04-15,AMZN,r_vix,0.05690238619124038
2019-04-15,AMZN,GSPC,2.114590243670264
2019-04-22,AMZN,d_rate,-0.13110928922905116
2019-04-22,AMZN,d_credit,-0.008046702077720071
2019-04-22,AMZN,r_vix,0.07337554335137278
2019-04-22,AMZN,GSPC,2.2115580448487067
2019-04-29,AMZN,d_rate,-0.13358645567858066
2019-04-29,AMZN,d_credit,-0.019173563726266194
2019-04-29,AMZN,r_vix,0.07768627943934306
2019-04-29,AMZN,GSPC,2.23237873302499
2019-05-06,AMZN,d_rate,-0.1362614773833853
2019-05-06,AMZN,d_credit,-0.03246497958668051
2019-05-06,AMZN,r_vix,0.07412240187747324
2019-05-06,AMZN,GSPC,2.2404976940215984
2019-05-13,AMZN,d_rate,-0.13749974887989128
2019-05-13,AMZN,d_credit,-0.033970888385243
2019-05-13,AMZN,r_vix,0.07459080312741166
2019-05-13,AMZN,GSPC,2.2453937437756877
2019-05-20,AMZN,d_rate,-0.13735883434135926
2019-05-20,AMZN,d_credit,-0.03628891031973137
2019-05-20,AMZN,r_vix,0.0758644689189959
2019-05-20,AMZN,GSPC,2.252414698409047
2019-05-27,AMZN,d_rate,-0.1364812630669483
2019-05-27,AMZN,d_credit,-0.037538260615725426
2019-05-27,AMZN,r_vix,0.07552662385835389
2019-05-27,AMZN,GSPC,2.248684924000708
2019-06-03,AMZN,d_rate,-0.11825768948619092
2019-06-03,AMZN,d_credit,-0.06525719691457019
2019-06-03,AMZN,r_vix,0.06241356212529026
2019-06-03,AMZN,GSPC,2.008759490054171
2019-06-10,AMZN,d_rate,-0.11572728611230226
2019-06-10,AMZN,d_credit,-0.05725858313909651
2019-06-10,AMZN,r_vix,0.05841581549424064
2019-06-10,AMZN,GSPC,1.9951449867170101
2019-06-17,AMZN,d_rate,-0.10867344029578155
2019-06-17,AMZN,d_credit,-0.04411219275453849
2019-06-17,AMZN,r_vix,0.046109582108714214
2019-06-17,AMZN,GSPC,1.9157135374057375
2019-06-24,AMZN,d_rate,-0.10422309508536573
2019-06-24,AMZN,d_credit,-0.03677263490272069
2019-06-24,AMZN,r_vix,0.04524719086872587
2019-06-24,AMZN,GSPC,1.916150377705689
2019-07-01,AMZN,d_rate,-0.10807131347636514
2019-07-01,AMZN,d_credit,-0.04275914682907334
2019-07-01,AMZN,r_vix,0.039707588648330704
2019-07-01,AMZN,GSPC,1.8991350923513282
2019-07-08,AMZN,d_rate,-0.08996128130321851
2019-07-08,AMZN,d_credit,-0.01622222689044892
2019-07-08,AMZN,r_vix,0.03687753133583401
2019-07-08,AMZN,GSPC,1.8693022064228442
2019-07-15,AMZN,d_rate,-0.09011315103224272
2019-07-15,AMZN,d_credit,-0.014856242598008313
2019-07-15,AMZN,r_vix,0.033695063142210366
2019-07-15,AMZN,GSPC,1.8594398986391543
2019-07-22,AMZN,d_rate,-0.0813596557170267
2019-07-22,AMZN,d_credit,0.019435084804752614
2019-07-22,AMZN,r_vix,0.03839947620386649
2019-07-22,AMZN,GSPC,1.8817636345748108
2019-07-29,AMZN,d_rate,-0.061934098582256805
2019-07-29,AMZN,d_credit,0.0340516743432538
2019-07-29,AMZN,r_vix,0.021885656606019585
2019-07-29,AMZN,GSPC,1.81298395254853
2019-08-05,AMZN,d_rate,-0.054694367415252215
2019-08-05,AMZN,d_credit,0.034148038103120996
2019-08-05,AMZN,r_vix,0.014609130585780613
2019-08-05,AMZN,GSPC,1.7661657172626881
2019-08-12,AMZN,d_rate,-0.0544754815865844
2019-08-12,AMZN,d_credit,0.036054598201221325
2019-08-12,AMZN,r_vix,0.0138457878264598
2019-08-12,AMZN,GSPC,1.7646562177089675
2019-08-19,AMZN,d_rate,-0.05469738738445817
2019-08-19,AMZN,d_credit,0.03603670562597124
2019-08-19,AMZN,r_vix,0.013683960154050082
2019-08-19,AMZN,GSPC,1.7640653857783848
2019-08-26,AMZN,d_rate,-0.06390921318543645
2019-08-26,AMZN,d_credit,0.028665906233871215
2019-08-26,AMZN,r_vix,-0.006542885460283978
2019-08-26,AMZN,GSPC,1.6219837212016848
2019-09-02,AMZN,d_rate,-0.06029322866389746
2019-09-02,AMZN,d_credit,0.0323573172907915
2019-09-02,AMZN,r_vix,-0.008838426809385376
2019-09-02,AMZN,GSPC,1.6104053125487392
2019-09-09,AMZN,d_rate,-0.05138052742986039
2019-09-09,AMZN,d_credit,0.034518059631568
2019-09-09,AMZN,r_vix,-0.009342725170162977
2019-09-09,AMZN,GSPC,1.5974213364801073
2019-09-16,AMZN,d_rate,-0.036415701251358144
2019-09-16,AMZN,d_credit,0.03687616301086064
2019-09-16,AMZN,r_vix,-0.009445176959737912
2019-09-16,AMZN,GSPC,1.5846003661686618
2019-09-23,AMZN,d_rate,-0.03913961287628812
2019-09-23,AMZN,d_credit,0.03928260712518996
2019-09-23,AMZN,r_vix,-0.013097467646111952
2019-09-23,AMZN,GSPC,1.5901771531363629
2019-09-30,AMZN,d_rate,-0.01035060728964894
2019-09-30,AMZN,d_credit,0.05886580363824798
2019-09-30,AMZN,r_vix,0.004799769727040357
2019-09-30,AMZN,GSPC,1.6365589688127924
2019-10-07,AMZN,d_rate,-0.016308640986300853
2019-10-07,AMZN,d_credit,0.0595829619816077
2019-10-07,AMZN,r_vix,-0.0021176732860741483
2019-10-07,AMZN,GSPC,1.6326885401096596
2019-10-14,AMZN,d_rate,-0.012546292797936955
2019-10-14,AMZN,d_credit,0.06615643224048764
2019-10-14,AMZN,r_vix,-0.005801513593747715
2019-10-14,AMZN,GSPC,1.6126818995328056
2019-10-21,AMZN,d_rate,-0.010925214073174632
2019-10-21,AMZN,d_credit,0.07571847699871846
2019-10-21,AMZN,r_vix,-0.005226812341565267
2019-10-21,AMZN,GSPC,1.598792422387271
2019-10-28,AMZN,d_rate,-6.467398607376758e-4
2019-10-28,AMZN,d_credit,0.08879639120822125
2019-10-28,AMZN,r_vix,-0.009645408587230234
2019-10-28,AMZN,GSPC,1.583423810655401
2019-11-04,AMZN,d_rate,-0.006891419828809326
2019-11-04,AMZN,d_credit,0.08675218361883268
2019-11-04,AMZN,r_vix,-0.012178650886418806
2019-11-04,AMZN,GSPC,1.5791423538539542
2019-11-11,AMZN,d_rate,0.015940551234992033
2019-11-11,AMZN,d_credit,0.17699358209240904
2019-11-11,AMZN,r_vix,-0.03039297076541403
2019-11-11,AMZN,GSPC,1.4507307836009609
2019-11-18,AMZN,d_rate,0.016597080975288458
2019-11-18,AMZN,d_credit,0.1794096734335416
2019-11-18,AMZN,r_vix,-0.03098813067856052
2019-11-18,AMZN,GSPC,1.4369633956491605
2019-11-25,AMZN,d_rate,0.010408091244166938
2019-11-25,AMZN,d_credit,0.11695527151075748
2019-11-25,AMZN,r_vix,-0.025173660778095144
2019-11-25,AMZN,GSPC,1.3681678317870936
2019-12-02,AMZN,d_rate,0.005838876523165591
2019-12-02,AMZN,d_credit,0.11711643881218185
2019-12-02,AMZN,r_vix,-0.03151180785717074
2019-12-02,AMZN,GSPC,1.4377616764177743
2019-12-09,AMZN,d_rate,0.0055203757610378405
2019-12-09,AMZN,d_credit,0.11775110039345403
2019-12-09,AMZN,r_vix,-0.030607229549382806
2019-12-09,AMZN,GSPC,1.4470042011844848
2019-12-16,AMZN,d_rate,0.018723701713816137
2019-12-16,AMZN,d_credit,0.12800553155051536
2019-12-16,AMZN,r_vix,-0.040270704180516266
2019-12-16,AMZN,GSPC,1.1530425651491274
2019-12-23,AMZN,d_rate,0.011789754113449206
2019-12-23,AMZN,d_credit,0.07588896387656732
2019-12-23,AMZN,r_vix,-0.03319237945212509
2019-12-23,AMZN,GSPC,1.1034522754543645
2019-12-30,AMZN,d_rate,0.020321959875988473
2019-12-30,AMZN,d_credit,0.061265476226657234
2019-12-30,AMZN,r_vix,-0.006022774769739206
2019-12-30,AMZN,GSPC,1.167900792939168
2020-01-06,AMZN,d_rate,0.019864102415901027
2020-01-06,AMZN,d_credit,0.05659811102507481
2020-01-06,AMZN,r_vix,-0.0026921570539075383
2020-01-06,AMZN,GSPC,1.1553165418666382
2020-01-13,AMZN,d_rate,0.01759923881015428
2020-01-13,AMZN,d_credit,0.047925965864762846
2020-01-13,AMZN,r_vix,-0.010886623800921397
2020-01-13,AMZN,GSPC,1.0500328951354625
2020-01-20,AMZN,d_rate,0.012589768359656726
2020-01-20,AMZN,d_credit,0.03285001640215452
2020-01-20,AMZN,r_vix,-0.00781481332352843
2020-01-20,AMZN,GSPC,1.0378206838127015
2020-01-27,AMZN,d_rate,0.023120367206892593
2020-01-27,AMZN,d_credit,0.15937066249477957
2020-01-27,AMZN,r_vix,0.014011649346061734
2020-01-27,AMZN,GSPC,1.1903144237744043
2020-02-03,AMZN,d_rate,0.017196368105519586
2020-02-03,AMZN,d_credit,0.14879821347332053
2020-02-03,AMZN,r_vix,0.008786833614361583
2020-02-03,AMZN,GSPC,1.1749596986829334
2020-02-10,AMZN,d_rate,0.017836042653673223
2020-02-10,AMZN,d_credit,0.154373768485232
2020-02-10,AMZN,r_vix,0.01189974614307848
2020-02-10,AMZN,GSPC,1.2400339202295958
2020-02-17,AMZN,d_rate,0.019203584671799
2020-02-17,AMZN,d_credit,0.15579841362883654
2020-02-17,AMZN,r_vix,0.010809194765873092
2020-02-17,AMZN,GSPC,1.2443935656571654
2020-02-24,AMZN,d_rate,0.011420944627859553
2020-02-24,AMZN,d_credit,0.1533076344034091
2020-02-24,AMZN,r_vix,-3.3919148090521753e-4
2020-02-24,AMZN,GSPC,1.1299895500460917
2020-03-02,AMZN,d_rate,0.01599916958077119
2020-03-02,AMZN,d_credit,0.12698987498597727
2020-03-02,AMZN,r_vix,0.003284804637434594
2020-03-02,AMZN,GSPC,1.0772994814667518
2020-03-09,AMZN,d_rate,0.02417097085523944
2020-03-09,AMZN,d_credit,0.12311730312333265
2020-03-09,AMZN,r_vix,0.013022301110467295
2020-03-09,AMZN,GSPC,1.0622882478770563
2020-03-16,AMZN,d_rate,0.011824131346137731
2020-03-16,AMZN,d_credit,0.11351923708504254
2020-03-16,AMZN,r_vix,-0.12011843259618084
2020-03-16,AMZN,GSPC,0.20427358702612503
2020-03-23,AMZN,d_rate,-4.90061311979902e-4
2020-03-23,AMZN,d_credit,0.0866144907119196
2020-03-23,AMZN,r_vix,-0.11788704066812529
2020-03-23,AMZN,GSPC,0.21762287895197274
2020-03-30,AMZN,d_rate,0.010635961689537425
2020-03-30,AMZN,d_credit,0.1052993857059955
2020-03-30,AMZN,r_vix,-0.09862410497696567
2020-03-30,AMZN,GSPC,0.2862358427986897
2020-04-06,AMZN,d_rate,0.018471200799965403
2020-04-06,AMZN,d_credit,0.13559261781920467
2020-04-06,AMZN,r_vix,-0.09202594835378075
2020-04-06,AMZN,GSPC,0.3791804775921218
2020-04-13,AMZN,d_rate,-4.766811564384895e-4
2020-04-13,AMZN,d_credit,0.010392184753511405
2020-04-13,AMZN,r_vix,-0.10162012150996957
2020-04-13,AMZN,GSPC,0.25762245210868556
2020-04-20,AMZN,d_rate,-7.554031063050204e-4
2020-04-20,AMZN,d_credit,0.0166547828099047
2020-04-20,AMZN,r_vix,-0.10762899382521328
2020-04-20,AMZN,GSPC,0.24615365063694317
2020-04-27,AMZN,d_rate,-0.008320932772208734
2020-04-27,AMZN,d_credit,0.01689287910568557
2020-04-27,AMZN,r_vix,-0.11194423148436825
2020-04-27,AMZN,GSPC,0.24206716417788435
2020-05-04,AMZN,d_rate,-0.007611310823500126
2020-05-04,AMZN,d_credit,0.013540816185476548
2020-05-04,AMZN,r_vix,-0.10677081896403008
2020-05-04,AMZN,GSPC,0.2424575749953211
2020-05-11,AMZN,d_rate,-0.007642058168500287
2020-05-11,AMZN,d_credit,0.01544869727519381
2020-05-11,AMZN,r_vix,-0.10507805521509597
2020-05-11,AMZN,GSPC,0.23978813976342989
2020-05-18,AMZN,d_rate,-0.007945513751276176
2020-05-18,AMZN,d_credit,0.03266534290878644
2020-05-18,AMZN,r_vix,-0.10842839194919536
2020-05-18,AMZN,GSPC,0.2457780077170008
2020-05-25,AMZN,d_rate,-0.009643019281752327
2020-05-25,AMZN,d_credit,0.035994725520931754
2020-05-25,AMZN,r_vix,-0.10858532772227336
2020-05-25,AMZN,GSPC,0.24358471513528335
2020-06-01,AMZN,d_rate,-0.011309257626308026
2020-06-01,AMZN,d_credit,0.0482058260796696
2020-06-01,AMZN,r_vix,-0.11229200696232003
2020-06-01,AMZN,GSPC,0.25949519173416596
2020-06-08,AMZN,d_rate,-0.01809212638040898
2020-06-08,AMZN,d_credit,0.02367358880372456
2020-06-08,AMZN,r_vix,-0.08882738256776246
2020-06-08,AMZN,GSPC,0.2427823190736735
2020-06-15,AMZN,d_rate,-0.017908500222204218
2020-06-15,AMZN,d_credit,0.024355345836154115
2020-06-15,AMZN,r_vix,-0.08935630546433743
2020-06-15,AMZN,GSPC,0.24680097413038388
2020-06-22,AMZN,d_rate,-0.020299031738052198
2020-06-22,AMZN,d_credit,0.02047599301852207
2020-06-22,AMZN,r_vix,-0.09082289096135097
2020-06-22,AMZN,GSPC,0.23803138888570002
2020-06-29,AMZN,d_rate,-0.01588071071158449
2020-06-29,AMZN,d_credit,0.03494933778328844
2020-06-29,AMZN,r_vix,-0.08625627284406585
2020-06-29,AMZN,GSPC,0.2862000403511388
2020-07-06,AMZN,d_rate,-0.03141796179069664
2020-07-06,AMZN,d_credit,-0.013557183990032924
2020-07-06,AMZN,r_vix,-0.09902587333846367
2020-07-06,AMZN,GSPC,0.21471164546173147
2020-07-13,AMZN,d_rate,-0.028252347212086644
2020-07-13,AMZN,d_credit,-1.2385102525816325e-4
2020-07-13,AMZN,r_vix,-0.09402010485315566
2020-07-13,AMZN,GSPC,0.22803836480685116
2020-07-20,AMZN,d_rate,-0.03165375329692649
2020-07-20,AMZN,d_credit,-0.018927025779096177
2020-07-20,AMZN,r_vix,-0.09818600627467032
2020-07-20,AMZN,GSPC,0.20192079097043544
2020-07-27,AMZN,d_rate,-0.03702552253026026
2020-07-27,AMZN,d_credit,-0.020524687169556414
2020-07-27,AMZN,r_vix,-0.0878428814041483
2020-07-27,AMZN,GSPC,0.2168391692730214
2020-08-03,AMZN,d_rate,-0.0397866129395306
2020-08-03,AMZN,d_credit,-0.01927974031708167
2020-08-03,AMZN,r_vix,-0.08759202414671316
2020-08-03,AMZN,GSPC,0.21410065801837197
2020-08-10,AMZN,d_rate,-0.047845501686417574
2020-08-10,AMZN,d_credit,-0.0229919178108134
2020-08-10,AMZN,r_vix,-0.08976951106719933
2020-08-10,AMZN,GSPC,0.2062208745907226
2020-08-17,AMZN,d_rate,-0.049092314314518354
2020-08-17,AMZN,d_credit,-0.01962413413564334
2020-08-17,AMZN,r_vix,-0.08824345948916425
2020-08-17,AMZN,GSPC,0.21094590520027715
2020-08-24,AMZN,d_rate,-0.04293018910545289
2020-08-24,AMZN,d_credit,-0.005702772831118333
2020-08-24,AMZN,r_vix,-0.08621291873434907
2020-08-24,AMZN,GSPC,0.2390036864703634
2020-08-31,AMZN,d_rate,-0.044026440383143524
2020-08-31,AMZN,d_credit,-1.3028571294600492e-4
2020-08-31,AMZN,r_vix,-0.09153303847636154
2020-08-31,AMZN,GSPC,0.2397543446681417
2020-09-07,AMZN,d_rate,-0.033469366186322874
2020-09-07,AMZN,d_credit,-0.002502612342579163
2020-09-07,AMZN,r_vix,-0.0718142189069991
2020-09-07,AMZN,GSPC,0.2925398069097183
2020-09-14,AMZN,d_rate,-0.043419159019021436
2020-09-14,AMZN,d_credit,-0.004603565910921811
2020-09-14,AMZN,r_vix,-0.06674045631410755
2020-09-14,AMZN,GSPC,0.30912254483582174
2020-09-21,AMZN,d_rate,-0.043465817636687484
2020-09-21,AMZN,d_credit,0.003257306401685744
2020-09-21,AMZN,r_vix,-0.06388526301034303
2020-09-21,AMZN,GSPC,0.31601588279493364
2020-09-28,AMZN,d_rate,-0.04567571466563494
2020-09-28,AMZN,d_credit,0.006772984675412514
2020-09-28,AMZN,r_vix,-0.06544464375849093
2020-09-28,AMZN,GSPC,0.3180637745718987
2020-10-05,AMZN,d_rate,-0.03723080592342834
2020-10-05,AMZN,d_credit,0.002751822872331328
2020-10-05,AMZN,r_vix,-0.06462269747437067
2020-10-05,AMZN,GSPC,0.31975562985532313
2020-10-12,AMZN,d_rate,-0.037259057643227796
2020-10-12,AMZN,d_credit,0.004938171834526515
2020-10-12,AMZN,r_vix,-0.06649100668080396
2020-10-12,AMZN,GSPC,0.3190951422343271
2020-10-19,AMZN,d_rate,-0.0414269503491764
2020-10-19,AMZN,d_credit,0.007617756582554564
2020-10-19,AMZN,r_vix,-0.06987605636736995
2020-10-19,AMZN,GSPC,0.32242074629364814
2020-10-26,AMZN,d_rate,-0.04575748616682944
2020-10-26,AMZN,d_credit,0.014969355916724797
2020-10-26,AMZN,r_vix,-0.07677821048570965
2020-10-26,AMZN,GSPC,0.3335052464576473
2020-11-02,AMZN,d_rate,-0.04689598523011574
2020-11-02,AMZN,d_credit,0.016536422407374372
2020-11-02,AMZN,r_vix,-0.08299109438088008
2020-11-02,AMZN,GSPC,0.33613796828707654
2020-11-09,AMZN,d_rate,-0.06206767987938889
2020-11-09,AMZN,d_credit,0.029774366860242877
2020-11-09,AMZN,r_vix,-0.08468838169441154
2020-11-09,AMZN,GSPC,0.34498292081950344
2020-11-16,AMZN,d_rate,-0.06086819100996436
2020-11-16,AMZN,d_credit,0.03638070354859591
2020-11-16,AMZN,r_vix,-0.08540100255472506
2020-11-16,AMZN,GSPC,0.3520881610650662
2020-11-23,AMZN,d_rate,-0.06168228168903042
2020-11-23,AMZN,d_credit,0.0407175657045338
2020-11-23,AMZN,r_vix,-0.08736837849463439
2020-11-23,AMZN,GSPC,0.3524451174747303
2020-11-30,AMZN,d_rate,-0.06058587924437515
2020-11-30,AMZN,d_credit,0.04362507123846842
2020-11-30,AMZN,r_vix,-0.08598059431772281
2020-11-30,AMZN,GSPC,0.35637255700560205
2020-12-07,AMZN,d_rate,-0.060126557613635986
2020-12-07,AMZN,d_credit,0.04362957015090868
2020-12-07,AMZN,r_vix,-0.08813848394393267
2020-12-07,AMZN,GSPC,0.3536376732733933
2020-12-14,AMZN,d_rate,-0.06048739224256064
2020-12-14,AMZN,d_credit,0.04587782407024442
2020-12-14,AMZN,r_vix,-0.08918254027498848
2020-12-14,AMZN,GSPC,0.3541256479400416
2020-12-21,AMZN,d_rate,-0.06039005175310278
2020-12-21,AMZN,d_credit,0.04504467124729761
2020-12-21,AMZN,r_vix,-0.09182034071579323
2020-12-21,AMZN,GSPC,0.3465433328102695
2020-12-28,AMZN,d_rate,-0.06072821033497779
2020-12-28,AMZN,d_credit,0.04697654610505925
2020-12-28,AMZN,r_vix,-0.09158834418940479
2020-12-28,AMZN,GSPC,0.3506566667340578
2021-01-04,AMZN,d_rate,-0.06875105618318723
2021-01-04,AMZN,d_credit,0.04979134459709542
2021-01-04,AMZN,r_vix,-0.09608943333587758
2021-01-04,AMZN,GSPC,0.3454283995729007
2021-01-11,AMZN,d_rate,-0.0676265046042046
2021-01-11,AMZN,d_credit,0.05774203372096626
2021-01-11,AMZN,r_vix,-0.09838834066814486
2021-01-11,AMZN,GSPC,0.3565988567752743
2021-01-18,AMZN,d_rate,-0.06776699416204358
2021-01-18,AMZN,d_credit,0.06419716638182466
2021-01-18,AMZN,r_vix,-0.10181788120235341
2021-01-18,AMZN,GSPC,0.36174403659173404
2021-01-25,AMZN,d_rate,-0.04671379838821865
2021-01-25,AMZN,d_credit,0.03032715309307139
2021-01-25,AMZN,r_vix,-0.10565541263315197
2021-01-25,AMZN,GSPC,0.3148878993348982
2021-02-01,AMZN,d_rate,-0.04865919490418676
2021-02-01,AMZN,d_credit,0.023077942261162797
2021-02-01,AMZN,r_vix,-0.09988436913752803
2021-02-01,AMZN,GSPC,0.31372911268559345
2021-02-08,AMZN,d_rate,-0.049824816252852254
2021-02-08,AMZN,d_credit,0.017407182192883952
2021-02-08,AMZN,r_vix,-0.09868713141568312
2021-02-08,AMZN,GSPC,0.30708757417646937
2021-02-15,AMZN,d_rate,-0.050154791954575194
2021-02-15,AMZN,d_credit,0.017499346075884003
2021-02-15,AMZN,r_vix,-0.09713792200235895
2021-02-15,AMZN,GSPC,0.3096149470836243
2021-02-22,AMZN,d_rate,-0.08676166163428789
2021-02-22,AMZN,d_credit,0.024976376145728587
2021-02-22,AMZN,r_vix,-0.09383749943795297
2021-02-22,AMZN,GSPC,0.2610887942176792
2021-03-01,AMZN,d_rate,-0.12256952067302973
2021-03-01,AMZN,d_credit,0.043937347269601426
2021-03-01,AMZN,r_vix,-0.08955259863453682
2021-03-01,AMZN,GSPC,0.2917379185895759
2021-03-08,AMZN,d_rate,-0.1218839131072011
2021-03-08,AMZN,d_credit,0.045716590473937196
2021-03-08,AMZN,r_vix,-0.08993354433205857
2021-03-08,AMZN,GSPC,0.29300856540172127
2021-03-15,AMZN,d_rate,-0.12213075063242584
2021-03-15,AMZN,d_credit,0.011878141820109238
2021-03-15,AMZN,r_vix,-0.06319462293998698
2021-03-15,AMZN,GSPC,0.5913582285912381
2021-03-22,AMZN,d_rate,-0.17699851770542732
2021-03-22,AMZN,d_credit,-0.037033060160640056
2021-03-22,AMZN,r_vix,-0.03525073466027227
2021-03-22,AMZN,GSPC,0.8180931949128953
2021-03-29,AMZN,d_rate,-0.17918168143971083
2021-03-29,AMZN,d_credit,-0.03581446569530479
2021-03-29,AMZN,r_vix,-0.043161183761048175
2021-03-29,AMZN,GSPC,0.7818011229219122
2021-04-05,AMZN,d_rate,-0.20352767016687745
2021-04-05,AMZN,d_credit,-0.031099173156322317
2021-04-05,AMZN,r_vix,-0.011610051168821096
2021-04-05,AMZN,GSPC,1.0719484651600566
2021-04-12,AMZN,d_rate,-0.18389487058273649
2021-04-12,AMZN,d_credit,0.04692477166154367
2021-04-12,AMZN,r_vix,0.004416399376602409
2021-04-12,AMZN,GSPC,1.1077756252551147
2021-04-19,AMZN,d_rate,-0.18003346446320992
2021-04-19,AMZN,d_credit,0.04508821505079716
2021-04-19,AMZN,r_vix,0.008537159974295636
2021-04-19,AMZN,GSPC,1.1423866894988641
2021-04-26,AMZN,d_rate,-0.16555533467214376
2021-04-26,AMZN,d_credit,0.04797494776312506
2021-04-26,AMZN,r_vix,0.011626681537717351
2021-04-26,AMZN,GSPC,1.1203945822356
2021-05-03,AMZN,d_rate,-0.1505069057761641
2021-05-03,AMZN,d_credit,0.028932262018003158
2021-05-03,AMZN,r_vix,0.023800046212110234
2021-05-03,AMZN,GSPC,1.13321907856686
2021-05-10,AMZN,d_rate,-0.14861314411754775
2021-05-10,AMZN,d_credit,0.021392275090411226
2021-05-10,AMZN,r_vix,0.02422920226249693
2021-05-10,AMZN,GSPC,1.156895315559236
2021-05-17,AMZN,d_rate,-0.15162898837989328
2021-05-17,AMZN,d_credit,0.006445706952751361
2021-05-17,AMZN,r_vix,0.025027303576507294
2021-05-17,AMZN,GSPC,1.166467612940871
2021-05-24,AMZN,d_rate,-0.15968743234254087
2021-05-24,AMZN,d_credit,-0.010476816878883652
2021-05-24,AMZN,r_vix,0.03784448103066579
2021-05-24,AMZN,GSPC,1.2539538595382842
2021-05-31,AMZN,d_rate,-0.15750331464060105
2021-05-31,AMZN,d_credit,-0.011445827236844352
2021-05-31,AMZN,r_vix,0.03811575899695766
2021-05-31,AMZN,GSPC,1.2532626809416962
2021-06-07,AMZN,d_rate,-0.12869294243827029
2021-06-07,AMZN,d_credit,-0.018471446610088375
2021-06-07,AMZN,r_vix,0.021572838474467997
2021-06-07,AMZN,GSPC,1.247086961828916
2021-06-14,AMZN,d_rate,-0.13665879929368752
2021-06-14,AMZN,d_credit,-0.05857422282341851
2021-06-14,AMZN,r_vix,0.03860003433833774
2021-06-14,AMZN,GSPC,1.2555889183326614
2021-06-21,AMZN,d_rate,-0.1380431116469665
2021-06-21,AMZN,d_credit,-0.09242402070704696
2021-06-21,AMZN,r_vix,0.06790876402094918
2021-06-21,AMZN,GSPC,1.4519623279653575
2021-06-28,AMZN,d_rate,-0.13316302846907657
2021-06-28,AMZN,d_credit,-0.0960657136425277
2021-06-28,AMZN,r_vix,0.05782856249004655
2021-06-28,AMZN,GSPC,1.3609569234435774
2021-07-05,AMZN,d_rate,-0.1557266505675025
2021-07-05,AMZN,d_credit,0.037772856326172194
2021-07-05,AMZN,r_vix,0.10906146101883774
2021-07-05,AMZN,GSPC,1.6600616008846263
2021-07-12,AMZN,d_rate,-0.1508621601184016
2021-07-12,AMZN,d_credit,-0.006447098945723118
2021-07-12,AMZN,r_vix,0.09818971238508381
2021-07-12,AMZN,GSPC,1.6394555753404942
2021-07-19,AMZN,d_rate,-0.147148125336336
2021-07-19,AMZN,d_credit,0.005619651724890462
2021-07-19,AMZN,r_vix,0.10026269460724282
2021-07-19,AMZN,GSPC,1.659754176021369
2021-07-26,AMZN,d_rate,-0.11327994896223945
2021-07-26,AMZN,d_credit,-0.02793671717677899
2021-07-26,AMZN,r_vix,0.09317855727869453
2021-07-26,AMZN,GSPC,1.6247084094719861
2021-08-02,AMZN,d_rate,-0.1097671699249045
2021-08-02,AMZN,d_credit,-0.03032937824362617
2021-08-02,AMZN,r_vix,0.0904489058080384
2021-08-02,AMZN,GSPC,1.6269750425276008
2021-08-09,AMZN,d_rate,-0.11171843666389153
2021-08-09,AMZN,d_credit,-0.04157683242033921
2021-08-09,AMZN,r_vix,0.09103814080189952
2021-08-09,AMZN,GSPC,1.6267187701383763
2021-08-16,AMZN,d_rate,-0.0950793596198582
2021-08-16,AMZN,d_credit,-0.05189569033617762
2021-08-16,AMZN,r_vix,0.07713380637385638
2021-08-16,AMZN,GSPC,1.5456714693962657
2021-08-23,AMZN,d_rate,-0.09123957177382043
2021-08-23,AMZN,d_credit,-0.06870522802628623
2021-08-23,AMZN,r_vix,0.06641443458038401
2021-08-23,AMZN,GSPC,1.4827185991227574
2021-08-30,AMZN,d_rate,-0.09145166839498862
2021-08-30,AMZN,d_credit,-0.06801541840648115
2021-08-30,AMZN,r_vix,0.07260225587206724
2021-08-30,AMZN,GSPC,1.504211488634212
2021-09-06,AMZN,d_rate,-0.09277660355116114
2021-09-06,AMZN,d_credit,-0.07140580118278432
2021-09-06,AMZN,r_vix,0.06888757231538024
2021-09-06,AMZN,GSPC,1.456722484679898
2021-09-13,AMZN,d_rate,-0.09185655992203834
2021-09-13,AMZN,d_credit,-0.0896155896731695
2021-09-13,AMZN,r_vix,0.045804517993083146
2021-09-13,AMZN,GSPC,1.2631628445375362
2021-09-20,AMZN,d_rate,-0.07953124855368421
2021-09-20,AMZN,d_credit,-0.1445446619770599
2021-09-20,AMZN,r_vix,0.053089761979613195
2021-09-20,AMZN,GSPC,1.3320880767571444
2021-09-27,AMZN,d_rate,-0.07978303151620002
2021-09-27,AMZN,d_credit,-0.14873374677898313
2021-09-27,AMZN,r_vix,0.052829362016713
2021-09-27,AMZN,GSPC,1.3379690041439776
2021-10-04,AMZN,d_rate,-0.07666492226214819
2021-10-04,AMZN,d_credit,-0.1456777247221518
2021-10-04,AMZN,r_vix,0.04534865317309669
2021-10-04,AMZN,GSPC,1.2766935523512897
2021-10-11,AMZN,d_rate,-0.08112318316957783
2021-10-11,AMZN,d_credit,-0.15516747599960223
2021-10-11,AMZN,r_vix,0.045205525907977884
2021-10-11,AMZN,GSPC,1.2792052069315747
2021-10-18,AMZN,d_rate,-0.0880856213364507
2021-10-18,AMZN,d_credit,-0.1532528030768038
2021-10-18,AMZN,r_vix,0.037313570183987996
2021-10-18,AMZN,GSPC,1.2001154988500602
2021-10-25,AMZN,d_rate,-0.08101193371837226
2021-10-25,AMZN,d_credit,-0.15074874009387015
2021-10-25,AMZN,r_vix,0.0415896527470471
2021-10-25,AMZN,GSPC,1.2847644777151837
2021-11-01,AMZN,d_rate,-0.08707945810592037
2021-11-01,AMZN,d_credit,-0.13679850719510875
2021-11-01,AMZN,r_vix,0.05259215888491041
2021-11-01,AMZN,GSPC,1.3936159271203203
2021-11-08,AMZN,d_rate,-0.06292612969947044
2021-11-08,AMZN,d_credit,-0.18424731536891975
2021-11-08,AMZN,r_vix,0.07342986991860193
2021-11-08,AMZN,GSPC,1.6604769030387492
2021-11-15,AMZN,d_rate,-0.07063258598666071
2021-11-15,AMZN,d_credit,-0.17115738707972775
2021-11-15,AMZN,r_vix,0.08205143220527363
2021-11-15,AMZN,GSPC,1.711718505345577
2021-11-22,AMZN,d_rate,-0.07419438361744567
2021-11-22,AMZN,d_credit,-0.19630527858421803
2021-11-22,AMZN,r_vix,0.060302627965773584
2021-11-22,AMZN,GSPC,1.574961123084509
2021-11-29,AMZN,d_rate,-0.0375416214301296
2021-11-29,AMZN,d_credit,-0.22614161994460216
2021-11-29,AMZN,r_vix,0.09429717972650692
2021-11-29,AMZN,GSPC,1.9280426372280477
2021-12-06,AMZN,d_rate,-0.03771053753032599
2021-12-06,AMZN,d_credit,-0.2259290003100593
2021-12-06,AMZN,r_vix,0.09401651075801566
2021-12-06,AMZN,GSPC,1.925672319092047
2021-12-13,AMZN,d_rate,-0.04977963154257441
2021-12-13,AMZN,d_credit,-0.2193824854164723
2021-12-13,AMZN,r_vix,0.08387140913007494
2021-12-13,AMZN,GSPC,1.7831951344298065
2021-12-20,AMZN,d_rate,-0.05295361444615064
2021-12-20,AMZN,d_credit,-0.2203594079579433
2021-12-20,AMZN,r_vix,0.07083385774830409
2021-12-20,AMZN,GSPC,1.6377790131723768
2021-12-27,AMZN,d_rate,-0.05500853995386316
2021-12-27,AMZN,d_credit,-0.22283287418149517
2021-12-27,AMZN,r_vix,0.07315840908736182
2021-12-27,AMZN,GSPC,1.6493802754850493
2022-01-03,AMZN,d_rate,-0.011790028068075928
2022-01-03,AMZN,d_credit,-0.23890151731845757
2022-01-03,AMZN,r_vix,0.11145118606472676
2022-01-03,AMZN,GSPC,2.0303171127709216
2022-01-10,AMZN,d_rate,-0.016124580837141717
2022-01-10,AMZN,d_credit,-0.2443996398753206
2022-01-10,AMZN,r_vix,0.10664733414009543
2022-01-10,AMZN,GSPC,1.9627637847869621
2022-01-17,AMZN,d_rate,-0.004195138167920367
2022-01-17,AMZN,d_credit,-0.2664296783493547
2022-01-17,AMZN,r_vix,0.12121388305881034
2022-01-17,AMZN,GSPC,2.1656141371062563
2022-01-24,AMZN,d_rate,-0.0043632620473056495
2022-01-24,AMZN,d_credit,-0.2507365999410479
2022-01-24,AMZN,r_vix,0.11526784996063026
2022-01-24,AMZN,GSPC,2.161198853652182
2022-01-31,AMZN,d_rate,0.03295135844037559
2022-01-31,AMZN,d_credit,-0.22483264056516986
2022-01-31,AMZN,r_vix,0.11413611877863167
2022-01-31,AMZN,GSPC,2.207697772452437
2022-02-07,AMZN,d_rate,0.03445008637134126
2022-02-07,AMZN,d_credit,-0.2048792673729694
2022-02-07,AMZN,r_vix,0.11622709942395311
2022-02-07,AMZN,GSPC,2.222315129926755
2022-02-14,AMZN,d_rate,0.030301741615103316
2022-02-14,AMZN,d_credit,-0.1487098326090475
2022-02-14,AMZN,r_vix,0.09254370808867443
2022-02-14,AMZN,GSPC,1.9803953379483612
2022-02-21,AMZN,d_rate,0.043094482872824934
2022-02-21,AMZN,d_credit,-0.14833843279052747
2022-02-21,AMZN,r_vix,0.10048827699600373
2022-02-21,AMZN,GSPC,1.9967434797025716
2022-02-28,AMZN,d_rate,0.06086007485471342
2022-02-28,AMZN,d_credit,-0.14785294251068712
2022-02-28,AMZN,r_vix,0.10062450601013082
2022-02-28,AMZN,GSPC,2.0105421561970074
2022-03-07,AMZN,d_rate,0.08391687304509864
2022-03-07,AMZN,d_credit,-0.13530165527588708
2022-03-07,AMZN,r_vix,0.07916745029773618
2022-03-07,AMZN,GSPC,1.7415976323526363
2022-03-14,AMZN,d_rate,0.07893964478301398
2022-03-14,AMZN,d_credit,-0.13457391993468318
2022-03-14,AMZN,r_vix,0.07204439547742683
2022-03-14,AMZN,GSPC,1.6505899549618996
2022-03-21,AMZN,d_rate,0.0537171503959978
2022-03-21,AMZN,d_credit,-0.11068862086640632
2022-03-21,AMZN,r_vix,0.0626426958893608
2022-03-21,AMZN,GSPC,1.6181039381908247
2022-03-28,AMZN,d_rate,0.05768897179730895
2022-03-28,AMZN,d_credit,-0.10052039808179687
2022-03-28,AMZN,r_vix,0.06443397589875252
2022-03-28,AMZN,GSPC,1.6335617083252878
2022-04-04,AMZN,d_rate,0.03013213168226876
2022-04-04,AMZN,d_credit,-0.08997722501328816
2022-04-04,AMZN,r_vix,0.05190639446199309
2022-04-04,AMZN,GSPC,1.5914889030845987
2022-04-11,AMZN,d_rate,0.024582167362831905
2022-04-11,AMZN,d_credit,-0.0953140219737796
2022-04-11,AMZN,r_vix,0.04284485331432933
2022-04-11,AMZN,GSPC,1.50466930364083
2022-04-18,AMZN,d_rate,0.022874316419397224
2022-04-18,AMZN,d_credit,-0.09686154275846405
2022-04-18,AMZN,r_vix,0.04265131209023579
2022-04-18,AMZN,GSPC,1.5050585249168154
2022-04-25,AMZN,d_rate,0.024298936630685143
2022-04-25,AMZN,d_credit,-0.10957281422521803
2022-04-25,AMZN,r_vix,0.05136598902897878
2022-04-25,AMZN,GSPC,1.6962692931176953
2022-05-02,AMZN,d_rate,-0.007674928128501293
2022-05-02,AMZN,d_credit,-0.12337518120538932
2022-05-02,AMZN,r_vix,0.04797634076131612
2022-05-02,AMZN,GSPC,1.711636419264315
2022-05-09,AMZN,d_rate,-0.029924491463517548
2022-05-09,AMZN,d_credit,-0.1097963407060605
2022-05-09,AMZN,r_vix,0.020594937567697442
2022-05-09,AMZN,GSPC,1.5226280038430564
2022-05-16,AMZN,d_rate,-0.032910322179935676
2022-05-16,AMZN,d_credit,-0.1083218275324203
2022-05-16,AMZN,r_vix,0.016576483928128126
2022-05-16,AMZN,GSPC,1.4889395750914922
2022-05-23,AMZN,d_rate,-0.0327523927473709
2022-05-23,AMZN,d_credit,-0.11024316489583075
2022-05-23,AMZN,r_vix,0.004522092874671918
2022-05-23,AMZN,GSPC,1.3414651467584746
2022-05-30,AMZN,d_rate,-0.02654324213265825
2022-05-30,AMZN,d_credit,-0.16041908796828058
2022-05-30,AMZN,r_vix,-0.005332128470485025
2022-05-30,AMZN,GSPC,1.1752209032077907
2022-06-06,AMZN,d_rate,-0.021159257161733724
2022-06-06,AMZN,d_credit,-0.13616242166171608
2022-06-06,AMZN,r_vix,0.009037779363994188
2022-06-06,AMZN,GSPC,1.3572209223906642
2022-06-13,AMZN,d_rate,-0.01240351055623547
2022-06-13,AMZN,d_credit,-0.09219957832747513
2022-06-13,AMZN,r_vix,-0.022119734442723023
2022-06-13,AMZN,GSPC,1.180726936803131
2022-06-20,AMZN,d_rate,-0.006544220797177241
2022-06-20,AMZN,d_credit,-0.053143582237089856
2022-06-20,AMZN,r_vix,-0.03306858971071686
2022-06-20,AMZN,GSPC,1.2784605986580169
2022-06-27,AMZN,d_rate,0.003363152092618219
2022-06-27,AMZN,d_credit,-0.05631375810095735
2022-06-27,AMZN,r_vix,-0.025937784282319406
2022-06-27,AMZN,GSPC,1.3099666960859688
2022-07-04,AMZN,d_rate,0.012406386256869231
2022-07-04,AMZN,d_credit,-0.06335315310203286
2022-07-04,AMZN,r_vix,-0.030291037925147316
2022-07-04,AMZN,GSPC,1.2853385694002408
2022-07-11,AMZN,d_rate,0.010394435240436779
2022-07-11,AMZN,d_credit,-0.06536704144287012
2022-07-11,AMZN,r_vix,-0.028646964703349462
2022-07-11,AMZN,GSPC,1.2860202497587114
2022-07-18,AMZN,d_rate,-0.0013957052802696772
2022-07-18,AMZN,d_credit,-0.07398831468097167
2022-07-18,AMZN,r_vix,-0.028125837051549956
2022-07-18,AMZN,GSPC,1.312559135149847
2022-07-25,AMZN,d_rate,-0.009799170176578526
2022-07-25,AMZN,d_credit,-0.06072899061983546
2022-07-25,AMZN,r_vix,-0.020242499538821193
2022-07-25,AMZN,GSPC,1.4114194435964602
2022-08-01,AMZN,d_rate,-0.005327873319506725
2022-08-01,AMZN,d_credit,-0.06533426103319323
2022-08-01,AMZN,r_vix,-0.019067603674785747
2022-08-01,AMZN,GSPC,1.4185341004047203
2022-08-08,AMZN,d_rate,-0.006293682735273768
2022-08-08,AMZN,d_credit,-0.06344986079686646
2022-08-08,AMZN,r_vix,-0.02214885707647986
2022-08-08,AMZN,GSPC,1.3889941817475422
2022-08-15,AMZN,d_rate,-0.00974759853166479
2022-08-15,AMZN,d_credit,-0.06668898526156149
2022-08-15,AMZN,r_vix,-0.018717021251895036
2022-08-15,AMZN,GSPC,1.4012656045722556
2022-08-22,AMZN,d_rate,-0.00947564581677588
2022-08-22,AMZN,d_credit,-0.06643867819384357
2022-08-22,AMZN,r_vix,-0.016109626962559666
2022-08-22,AMZN,GSPC,1.3991668632163852
2022-08-29,AMZN,d_rate,-0.005377053094777664
2022-08-29,AMZN,d_credit,-0.060108119723993506
2022-08-29,AMZN,r_vix,-0.022003812098146655
2022-08-29,AMZN,GSPC,1.3572330531888586
2022-09-05,AMZN,d_rate,-0.006064775669430076
2022-09-05,AMZN,d_credit,-0.05416003078569706
2022-09-05,AMZN,r_vix,-0.031145541781379148
2022-09-05,AMZN,GSPC,1.332651506824898
2022-09-12,AMZN,d_rate,-0.005517745987095728
2022-09-12,AMZN,d_credit,-0.05181083486300962
2022-09-12,AMZN,r_vix,-0.030801018788533776
2022-09-12,AMZN,GSPC,1.3416894707708389
2022-09-19,AMZN,d_rate,-0.006725473051307896
2022-09-19,AMZN,d_credit,-0.0474560223090737
2022-09-19,AMZN,r_vix,-0.03579006454417617
2022-09-19,AMZN,GSPC,1.3458777295047961
2022-09-26,AMZN,d_rate,0.003401048876263487
2022-09-26,AMZN,d_credit,-0.023634000971873934
2022-09-26,AMZN,r_vix,-0.03799472395444397
2022-09-26,AMZN,GSPC,1.339563323986238
2022-10-03,AMZN,d_rate,0.004543621195945644
2022-10-03,AMZN,d_credit,-0.021348125799574496
2022-10-03,AMZN,r_vix,-0.04029047321092276
2022-10-03,AMZN,GSPC,1.3346870513859623
2022-10-10,AMZN,d_rate,-0.0015297652714840841
2022-10-10,AMZN,d_credit,-0.03619937402206369
2022-10-10,AMZN,r_vix,-0.03771995099063927
2022-10-10,AMZN,GSPC,1.3342073743162257
2022-10-17,AMZN,d_rate,0.016477494996974658
2022-10-17,AMZN,d_credit,-0.014958728453351793
2022-10-17,AMZN,r_vix,-0.02693877071247602
2022-10-17,AMZN,GSPC,1.4659944275773602
2022-10-24,AMZN,d_rate,0.07396620149126265
2022-10-24,AMZN,d_credit,0.0424662039272123
2022-10-24,AMZN,r_vix,-0.010635554207378325
2022-10-24,AMZN,GSPC,1.42860612710143
2022-10-31,AMZN,d_rate,0.07944155696917599
2022-10-31,AMZN,d_credit,0.06201006074475262
2022-10-31,AMZN,r_vix,0.005122500353610413
2022-10-31,AMZN,GSPC,1.5328274644957056
2022-11-07,AMZN,d_rate,0.07980362630392844
2022-11-07,AMZN,d_credit,0.06473975884420993
2022-11-07,AMZN,r_vix,0.009483808420937042
2022-11-07,AMZN,GSPC,1.578374279960654
2022-11-14,AMZN,d_rate,0.08817067295418082
2022-11-14,AMZN,d_credit,0.07108415358268799
2022-11-14,AMZN,r_vix,0.0022502100048432333
2022-11-14,AMZN,GSPC,1.5590180030722913
2022-11-21,AMZN,d_rate,0.0885925108333856
2022-11-21,AMZN,d_credit,0.07164734228921418
2022-11-21,AMZN,r_vix,0.005452907279719875
2022-11-21,AMZN,GSPC,1.5678733017823105
2022-11-28,AMZN,d_rate,0.08619163591040614
2022-11-28,AMZN,d_credit,0.07010884627157406
2022-11-28,AMZN,r_vix,0.002911410690743504
2022-11-28,AMZN,GSPC,1.564072371804783
2022-12-05,AMZN,d_rate,0.08924596686563938
2022-12-05,AMZN,d_credit,0.07624652122538082
2022-12-05,AMZN,r_vix,-0.028707250818100473
2022-12-05,AMZN,GSPC,1.5021724722871912
2022-12-12,AMZN,d_rate,0.0891198748517511
2022-12-12,AMZN,d_credit,0.08082477975457435
2022-12-12,AMZN,r_vix,-0.04402911908271079
2022-12-12,AMZN,GSPC,1.4613649949974619
2022-12-19,AMZN,d_rate,0.07990048494575236
2022-12-19,AMZN,d_credit,0.07306122228657695
2022-12-19,AMZN,r_vix,-0.032225248162497284
2022-12-19,AMZN,GSPC,1.4900941425509575
2022-12-26,AMZN,d_rate,0.08124692379875667
2022-12-26,AMZN,d_credit,0.07839180554563223
2022-12-26,AMZN,r_vix,-0.06003836775036768
2022-12-26,AMZN,GSPC,1.4244698761646453
2023-01-02,AMZN,d_rate,0.0731061376677042
2023-01-02,AMZN,d_credit,0.08199724376508986
2023-01-02,AMZN,r_vix,-0.06109710428087647
2023-01-02,AMZN,GSPC,1.4299470778089913
2023-01-09,AMZN,d_rate,0.06171840186590882
2023-01-09,AMZN,d_credit,0.05287526243864564
2023-01-09,AMZN,r_vix,-0.07700209847097166
2023-01-09,AMZN,GSPC,1.4124590220706879
2023-01-16,AMZN,d_rate,0.060799184014083206
2023-01-16,AMZN,d_credit,0.05141378857096554
2023-01-16,AMZN,r_vix,-0.06586714635138456
2023-01-16,AMZN,GSPC,1.4303528742174083
2023-01-23,AMZN,d_rate,0.06075571701940571
2023-01-23,AMZN,d_credit,0.04794228711658451
2023-01-23,AMZN,r_vix,-0.06459835634164433
2023-01-23,AMZN,GSPC,1.4418881487981017
2023-01-30,AMZN,d_rate,0.0537956474631503
2023-01-30,AMZN,d_credit,0.0365452087451987
2023-01-30,AMZN,r_vix,-0.03546557513597218
2023-01-30,AMZN,GSPC,1.4805017926686623
2023-02-06,AMZN,d_rate,0.04835813444274975
2023-02-06,AMZN,d_credit,0.03375661583184387
2023-02-06,AMZN,r_vix,-0.05643051710875624
2023-02-06,AMZN,GSPC,1.430714299098568
2023-02-13,AMZN,d_rate,0.04815286358915025
2023-02-13,AMZN,d_credit,0.02641982016810622
2023-02-13,AMZN,r_vix,-0.05302413239516626
2023-02-13,AMZN,GSPC,1.4401914813867194
2023-02-20,AMZN,d_rate,0.04839774299924849
2023-02-20,AMZN,d_credit,0.025555192291905896
2023-02-20,AMZN,r_vix,-0.05219181243139677
2023-02-20,AMZN,GSPC,1.4379884778815755
2023-02-27,AMZN,d_rate,0.045877531324213114
2023-02-27,AMZN,d_credit,0.027355481246791227
2023-02-27,AMZN,r_vix,-0.041743768540281063
2023-02-27,AMZN,GSPC,1.4564195898290837
2023-03-06,AMZN,d_rate,0.026978811274753177
2023-03-06,AMZN,d_credit,0.021645044118763987
2023-03-06,AMZN,r_vix,0.00835276373855254
2023-03-06,AMZN,GSPC,1.5515469092347833
2023-03-13,AMZN,d_rate,0.013209635578968763
2023-03-13,AMZN,d_credit,0.0483992336468759
2023-03-13,AMZN,r_vix,0.02582174388996933
2023-03-13,AMZN,GSPC,1.6024360137484477
2023-03-20,AMZN,d_rate,0.011419757823619205
2023-03-20,AMZN,d_credit,0.04649240826562431
2023-03-20,AMZN,r_vix,0.03835219609039214
2023-03-20,AMZN,GSPC,1.6221737996970662
2023-03-27,AMZN,d_rate,0.013412947716554964
2023-03-27,AMZN,d_credit,0.04756748909627807
2023-03-27,AMZN,r_vix,0.037275682614354794
2023-03-27,AMZN,GSPC,1.6308410887312867
2023-04-03,AMZN,d_rate,0.021285997799751186
2023-04-03,AMZN,d_credit,0.047693920385209046
2023-04-03,AMZN,r_vix,0.044588814483343134
2023-04-03,AMZN,GSPC,1.6507330711355919
2023-04-10,AMZN,d_rate,0.022366167488565278
2023-04-10,AMZN,d_credit,0.04851163790060921
2023-04-10,AMZN,r_vix,0.048827770540748744
2023-04-10,AMZN,GSPC,1.6736986689277933
2023-04-17,AMZN,d_rate,0.030803999772343108
2023-04-17,AMZN,d_credit,0.06173455663990166
2023-04-17,AMZN,r_vix,0.0729216191730427
2023-04-17,AMZN,GSPC,1.7383028961919356
2023-04-24,AMZN,d_rate,0.03474026722263695
2023-04-24,AMZN,d_credit,0.07956735418605962
2023-04-24,AMZN,r_vix,0.1248829919137757
2023-04-24,AMZN,GSPC,1.8063346262704296
2023-05-01,AMZN,d_rate,0.052382566419325656
2023-05-01,AMZN,d_credit,0.10328114781444703
2023-05-01,AMZN,r_vix,0.08899233748372135
2023-05-01,AMZN,GSPC,1.7420292593761355
2023-05-08,AMZN,d_rate,0.05694450778720206
2023-05-08,AMZN,d_credit,0.09548634936784449
2023-05-08,AMZN,r_vix,0.1046238777638487
2023-05-08,AMZN,GSPC,1.7950123738061778
2023-05-15,AMZN,d_rate,0.06058099809054883
2023-05-15,AMZN,d_credit,0.09599127120713527
2023-05-15,AMZN,r_vix,0.10913688046645509
2023-05-15,AMZN,GSPC,1.8173607790017567
2023-05-22,AMZN,d_rate,0.06072400241662681
2023-05-22,AMZN,d_credit,0.08465685248965807
2023-05-22,AMZN,r_vix,0.12586718893153306
2023-05-22,AMZN,GSPC,1.8918095882106156
2023-05-29,AMZN,d_rate,0.05167225751095116
2023-05-29,AMZN,d_credit,0.12754661202977688
2023-05-29,AMZN,r_vix,0.12076480814227421
2023-05-29,AMZN,GSPC,1.921583614499783
2023-06-05,AMZN,d_rate,0.05356765206886589
2023-06-05,AMZN,d_credit,0.12358790408952469
2023-06-05,AMZN,r_vix,0.11916301064068743
2023-06-05,AMZN,GSPC,1.881384500212774
2023-06-12,AMZN,d_rate,0.05014844890041314
2023-06-12,AMZN,d_credit,0.11372973845527629
2023-06-12,AMZN,r_vix,0.12697400794125382
2023-06-12,AMZN,GSPC,1.9734039755721182
2023-06-19,AMZN,d_rate,0.04672192154359644
2023-06-19,AMZN,d_credit,0.1188484924704563
2023-06-19,AMZN,r_vix,0.11853610872790243
2023-06-19,AMZN,GSPC,1.9498752147924636
2023-06-26,AMZN,d_rate,0.04041823065352714
2023-06-26,AMZN,d_credit,0.14102151466411844
2023-06-26,AMZN,r_vix,0.09151907083678931
2023-06-26,AMZN,GSPC,1.8370327420926256
2023-07-03,AMZN,d_rate,0.03685806636249845
2023-07-03,AMZN,d_credit,0.14700165289489966
2023-07-03,AMZN,r_vix,0.09553321314404564
2023-07-03,AMZN,GSPC,1.8269268975207675
2023-07-10,AMZN,d_rate,0.03806741312036863
2023-07-10,AMZN,d_credit,0.14869121478107789
2023-07-10,AMZN,r_vix,0.09660769786211339
2023-07-10,AMZN,GSPC,1.8378203643739628
2023-07-17,AMZN,d_rate,0.04566233383377815
2023-07-17,AMZN,d_credit,0.15687354631665917
2023-07-17,AMZN,r_vix,0.08172624108663448
2023-07-17,AMZN,GSPC,1.7700149433101937
2023-07-24,AMZN,d_rate,0.046332619218312145
2023-07-24,AMZN,d_credit,0.14730984198063515
2023-07-24,AMZN,r_vix,0.07733398876631511
2023-07-24,AMZN,GSPC,1.7230303410954448
2023-07-31,AMZN,d_rate,0.046623987060789726
2023-07-31,AMZN,d_credit,0.1701715463036082
2023-07-31,AMZN,r_vix,0.11403261073296071
2023-07-31,AMZN,GSPC,1.805856296234924
2023-08-07,AMZN,d_rate,0.04836776496991511
2023-08-07,AMZN,d_credit,0.1716510109348642
2023-08-07,AMZN,r_vix,0.1076370502240539
2023-08-07,AMZN,GSPC,1.8113792974262404
2023-08-14,AMZN,d_rate,0.049225422145336185
2023-08-14,AMZN,d_credit,0.17027416224713926
2023-08-14,AMZN,r_vix,0.10214928277309566
2023-08-14,AMZN,GSPC,1.8003815342895442
2023-08-21,AMZN,d_rate,0.04784870240496104
2023-08-21,AMZN,d_credit,0.1643695681590117
2023-08-21,AMZN,r_vix,0.09687277599158865
2023-08-21,AMZN,GSPC,1.7897178719932418
2023-08-28,AMZN,d_rate,0.0449501728312511
2023-08-28,AMZN,d_credit,0.1596557970902822
2023-08-28,AMZN,r_vix,0.10496200513572136
2023-08-28,AMZN,GSPC,1.8390419052933396
2023-09-04,AMZN,d_rate,0.04671088443256663
2023-09-04,AMZN,d_credit,0.1578522782864648
2023-09-04,AMZN,r_vix,0.10696310367534524
2023-09-04,AMZN,GSPC,1.845463006406416
2023-09-11,AMZN,d_rate,0.04759765584847473
2023-09-11,AMZN,d_credit,0.1578344006136304
2023-09-11,AMZN,r_vix,0.10639404484010717
2023-09-11,AMZN,GSPC,1.8364404443932876
2023-09-18,AMZN,d_rate,0.0479599548334462
2023-09-18,AMZN,d_credit,0.17151314353245398
2023-09-18,AMZN,r_vix,0.08381489521223899
2023-09-18,AMZN,GSPC,1.824081147665586
2023-09-25,AMZN,d_rate,0.04250554245950422
2023-09-25,AMZN,d_credit,0.15781995473970464
2023-09-25,AMZN,r_vix,0.08967432337937174
2023-09-25,AMZN,GSPC,1.8563141045117626
2023-10-02,AMZN,d_rate,0.03876603326635649
2023-10-02,AMZN,d_credit,0.15066911798464477
2023-10-02,AMZN,r_vix,0.09098554555880076
2023-10-02,AMZN,GSPC,1.8529139187515282
2023-10-09,AMZN,d_rate,0.04660828905651714
2023-10-09,AMZN,d_credit,0.18302722951171457
2023-10-09,AMZN,r_vix,0.07875740143058835
2023-10-09,AMZN,GSPC,1.780279224169862
2023-10-16,AMZN,d_rate,0.035740443447971074
2023-10-16,AMZN,d_credit,0.16614718186957492
2023-10-16,AMZN,r_vix,0.0756318961924235
2023-10-16,AMZN,GSPC,1.746081449307784
2023-10-23,AMZN,d_rate,-0.00814069438920349
2023-10-23,AMZN,d_credit,0.12171961062801469
2023-10-23,AMZN,r_vix,0.05827456029548915
2023-10-23,AMZN,GSPC,1.8299555540613082
2023-10-30,AMZN,d_rate,-0.004738821523569171
2023-10-30,AMZN,d_credit,0.10286210267942784
2023-10-30,AMZN,r_vix,0.020322040984201553
2023-10-30,AMZN,GSPC,1.54263037655793
2023-11-06,AMZN,d_rate,-0.005741067751307203
2023-11-06,AMZN,d_credit,0.09643971810242469
2023-11-06,AMZN,r_vix,0.012845688367547797
2023-11-06,AMZN,GSPC,1.475294181305348
2023-11-13,AMZN,d_rate,-0.03149653857830686
2023-11-13,AMZN,d_credit,0.04914801094763747
2023-11-13,AMZN,r_vix,0.006179250847256821
2023-11-13,AMZN,GSPC,1.2797599129347828
2023-11-20,AMZN,d_rate,-0.03891551045302748
2023-11-20,AMZN,d_credit,0.0360569150361079
2023-11-20,AMZN,r_vix,0.0012617060567103194
2023-11-20,AMZN,GSPC,1.2463579297094425
2023-11-27,AMZN,d_rate,-0.03564185703213076
2023-11-27,AMZN,d_credit,0.03820584688265264
2023-11-27,AMZN,r_vix,-0.004740131175871368
2023-11-27,AMZN,GSPC,1.2284269951987363
2023-12-04,AMZN,d_rate,-0.03866667370369785
2023-12-04,AMZN,d_credit,0.026165661657932486
2023-12-04,AMZN,r_vix,-0.003388724040629431
2023-12-04,AMZN,GSPC,1.1873493357761649
2023-12-11,AMZN,d_rate,-0.029996015036916585
2023-12-11,AMZN,d_credit,0.03733238880853577
2023-12-11,AMZN,r_vix,-0.015589907142295856
2023-12-11,AMZN,GSPC,1.1304830714513214
2023-12-18,AMZN,d_rate,-0.019371638763227693
2023-12-18,AMZN,d_credit,0.05507814275897549
2023-12-18,AMZN,r_vix,-0.025947705890880038
2023-12-18,AMZN,GSPC,1.1232582858616402
2023-12-25,AMZN,d_rate,-0.015627246746372
2023-12-25,AMZN,d_credit,0.06054538055828004
2023-12-25,AMZN,r_vix,-0.021609535779653424
2023-12-25,AMZN,GSPC,1.15741388559601
2024-01-01,AMZN,d_rate,-0.023818634722726984
2024-01-01,AMZN,d_credit,0.05376632917782585
2024-01-01,AMZN,r_vix,-0.01862932188891414
2024-01-01,AMZN,GSPC,1.1811984610408428
2024-01-08,AMZN,d_rate,-0.014110137229884993
2024-01-08,AMZN,d_credit,0.1045193985554737
2024-01-08,AMZN,r_vix,-0.010554023141236359
2024-01-08,AMZN,GSPC,1.2147654882163683
2024-01-15,AMZN,d_rate,-0.015773083622647115
2024-01-15,AMZN,d_credit,0.10514097465767028
2024-01-15,AMZN,r_vix,-0.011765588823679299
2024-01-15,AMZN,GSPC,1.1976538366055831
2024-01-22,AMZN,d_rate,-0.01615357655305915
2024-01-22,AMZN,d_credit,0.11438817281723776
2024-01-22,AMZN,r_vix,-0.015452940167040657
2024-01-22,AMZN,GSPC,1.162307032749191
2024-01-29,AMZN,d_rate,-0.021363853957666448
2024-01-29,AMZN,d_credit,0.11236193458282442
2024-01-29,AMZN,r_vix,0.005634747905430285
2024-01-29,AMZN,GSPC,1.2831409224040629
2024-02-05,AMZN,d_rate,-0.011730564581617496
2024-02-05,AMZN,d_credit,0.12177977174755489
2024-02-05,AMZN,r_vix,0.015470664857313274
2024-02-05,AMZN,GSPC,1.3191442465134207
2024-02-12,AMZN,d_rate,-0.011488678613610557
2024-02-12,AMZN,d_credit,0.13274674954320914
2024-02-12,AMZN,r_vix,0.006471213012642139
2024-02-12,AMZN,GSPC,1.2957516512833944
2024-02-19,AMZN,d_rate,-0.01199465434487124
2024-02-19,AMZN,d_credit,0.1297236507598557
2024-02-19,AMZN,r_vix,0.00629933821205052
2024-02-19,AMZN,GSPC,1.2851900954432813
2024-02-26,AMZN,d_rate,-0.012412998768978917
2024-02-26,AMZN,d_credit,0.1224622780617674
2024-02-26,AMZN,r_vix,0.005628807112595525
2024-02-26,AMZN,GSPC,1.2741532321654234
2024-03-04,AMZN,d_rate,-0.018209692483779457
2024-03-04,AMZN,d_credit,0.12916796391711174
2024-03-04,AMZN,r_vix,0.0010043483455097852
2024-03-04,AMZN,GSPC,1.1780837456411581
2024-03-11,AMZN,d_rate,-0.009455454767554288
2024-03-11,AMZN,d_credit,0.08820773676411721
2024-03-11,AMZN,r_vix,-0.01071552588228847
2024-03-11,AMZN,GSPC,1.0965624597888435
2024-03-18,AMZN,d_rate,-0.007052472697407094
2024-03-18,AMZN,d_credit,0.09682403240484595
2024-03-18,AMZN,r_vix,-0.02666854606393427
2024-03-18,AMZN,GSPC,1.0456082795041979
2024-03-25,AMZN,d_rate,-0.011129158017614323
2024-03-25,AMZN,d_credit,0.10622960133680061
2024-03-25,AMZN,r_vix,-0.02624838122078331
2024-03-25,AMZN,GSPC,0.9950126537179176
2024-04-01,AMZN,d_rate,-0.01167950140973486
2024-04-01,AMZN,d_credit,0.09721629212026267
2024-04-01,AMZN,r_vix,-0.006458709642858888
2024-04-01,AMZN,GSPC,1.030980771735453
2024-04-08,AMZN,d_rate,-0.011371059249693605
2024-04-08,AMZN,d_credit,0.09081418378882533
2024-04-08,AMZN,r_vix,-0.009290183424371547
2024-04-08,AMZN,GSPC,0.9886776185447668
2024-04-15,AMZN,d_rate,-0.009706640814079464
2024-04-15,AMZN,d_credit,0.09087046448925241
2024-04-15,AMZN,r_vix,0.0087815313174334
2024-04-15,AMZN,GSPC,1.1856739277494897
2024-04-22,AMZN,d_rate,-0.016695869439129127
2024-04-22,AMZN,d_credit,0.09977006487223608
2024-04-22,AMZN,r_vix,0.006895635076680893
2024-04-22,AMZN,GSPC,1.1539006216871617
2024-04-29,AMZN,d_rate,-0.020203374905727742
2024-04-29,AMZN,d_credit,0.1126667786790229
2024-04-29,AMZN,r_vix,0.0031698341521000303
2024-04-29,AMZN,GSPC,1.120669361670782
2024-05-06,AMZN,d_rate,-0.020738067791186667
2024-05-06,AMZN,d_credit,0.10524297051594565
2024-05-06,AMZN,r_vix,0.008257497646635699
2024-05-06,AMZN,GSPC,1.1392366835485634
2024-05-13,AMZN,d_rate,-0.03442851524076688
2024-05-13,AMZN,d_credit,0.09503017643412306
2024-05-13,AMZN,r_vix,8.896634880980685e-4
2024-05-13,AMZN,GSPC,0.9826096167760388
2024-05-20,AMZN,d_rate,-0.03696946483091824
2024-05-20,AMZN,d_credit,0.11365612632272967
2024-05-20,AMZN,r_vix,-0.005702220450117352
2024-05-20,AMZN,GSPC,0.9561107031004022
2024-05-27,AMZN,d_rate,-0.03652068667833703
2024-05-27,AMZN,d_credit,0.1112376501922099
2024-05-27,AMZN,r_vix,-0.006589428128433399
2024-05-27,AMZN,GSPC,0.9623099268345074
2024-06-03,AMZN,d_rate,-0.03805383119134477
2024-06-03,AMZN,d_credit,0.11042679955036322
2024-06-03,AMZN,r_vix,-0.009048263281673841
2024-06-03,AMZN,GSPC,0.9572222718566838
2024-06-10,AMZN,d_rate,-0.028987253683889977
2024-06-10,AMZN,d_credit,0.08955212797945816
2024-06-10,AMZN,r_vix,-0.021082406112422892
2024-06-10,AMZN,GSPC,0.9121255992585302
2024-06-17,AMZN,d_rate,-0.01833320390636505
2024-06-17,AMZN,d_credit,0.09668276626685311
2024-06-17,AMZN,r_vix,-0.002208584639313956
2024-06-17,AMZN,GSPC,1.1056927966092622
2024-06-24,AMZN,d_rate,-0.013023238500507978
2024-06-24,AMZN,d_credit,0.0933136042671785
2024-06-24,AMZN,r_vix,-0.0025881339741127105
2024-06-24,AMZN,GSPC,1.1402585298390933
2024-07-01,AMZN,d_rate,-0.01667877475206053
2024-07-01,AMZN,d_credit,0.10133557384923533
2024-07-01,AMZN,r_vix,-0.0028233199508489594
2024-07-01,AMZN,GSPC,1.1463114504975849
2024-07-08,AMZN,d_rate,-0.011648317492076602
2024-07-08,AMZN,d_credit,0.0957652293775596
2024-07-08,AMZN,r_vix,-0.0051176851910671025
2024-07-08,AMZN,GSPC,1.1497455665207967
2024-07-15,AMZN,d_rate,-0.008843461795468065
2024-07-15,AMZN,d_credit,0.0976777688358879
2024-07-15,AMZN,r_vix,-0.020932348092808133
2024-07-15,AMZN,GSPC,1.154278713478133
2024-07-22,AMZN,d_rate,-0.009847122393185408
2024-07-22,AMZN,d_credit,0.0966536358448796
2024-07-22,AMZN,r_vix,-0.020032875765757636
2024-07-22,AMZN,GSPC,1.1544274981478932
2024-07-29,AMZN,d_rate,0.005114271935088996
2024-07-29,AMZN,d_credit,-0.008319972525545932
2024-07-29,AMZN,r_vix,-0.07522830107155594
2024-07-29,AMZN,GSPC,1.1557774206665492
2024-08-05,AMZN,d_rate,0.0038190154821988206
2024-08-05,AMZN,d_credit,-0.009013913615698142
2024-08-05,AMZN,r_vix,-0.07647586741296053
2024-08-05,AMZN,GSPC,1.14085741969934
2024-08-12,AMZN,d_rate,0.00403511433256793
2024-08-12,AMZN,d_credit,-0.005283854758766808
2024-08-12,AMZN,r_vix,-0.07285541756488631
2024-08-12,AMZN,GSPC,1.135527293793571
2024-08-19,AMZN,d_rate,1.8622559144458974e-4
2024-08-19,AMZN,d_credit,-0.026009801386102996
2024-08-19,AMZN,r_vix,-0.08015608713948354
2024-08-19,AMZN,GSPC,1.069289043325873
2024-08-26,AMZN,d_rate,5.002902680095761e-4
2024-08-26,AMZN,d_credit,-0.022750361197793098
2024-08-26,AMZN,r_vix,-0.08137000466352098
2024-08-26,AMZN,GSPC,1.0711348712058355
2024-09-02,AMZN,d_rate,-0.012949503621264874
2024-09-02,AMZN,d_credit,-0.029326628875571716
2024-09-02,AMZN,r_vix,-0.07317193726203676
2024-09-02,AMZN,GSPC,0.9834383482645394
2024-09-09,AMZN,d_rate,-0.013572371794538907
2024-09-09,AMZN,d_credit,-0.02404795444824107
2024-09-09,AMZN,r_vix,-0.07784301390433164
2024-09-09,AMZN,GSPC,1.0054562122470012
2024-09-16,AMZN,d_rate,-0.01382823027399007
2024-09-16,AMZN,d_credit,-0.056669997728456406
2024-09-16,AMZN,r_vix,-0.07197194088729254
2024-09-16,AMZN,GSPC,0.940586829771534
2024-09-23,AMZN,d_rate,-0.014705397931524563
2024-09-23,AMZN,d_credit,-0.051861234879378826
2024-09-23,AMZN,r_vix,-0.07733471698534058
2024-09-23,AMZN,GSPC,0.90514659994592
2024-09-30,AMZN,d_rate,-0.018214996368433427
2024-09-30,AMZN,d_credit,-0.056710137480609206
2024-09-30,AMZN,r_vix,-0.0793432796061818
2024-09-30,AMZN,GSPC,0.8820417781730994
2024-10-07,AMZN,d_rate,-0.014328871234743414
2024-10-07,AMZN,d_credit,-0.05016904560176391
2024-10-07,AMZN,r_vix,-0.08006163105717334
2024-10-07,AMZN,GSPC,0.8946365379302224
2024-10-14,AMZN,d_rate,-0.01411623346756186
2024-10-14,AMZN,d_credit,-0.05165613548409099
2024-10-14,AMZN,r_vix,-0.07434553511831081
2024-10-14,AMZN,GSPC,0.9265830354115406
2024-10-21,AMZN,d_rate,0.009086900921729315
2024-10-21,AMZN,d_credit,-0.024447165315578834
2024-10-21,AMZN,r_vix,-0.03709664911779703
2024-10-21,AMZN,GSPC,1.3218617708684408
2024-10-28,AMZN,d_rate,0.005755198227255124
2024-10-28,AMZN,d_credit,-0.06064869538049782
2024-10-28,AMZN,r_vix,-0.04689782790539619
2024-10-28,AMZN,GSPC,1.1329671623119466
2024-11-04,AMZN,d_rate,0.010247400371273568
2024-11-04,AMZN,d_credit,-0.041755585437623075
2024-11-04,AMZN,r_vix,-0.03910086324948189
2024-11-04,AMZN,GSPC,1.1331791860763147
2024-11-11,AMZN,d_rate,0.0069832914813570705
2024-11-11,AMZN,d_credit,-0.047974204532204
2024-11-11,AMZN,r_vix,-0.03642963582077157
2024-11-11,AMZN,GSPC,1.1577012118141228
2024-11-18,AMZN,d_rate,5.41920609515222e-4
2024-11-18,AMZN,d_credit,-0.07499560504396502
2024-11-18,AMZN,r_vix,-0.040310560250234426
2024-11-18,AMZN,GSPC,1.064189808755576
2024-11-25,AMZN,d_rate,-0.019630058843563055
2024-11-25,AMZN,d_credit,-0.09566872369810708
2024-11-25,AMZN,r_vix,-0.055227160165984245
2024-11-25,AMZN,GSPC,0.9234196643170152
2024-12-02,AMZN,d_rate,-0.03207696249429508
2024-12-02,AMZN,d_credit,-0.13488707174492115
2024-12-02,AMZN,r_vix,-0.06386061962430777
2024-12-02,AMZN,GSPC,0.8294572003318069
2024-12-09,AMZN,d_rate,-0.0399111205259331
2024-12-09,AMZN,d_credit,-0.15830014972261258
2024-12-09,AMZN,r_vix,-0.055523257106162696
2024-12-09,AMZN,GSPC,0.8738000042809481
2024-12-16,AMZN,d_rate,-0.04677678069877991
2024-12-16,AMZN,d_credit,-0.19921651777685306
2024-12-16,AMZN,r_vix,-0.05253240825706511
2024-12-16,AMZN,GSPC,0.8064670156119815
2024-12-23,AMZN,d_rate,-0.05658117585793192
2024-12-23,AMZN,d_credit,-0.22474120226356745
2024-12-23,AMZN,r_vix,-0.0496727556424357
2024-12-23,AMZN,GSPC,0.7837065804788795
2024-12-30,AMZN,d_rate,-0.04857287336052254
2024-12-30,AMZN,d_credit,-0.19768063834291677
2024-12-30,AMZN,r_vix,-0.05456396175460556
2024-12-30,AMZN,GSPC,0.7543572957187121
2025-01-06,AMZN,d_rate,-0.0417884231214046
2025-01-06,AMZN,d_credit,-0.1840212986592629
2025-01-06,AMZN,r_vix,-0.058329196550299944
2025-01-06,AMZN,GSPC,0.7133408731759642
2025-01-13,AMZN,d_rate,-0.03922348864708647
2025-01-13,AMZN,d_credit,-0.1855838315189568
2025-01-13,AMZN,r_vix,-0.055105955517355705
2025-01-13,AMZN,GSPC,0.7377377669802268
2025-01-20,AMZN,d_rate,-0.03924325264308731
2025-01-20,AMZN,d_credit,-0.1878321259023714
2025-01-20,AMZN,r_vix,-0.05529637926885093
2025-01-20,AMZN,GSPC,0.7417711151848172
2025-01-27,AMZN,d_rate,-0.03203260996183948
2025-01-27,AMZN,d_credit,-0.17492749466647534
2025-01-27,AMZN,r_vix,-0.07564125032689134
2025-01-27,AMZN,GSPC,0.5540727207792675
2025-02-03,AMZN,d_rate,-0.018608888044548046
2025-02-03,AMZN,d_credit,-0.14977607858360564
2025-02-03,AMZN,r_vix,-0.0688058248031743
2025-02-03,AMZN,GSPC,0.6602909874640094
2025-02-10,AMZN,d_rate,-0.02164607291219599
2025-02-10,AMZN,d_credit,-0.18264612530915605
2025-02-10,AMZN,r_vix,-0.06115214354088492
2025-02-10,AMZN,GSPC,0.6618226174025945
2025-02-17,AMZN,d_rate,-0.015410948843694301
2025-02-17,AMZN,d_credit,-0.17070705146443557
2025-02-17,AMZN,r_vix,-0.06648058052950997
2025-02-17,AMZN,GSPC,0.6706175896447887
2025-02-24,AMZN,d_rate,-0.0228804242194654
2025-02-24,AMZN,d_credit,-0.20586366582452736
2025-02-24,AMZN,r_vix,-0.0647915939710468
2025-02-24,AMZN,GSPC,0.6390304676048812
2025-03-03,AMZN,d_rate,-0.027954808285234282
2025-03-03,AMZN,d_credit,-0.22256741030591956
2025-03-03,AMZN,r_vix,-0.05736942729138361
2025-03-03,AMZN,GSPC,0.7174536992377446
2025-03-10,AMZN,d_rate,-0.030852652667822743
2025-03-10,AMZN,d_credit,-0.25447609479949673
2025-03-10,AMZN,r_vix,-0.06734232660381684
2025-03-10,AMZN,GSPC,0.5971678291060174
2025-03-17,AMZN,d_rate,-0.03318994915975279
2025-03-17,AMZN,d_credit,-0.2739894564465233
2025-03-17,AMZN,r_vix,-0.06362307728560931
2025-03-17,AMZN,GSPC,0.5883122738619415
2025-03-24,AMZN,d_rate,-0.03102732364742875
2025-03-24,AMZN,d_credit,-0.2646397010381489
2025-03-24,AMZN,r_vix,-0.06399096485948916
2025-03-24,AMZN,GSPC,0.5864623068207808
2025-03-31,AMZN,d_rate,-0.03577438680936855
2025-03-31,AMZN,d_credit,-0.24587607681521897
2025-03-31,AMZN,r_vix,-0.07704170363340239
2025-03-31,AMZN,GSPC,0.5331953869800939
2025-04-07,AMZN,d_rate,-0.012976455575039979
2025-04-07,AMZN,d_credit,-0.17525085325168271
2025-04-07,AMZN,r_vix,-0.0694364403453466
2025-04-07,AMZN,GSPC,0.7171783479023722
2025-04-14,AMZN,d_rate,-0.002050124547543425
2025-04-14,AMZN,d_credit,-0.1457794615116507
2025-04-14,AMZN,r_vix,-0.06612874673588053
2025-04-14,AMZN,GSPC,0.7603959067349869
2025-04-21,AMZN,d_rate,-0.008513433653328935
2025-04-21,AMZN,d_credit,-0.16098825191625854
2025-04-21,AMZN,r_vix,-0.07250758540085515
2025-04-21,AMZN,GSPC,0.7397763418874088
2025-04-28,AMZN,d_rate,-0.009734217204600661
2025-04-28,AMZN,d_credit,-0.19154752463156535
2025-04-28,AMZN,r_vix,-0.06736117086919761
2025-04-28,AMZN,GSPC,0.7199961169041639
2025-05-05,AMZN,d_rate,-0.009423835248202802
2025-05-05,AMZN,d_credit,-0.19451421514654857
2025-05-05,AMZN,r_vix,-0.06906511229458497
2025-05-05,AMZN,GSPC,0.7105474123233616
2025-05-12,AMZN,d_rate,-0.013785607871634464
2025-05-12,AMZN,d_credit,-0.1991326673367293
2025-05-12,AMZN,r_vix,-0.06675394394118354
2025-05-12,AMZN,GSPC,0.7268107171783165
2025-05-19,AMZN,d_rate,-0.009061735184655901
2025-05-19,AMZN,d_credit,-0.19482039110259566
2025-05-19,AMZN,r_vix,-0.06453284737279262
2025-05-19,AMZN,GSPC,0.7211759902837962
2025-05-26,AMZN,d_rate,-0.004322811282704726
2025-05-26,AMZN,d_credit,-0.18480712680646338
2025-05-26,AMZN,r_vix,-0.06158388848049784
2025-05-26,AMZN,GSPC,0.7377426504929833
2025-06-02,AMZN,d_rate,-8.954922270164729e-4
2025-06-02,AMZN,d_credit,-0.18231734927894122
2025-06-02,AMZN,r_vix,-0.06287321142365744
2025-06-02,AMZN,GSPC,0.7230365142584654
2025-06-09,AMZN,d_rate,-0.003910892104726157
2025-06-09,AMZN,d_credit,-0.1853538167345587
2025-06-09,AMZN,r_vix,-0.05782865173760686
2025-06-09,AMZN,GSPC,0.7509889662362684
2025-06-16,AMZN,d_rate,-0.007358562043361754
2025-06-16,AMZN,d_credit,-0.19867658622525544
2025-06-16,AMZN,r_vix,-0.05984309867283766
2025-06-16,AMZN,GSPC,0.7202799922262885
2025-06-23,AMZN,d_rate,-0.010311783812843929
2025-06-23,AMZN,d_credit,-0.1816124164229299
2025-06-23,AMZN,r_vix,-0.059096562514714554
2025-06-23,AMZN,GSPC,0.775137187580471
2025-06-30,AMZN,d_rate,-0.007484107353352178
2025-06-30,AMZN,d_credit,-0.18317850021357673
2025-06-30,AMZN,r_vix,-0.06697928585740456
2025-06-30,AMZN,GSPC,0.7089758460234645
2025-07-07,AMZN,d_rate,-0.012381138925981234
2025-07-07,AMZN,d_credit,-0.1769604707120599
2025-07-07,AMZN,r_vix,-0.062378984058669484
2025-07-07,AMZN,GSPC,0.7553064161882271
2025-07-14,AMZN,d_rate,-0.014150468422813261
2025-07-14,AMZN,d_credit,-0.19632094617866547
2025-07-14,AMZN,r_vix,-0.051643520899566475
2025-07-14,AMZN,GSPC,0.7772108590863986
2025-07-21,AMZN,d_rate,-0.016246624455638358
2025-07-21,AMZN,d_credit,-0.21133436240980308
2025-07-21,AMZN,r_vix,-0.047932496515911735
2025-07-21,AMZN,GSPC,0.7858901167973849
2025-07-28,AMZN,d_rate,-0.01395340997820689
2025-07-28,AMZN,d_credit,-0.17968004532644052
2025-07-28,AMZN,r_vix,-0.04847773165451788
2025-07-28,AMZN,GSPC,0.828386519229359
2025-08-04,AMZN,d_rate,-0.00964538469154396
2025-08-04,AMZN,d_credit,-0.1806593113785648
2025-08-04,AMZN,r_vix,-0.05505403052786953
2025-08-04,AMZN,GSPC,0.7817363243946535
2025-08-11,AMZN,d_rate,-0.011920272056752225
2025-08-11,AMZN,d_credit,-0.19747253970459921
2025-08-11,AMZN,r_vix,-0.054066954030517055
2025-08-11,AMZN,GSPC,0.7792175348552569
2025-08-18,AMZN,d_rate,-0.013859232371798532
2025-08-18,AMZN,d_credit,-0.20254474132728884
2025-08-18,AMZN,r_vix,-0.049187930402717316
2025-08-18,AMZN,GSPC,0.8076648546332208
2025-08-25,AMZN,d_rate,-0.012335265743449113
2025-08-25,AMZN,d_credit,-0.18687016527504954
2025-08-25,AMZN,r_vix,-0.047214031431961144
2025-08-25,AMZN,GSPC,0.8357800775563687
2025-09-01,AMZN,d_rate,-0.0038718030656091583
2025-09-01,AMZN,d_credit,-0.17147434445224208
2025-09-01,AMZN,r_vix,-0.05587316456604029
2025-09-01,AMZN,GSPC,0.8248943497248662
2025-09-08,AMZN,d_rate,0.012140750416560195
2025-09-08,AMZN,d_credit,-0.1267082553063846
2025-09-08,AMZN,r_vix,-0.06216557185547387
2025-09-08,AMZN,GSPC,0.78021494523752
2025-09-15,AMZN,d_rate,0.012370023806794042
2025-09-15,AMZN,d_credit,-0.12370793195589806
2025-09-15,AMZN,r_vix,-0.062054906537822384
2025-09-15,AMZN,GSPC,0.7832422656589708
2025-09-22,AMZN,d_rate,0.008851732679887751
2025-09-22,AMZN,d_credit,-0.10560921186741247
2025-09-22,AMZN,r_vix,-0.05153928552488672
2025-09-22,AMZN,GSPC,0.8828398095527213
2025-09-29,AMZN,d_rate,0.011743090016766296
2025-09-29,AMZN,d_credit,-0.12156854906080798
2025-09-29,AMZN,r_vix,-0.048917795994427755
2025-09-29,AMZN,GSPC,0.8751127025924326
2025-10-06,AMZN,d_rate,0.007922533589915253
2025-10-06,AMZN,d_credit,-0.11979923207242185
2025-10-06,AMZN,r_vix,-0.041144751211647075
2025-10-06,AMZN,GSPC,0.9007422241918053
2025-10-13,AMZN,d_rate,0.012275420679854515
2025-10-13,AMZN,d_credit,-0.11124358854136605
2025-10-13,AMZN,r_vix,-0.0494189913123299
2025-10-13,AMZN,GSPC,0.8471501192577199
2025-10-20,AMZN,d_rate,0.011400241273180076
2025-10-20,AMZN,d_credit,-0.11606741525824248
2025-10-20,AMZN,r_vix,-0.054667040876915006
2025-10-20,AMZN,GSPC,0.8201817338520748
2025-10-27,AMZN,d_rate,0.025009082421900104
2025-10-27,AMZN,d_credit,0.00807679410192908
2025-10-27,AMZN,r_vix,-0.04440576531014286
2025-10-27,AMZN,GSPC,1.0839883017241165
2025-11-03,AMZN,d_rate,0.02515444586621539
2025-11-03,AMZN,d_credit,0.013263210011197075
2025-11-03,AMZN,r_vix,-0.04970696567144936
2025-11-03,AMZN,GSPC,1.0661073424422085
2025-11-10,AMZN,d_rate,0.02307089881504165
2025-11-10,AMZN,d_credit,0.004853393285865731
2025-11-10,AMZN,r_vix,-0.05232382944670031
2025-11-10,AMZN,GSPC,1.0397508270223164
2025-11-17,AMZN,d_rate,0.026957477923472868
2025-11-17,AMZN,d_credit,0.02587166308365039
2025-11-17,AMZN,r_vix,-0.05416513784446822
2025-11-17,AMZN,GSPC,1.1011767459903654
2025-11-24,AMZN,d_rate,0.045779875954650696
2025-11-24,AMZN,d_credit,0.03557060102392533
2025-11-24,AMZN,r_vix,-0.05138831699524816
2025-11-24,AMZN,GSPC,1.1004984742271358
2025-12-01,AMZN,d_rate,0.04936409351806883
2025-12-01,AMZN,d_credit,0.07143706067688312
2025-12-01,AMZN,r_vix,-0.0492022554968687
2025-12-01,AMZN,GSPC,1.1400303177603968
2025-12-08,AMZN,d_rate,0.04565272938443224
2025-12-08,AMZN,d_credit,0.06786717805358668
2025-12-08,AMZN,r_vix,-0.048088933331552654
2025-12-08,AMZN,GSPC,1.1485598217287691
2025-12-15,AMZN,d_rate,0.039908578544509535
2025-12-15,AMZN,d_credit,0.07394698943305905
2025-12-15,AMZN,r_vix,-0.05685808818550774
2025-12-15,AMZN,GSPC,1.128444566213673
2025-12-22,AMZN,d_rate,0.045060067452986026
2025-12-22,AMZN,d_credit,0.07270190611069487
2025-12-22,AMZN,r_vix,-0.0629857802054787
2025-12-22,AMZN,GSPC,1.0902711919613426
2025-12-29,AMZN,d_rate,0.0432421841860337
2025-12-29,AMZN,d_credit,0.07201356011149232
2025-12-29,AMZN,r_vix,-0.06199407338328763
2025-12-29,AMZN,GSPC,1.103392174855059
2026-01-05,AMZN,d_rate,0.02909016555439465
2026-01-05,AMZN,d_credit,0.027079320179835272
2026-01-05,AMZN,r_vix,-0.043242799188141716
2026-01-05,AMZN,GSPC,1.2022754104627562
2026-01-12,AMZN,d_rate,0.026644085425459745
2026-01-12,AMZN,d_credit,0.06174956707550549
2026-01-12,AMZN,r_vix,-0.049220706062707724
2026-01-12,AMZN,GSPC,1.2325720474392814
2026-01-19,AMZN,d_rate,0.0265640718879904
2026-01-19,AMZN,d_credit,0.06092941501732812
2026-01-19,AMZN,r_vix,-0.05021417185218784
2026-01-19,AMZN,GSPC,1.2147620177585545
2026-01-26,AMZN,d_rate,0.02961658858270987
2026-01-26,AMZN,d_credit,0.0649162479817642
2026-01-26,AMZN,r_vix,-0.05290152150251079
2026-01-26,AMZN,GSPC,1.2153908469994008
2026-02-02,AMZN,d_rate,0.026633608133672354
2026-02-02,AMZN,d_credit,0.020655209886781926
2026-02-02,AMZN,r_vix,-0.05101730422916182
2026-02-02,AMZN,GSPC,1.1768172660826572
2026-02-09,AMZN,d_rate,0.03516108486903808
2026-02-09,AMZN,d_credit,0.02289369144219037
2026-02-09,AMZN,r_vix,-0.05710585018954903
2026-02-09,AMZN,GSPC,1.1555268437900525
2026-02-16,AMZN,d_rate,0.03659071493887067
2026-02-16,AMZN,d_credit,0.009919485669197666
2026-02-16,AMZN,r_vix,-0.05461306593890225
2026-02-16,AMZN,GSPC,1.1486954750926337
2026-02-23,AMZN,d_rate,0.037528046234379324
2026-02-23,AMZN,d_credit,0.023699427693415816
2026-02-23,AMZN,r_vix,-0.05580024391024227
2026-02-23,AMZN,GSPC,1.159953986896729
2026-03-02,AMZN,d_rate,0.05896077262296739
2026-03-02,AMZN,d_credit,-0.021326736729457344
2026-03-02,AMZN,r_vix,-0.029356572595192747
2026-03-02,AMZN,GSPC,1.1527630796636115
2026-03-09,AMZN,d_rate,0.04670647056598726
2026-03-09,AMZN,d_credit,-0.03829924083979911
2026-03-09,AMZN,r_vix,-0.011162064435119384
2026-03-09,AMZN,GSPC,1.2827699718313172
2026-03-16,AMZN,d_rate,0.04846350261860962
2026-03-16,AMZN,d_credit,-0.039918579675052517
2026-03-16,AMZN,r_vix,-0.016348314239668694
2026-03-16,AMZN,GSPC,1.2414083265428126
2026-03-23,AMZN,d_rate,0.0473251765514324
2026-03-23,AMZN,d_credit,-0.04197579533517306
2026-03-23,AMZN,r_vix,-0.0162909064229809
2026-03-23,AMZN,GSPC,1.245428445697435
2026-03-30,AMZN,d_rate,0.05779384905808549
2026-03-30,AMZN,d_credit,-0.056721292102101514
2026-03-30,AMZN,r_vix,6.301058452853388e-4
2026-03-30,AMZN,GSPC,1.510159465675632
2026-04-06,AMZN,d_rate,0.0744588735814015
2026-04-06,AMZN,d_credit,-0.049055922958040926
2026-04-06,AMZN,r_vix,-0.0197831090356526
2026-04-06,AMZN,GSPC,1.5840041441089494
2026-04-13,AMZN,d_rate,0.06791509560349117
2026-04-13,AMZN,d_credit,-0.06448154434408737
2026-04-13,AMZN,r_vix,-0.03499582414713019
2026-04-13,AMZN,GSPC,1.3776346319569308
2026-04-20,AMZN,d_rate,0.09458448999526352
2026-04-20,AMZN,d_credit,-0.0506855514039642
2026-04-20,AMZN,r_vix,-0.019181339102083837
2026-04-20,AMZN,GSPC,1.4513151399019195
2026-04-27,AMZN,d_rate,0.11703661083501084
2026-04-27,AMZN,d_credit,0.010417130279381473
2026-04-27,AMZN,r_vix,-0.013266862778672738
2026-04-27,AMZN,GSPC,1.6283921362091298
2026-05-04,AMZN,d_rate,0.1164584612015652
2026-05-04,AMZN,d_credit,0.01713411310022339
2026-05-04,AMZN,r_vix,-0.01469269758723479
2026-05-04,AMZN,GSPC,1.6186670117558584
2026-05-11,AMZN,d_rate,0.088063594503015
2026-05-11,AMZN,d_credit,0.0033371511902697522
2026-05-11,AMZN,r_vix,-0.018506991091884584
2026-05-11,AMZN,GSPC,1.6548950698581035
2026-05-18,AMZN,d_rate,0.08129810418952671
2026-05-18,AMZN,d_credit,-0.009328262175927105
2026-05-18,AMZN,r_vix,-0.020477929971052487
2026-05-18,AMZN,GSPC,1.670463872702372
2026-05-25,AMZN,d_rate,0.07829604339139873
2026-05-25,AMZN,d_credit,-0.012826413368980424
2026-05-25,AMZN,r_vix,-0.021588864998082442
2026-05-25,AMZN,GSPC,1.663449260118702
2026-06-01,AMZN,d_rate,0.07872020519986314
2026-06-01,AMZN,d_credit,0.044219864935800254
2026-06-01,AMZN,r_vix,-0.03397072143454109
2026-06-01,AMZN,GSPC,1.7258973476057065
2026-06-08,AMZN,d_rate,0.0930726990644842
2026-06-08,AMZN,d_credit,0.043436297987673705
2026-06-08,AMZN,r_vix,-0.02533488814083929
2026-06-08,AMZN,GSPC,1.8024673838033853
2026-06-15,AMZN,d_rate,0.09342932480432893
2026-06-15,AMZN,d_credit,0.045061689948629566
2026-06-15,AMZN,r_vix,-0.025784585924239843
2026-06-15,AMZN,GSPC,1.8044450230754074
2026-06-22,AMZN,d_rate,0.09274903847741942
2026-06-22,AMZN,d_credit,0.03857261226720998
2026-06-22,AMZN,r_vix,-0.02549044209356488
2026-06-22,AMZN,GSPC,1.779122233570261
2026-06-29,AMZN,d_rate,0.097017997802372
2026-06-29,AMZN,d_credit,0.05064882221207439
2026-06-29,AMZN,r_vix,-0.019310028246020676
2026-06-29,AMZN,GSPC,1.870822363836429
2026-07-06,AMZN,d_rate,0.07682878447848664
2026-07-06,AMZN,d_credit,0.027470493553408266
2026-07-06,AMZN,r_vix,-0.019124546217518412
2026-07-06,AMZN,GSPC,1.8261547113396681
2026-07-13,AMZN,d_rate,0.07340521007500805
2026-07-13,AMZN,d_credit,0.02239542997677162
2026-07-13,AMZN,r_vix,-0.011525285823586601
2026-07-13,AMZN,GSPC,1.8121476302148791
2026-07-20,AMZN,d_rate,0.051988882046985305
2026-07-20,AMZN,d_credit,0.008932782559140281
2026-07-20,AMZN,r_vix,-0.00377163786371732
2026-07-20,AMZN,GSPC,1.8754045330864848
2026-07-27,AMZN,d_rate,0.08704363532096424
2026-07-27,AMZN,d_credit,0.12563140805259268
2026-07-27,AMZN,r_vix,-0.022437515824402707
2026-07-27,AMZN,GSPC,1.917839013196553
2026-08-03,AMZN,d_rate,0.0961417489886237
2026-08-03,AMZN,d_credit,0.11051289268070374
2026-08-03,AMZN,r_vix,-0.03980592423362986
2026-08-03,AMZN,GSPC,1.7248291401283549
2026-08-10,AMZN,d_rate,0.08226257081727356
2026-08-10,AMZN,d_credit,0.0772265987937737
2026-08-10,AMZN,r_vix,-0.037277774306768804
2026-08-10,AMZN,GSPC,1.6903180999858343
2026-08-17,AMZN,d_rate,0.07935016288213058
2026-08-17,AMZN,d_credit,0.06692667361991517
2026-08-17,AMZN,r_vix,-0.040272132816119854
2026-08-17,AMZN,GSPC,1.642791374694446
2015-12-28,AXON,d_rate,0.08924021872194984
2015-12-28,AXON,d_credit,0.20873552160492556
2015-12-28,AXON,r_vix,-0.05075758664418043
2015-12-28,AXON,GSPC,1.0801762100248642
2016-01-04,AXON,d_rate,0.09348201593984647
2016-01-04,AXON,d_credit,0.21248327146635287
2016-01-04,AXON,r_vix,-0.060069677386235344
2016-01-04,AXON,GSPC,0.9502224631588368
2016-01-11,AXON,d_rate,0.0956184096322192
2016-01-11,AXON,d_credit,0.18101147801037273
2016-01-11,AXON,r_vix,-0.024334437840453412
2016-01-11,AXON,GSPC,1.2314368262606994
2016-01-18,AXON,d_rate,0.11087824254244395
2016-01-18,AXON,d_credit,0.22116273523671748
2016-01-18,AXON,r_vix,-0.008607241021759377
2016-01-18,AXON,GSPC,1.309335483254137
2016-01-25,AXON,d_rate,0.1253856742670481
2016-01-25,AXON,d_credit,0.24640339487920337
2016-01-25,AXON,r_vix,-0.018268418854905644
2016-01-25,AXON,GSPC,1.2906924584233432
2016-02-01,AXON,d_rate,0.14159914478495425
2016-02-01,AXON,d_credit,0.2363419262797235
2016-02-01,AXON,r_vix,-0.02419097288581674
2016-02-01,AXON,GSPC,1.22040644459035
2016-02-08,AXON,d_rate,0.14152253533685116
2016-02-08,AXON,d_credit,0.2435377722364446
2016-02-08,AXON,r_vix,-0.023625361176792967
2016-02-08,AXON,GSPC,1.2398158838202913
2016-02-15,AXON,d_rate,0.131601026083581
2016-02-15,AXON,d_credit,0.2194223159623022
2016-02-15,AXON,r_vix,-0.027733749999399954
2016-02-15,AXON,GSPC,1.3061824521319585
2016-02-22,AXON,d_rate,0.07137700437500649
2016-02-22,AXON,d_credit,0.07666444663622124
2016-02-22,AXON,r_vix,-0.048955190351744
2016-02-22,AXON,GSPC,1.1120650875305909
2016-02-29,AXON,d_rate,0.07582407982975985
2016-02-29,AXON,d_credit,-0.00547172541942162
2016-02-29,AXON,r_vix,-0.03586374091913788
2016-02-29,AXON,GSPC,1.1829920854676936
2016-03-07,AXON,d_rate,0.10027373365878156
2016-03-07,AXON,d_credit,0.04025906902166891
2016-03-07,AXON,r_vix,-0.03942400176220632
2016-03-07,AXON,GSPC,1.197256388140856
2016-03-14,AXON,d_rate,0.1092946401073991
2016-03-14,AXON,d_credit,0.06646946889022254
2016-03-14,AXON,r_vix,-0.035564006393920086
2016-03-14,AXON,GSPC,1.235135810129311
2016-03-21,AXON,d_rate,0.10610919495261878
2016-03-21,AXON,d_credit,0.07179238898923337
2016-03-21,AXON,r_vix,-0.034193458990688395
2016-03-21,AXON,GSPC,1.297986721639789
2016-03-28,AXON,d_rate,0.09608907224408605
2016-03-28,AXON,d_credit,0.04391620399550451
2016-03-28,AXON,r_vix,-0.02962218638485954
2016-03-28,AXON,GSPC,1.3328513093196155
2016-04-04,AXON,d_rate,0.08682629889951517
2016-04-04,AXON,d_credit,0.056400577086133344
2016-04-04,AXON,r_vix,-0.01835081732704578
2016-04-04,AXON,GSPC,1.3813823437080606
2016-04-11,AXON,d_rate,0.1019073393834558
2016-04-11,AXON,d_credit,0.06581960835128181
2016-04-11,AXON,r_vix,-0.028183741741734922
2016-04-11,AXON,GSPC,1.363785916187572
2016-04-18,AXON,d_rate,0.09490525985197383
2016-04-18,AXON,d_credit,0.07414474762686296
2016-04-18,AXON,r_vix,-0.029689489180836363
2016-04-18,AXON,GSPC,1.354546795235013
2016-04-25,AXON,d_rate,0.03641856635284974
2016-04-25,AXON,d_credit,0.005506716019352484
2016-04-25,AXON,r_vix,-0.031448718661449826
2016-04-25,AXON,GSPC,1.3469896583432455
2016-05-02,AXON,d_rate,0.037675077884084016
2016-05-02,AXON,d_credit,0.008786108955241042
2016-05-02,AXON,r_vix,-0.03216831149393992
2016-05-02,AXON,GSPC,1.345212990898377
2016-05-09,AXON,d_rate,0.021188238265411028
2016-05-09,AXON,d_credit,-0.00950848592881535
2016-05-09,AXON,r_vix,-0.033213515161149086
2016-05-09,AXON,GSPC,1.3159648823676013
2016-05-16,AXON,d_rate,0.06640346561876742
2016-05-16,AXON,d_credit,0.006074455823776621
2016-05-16,AXON,r_vix,-0.018936782787795883
2016-05-16,AXON,GSPC,1.380426110047208
2016-05-23,AXON,d_rate,0.07215032790553187
2016-05-23,AXON,d_credit,0.013100382871116038
2016-05-23,AXON,r_vix,-0.023237929739844992
2016-05-23,AXON,GSPC,1.344891376204812
2016-05-30,AXON,d_rate,0.03324120234326192
2016-05-30,AXON,d_credit,-0.011919799265151635
2016-05-30,AXON,r_vix,-0.019416997504626818
2016-05-30,AXON,GSPC,1.4015354141103413
2016-06-06,AXON,d_rate,0.031444268256190955
2016-06-06,AXON,d_credit,-0.016805407573015758
2016-06-06,AXON,r_vix,-0.0073411974206324315
2016-06-06,AXON,GSPC,1.4727546092301351
2016-06-13,AXON,d_rate,0.03616032661169722
2016-06-13,AXON,d_credit,-0.026632425489912008
2016-06-13,AXON,r_vix,-0.005405134085896626
2016-06-13,AXON,GSPC,1.440198722048447
2016-06-20,AXON,d_rate,0.07076314655210561
2016-06-20,AXON,d_credit,0.011100682882063744
2016-06-20,AXON,r_vix,0.009662738186004246
2016-06-20,AXON,GSPC,1.5065134564885643
2016-06-27,AXON,d_rate,0.03833204073773536
2016-06-27,AXON,d_credit,-0.031209759759466164
2016-06-27,AXON,r_vix,-0.010006606263580483
2016-06-27,AXON,GSPC,1.4148625251439995
2016-07-04,AXON,d_rate,0.004427490994862351
2016-07-04,AXON,d_credit,-0.09763106821898875
2016-07-04,AXON,r_vix,-0.02328052709413393
2016-07-04,AXON,GSPC,1.307742118639517
2016-07-11,AXON,d_rate,-0.01477730595202944
2016-07-11,AXON,d_credit,-0.09192146868596263
2016-07-11,AXON,r_vix,-0.030828167678561228
2016-07-11,AXON,GSPC,1.2872072222960256
2016-07-18,AXON,d_rate,-0.025320498678197842
2016-07-18,AXON,d_credit,-0.10844112415279952
2016-07-18,AXON,r_vix,-0.03268388017614772
2016-07-18,AXON,GSPC,1.2159736856819072
2016-07-25,AXON,d_rate,-0.03236493295807365
2016-07-25,AXON,d_credit,-0.024221923055294765
2016-07-25,AXON,r_vix,-0.04994877386413429
2016-07-25,AXON,GSPC,1.3194735676979286
2016-08-01,AXON,d_rate,-0.035200163518181435
2016-08-01,AXON,d_credit,-0.058392622628362346
2016-08-01,AXON,r_vix,-0.045395528414595106
2016-08-01,AXON,GSPC,1.2356786583688257
2016-08-08,AXON,d_rate,-0.03035734325747141
2016-08-08,AXON,d_credit,-0.04892469576682999
2016-08-08,AXON,r_vix,-0.046051964483221804
2016-08-08,AXON,GSPC,1.2423196386907598
2016-08-15,AXON,d_rate,-0.03237346040289801
2016-08-15,AXON,d_credit,-0.04383398446227101
2016-08-15,AXON,r_vix,-0.041578277397220975
2016-08-15,AXON,GSPC,1.2050987436572773
2016-08-22,AXON,d_rate,-0.09268235130492429
2016-08-22,AXON,d_credit,-0.12297844392332397
2016-08-22,AXON,r_vix,-0.0378707956770502
2016-08-22,AXON,GSPC,1.154850355776134
2016-08-29,AXON,d_rate,-0.09195425908233132
2016-08-29,AXON,d_credit,-0.11929436766284415
2016-08-29,AXON,r_vix,-0.0014869099396667184
2016-08-29,AXON,GSPC,1.4751000904621883
2016-09-05,AXON,d_rate,-0.08854375514167218
2016-09-05,AXON,d_credit,-0.1167341557189555
2016-09-05,AXON,r_vix,-0.005096984381201768
2016-09-05,AXON,GSPC,1.4749825176570217
2016-09-12,AXON,d_rate,-0.0843007698812376
2016-09-12,AXON,d_credit,-0.112857173577956
2016-09-12,AXON,r_vix,-0.006474072541296098
2016-09-12,AXON,GSPC,1.4710717468036174
2016-09-19,AXON,d_rate,-0.10532622451360792
2016-09-19,AXON,d_credit,-0.13464841940333458
2016-09-19,AXON,r_vix,-0.024916259021256236
2016-09-19,AXON,GSPC,1.3791963519987633
2016-09-26,AXON,d_rate,-0.11589367176740209
2016-09-26,AXON,d_credit,-0.05382997784732451
2016-09-26,AXON,r_vix,-0.02665554122043666
2016-09-26,AXON,GSPC,1.549957097790087
2016-10-03,AXON,d_rate,-0.20409599467460965
2016-10-03,AXON,d_credit,-0.0025667510493324473
2016-10-03,AXON,r_vix,-0.0013753940151943623
2016-10-03,AXON,GSPC,1.94515490652777
2016-10-10,AXON,d_rate,-0.1958559014019461
2016-10-10,AXON,d_credit,0.0124725020352844
2016-10-10,AXON,r_vix,0.004240884193760462
2016-10-10,AXON,GSPC,1.984311702907099
2016-10-17,AXON,d_rate,-0.18878256885802455
2016-10-17,AXON,d_credit,0.012078098028501906
2016-10-17,AXON,r_vix,0.028777723460379316
2016-10-17,AXON,GSPC,2.3035906804131634
2016-10-24,AXON,d_rate,-0.19606094659821155
2016-10-24,AXON,d_credit,0.01921985321279215
2016-10-24,AXON,r_vix,0.02492992860461485
2016-10-24,AXON,GSPC,2.2879153592471226
2016-10-31,AXON,d_rate,-0.11426520486339221
2016-10-31,AXON,d_credit,0.08718927685265794
2016-10-31,AXON,r_vix,0.017986654140001335
2016-10-31,AXON,GSPC,2.3462525165019414
2016-11-07,AXON,d_rate,-0.10527860605888668
2016-11-07,AXON,d_credit,0.1534595755228058
2016-11-07,AXON,r_vix,-0.007632259098446243
2016-11-07,AXON,GSPC,2.3448753991825138
2016-11-14,AXON,d_rate,-0.07643189630241017
2016-11-14,AXON,d_credit,0.15738219033919415
2016-11-14,AXON,r_vix,-0.01484148174902808
2016-11-14,AXON,GSPC,2.3677168917186564
2016-11-21,AXON,d_rate,-0.07614330199585241
2016-11-21,AXON,d_credit,0.15291698075973115
2016-11-21,AXON,r_vix,-0.016573243782763425
2016-11-21,AXON,GSPC,2.3266359457651045
2016-11-28,AXON,d_rate,-0.07443094248031198
2016-11-28,AXON,d_credit,0.12135997934120447
2016-11-28,AXON,r_vix,-0.016256812615514663
2016-11-28,AXON,GSPC,2.253716377362832
2016-12-05,AXON,d_rate,-0.13584961992432448
2016-12-05,AXON,d_credit,-0.04976058428879908
2016-12-05,AXON,r_vix,-0.02776675946567632
2016-12-05,AXON,GSPC,1.5890302538885468
2016-12-12,AXON,d_rate,-0.13499513124681164
2016-12-12,AXON,d_credit,-0.062193172597602084
2016-12-12,AXON,r_vix,-0.02737413455089156
2016-12-12,AXON,GSPC,1.5685552499361421
2016-12-19,AXON,d_rate,-0.1354906558487076
2016-12-19,AXON,d_credit,-0.06714265066346096
2016-12-19,AXON,r_vix,-0.03259237533628023
2016-12-19,AXON,GSPC,1.5027528168207873
2016-12-26,AXON,d_rate,-0.1332601434650508
2016-12-26,AXON,d_credit,-0.06540865421708611
2016-12-26,AXON,r_vix,-0.03700505849402357
2016-12-26,AXON,GSPC,1.4558699971763105
2017-01-02,AXON,d_rate,-0.1346889432044866
2017-01-02,AXON,d_credit,-0.05749698119015469
2017-01-02,AXON,r_vix,-0.0038924096328378267
2017-01-02,AXON,GSPC,1.9351972389372156
2017-01-09,AXON,d_rate,-0.13331736553885035
2017-01-09,AXON,d_credit,-0.03267373478301217
2017-01-09,AXON,r_vix,-0.059323515061894226
2017-01-09,AXON,GSPC,1.23638815111434
2017-01-16,AXON,d_rate,-0.1451357155033095
2017-01-16,AXON,d_credit,-0.058313229757910603
2017-01-16,AXON,r_vix,-0.05015818946603738
2017-01-16,AXON,GSPC,1.2651138962661737
2017-01-23,AXON,d_rate,-0.15581715593843332
2017-01-23,AXON,d_credit,-0.03054012688106252
2017-01-23,AXON,r_vix,-0.04021206280758921
2017-01-23,AXON,GSPC,1.4785810558901946
2017-01-30,AXON,d_rate,-0.1453479588992693
2017-01-30,AXON,d_credit,0.005851623791943658
2017-01-30,AXON,r_vix,-0.004971479749900174
2017-01-30,AXON,GSPC,2.080868325219365
2017-02-06,AXON,d_rate,-0.14880617059656537
2017-02-06,AXON,d_credit,0.010744667148732743
2017-02-06,AXON,r_vix,-0.004415959666095925
2017-02-06,AXON,GSPC,2.08743947389671
2017-02-13,AXON,d_rate,-0.14773444617378337
2017-02-13,AXON,d_credit,-0.009102575067804212
2017-02-13,AXON,r_vix,-0.04688604584215251
2017-02-13,AXON,GSPC,1.3925691604051333
2017-02-20,AXON,d_rate,-0.13240131390307747
2017-02-20,AXON,d_credit,-0.017277657870577702
2017-02-20,AXON,r_vix,-0.05503636876013932
2017-02-20,AXON,GSPC,1.2678371080835014
2017-02-27,AXON,d_rate,-0.18245358575204845
2017-02-27,AXON,d_credit,0.008953520024419192
2017-02-27,AXON,r_vix,-0.07055895078343197
2017-02-27,AXON,GSPC,0.896807062470743
2017-03-06,AXON,d_rate,-0.1762361473511525
2017-03-06,AXON,d_credit,0.032452778072947344
2017-03-06,AXON,r_vix,-0.07638374952730378
2017-03-06,AXON,GSPC,0.8466797357903135
2017-03-13,AXON,d_rate,-0.20631801298166
2017-03-13,AXON,d_credit,-0.02013330209901788
2017-03-13,AXON,r_vix,-0.0810277315498864
2017-03-13,AXON,GSPC,0.7988302728738743
2017-03-20,AXON,d_rate,-0.19271399406948236
2017-03-20,AXON,d_credit,-0.001291931782402615
2017-03-20,AXON,r_vix,-0.09138151378367017
2017-03-20,AXON,GSPC,0.745587593764022
2017-03-27,AXON,d_rate,-0.19192722091309494
2017-03-27,AXON,d_credit,-1.4124790593717247e-4
2017-03-27,AXON,r_vix,-0.09221663162539659
2017-03-27,AXON,GSPC,0.7339553875940662
2017-04-03,AXON,d_rate,-0.2041079899854534
2017-04-03,AXON,d_credit,-0.022284005890692557
2017-04-03,AXON,r_vix,-0.09121247934163616
2017-04-03,AXON,GSPC,0.6375244594902189
2017-04-10,AXON,d_rate,-0.20647501021268275
2017-04-10,AXON,d_credit,-0.016170946457391335
2017-04-10,AXON,r_vix,-0.06888729239830178
2017-04-10,AXON,GSPC,0.935692411548264
2017-04-17,AXON,d_rate,-0.21878875945220022
2017-04-17,AXON,d_credit,-0.01613304451458444
2017-04-17,AXON,r_vix,-0.0447894529788495
2017-04-17,AXON,GSPC,1.2374205698976162
2017-04-24,AXON,d_rate,-0.22008503855242312
2017-04-24,AXON,d_credit,-0.019154306834193006
2017-04-24,AXON,r_vix,-0.050051482062233824
2017-04-24,AXON,GSPC,1.1666799325654582
2017-05-01,AXON,d_rate,-0.21873373984192207
2017-05-01,AXON,d_credit,-0.017873636557995273
2017-05-01,AXON,r_vix,-0.055895839039552496
2017-05-01,AXON,GSPC,1.095672580170859
2017-05-08,AXON,d_rate,-0.21281145589246792
2017-05-08,AXON,d_credit,-0.022529765114577924
2017-05-08,AXON,r_vix,-0.05407217156517734
2017-05-08,AXON,GSPC,1.1345315203901467
2017-05-15,AXON,d_rate,-0.23819915545944206
2017-05-15,AXON,d_credit,-0.014661214634770551
2017-05-15,AXON,r_vix,-0.07199694879476617
2017-05-15,AXON,GSPC,1.0101841656430892
2017-05-22,AXON,d_rate,-0.2381608462591737
2017-05-22,AXON,d_credit,-0.011497728777355285
2017-05-22,AXON,r_vix,-0.06497870020375712
2017-05-22,AXON,GSPC,1.134012413744016
2017-05-29,AXON,d_rate,-0.22250288918738273
2017-05-29,AXON,d_credit,-0.0028406115874251374
2017-05-29,AXON,r_vix,-0.07527196301301191
2017-05-29,AXON,GSPC,0.9833552528819144
2017-06-05,AXON,d_rate,-0.21986418427178403
2017-06-05,AXON,d_credit,-0.004389580547251768
2017-06-05,AXON,r_vix,-0.07597511929769318
2017-06-05,AXON,GSPC,0.9614173072358829
2017-06-12,AXON,d_rate,-0.2251822186794133
2017-06-12,AXON,d_credit,-0.017264762641170942
2017-06-12,AXON,r_vix,-0.07608246032290247
2017-06-12,AXON,GSPC,0.9842782086349768
2017-06-19,AXON,d_rate,-0.23094140307519687
2017-06-19,AXON,d_credit,-0.05291997107515792
2017-06-19,AXON,r_vix,-0.08275550676722142
2017-06-19,AXON,GSPC,0.9479778197865693
2017-06-26,AXON,d_rate,-0.24137350677109895
2017-06-26,AXON,d_credit,-0.07927124650964415
2017-06-26,AXON,r_vix,-0.08477405179641681
2017-06-26,AXON,GSPC,0.9694878090716386
2017-07-03,AXON,d_rate,-0.20372832575689315
2017-07-03,AXON,d_credit,-7.599068519331796e-4
2017-07-03,AXON,r_vix,-0.09160296041968233
2017-07-03,AXON,GSPC,0.8605064379704992
2017-07-10,AXON,d_rate,-0.20938723803793247
2017-07-10,AXON,d_credit,0.0179998515135528
2017-07-10,AXON,r_vix,-0.09972820344896167
2017-07-10,AXON,GSPC,0.6639158623887526
2017-07-17,AXON,d_rate,-0.19553422579952912
2017-07-17,AXON,d_credit,0.037510046879319796
2017-07-17,AXON,r_vix,-0.1015309285778364
2017-07-17,AXON,GSPC,0.626651382322861
2017-07-24,AXON,d_rate,-0.1959871388386536
2017-07-24,AXON,d_credit,0.04129303788711164
2017-07-24,AXON,r_vix,-0.10227583921333977
2017-07-24,AXON,GSPC,0.6162264267833568
2017-07-31,AXON,d_rate,-0.21865452530648327
2017-07-31,AXON,d_credit,0.002907487737563448
2017-07-31,AXON,r_vix,-0.09927221951732904
2017-07-31,AXON,GSPC,0.6125499124144349
2017-08-07,AXON,d_rate,-0.22014194145505842
2017-08-07,AXON,d_credit,-0.04229735937074193
2017-08-07,AXON,r_vix,-0.14912205414678656
2017-08-07,AXON,GSPC,0.22170386166941825
2017-08-14,AXON,d_rate,-0.22281186716332577
2017-08-14,AXON,d_credit,-0.04833397912429483
2017-08-14,AXON,r_vix,-0.13748109250469692
2017-08-14,AXON,GSPC,0.3847527369191549
2017-08-21,AXON,d_rate,-0.2223854152658055
2017-08-21,AXON,d_credit,-0.060474035942655706
2017-08-21,AXON,r_vix,-0.11661422435665891
2017-08-21,AXON,GSPC,0.6014179639475842
2017-08-28,AXON,d_rate,-0.22559804789828347
2017-08-28,AXON,d_credit,-0.04504706628178216
2017-08-28,AXON,r_vix,-0.13909768466472613
2017-08-28,AXON,GSPC,0.3721086886483489
2017-09-04,AXON,d_rate,-0.24316024382805002
2017-09-04,AXON,d_credit,-0.07617678085144383
2017-09-04,AXON,r_vix,-0.14169529779994558
2017-09-04,AXON,GSPC,0.4613097584984348
2017-09-11,AXON,d_rate,-0.2372159268088631
2017-09-11,AXON,d_credit,-0.09008779773829073
2017-09-11,AXON,r_vix,-0.13972663228577412
2017-09-11,AXON,GSPC,0.5360160680084984
2017-09-18,AXON,d_rate,-0.21422012729900258
2017-09-18,AXON,d_credit,-0.06747199838654927
2017-09-18,AXON,r_vix,-0.13057027269093158
2017-09-18,AXON,GSPC,0.5597248122296546
2017-09-25,AXON,d_rate,-0.21382886118714195
2017-09-25,AXON,d_credit,-0.07749144694516508
2017-09-25,AXON,r_vix,-0.1327968363428801
2017-09-25,AXON,GSPC,0.5428494227279024
2017-10-02,AXON,d_rate,-0.1468422524107239
2017-10-02,AXON,d_credit,-0.10389658037043777
2017-10-02,AXON,r_vix,-0.15280294173384437
2017-10-02,AXON,GSPC,-0.04072030324189978
2017-10-09,AXON,d_rate,-0.17715788785866557
2017-10-09,AXON,d_credit,-0.14390664901361055
2017-10-09,AXON,r_vix,-0.1576506559960194
2017-10-09,AXON,GSPC,0.025303097490553438
2017-10-16,AXON,d_rate,-0.20339536940048356
2017-10-16,AXON,d_credit,-0.16615775089061663
2017-10-16,AXON,r_vix,-0.18096576692969887
2017-10-16,AXON,GSPC,-0.24928107723404208
2017-10-23,AXON,d_rate,-0.22280538535490702
2017-10-23,AXON,d_credit,-0.1917258315596953
2017-10-23,AXON,r_vix,-0.18694825224496808
2017-10-23,AXON,GSPC,-0.25250106871746975
2017-10-30,AXON,d_rate,-0.2284903308273658
2017-10-30,AXON,d_credit,-0.22709102809649298
2017-10-30,AXON,r_vix,-0.19092817686404023
2017-10-30,AXON,GSPC,-0.13986733829175124
2017-11-06,AXON,d_rate,-0.2393782104609203
2017-11-06,AXON,d_credit,-0.32152731329913314
2017-11-06,AXON,r_vix,-0.17568382836491567
2017-11-06,AXON,GSPC,-1.1733200621073625
2017-11-13,AXON,d_rate,-0.2651726221744189
2017-11-13,AXON,d_credit,-0.22627851459303921
2017-11-13,AXON,r_vix,-0.1884885680448602
2017-11-13,AXON,GSPC,-1.3576031042400853
2017-11-20,AXON,d_rate,-0.2642828285180193
2017-11-20,AXON,d_credit,-0.21630038170174443
2017-11-20,AXON,r_vix,-0.19655289735474232
2017-11-20,AXON,GSPC,-1.4747905118274647
2017-11-27,AXON,d_rate,-0.2697461945317183
2017-11-27,AXON,d_credit,-0.2576995881344536
2017-11-27,AXON,r_vix,-0.15054660690997754
2017-11-27,AXON,GSPC,-0.8165362040614956
2017-12-04,AXON,d_rate,-0.19951292827050596
2017-12-04,AXON,d_credit,-0.06604262039058625
2017-12-04,AXON,r_vix,-0.12755294747959564
2017-12-04,AXON,GSPC,0.6971326839985773
2017-12-11,AXON,d_rate,-0.22160840448065833
2017-12-11,AXON,d_credit,-0.06607872705625015
2017-12-11,AXON,r_vix,-0.12404300825706539
2017-12-11,AXON,GSPC,0.906369421868014
2017-12-18,AXON,d_rate,-0.19618562552123311
2017-12-18,AXON,d_credit,-0.03269331252624298
2017-12-18,AXON,r_vix,-0.12046609916838073
2017-12-18,AXON,GSPC,0.9455890604448555
2017-12-25,AXON,d_rate,-0.19671374475855544
2017-12-25,AXON,d_credit,-0.03922699554999901
2017-12-25,AXON,r_vix,-0.1206627195636766
2017-12-25,AXON,GSPC,0.9588051338854019
2018-01-01,AXON,d_rate,-0.21401257601884965
2018-01-01,AXON,d_credit,-0.08135276225710614
2018-01-01,AXON,r_vix,-0.12648620045409442
2018-01-01,AXON,GSPC,0.9157512036332905
2018-01-08,AXON,d_rate,-0.21464905229869413
2018-01-08,AXON,d_credit,-0.12943172248636023
2018-01-08,AXON,r_vix,-0.10946406861932745
2018-01-08,AXON,GSPC,1.165671082623669
2018-01-15,AXON,d_rate,-0.2137061019693651
2018-01-15,AXON,d_credit,-0.13470488081183735
2018-01-15,AXON,r_vix,-0.10498289807210487
2018-01-15,AXON,GSPC,1.2286803606276517
2018-01-22,AXON,d_rate,-0.21082665490696756
2018-01-22,AXON,d_credit,-0.12678728054292074
2018-01-22,AXON,r_vix,-0.11176458295793844
2018-01-22,AXON,GSPC,1.0876795682389815
2018-01-29,AXON,d_rate,-0.20466926202701952
2018-01-29,AXON,d_credit,-0.2725299436693958
2018-01-29,AXON,r_vix,-0.10325053616886172
2018-01-29,AXON,GSPC,0.5462563063089609
2018-02-05,AXON,d_rate,-0.18030300402759372
2018-02-05,AXON,d_credit,-0.17597143422365558
2018-02-05,AXON,r_vix,-0.10815586889362312
2018-02-05,AXON,GSPC,0.08758797892780167
2018-02-12,AXON,d_rate,-0.15084046213569416
2018-02-12,AXON,d_credit,-0.06361883935262712
2018-02-12,AXON,r_vix,-0.11060861300127421
2018-02-12,AXON,GSPC,0.538740115914242
2018-02-19,AXON,d_rate,-0.17434882831031576
2018-02-19,AXON,d_credit,-0.07318077769030888
2018-02-19,AXON,r_vix,-0.10121954173777635
2018-02-19,AXON,GSPC,0.6350357479049977
2018-02-26,AXON,d_rate,-0.10919239726375111
2018-02-26,AXON,d_credit,0.056192971252483896
2018-02-26,AXON,r_vix,-0.12601909923258248
2018-02-26,AXON,GSPC,-0.14820380751015957
2018-03-05,AXON,d_rate,-0.11392322273518415
2018-03-05,AXON,d_credit,0.030693440011089305
2018-03-05,AXON,r_vix,-0.1260170775139594
2018-03-05,AXON,GSPC,-0.20923977729280474
2018-03-12,AXON,d_rate,-0.10404396435958746
2018-03-12,AXON,d_credit,0.01708468160077806
2018-03-12,AXON,r_vix,-0.119699298801888
2018-03-12,AXON,GSPC,-0.09064178234073048
2018-03-19,AXON,d_rate,-0.1256914575795153
2018-03-19,AXON,d_credit,0.0023756447434658
2018-03-19,AXON,r_vix,-0.12436430356977285
2018-03-19,AXON,GSPC,-0.308537498443699
2018-03-26,AXON,d_rate,-0.12402083057987054
2018-03-26,AXON,d_credit,0.020997357701882317
2018-03-26,AXON,r_vix,-0.11782763439134215
2018-03-26,AXON,GSPC,-0.20387183334670117
2018-04-02,AXON,d_rate,-0.13131931963209237
2018-04-02,AXON,d_credit,-0.002257219390701148
2018-04-02,AXON,r_vix,-0.12657115360361829
2018-04-02,AXON,GSPC,-0.3100986889063969
2018-04-09,AXON,d_rate,-0.1319993466837236
2018-04-09,AXON,d_credit,-0.005008561137052305
2018-04-09,AXON,r_vix,-0.13786381921528182
2018-04-09,AXON,GSPC,-0.47036400207479157
2018-04-16,AXON,d_rate,-0.10159863800679467
2018-04-16,AXON,d_credit,-0.060077903310397605
2018-04-16,AXON,r_vix,-0.15653235780735075
2018-04-16,AXON,GSPC,-0.7124675104636585
2018-04-23,AXON,d_rate,-0.10427144077430511
2018-04-23,AXON,d_credit,-0.08763378638292348
2018-04-23,AXON,r_vix,-0.15014101922155937
2018-04-23,AXON,GSPC,-0.6716992450384727
2018-04-30,AXON,d_rate,-0.0963434599451928
2018-04-30,AXON,d_credit,-0.01899820711762862
2018-04-30,AXON,r_vix,-0.15604041291387097
2018-04-30,AXON,GSPC,-0.6723094583594715
2018-05-07,AXON,d_rate,-0.10745151963663832
2018-05-07,AXON,d_credit,-0.07758761390566232
2018-05-07,AXON,r_vix,-0.15022603804151244
2018-05-07,AXON,GSPC,-0.3739296490761536
2018-05-14,AXON,d_rate,-0.13560389174979764
2018-05-14,AXON,d_credit,-0.07968260842837678
2018-05-14,AXON,r_vix,-0.13807719474972852
2018-05-14,AXON,GSPC,-0.2979133286395796
2018-05-21,AXON,d_rate,-0.159341247356194
2018-05-21,AXON,d_credit,-0.07624890371945676
2018-05-21,AXON,r_vix,-0.14192912822438628
2018-05-21,AXON,GSPC,-0.29095568457955384
2018-05-28,AXON,d_rate,-0.1865195387368116
2018-05-28,AXON,d_credit,-0.06778696269145731
2018-05-28,AXON,r_vix,-0.13389063385962094
2018-05-28,AXON,GSPC,-0.18225314081908223
2018-06-04,AXON,d_rate,-0.18979129970854558
2018-06-04,AXON,d_credit,-0.08231418361708358
2018-06-04,AXON,r_vix,-0.13341838958200894
2018-06-04,AXON,GSPC,-0.21424852281246234
2018-06-11,AXON,d_rate,-0.1829913874057592
2018-06-11,AXON,d_credit,-0.057667517509690305
2018-06-11,AXON,r_vix,-0.13111638144184956
2018-06-11,AXON,GSPC,-0.1698703994982301
2018-06-18,AXON,d_rate,-0.17541831512615502
2018-06-18,AXON,d_credit,0.016761570321445592
2018-06-18,AXON,r_vix,-0.12693062559050083
2018-06-18,AXON,GSPC,-0.09526441462989314
2018-06-25,AXON,d_rate,-0.14203633686739414
2018-06-25,AXON,d_credit,0.0038838929056118554
2018-06-25,AXON,r_vix,-0.1323046965937876
2018-06-25,AXON,GSPC,-0.1101519183676177
2018-07-02,AXON,d_rate,-0.13742018857917324
2018-07-02,AXON,d_credit,0.006119565773321598
2018-07-02,AXON,r_vix,-0.13243317286511885
2018-07-02,AXON,GSPC,-0.1157292158090135
2018-07-09,AXON,d_rate,-0.1484221549309662
2018-07-09,AXON,d_credit,0.017900220200868802
2018-07-09,AXON,r_vix,-0.1363573390376891
2018-07-09,AXON,GSPC,-0.10003136432221671
2018-07-16,AXON,d_rate,-0.1506892322648417
2018-07-16,AXON,d_credit,0.00971736168359413
2018-07-16,AXON,r_vix,-0.13186594685980185
2018-07-16,AXON,GSPC,-0.076496777650153
2018-07-23,AXON,d_rate,-0.1499359772579425
2018-07-23,AXON,d_credit,0.08729395479955666
2018-07-23,AXON,r_vix,-0.13353822339482715
2018-07-23,AXON,GSPC,-0.022592864680354593
2018-07-30,AXON,d_rate,-0.14814644253223677
2018-07-30,AXON,d_credit,0.08396187519873295
2018-07-30,AXON,r_vix,-0.12979811740283087
2018-07-30,AXON,GSPC,-0.008274037782090673
2018-08-06,AXON,d_rate,-0.13732931785631303
2018-08-06,AXON,d_credit,0.13929235124718703
2018-08-06,AXON,r_vix,-0.08776690585803656
2018-08-06,AXON,GSPC,0.2935550941273157
2018-08-13,AXON,d_rate,-0.13535772336998436
2018-08-13,AXON,d_credit,0.13870720756744448
2018-08-13,AXON,r_vix,-0.10027959247929345
2018-08-13,AXON,GSPC,0.17561437078277142
2018-08-20,AXON,d_rate,-0.13311555544657513
2018-08-20,AXON,d_credit,0.13536408231688857
2018-08-20,AXON,r_vix,-0.13142169083294686
2018-08-20,AXON,GSPC,-0.054111689007939674
2018-08-27,AXON,d_rate,-0.1283371186045785
2018-08-27,AXON,d_credit,0.18006472174217653
2018-08-27,AXON,r_vix,-0.12616168293411648
2018-08-27,AXON,GSPC,0.06526296371943173
2018-09-03,AXON,d_rate,-0.13132616413540676
2018-09-03,AXON,d_credit,0.18586309468683385
2018-09-03,AXON,r_vix,-0.11719577109730031
2018-09-03,AXON,GSPC,0.10097648840302903
2018-09-10,AXON,d_rate,-0.13876374271773928
2018-09-10,AXON,d_credit,0.19050965693049857
2018-09-10,AXON,r_vix,-0.11503614367943445
2018-09-10,AXON,GSPC,0.11787605959540828
2018-09-17,AXON,d_rate,-0.17173407236136073
2018-09-17,AXON,d_credit,0.2633239549921761
2018-09-17,AXON,r_vix,-0.10708124594095098
2018-09-17,AXON,GSPC,0.22831362918254325
2018-09-24,AXON,d_rate,-0.17592529859904185
2018-09-24,AXON,d_credit,0.26292230187322074
2018-09-24,AXON,r_vix,-0.10803115778758214
2018-09-24,AXON,GSPC,0.20785830220506488
2018-10-01,AXON,d_rate,-0.2220000870334376
2018-10-01,AXON,d_credit,0.23974268030194806
2018-10-01,AXON,r_vix,-0.11610739185233292
2018-10-01,AXON,GSPC,0.1609139424132151
2018-10-08,AXON,d_rate,-0.19693684592296495
2018-10-08,AXON,d_credit,0.26467734706267376
2018-10-08,AXON,r_vix,-0.12268323138034035
2018-10-08,AXON,GSPC,0.2678315378641611
2018-10-15,AXON,d_rate,-0.18975093279159402
2018-10-15,AXON,d_credit,0.22773280589056952
2018-10-15,AXON,r_vix,-0.109544938529529
2018-10-15,AXON,GSPC,0.3519848996995494
2018-10-22,AXON,d_rate,-0.17068494092715242
2018-10-22,AXON,d_credit,0.19022633429164115
2018-10-22,AXON,r_vix,-0.10202959406559373
2018-10-22,AXON,GSPC,0.47164976858049873
2018-10-29,AXON,d_rate,-0.15288338502623613
2018-10-29,AXON,d_credit,0.20504903428967783
2018-10-29,AXON,r_vix,-0.11167772007989817
2018-10-29,AXON,GSPC,0.4485975367455487
2018-11-05,AXON,d_rate,-0.07427927620635112
2018-11-05,AXON,d_credit,0.3042442068862229
2018-11-05,AXON,r_vix,-0.0962203959459612
2018-11-05,AXON,GSPC,0.4162608047663939
2018-11-12,AXON,d_rate,-0.040050887937593344
2018-11-12,AXON,d_credit,0.14808336635295066
2018-11-12,AXON,r_vix,-0.09480569459491743
2018-11-12,AXON,GSPC,0.29595133102452187
2018-11-19,AXON,d_rate,-0.04132145963994433
2018-11-19,AXON,d_credit,0.16392366095071087
2018-11-19,AXON,r_vix,-0.07494952148539463
2018-11-19,AXON,GSPC,0.5618302290541985
2018-11-26,AXON,d_rate,-0.0124506701340278
2018-11-26,AXON,d_credit,-0.01314598205839975
2018-11-26,AXON,r_vix,-0.14245737202432784
2018-11-26,AXON,GSPC,-0.36901653445506494
2018-12-03,AXON,d_rate,-0.01080146666518908
2018-12-03,AXON,d_credit,-0.017842870644042632
2018-12-03,AXON,r_vix,-0.15824011171517738
2018-12-03,AXON,GSPC,-0.4870317767571157
2018-12-10,AXON,d_rate,0.017459916230573625
2018-12-10,AXON,d_credit,0.04736212964733997
2018-12-10,AXON,r_vix,-0.1653651602132893
2018-12-10,AXON,GSPC,-0.5236552239172771
2018-12-17,AXON,d_rate,0.021796712256001324
2018-12-17,AXON,d_credit,0.056348724658792294
2018-12-17,AXON,r_vix,-0.1469942197015759
2018-12-17,AXON,GSPC,-0.2662669736962102
2018-12-24,AXON,d_rate,0.02659916750791042
2018-12-24,AXON,d_credit,0.0761134419379913
2018-12-24,AXON,r_vix,-0.14750113985514637
2018-12-24,AXON,GSPC,-0.24894743673675437
2018-12-31,AXON,d_rate,0.028073118387790242
2018-12-31,AXON,d_credit,0.07936985210727382
2018-12-31,AXON,r_vix,-0.1555426957997896
2018-12-31,AXON,GSPC,-0.2715095465814804
2019-01-07,AXON,d_rate,0.03615284804596786
2019-01-07,AXON,d_credit,0.1086397665950404
2019-01-07,AXON,r_vix,-0.17528361012578364
2019-01-07,AXON,GSPC,-0.3704064568916411
2019-01-14,AXON,d_rate,0.03521069101907006
2019-01-14,AXON,d_credit,0.10762178241559235
2019-01-14,AXON,r_vix,-0.17389598847336155
2019-01-14,AXON,GSPC,-0.3535249744519148
2019-01-21,AXON,d_rate,0.04550633259118585
2019-01-21,AXON,d_credit,0.12931549341352308
2019-01-21,AXON,r_vix,-0.1745186529914448
2019-01-21,AXON,GSPC,-0.3493449229585413
2019-01-28,AXON,d_rate,0.046799364982104824
2019-01-28,AXON,d_credit,0.11116630651501018
2019-01-28,AXON,r_vix,-0.1641567072137702
2019-01-28,AXON,GSPC,-0.3070603254513453
2019-02-04,AXON,d_rate,0.03926802997920849
2019-02-04,AXON,d_credit,0.10210547228697527
2019-02-04,AXON,r_vix,-0.16879729055205528
2019-02-04,AXON,GSPC,-0.3025087932531096
2019-02-11,AXON,d_rate,0.02550707746925846
2019-02-11,AXON,d_credit,0.06161701227807789
2019-02-11,AXON,r_vix,-0.12167907228492403
2019-02-11,AXON,GSPC,-0.08480525026545858
2019-02-18,AXON,d_rate,0.03568443080504208
2019-02-18,AXON,d_credit,0.08332961115321467
2019-02-18,AXON,r_vix,-0.1367383074407645
2019-02-18,AXON,GSPC,-0.16230563485105148
2019-02-25,AXON,d_rate,0.00916799908010616
2019-02-25,AXON,d_credit,0.05961388953286789
2019-02-25,AXON,r_vix,-0.18475857112749705
2019-02-25,AXON,GSPC,-0.1843775653982874
2019-03-04,AXON,d_rate,0.08791451309334457
2019-03-04,AXON,d_credit,0.11673246538492295
2019-03-04,AXON,r_vix,-0.22441572155065664
2019-03-04,AXON,GSPC,-0.31943092081640095
2019-03-11,AXON,d_rate,0.085047586674253
2019-03-11,AXON,d_credit,0.10848828590069746
2019-03-11,AXON,r_vix,-0.21911178596331804
2019-03-11,AXON,GSPC,-0.32806927216862636
2019-03-18,AXON,d_rate,-0.0339021659406425
2019-03-18,AXON,d_credit,-0.008089240357688812
2019-03-18,AXON,r_vix,-0.1514223549645337
2019-03-18,AXON,GSPC,0.2357074852329011
2019-03-25,AXON,d_rate,-0.03251393920829076
2019-03-25,AXON,d_credit,-0.006279162064750896
2019-03-25,AXON,r_vix,-0.16213288031748446
2019-03-25,AXON,GSPC,0.1581604098948233
2019-04-01,AXON,d_rate,-0.017782783374012307
2019-04-01,AXON,d_credit,-0.005548024835068191
2019-04-01,AXON,r_vix,-0.13327701702734138
2019-04-01,AXON,GSPC,0.3568151061681965
2019-04-08,AXON,d_rate,-0.013382987072601271
2019-04-08,AXON,d_credit,-0.0435629946807691
2019-04-08,AXON,r_vix,-0.14006948118778975
2019-04-08,AXON,GSPC,0.30255734439005305
2019-04-15,AXON,d_rate,-0.00606898339531277
2019-04-15,AXON,d_credit,-0.037284080039826265
2019-04-15,AXON,r_vix,-0.14029226300057146
2019-04-15,AXON,GSPC,0.30215546080537514
2019-04-22,AXON,d_rate,-0.018339594313289343
2019-04-22,AXON,d_credit,-0.05009600521428186
2019-04-22,AXON,r_vix,-0.13473832113216658
2019-04-22,AXON,GSPC,0.3557285922399359
2019-04-29,AXON,d_rate,-0.028257499247080674
2019-04-29,AXON,d_credit,-0.09971253389258343
2019-04-29,AXON,r_vix,-0.115574832182286
2019-04-29,AXON,GSPC,0.4463840386638181
2019-05-06,AXON,d_rate,-0.008391034659052962
2019-05-06,AXON,d_credit,-0.03275672626337335
2019-05-06,AXON,r_vix,-0.10185553572448303
2019-05-06,AXON,GSPC,0.3367653002849574
2019-05-13,AXON,d_rate,-0.030431566989322627
2019-05-13,AXON,d_credit,-0.02650549687009601
2019-05-13,AXON,r_vix,-0.11465281030114909
2019-05-13,AXON,GSPC,0.28409723805952564
2019-05-20,AXON,d_rate,0.01717017983722675
2019-05-20,AXON,d_credit,-0.011941778917238242
2019-05-20,AXON,r_vix,-0.11214466056614114
2019-05-20,AXON,GSPC,0.2405307760439359
2019-05-27,AXON,d_rate,0.0059801698210488205
2019-05-27,AXON,d_credit,-0.028048710949904365
2019-05-27,AXON,r_vix,-0.11335933000744651
2019-05-27,AXON,GSPC,0.20680965768694592
2019-06-03,AXON,d_rate,0.006470277649152128
2019-06-03,AXON,d_credit,-0.020919810775268013
2019-06-03,AXON,r_vix,-0.11278715954604464
2019-06-03,AXON,GSPC,0.24227835268103678
2019-06-10,AXON,d_rate,0.005922935399918579
2019-06-10,AXON,d_credit,-0.027518040984789858
2019-06-10,AXON,r_vix,-0.11457012829505346
2019-06-10,AXON,GSPC,0.22963661193511517
2019-06-17,AXON,d_rate,-0.025411414805715092
2019-06-17,AXON,d_credit,-0.11392706433787207
2019-06-17,AXON,r_vix,-0.11418593691129082
2019-06-17,AXON,GSPC,0.25387299079114406
2019-06-24,AXON,d_rate,0.027157181053664
2019-06-24,AXON,d_credit,-0.024595304832227508
2019-06-24,AXON,r_vix,-0.09427629395608955
2019-06-24,AXON,GSPC,0.35153671482647353
2019-07-01,AXON,d_rate,0.03146855874739543
2019-07-01,AXON,d_credit,-0.01178895978936191
2019-07-01,AXON,r_vix,-0.08556291381452251
2019-07-01,AXON,GSPC,0.3776762494627132
2019-07-08,AXON,d_rate,0.03222624054479106
2019-07-08,AXON,d_credit,-0.004566561904480978
2019-07-08,AXON,r_vix,-0.08492038475751552
2019-07-08,AXON,GSPC,0.37769622078895604
2019-07-15,AXON,d_rate,-0.011716965408521789
2019-07-15,AXON,d_credit,-0.039028151136997945
2019-07-15,AXON,r_vix,-0.08666823786990101
2019-07-15,AXON,GSPC,0.388232115606694
2019-07-22,AXON,d_rate,-0.006202401016835821
2019-07-22,AXON,d_credit,-0.10906038942736893
2019-07-22,AXON,r_vix,-0.07642819471038363
2019-07-22,AXON,GSPC,0.40474369805721316
2019-07-29,AXON,d_rate,-0.02839564744069915
2019-07-29,AXON,d_credit,-0.1246295223478566
2019-07-29,AXON,r_vix,-0.06065991179853103
2019-07-29,AXON,GSPC,0.4712639448316077
2019-08-05,AXON,d_rate,0.0049293907344580765
2019-08-05,AXON,d_credit,-0.15313238345738744
2019-08-05,AXON,r_vix,-0.018409800165008736
2019-08-05,AXON,GSPC,0.641303061983973
2019-08-12,AXON,d_rate,-0.018124083692901038
2019-08-12,AXON,d_credit,-0.17000776866912432
2019-08-12,AXON,r_vix,-0.020374013131533877
2019-08-12,AXON,GSPC,0.6350947661991527
2019-08-19,AXON,d_rate,-0.014950331107579791
2019-08-19,AXON,d_credit,-0.1706176561705755
2019-08-19,AXON,r_vix,-0.019826312664844227
2019-08-19,AXON,GSPC,0.6191116519727804
2019-08-26,AXON,d_rate,-0.02639419542594241
2019-08-26,AXON,d_credit,-0.1801947060046007
2019-08-26,AXON,r_vix,-0.03456726126071753
2019-08-26,AXON,GSPC,0.5289485871261679
2019-09-02,AXON,d_rate,-0.05197907665563
2019-09-02,AXON,d_credit,-0.1859015080064617
2019-09-02,AXON,r_vix,-0.05590919060739853
2019-09-02,AXON,GSPC,0.48202799159757254
2019-09-09,AXON,d_rate,-0.00939046238589062
2019-09-09,AXON,d_credit,-0.16783919648408893
2019-09-09,AXON,r_vix,-0.046262596136390936
2019-09-09,AXON,GSPC,0.47969834644274506
2019-09-16,AXON,d_rate,0.026523123284333355
2019-09-16,AXON,d_credit,-0.1951066208851061
2019-09-16,AXON,r_vix,-0.037022646840543946
2019-09-16,AXON,GSPC,0.48373793816030525
2019-09-23,AXON,d_rate,0.024502452118642274
2019-09-23,AXON,d_credit,-0.18252104275857706
2019-09-23,AXON,r_vix,-0.04940969720769813
2019-09-23,AXON,GSPC,0.47033295582183143
2019-09-30,AXON,d_rate,0.11730667916687006
2019-09-30,AXON,d_credit,-0.15894957729405276
2019-09-30,AXON,r_vix,0.010770630422943895
2019-09-30,AXON,GSPC,0.6138826877000002
2019-10-07,AXON,d_rate,0.07341846462695314
2019-10-07,AXON,d_credit,-0.1619019942249632
2019-10-07,AXON,r_vix,0.018989005558363928
2019-10-07,AXON,GSPC,0.681905917093592
2019-10-14,AXON,d_rate,0.07529778403691331
2019-10-14,AXON,d_credit,-0.1581732335944654
2019-10-14,AXON,r_vix,0.02858082828496612
2019-10-14,AXON,GSPC,0.723171276670779
2019-10-21,AXON,d_rate,0.07125780209149898
2019-10-21,AXON,d_credit,-0.18817961600019595
2019-10-21,AXON,r_vix,0.02340578045291722
2019-10-21,AXON,GSPC,0.7379657709688958
2019-10-28,AXON,d_rate,0.05550613678548691
2019-10-28,AXON,d_credit,-0.21238509400010058
2019-10-28,AXON,r_vix,0.02995741185583093
2019-10-28,AXON,GSPC,0.7204479299274282
2019-11-04,AXON,d_rate,0.1354390131521919
2019-11-04,AXON,d_credit,-0.24836598565098314
2019-11-04,AXON,r_vix,0.06897974495042186
2019-11-04,AXON,GSPC,0.9173455164692018
2019-11-11,AXON,d_rate,0.1255560894502215
2019-11-11,AXON,d_credit,-0.26820917368994857
2019-11-11,AXON,r_vix,0.07405953352967805
2019-11-11,AXON,GSPC,0.9668584143195362
2019-11-18,AXON,d_rate,0.13083093184365616
2019-11-18,AXON,d_credit,-0.24982685161981696
2019-11-18,AXON,r_vix,0.06964332593722476
2019-11-18,AXON,GSPC,0.863617801598381
2019-11-25,AXON,d_rate,0.14261900014166978
2019-11-25,AXON,d_credit,-0.1269989733905042
2019-11-25,AXON,r_vix,0.0717196387246191
2019-11-25,AXON,GSPC,1.13457170758881
2019-12-02,AXON,d_rate,0.1312287320783217
2019-12-02,AXON,d_credit,-0.12877645334887394
2019-12-02,AXON,r_vix,0.057645227891786555
2019-12-02,AXON,GSPC,1.237021424285702
2019-12-09,AXON,d_rate,0.13300416000951035
2019-12-09,AXON,d_credit,-0.11012684365997473
2019-12-09,AXON,r_vix,0.06847692277077919
2019-12-09,AXON,GSPC,1.33182615397658
2019-12-16,AXON,d_rate,0.11264949213663492
2019-12-16,AXON,d_credit,-0.09827712993998829
2019-12-16,AXON,r_vix,0.05573289726888559
2019-12-16,AXON,GSPC,1.4098733716568186
2019-12-23,AXON,d_rate,0.10975478722067593
2019-12-23,AXON,d_credit,-0.12053998706310143
2019-12-23,AXON,r_vix,0.05664661525585354
2019-12-23,AXON,GSPC,1.3755400103338176
2019-12-30,AXON,d_rate,0.12424328439496066
2019-12-30,AXON,d_credit,-0.14118043376105371
2019-12-30,AXON,r_vix,0.10353536295775873
2019-12-30,AXON,GSPC,1.4880518818036945
2020-01-06,AXON,d_rate,0.1163700163720029
2020-01-06,AXON,d_credit,-0.17824242091317385
2020-01-06,AXON,r_vix,0.12673258470602872
2020-01-06,AXON,GSPC,1.4900293933150155
2020-01-13,AXON,d_rate,0.1259697124248914
2020-01-13,AXON,d_credit,-0.16547700697579143
2020-01-13,AXON,r_vix,0.15508814951504984
2020-01-13,AXON,GSPC,1.7849953204105733
2020-01-20,AXON,d_rate,0.10140932728156621
2020-01-20,AXON,d_credit,-0.23291128307890482
2020-01-20,AXON,r_vix,0.18075329289844363
2020-01-20,AXON,GSPC,1.7897135416824486
2020-01-27,AXON,d_rate,0.10427618846195523
2020-01-27,AXON,d_credit,-0.234988994965923
2020-01-27,AXON,r_vix,0.18042050798280065
2020-01-27,AXON,GSPC,1.770291243543656
2020-02-03,AXON,d_rate,0.1059316630384082
2020-02-03,AXON,d_credit,-0.23866203859178067
2020-02-03,AXON,r_vix,0.18317384122211325
2020-02-03,AXON,GSPC,1.8390565834098298
2020-02-10,AXON,d_rate,0.10170137734025876
2020-02-10,AXON,d_credit,-0.2385568572840426
2020-02-10,AXON,r_vix,0.1674022713214478
2020-02-10,AXON,GSPC,1.7379840291732254
2020-02-17,AXON,d_rate,0.10181558287923628
2020-02-17,AXON,d_credit,-0.2390648732553905
2020-02-17,AXON,r_vix,0.1656283754431532
2020-02-17,AXON,GSPC,1.7326918134437577
2020-02-24,AXON,d_rate,0.1284031491397464
2020-02-24,AXON,d_credit,-0.2344786972234205
2020-02-24,AXON,r_vix,0.1272553796113432
2020-02-24,AXON,GSPC,1.0218353731897756
2020-03-02,AXON,d_rate,0.11529637746131673
2020-03-02,AXON,d_credit,-0.21539438012348303
2020-03-02,AXON,r_vix,0.13651114747019516
2020-03-02,AXON,GSPC,1.0282348016030975
2020-03-09,AXON,d_rate,0.021464911533695386
2020-03-09,AXON,d_credit,-0.35558363054612946
2020-03-09,AXON,r_vix,0.1417463933702468
2020-03-09,AXON,GSPC,1.2596820225511027
2020-03-16,AXON,d_rate,0.008201429819302912
2020-03-16,AXON,d_credit,-0.36029478663935655
2020-03-16,AXON,r_vix,-0.025383298598691432
2020-03-16,AXON,GSPC,0.22077662543566187
2020-03-23,AXON,d_rate,-0.02353830010184624
2020-03-23,AXON,d_credit,-0.4497639537920951
2020-03-23,AXON,r_vix,0.012831650838802581
2020-03-23,AXON,GSPC,0.3496789579267795
2020-03-30,AXON,d_rate,0.07483067057314374
2020-03-30,AXON,d_credit,-0.30845720454192355
2020-03-30,AXON,r_vix,0.15336309333756004
2020-03-30,AXON,GSPC,0.8839911516238754
2020-04-06,AXON,d_rate,0.093081655331132
2020-04-06,AXON,d_credit,-0.20948147754186733
2020-04-06,AXON,r_vix,0.17043411161481484
2020-04-06,AXON,GSPC,1.1492619948215013
2020-04-13,AXON,d_rate,0.09767564266277086
2020-04-13,AXON,d_credit,-0.19146910919103097
2020-04-13,AXON,r_vix,0.1716950848368515
2020-04-13,AXON,GSPC,1.1655676402332171
2020-04-20,AXON,d_rate,0.10252138273532785
2020-04-20,AXON,d_credit,-0.1787955221395852
2020-04-20,AXON,r_vix,0.17476037549500056
2020-04-20,AXON,GSPC,1.1895705761208049
2020-04-27,AXON,d_rate,0.09417371617294382
2020-04-27,AXON,d_credit,-0.17641035668686875
2020-04-27,AXON,r_vix,0.16978439954864805
2020-04-27,AXON,GSPC,1.1864873402809544
2020-05-04,AXON,d_rate,0.12298809925189912
2020-05-04,AXON,d_credit,0.08977987598574508
2020-05-04,AXON,r_vix,0.0839817986155096
2020-05-04,AXON,GSPC,1.402477116171416
2020-05-11,AXON,d_rate,0.1227528327650096
2020-05-11,AXON,d_credit,0.08070707801851153
2020-05-11,AXON,r_vix,0.07482074143723468
2020-05-11,AXON,GSPC,1.4158860063104155
2020-05-18,AXON,d_rate,0.12476123991419495
2020-05-18,AXON,d_credit,0.09831643443017875
2020-05-18,AXON,r_vix,0.07477189553144037
2020-05-18,AXON,GSPC,1.4280528676691662
2020-05-25,AXON,d_rate,0.1303175716554111
2020-05-25,AXON,d_credit,0.10208492048459837
2020-05-25,AXON,r_vix,0.07174064989518565
2020-05-25,AXON,GSPC,1.4317668457040251
2020-06-01,AXON,d_rate,0.1680314886159625
2020-06-01,AXON,d_credit,0.06697485321586741
2020-06-01,AXON,r_vix,0.0884931706930246
2020-06-01,AXON,GSPC,1.4677816477629584
2020-06-08,AXON,d_rate,0.16090712980786406
2020-06-08,AXON,d_credit,0.041902634415036916
2020-06-08,AXON,r_vix,0.11268912716093638
2020-06-08,AXON,GSPC,1.4499359859243834
2020-06-15,AXON,d_rate,0.16107418054979492
2020-06-15,AXON,d_credit,0.046831287009201125
2020-06-15,AXON,r_vix,0.11156655145192261
2020-06-15,AXON,GSPC,1.4394826415881499
2020-06-22,AXON,d_rate,0.14001216472553682
2020-06-22,AXON,d_credit,0.028879415891460983
2020-06-22,AXON,r_vix,0.09066829251146764
2020-06-22,AXON,GSPC,1.343844565826627
2020-06-29,AXON,d_rate,0.1387641238842054
2020-06-29,AXON,d_credit,0.022492379723868586
2020-06-29,AXON,r_vix,0.08641042218772271
2020-06-29,AXON,GSPC,1.3234062552360246
2020-07-06,AXON,d_rate,0.15078189304602935
2020-07-06,AXON,d_credit,0.058851678994847396
2020-07-06,AXON,r_vix,0.09569194146778814
2020-07-06,AXON,GSPC,1.3765175582114866
2020-07-13,AXON,d_rate,0.1530732560303247
2020-07-13,AXON,d_credit,0.07305184119631607
2020-07-13,AXON,r_vix,0.09394963864526085
2020-07-13,AXON,GSPC,1.385735890732716
2020-07-20,AXON,d_rate,0.16096885898385943
2020-07-20,AXON,d_credit,0.11382464993898998
2020-07-20,AXON,r_vix,0.09736630947715165
2020-07-20,AXON,GSPC,1.4374991267344184
2020-07-27,AXON,d_rate,0.16543797678647057
2020-07-27,AXON,d_credit,0.10873595330564988
2020-07-27,AXON,r_vix,0.091730738488933
2020-07-27,AXON,GSPC,1.4175271051401588
2020-08-03,AXON,d_rate,0.14620590549504983
2020-08-03,AXON,d_credit,0.13470208579713916
2020-08-03,AXON,r_vix,0.0829892175186854
2020-08-03,AXON,GSPC,1.427773457083258
2020-08-10,AXON,d_rate,0.13153116462291395
2020-08-10,AXON,d_credit,0.10162978852015776
2020-08-10,AXON,r_vix,0.08307647224070233
2020-08-10,AXON,GSPC,1.3963351991470538
2020-08-17,AXON,d_rate,0.1300590764770861
2020-08-17,AXON,d_credit,0.1065716749877161
2020-08-17,AXON,r_vix,0.0820099175557597
2020-08-17,AXON,GSPC,1.4056095257516117
2020-08-24,AXON,d_rate,0.11589847514158753
2020-08-24,AXON,d_credit,0.08047209175192002
2020-08-24,AXON,r_vix,0.07679361241391754
2020-08-24,AXON,GSPC,1.3590185801729688
2020-08-31,AXON,d_rate,0.11533201775094053
2020-08-31,AXON,d_credit,0.07719777002261893
2020-08-31,AXON,r_vix,0.08038755314636907
2020-08-31,AXON,GSPC,1.3609479473904025
2020-09-07,AXON,d_rate,0.10376126875873833
2020-09-07,AXON,d_credit,0.07880182563878332
2020-09-07,AXON,r_vix,0.06388316942771209
2020-09-07,AXON,GSPC,1.3176803223419533
2020-09-14,AXON,d_rate,0.1007377135641299
2020-09-14,AXON,d_credit,0.07698339010461899
2020-09-14,AXON,r_vix,0.06528431267043402
2020-09-14,AXON,GSPC,1.3200335314855438
2020-09-21,AXON,d_rate,0.10025391174650022
2020-09-21,AXON,d_credit,0.08449686143981142
2020-09-21,AXON,r_vix,0.07256795155665158
2020-09-21,AXON,GSPC,1.3286261913523372
2020-09-28,AXON,d_rate,0.08887236184579775
2020-09-28,AXON,d_credit,0.10814817302046988
2020-09-28,AXON,r_vix,0.06441793893845173
2020-09-28,AXON,GSPC,1.3474408309141017
2020-10-05,AXON,d_rate,0.1173309493188667
2020-10-05,AXON,d_credit,0.09994658701931058
2020-10-05,AXON,r_vix,0.06664103471374926
2020-10-05,AXON,GSPC,1.3362854790976626
2020-10-12,AXON,d_rate,0.1169904237821191
2020-10-12,AXON,d_credit,0.08924815448495153
2020-10-12,AXON,r_vix,0.07065486624312792
2020-10-12,AXON,GSPC,1.3313348451619254
2020-10-19,AXON,d_rate,0.10147232378721058
2020-10-19,AXON,d_credit,0.1005366321715299
2020-10-19,AXON,r_vix,0.07247531563555785
2020-10-19,AXON,GSPC,1.3594183888602995
2020-10-26,AXON,d_rate,0.0956159546359211
2020-10-26,AXON,d_credit,0.10429771661049833
2020-10-26,AXON,r_vix,0.06989543400416205
2020-10-26,AXON,GSPC,1.3685596133034832
2020-11-02,AXON,d_rate,-0.015584149093616247
2020-11-02,AXON,d_credit,0.12095119033354837
2020-11-02,AXON,r_vix,0.0070259852677169304
2020-11-02,AXON,GSPC,1.3904331473851197
2020-11-09,AXON,d_rate,-0.019159414180890278
2020-11-09,AXON,d_credit,0.12480975595164813
2020-11-09,AXON,r_vix,0.0072962178460736155
2020-11-09,AXON,GSPC,1.389522966996999
2020-11-16,AXON,d_rate,-0.018740228329432077
2020-11-16,AXON,d_credit,0.10532953804153232
2020-11-16,AXON,r_vix,0.009941123582543898
2020-11-16,AXON,GSPC,1.3702921039896394
2020-11-23,AXON,d_rate,-0.019304671099197684
2020-11-23,AXON,d_credit,0.1046701465634613
2020-11-23,AXON,r_vix,0.012123398078830932
2020-11-23,AXON,GSPC,1.368782769328077
2020-11-30,AXON,d_rate,-0.020585524399002603
2020-11-30,AXON,d_credit,0.11046976928088739
2020-11-30,AXON,r_vix,0.012738859069108226
2020-11-30,AXON,GSPC,1.3737569430342536
2020-12-07,AXON,d_rate,-0.02034120881811719
2020-12-07,AXON,d_credit,0.11063990143936465
2020-12-07,AXON,r_vix,0.012092061672570167
2020-12-07,AXON,GSPC,1.3731423441152815
2020-12-14,AXON,d_rate,-0.012912108227708623
2020-12-14,AXON,d_credit,0.10592457529847933
2020-12-14,AXON,r_vix,0.015391594344304036
2020-12-14,AXON,GSPC,1.3756521111738689
2020-12-21,AXON,d_rate,-0.011513896679332232
2020-12-21,AXON,d_credit,0.10716192931400896
2020-12-21,AXON,r_vix,0.01460489520131193
2020-12-21,AXON,GSPC,1.372932379121096
2020-12-28,AXON,d_rate,-0.014699083280151154
2020-12-28,AXON,d_credit,0.09820879304123535
2020-12-28,AXON,r_vix,0.012754152817537856
2020-12-28,AXON,GSPC,1.349111673760178
2021-01-04,AXON,d_rate,-0.010692963714755357
2021-01-04,AXON,d_credit,0.11038020294632397
2021-01-04,AXON,r_vix,0.003440081329909241
2021-01-04,AXON,GSPC,1.3454291609003357
2021-01-11,AXON,d_rate,-0.013409297397961668
2021-01-11,AXON,d_credit,0.04320934510683356
2021-01-11,AXON,r_vix,0.028810396053886536
2021-01-11,AXON,GSPC,1.2849695212019903
2021-01-18,AXON,d_rate,0.002758027314584912
2021-01-18,AXON,d_credit,0.07462620245480268
2021-01-18,AXON,r_vix,0.006523718751752903
2021-01-18,AXON,GSPC,1.2887455077104906
2021-01-25,AXON,d_rate,-0.009181863592559037
2021-01-25,AXON,d_credit,0.09380674596577164
2021-01-25,AXON,r_vix,0.008579547905466627
2021-01-25,AXON,GSPC,1.3151382431265366
2021-02-01,AXON,d_rate,-0.011790030942229246
2021-02-01,AXON,d_credit,0.09932507561350476
2021-02-01,AXON,r_vix,0.009483211688896388
2021-02-01,AXON,GSPC,1.3193141464331355
2021-02-08,AXON,d_rate,-0.009386588483450312
2021-02-08,AXON,d_credit,0.10755861316102121
2021-02-08,AXON,r_vix,0.009402770511929202
2021-02-08,AXON,GSPC,1.3312983691213047
2021-02-15,AXON,d_rate,-0.03915445275185019
2021-02-15,AXON,d_credit,0.1233123214990741
2021-02-15,AXON,r_vix,0.0017497680106850345
2021-02-15,AXON,GSPC,1.3507052738094028
2021-02-22,AXON,d_rate,-0.03882572625350025
2021-02-22,AXON,d_credit,0.1271638126064
2021-02-22,AXON,r_vix,-0.007106711430492279
2021-02-22,AXON,GSPC,1.365924515789652
2021-03-01,AXON,d_rate,-0.16172402244111714
2021-03-01,AXON,d_credit,0.1846597296045726
2021-03-01,AXON,r_vix,0.009439350285904832
2021-03-01,AXON,GSPC,1.4666304547821056
2021-03-08,AXON,d_rate,-0.12195221722345002
2021-03-08,AXON,d_credit,0.2202368288700958
2021-03-08,AXON,r_vix,0.015918294438307605
2021-03-08,AXON,GSPC,1.4341355948221406
2021-03-15,AXON,d_rate,-0.13063479881779042
2021-03-15,AXON,d_credit,0.16218530769571582
2021-03-15,AXON,r_vix,0.06989899281406123
2021-03-15,AXON,GSPC,2.0599024220726494
2021-03-22,AXON,d_rate,-0.10312509706349024
2021-03-22,AXON,d_credit,0.1583003658479069
2021-03-22,AXON,r_vix,0.07444568403352443
2021-03-22,AXON,GSPC,2.035624687319528
2021-03-29,AXON,d_rate,-0.15086466621272382
2021-03-29,AXON,d_credit,0.1347393748605385
2021-03-29,AXON,r_vix,6.913510668479469e-4
2021-03-29,AXON,GSPC,1.6937404415977744
2021-04-05,AXON,d_rate,-0.15554700477625547
2021-04-05,AXON,d_credit,0.1376576836317148
2021-04-05,AXON,r_vix,0.00853609760213427
2021-04-05,AXON,GSPC,1.763925949977944
2021-04-12,AXON,d_rate,-0.14737463929560526
2021-04-12,AXON,d_credit,0.13272293487784675
2021-04-12,AXON,r_vix,0.00629040296230736
2021-04-12,AXON,GSPC,1.7367831938037697
2021-04-19,AXON,d_rate,-0.15454677220089097
2021-04-19,AXON,d_credit,0.12618984368355893
2021-04-19,AXON,r_vix,-0.011339243801260114
2021-04-19,AXON,GSPC,1.6108654066108026
2021-04-26,AXON,d_rate,-0.152448509593216
2021-04-26,AXON,d_credit,0.12939991167153522
2021-04-26,AXON,r_vix,-0.012504079267596861
2021-04-26,AXON,GSPC,1.5974771251754336
2021-05-03,AXON,d_rate,-0.1478359871351556
2021-05-03,AXON,d_credit,-0.04964006973479683
2021-05-03,AXON,r_vix,0.05597058326946287
2021-05-03,AXON,GSPC,1.6190765332931363
2021-05-10,AXON,d_rate,-0.16145623055526842
2021-05-10,AXON,d_credit,-0.021677494941298076
2021-05-10,AXON,r_vix,0.05318322764502818
2021-05-10,AXON,GSPC,1.5071501383023929
2021-05-17,AXON,d_rate,-0.16772480482898638
2021-05-17,AXON,d_credit,-0.05828028015272739
2021-05-17,AXON,r_vix,0.05361234894098083
2021-05-17,AXON,GSPC,1.5375464041423288
2021-05-24,AXON,d_rate,-0.19161103851377276
2021-05-24,AXON,d_credit,-0.07241359229258625
2021-05-24,AXON,r_vix,0.03842125816466466
2021-05-24,AXON,GSPC,1.5092076565617056
2021-05-31,AXON,d_rate,-0.32072290343660426
2021-05-31,AXON,d_credit,0.09613267044835248
2021-05-31,AXON,r_vix,-0.005548788653624273
2021-05-31,AXON,GSPC,1.1934102673031883
2021-06-07,AXON,d_rate,-0.35342238322340835
2021-06-07,AXON,d_credit,0.09987076501770585
2021-06-07,AXON,r_vix,-0.0075726505878826655
2021-06-07,AXON,GSPC,1.1828117383267793
2021-06-14,AXON,d_rate,-0.36915888305056394
2021-06-14,AXON,d_credit,0.07822012320716937
2021-06-14,AXON,r_vix,0.008484332291417884
2021-06-14,AXON,GSPC,1.2875473128684847
2021-06-21,AXON,d_rate,-0.32611829328543246
2021-06-21,AXON,d_credit,0.08909597176237971
2021-06-21,AXON,r_vix,0.008098445013972983
2021-06-21,AXON,GSPC,1.4453035903386067
2021-06-28,AXON,d_rate,-0.3147386577687464
2021-06-28,AXON,d_credit,0.09418820816754946
2021-06-28,AXON,r_vix,0.015834152772788816
2021-06-28,AXON,GSPC,1.51031799057024
2021-07-05,AXON,d_rate,-0.29673102299692683
2021-07-05,AXON,d_credit,-0.002426962493454054
2021-07-05,AXON,r_vix,-0.021393856502056847
2021-07-05,AXON,GSPC,1.2920388461257395
2021-07-12,AXON,d_rate,-0.29410258058940614
2021-07-12,AXON,d_credit,-0.043118280139759754
2021-07-12,AXON,r_vix,-0.0308422374516702
2021-07-12,AXON,GSPC,1.27471048763281
2021-07-19,AXON,d_rate,-0.3159632865889591
2021-07-19,AXON,d_credit,-0.10730217010164346
2021-07-19,AXON,r_vix,-0.041375130075136574
2021-07-19,AXON,GSPC,1.177239955638907
2021-07-26,AXON,d_rate,-0.33174940530135927
2021-07-26,AXON,d_credit,-0.0853582743711431
2021-07-26,AXON,r_vix,-0.035338801075037646
2021-07-26,AXON,GSPC,1.2638421240837638
2021-08-02,AXON,d_rate,-0.3250800391675436
2021-08-02,AXON,d_credit,-0.08907296343872446
2021-08-02,AXON,r_vix,-0.040889353623385534
2021-08-02,AXON,GSPC,1.2591901896624342
2021-08-09,AXON,d_rate,-0.304130250897475
2021-08-09,AXON,d_credit,-0.10487805496432596
2021-08-09,AXON,r_vix,-0.03801413909213857
2021-08-09,AXON,GSPC,1.2618449269297274
2021-08-16,AXON,d_rate,-0.30443019168942925
2021-08-16,AXON,d_credit,-0.10478012650968188
2021-08-16,AXON,r_vix,-0.03768078096847629
2021-08-16,AXON,GSPC,1.26359521571115
2021-08-23,AXON,d_rate,-0.30833519426048256
2021-08-23,AXON,d_credit,-0.1007469130369739
2021-08-23,AXON,r_vix,-0.0346169951352448
2021-08-23,AXON,GSPC,1.2734045074233815
2021-08-30,AXON,d_rate,-0.308603736789666
2021-08-30,AXON,d_credit,-0.10168358234837499
2021-08-30,AXON,r_vix,-0.03765229552950541
2021-08-30,AXON,GSPC,1.2613190809747639
2021-09-06,AXON,d_rate,-0.30247163509427916
2021-09-06,AXON,d_credit,-0.09330841044021199
2021-09-06,AXON,r_vix,-0.014691052687144457
2021-09-06,AXON,GSPC,1.4531196601159844
2021-09-13,AXON,d_rate,-0.30134820658356
2021-09-13,AXON,d_credit,-0.07574947735802376
2021-09-13,AXON,r_vix,-0.0031415305988624367
2021-09-13,AXON,GSPC,1.556504889846152
2021-09-20,AXON,d_rate,-0.2760452389427806
2021-09-20,AXON,d_credit,-0.13556842494980384
2021-09-20,AXON,r_vix,-0.02779924639724613
2021-09-20,AXON,GSPC,1.391317183659726
2021-09-27,AXON,d_rate,-0.2828604510446933
2021-09-27,AXON,d_credit,-0.1401514562531644
2021-09-27,AXON,r_vix,-0.047348675139129263
2021-09-27,AXON,GSPC,1.1939001198480779
2021-10-04,AXON,d_rate,-0.32743530461046394
2021-10-04,AXON,d_credit,-0.12808816632774112
2021-10-04,AXON,r_vix,-0.04823463024394396
2021-10-04,AXON,GSPC,1.1252526967181211
2021-10-11,AXON,d_rate,-0.32231967258097866
2021-10-11,AXON,d_credit,-0.14017430766272299
2021-10-11,AXON,r_vix,-0.0785420156204648
2021-10-11,AXON,GSPC,0.9298908041060623
2021-10-18,AXON,d_rate,-0.30785705221886567
2021-10-18,AXON,d_credit,-0.15434179160531317
2021-10-18,AXON,r_vix,-0.08492496124021769
2021-10-18,AXON,GSPC,0.86704057301537
2021-10-25,AXON,d_rate,-0.27685079163078236
2021-10-25,AXON,d_credit,-0.14706680958725274
2021-10-25,AXON,r_vix,-0.08342054160188922
2021-10-25,AXON,GSPC,1.015342161995157
2021-11-01,AXON,d_rate,-0.24528229030557316
2021-11-01,AXON,d_credit,-0.09649954698111
2021-11-01,AXON,r_vix,-0.12929034199136738
2021-11-01,AXON,GSPC,0.18763388944431358
2021-11-08,AXON,d_rate,-0.25847831261097376
2021-11-08,AXON,d_credit,-0.1006563692227808
2021-11-08,AXON,r_vix,-0.11123224755832513
2021-11-08,AXON,GSPC,0.40745660113584375
2021-11-15,AXON,d_rate,-0.2571369830004797
2021-11-15,AXON,d_credit,-0.05643678529022791
2021-11-15,AXON,r_vix,-0.08580456736601817
2021-11-15,AXON,GSPC,0.6117678650525468
2021-11-22,AXON,d_rate,-0.2565142892393298
2021-11-22,AXON,d_credit,-0.05281931684950218
2021-11-22,AXON,r_vix,-0.07707584879494557
2021-11-22,AXON,GSPC,0.7045353308783086
2021-11-29,AXON,d_rate,-0.1340603151798967
2021-11-29,AXON,d_credit,-0.037127153277371316
2021-11-29,AXON,r_vix,0.014587804221003472
2021-11-29,AXON,GSPC,1.7139670562897413
2021-12-06,AXON,d_rate,-0.1636356472422903
2021-12-06,AXON,d_credit,-0.07986575236231012
2021-12-06,AXON,r_vix,0.04618980166274458
2021-12-06,AXON,GSPC,1.75361273855592
2021-12-13,AXON,d_rate,-0.18128979896472577
2021-12-13,AXON,d_credit,-0.06153752370468467
2021-12-13,AXON,r_vix,0.028231537452992506
2021-12-13,AXON,GSPC,1.5133690903390964
2021-12-20,AXON,d_rate,-0.1680368509147166
2021-12-20,AXON,d_credit,-0.06313213014238897
2021-12-20,AXON,r_vix,0.07429176672223402
2021-12-20,AXON,GSPC,2.021708854936881
2021-12-27,AXON,d_rate,-0.16281733693256492
2021-12-27,AXON,d_credit,-0.05809045554325346
2021-12-27,AXON,r_vix,0.09755593988147776
2021-12-27,AXON,GSPC,2.287486955824002
2022-01-03,AXON,d_rate,-0.17761168875771965
2022-01-03,AXON,d_credit,-0.05100312114332511
2022-01-03,AXON,r_vix,0.08731748362143521
2022-01-03,AXON,GSPC,2.1942871558476646
2022-01-10,AXON,d_rate,-0.11736749541496315
2022-01-10,AXON,d_credit,0.05884559919860494
2022-01-10,AXON,r_vix,0.1388161027510606
2022-01-10,AXON,GSPC,2.946157224097452
2022-01-17,AXON,d_rate,-0.1395791975320361
2022-01-17,AXON,d_credit,0.08089498527279071
2022-01-17,AXON,r_vix,0.09396268997731322
2022-01-17,AXON,GSPC,2.18038046195463
2022-01-24,AXON,d_rate,-0.1386184313882288
2022-01-24,AXON,d_credit,0.09234416504035592
2022-01-24,AXON,r_vix,0.09173355960733999
2022-01-24,AXON,GSPC,2.1819456094712253
2022-01-31,AXON,d_rate,-0.11735730657023997
2022-01-31,AXON,d_credit,0.10180935388234723
2022-01-31,AXON,r_vix,0.0955779765772585
2022-01-31,AXON,GSPC,2.1638550278947513
2022-02-07,AXON,d_rate,-0.12175295409255682
2022-02-07,AXON,d_credit,0.08842580577351829
2022-02-07,AXON,r_vix,0.08713136078654339
2022-02-07,AXON,GSPC,2.0372863188076655
2022-02-14,AXON,d_rate,-0.0784101931854423
2022-02-14,AXON,d_credit,0.021170009992599385
2022-02-14,AXON,r_vix,0.1294327164018769
2022-02-14,AXON,GSPC,2.3518501492769475
2022-02-21,AXON,d_rate,-0.057024141267554555
2022-02-21,AXON,d_credit,0.04051167100695873
2022-02-21,AXON,r_vix,0.14413198967988697
2022-02-21,AXON,GSPC,2.441045038967941
2022-02-28,AXON,d_rate,-0.04039119957387987
2022-02-28,AXON,d_credit,0.07894671709848719
2022-02-28,AXON,r_vix,0.12290453166588773
2022-02-28,AXON,GSPC,2.3058402645935834
2022-03-07,AXON,d_rate,-0.058296209192394234
2022-03-07,AXON,d_credit,0.054019397844695484
2022-03-07,AXON,r_vix,0.12314305894006429
2022-03-07,AXON,GSPC,2.2734475302034225
2022-03-14,AXON,d_rate,-0.05748192833576378
2022-03-14,AXON,d_credit,0.041997814829198524
2022-03-14,AXON,r_vix,0.12072041560755181
2022-03-14,AXON,GSPC,2.2312935418972386
2022-03-21,AXON,d_rate,-0.08400410372043808
2022-03-21,AXON,d_credit,0.036668926894477025
2022-03-21,AXON,r_vix,0.104830432532873
2022-03-21,AXON,GSPC,2.178155543535653
2022-03-28,AXON,d_rate,-0.12245562640929948
2022-03-28,AXON,d_credit,-0.028404330163924803
2022-03-28,AXON,r_vix,0.07352844322878604
2022-03-28,AXON,GSPC,1.8896170164426254
2022-04-04,AXON,d_rate,-0.14164051301110836
2022-04-04,AXON,d_credit,-0.03441663540101696
2022-04-04,AXON,r_vix,0.06602062127811852
2022-04-04,AXON,GSPC,1.8728573711451704
2022-04-11,AXON,d_rate,-0.14493474043384963
2022-04-11,AXON,d_credit,-0.035841813691158846
2022-04-11,AXON,r_vix,0.06300770681425497
2022-04-11,AXON,GSPC,1.8503431764719138
2022-04-18,AXON,d_rate,-0.13061314890420592
2022-04-18,AXON,d_credit,-0.01353371197486198
2022-04-18,AXON,r_vix,0.07231110532639642
2022-04-18,AXON,GSPC,1.8999711268152792
2022-04-25,AXON,d_rate,-0.12971737855767843
2022-04-25,AXON,d_credit,-0.013844156746128532
2022-04-25,AXON,r_vix,0.0732555794925623
2022-04-25,AXON,GSPC,1.8990582221071197
2022-05-02,AXON,d_rate,-0.1913878374652561
2022-05-02,AXON,d_credit,-0.034488685492163836
2022-05-02,AXON,r_vix,0.06127041890960457
2022-05-02,AXON,GSPC,1.9159979914900678
2022-05-09,AXON,d_rate,-0.20982207637808942
2022-05-09,AXON,d_credit,-0.024367255056472043
2022-05-09,AXON,r_vix,0.03865097451771161
2022-05-09,AXON,GSPC,1.7618769248906514
2022-05-16,AXON,d_rate,-0.2218389071630783
2022-05-16,AXON,d_credit,-0.026420724347220266
2022-05-16,AXON,r_vix,0.026947770528290362
2022-05-16,AXON,GSPC,1.640970238787071
2022-05-23,AXON,d_rate,-0.20041123774139913
2022-05-23,AXON,d_credit,-0.01613427350930426
2022-05-23,AXON,r_vix,0.023042097276526095
2022-05-23,AXON,GSPC,1.3768336596769302
2022-05-30,AXON,d_rate,-0.19429725334483
2022-05-30,AXON,d_credit,-0.06308946162594486
2022-05-30,AXON,r_vix,0.013857872400206375
2022-05-30,AXON,GSPC,1.220300771687773
2022-06-06,AXON,d_rate,-0.17020337059787607
2022-06-06,AXON,d_credit,-0.06113023419171186
2022-06-06,AXON,r_vix,0.020728843255305718
2022-06-06,AXON,GSPC,1.1787777580419498
2022-06-13,AXON,d_rate,-0.16966928359713296
2022-06-13,AXON,d_credit,-0.05773767388799339
2022-06-13,AXON,r_vix,0.020221692826741012
2022-06-13,AXON,GSPC,1.1910565484145443
2022-06-20,AXON,d_rate,-0.17839956837083043
2022-06-20,AXON,d_credit,-0.09186710802415018
2022-06-20,AXON,r_vix,0.045782357436348904
2022-06-20,AXON,GSPC,1.1978460338350299
2022-06-27,AXON,d_rate,-0.1694329219484847
2022-06-27,AXON,d_credit,-0.10018046758786309
2022-06-27,AXON,r_vix,0.05480399969417093
2022-06-27,AXON,GSPC,1.2420608077444106
2022-07-04,AXON,d_rate,-0.16156996312382363
2022-07-04,AXON,d_credit,-0.10757440163068531
2022-07-04,AXON,r_vix,0.05950446466539584
2022-07-04,AXON,GSPC,1.281739394130137
2022-07-11,AXON,d_rate,-0.1522004990732827
2022-07-11,AXON,d_credit,-0.09831189697787866
2022-07-11,AXON,r_vix,0.06813447282409665
2022-07-11,AXON,GSPC,1.3296203613357156
2022-07-18,AXON,d_rate,-0.15726052424568082
2022-07-18,AXON,d_credit,-0.10430296931765055
2022-07-18,AXON,r_vix,0.06833858116187552
2022-07-18,AXON,GSPC,1.3204141102193805
2022-07-25,AXON,d_rate,-0.15583340668963952
2022-07-25,AXON,d_credit,-0.09487042744901446
2022-07-25,AXON,r_vix,0.06996534184248432
2022-07-25,AXON,GSPC,1.365848403199953
2022-08-01,AXON,d_rate,-0.14856154397071714
2022-08-01,AXON,d_credit,-0.10645578319892686
2022-08-01,AXON,r_vix,0.08025138735127367
2022-08-01,AXON,GSPC,1.390222909412072
2022-08-08,AXON,d_rate,-0.14871942168321728
2022-08-08,AXON,d_credit,-0.09850231751306072
2022-08-08,AXON,r_vix,0.0827835717860478
2022-08-08,AXON,GSPC,1.480888523520564
2022-08-15,AXON,d_rate,-0.14390380193230123
2022-08-15,AXON,d_credit,-0.10059634170789286
2022-08-15,AXON,r_vix,0.08584209507029328
2022-08-15,AXON,GSPC,1.4780574449481434
2022-08-22,AXON,d_rate,-0.14247383851747378
2022-08-22,AXON,d_credit,-0.09239161886730438
2022-08-22,AXON,r_vix,0.08286211771080967
2022-08-22,AXON,GSPC,1.4996196211622852
2022-08-29,AXON,d_rate,-0.1395304729710994
2022-08-29,AXON,d_credit,-0.08870150454906701
2022-08-29,AXON,r_vix,0.07922459770417739
2022-08-29,AXON,GSPC,1.4755555650713545
2022-09-05,AXON,d_rate,-0.13364516057844728
2022-09-05,AXON,d_credit,-0.09045557696434524
2022-09-05,AXON,r_vix,0.08992890089283735
2022-09-05,AXON,GSPC,1.5438494332294177
2022-09-12,AXON,d_rate,-0.13749380633808184
2022-09-12,AXON,d_credit,-0.10599955261770952
2022-09-12,AXON,r_vix,0.0876160010221952
2022-09-12,AXON,GSPC,1.4864361368438443
2022-09-19,AXON,d_rate,-0.13447262205571145
2022-09-19,AXON,d_credit,-0.11682724345922511
2022-09-19,AXON,r_vix,0.10097036700827822
2022-09-19,AXON,GSPC,1.4783584702513406
2022-09-26,AXON,d_rate,-0.11371377697683112
2022-09-26,AXON,d_credit,-0.06842106810860216
2022-09-26,AXON,r_vix,0.09322020752719735
2022-09-26,AXON,GSPC,1.4608308171172562
2022-10-03,AXON,d_rate,-0.10758230776089517
2022-10-03,AXON,d_credit,-0.07104160135727534
2022-10-03,AXON,r_vix,0.08842462999944047
2022-10-03,AXON,GSPC,1.4812716770963408
2022-10-10,AXON,d_rate,-0.0977139756354999
2022-10-10,AXON,d_credit,-0.054263799838933945
2022-10-10,AXON,r_vix,0.09757024060812998
2022-10-10,AXON,GSPC,1.5079883100595881
2022-10-17,AXON,d_rate,-0.08054905398028796
2022-10-17,AXON,d_credit,-0.028663625166191423
2022-10-17,AXON,r_vix,0.1074471797157901
2022-10-17,AXON,GSPC,1.6158254572362944
2022-10-24,AXON,d_rate,-0.09480087573437966
2022-10-24,AXON,d_credit,-0.04589352950214487
2022-10-24,AXON,r_vix,0.11376906868639106
2022-10-24,AXON,GSPC,1.6489502677661583
2022-10-31,AXON,d_rate,-0.10162987016609117
2022-10-31,AXON,d_credit,-0.07410183110851011
2022-10-31,AXON,r_vix,0.09024196977510264
2022-10-31,AXON,GSPC,1.4922734770562236
2022-11-07,AXON,d_rate,-0.09411809728272993
2022-11-07,AXON,d_credit,-0.07094166158436196
2022-11-07,AXON,r_vix,0.110866158148833
2022-11-07,AXON,GSPC,1.7034597696644178
2022-11-14,AXON,d_rate,-0.08273854668339174
2022-11-14,AXON,d_credit,-0.06030735163940968
2022-11-14,AXON,r_vix,0.105660847315168
2022-11-14,AXON,GSPC,1.6969851102856581
2022-11-21,AXON,d_rate,-0.07704877193375155
2022-11-21,AXON,d_credit,-0.052669451522578035
2022-11-21,AXON,r_vix,0.15047882380439137
2022-11-21,AXON,GSPC,1.8208806555597914
2022-11-28,AXON,d_rate,-0.09901316376486166
2022-11-28,AXON,d_credit,-0.07436268136393438
2022-11-28,AXON,r_vix,0.16607474275125286
2022-11-28,AXON,GSPC,1.799807376545584
2022-12-05,AXON,d_rate,-0.08691040666033492
2022-12-05,AXON,d_credit,-0.01136031432483748
2022-12-05,AXON,r_vix,0.08020634054504928
2022-12-05,AXON,GSPC,1.7080489907204839
2022-12-12,AXON,d_rate,-0.08670133910790202
2022-12-12,AXON,d_credit,-0.008021762907300653
2022-12-12,AXON,r_vix,0.06842379415191145
2022-12-12,AXON,GSPC,1.677743517380262
2022-12-19,AXON,d_rate,-0.08285079370542021
2022-12-19,AXON,d_credit,-0.005239651666294507
2022-12-19,AXON,r_vix,0.053672635523265934
2022-12-19,AXON,GSPC,1.6132046856298874
2022-12-26,AXON,d_rate,-0.08301487728728305
2022-12-26,AXON,d_credit,-0.002003279369805961
2022-12-26,AXON,r_vix,0.03522610230600064
2022-12-26,AXON,GSPC,1.56737996280151
2023-01-02,AXON,d_rate,-0.07103437379267226
2023-01-02,AXON,d_credit,-0.013547011448817129
2023-01-02,AXON,r_vix,0.04369732748164889
2023-01-02,AXON,GSPC,1.570650760934294
2023-01-09,AXON,d_rate,-0.07595818494983347
2023-01-09,AXON,d_credit,-0.025171923481731508
2023-01-09,AXON,r_vix,0.041981611378937626
2023-01-09,AXON,GSPC,1.5769419857682418
2023-01-16,AXON,d_rate,-0.07297395715298814
2023-01-16,AXON,d_credit,-0.019202298079959317
2023-01-16,AXON,r_vix,0.004732059129488424
2023-01-16,AXON,GSPC,1.5222130073259206
2023-01-23,AXON,d_rate,-0.07301233618709993
2023-01-23,AXON,d_credit,-0.017439859402808566
2023-01-23,AXON,r_vix,0.004101665087949754
2023-01-23,AXON,GSPC,1.5148535243420127
2023-01-30,AXON,d_rate,-0.07642812374802126
2023-01-30,AXON,d_credit,-0.023020282971754374
2023-01-30,AXON,r_vix,0.01838234985651961
2023-01-30,AXON,GSPC,1.533713764734601
2023-02-06,AXON,d_rate,-0.0837315869928452
2023-02-06,AXON,d_credit,-0.024920835176926406
2023-02-06,AXON,r_vix,0.003427608733472526
2023-02-06,AXON,GSPC,1.4933712308756886
2023-02-13,AXON,d_rate,-0.08138899757910763
2023-02-13,AXON,d_credit,0.0010073762709087869
2023-02-13,AXON,r_vix,-0.010489649948278616
2023-02-13,AXON,GSPC,1.460255051901767
2023-02-20,AXON,d_rate,-0.08066490695693522
2023-02-20,AXON,d_credit,-0.010643131280739591
2023-02-20,AXON,r_vix,-0.004942246425665926
2023-02-20,AXON,GSPC,1.4310913852179201
2023-02-27,AXON,d_rate,-0.07671812181490455
2023-02-27,AXON,d_credit,-0.018138509293442632
2023-02-27,AXON,r_vix,-0.051369059094178326
2023-02-27,AXON,GSPC,1.35139280983895
2023-03-06,AXON,d_rate,-0.06763405448992128
2023-03-06,AXON,d_credit,-0.001887494754222782
2023-03-06,AXON,r_vix,-0.07388757755225756
2023-03-06,AXON,GSPC,1.2700684560321351
2023-03-13,AXON,d_rate,-0.057932436990707104
2023-03-13,AXON,d_credit,-0.021136021817916812
2023-03-13,AXON,r_vix,-0.08753067234532494
2023-03-13,AXON,GSPC,1.2408601843956344
2023-03-20,AXON,d_rate,-0.049725546541910276
2023-03-20,AXON,d_credit,-0.040176561575481
2023-03-20,AXON,r_vix,-0.08624357365847628
2023-03-20,AXON,GSPC,1.2548684881482204
2023-03-27,AXON,d_rate,-0.047715934767814466
2023-03-27,AXON,d_credit,-0.023874521801486356
2023-03-27,AXON,r_vix,-0.08008622547106231
2023-03-27,AXON,GSPC,1.2596228206546671
2023-04-03,AXON,d_rate,-0.030368886721507535
2023-04-03,AXON,d_credit,-0.021097903218817774
2023-04-03,AXON,r_vix,-0.0678191893887245
2023-04-03,AXON,GSPC,1.2975767953263149
2023-04-10,AXON,d_rate,-0.03192194977083887
2023-04-10,AXON,d_credit,-0.021489906302177897
2023-04-10,AXON,r_vix,-0.07033768310053015
2023-04-10,AXON,GSPC,1.2784460203044
2023-04-17,AXON,d_rate,-0.03482564527722278
2023-04-17,AXON,d_credit,-0.026584504948664118
2023-04-17,AXON,r_vix,-0.07991228825978303
2023-04-17,AXON,GSPC,1.252975274880768
2023-04-24,AXON,d_rate,-0.024906994336778614
2023-04-24,AXON,d_credit,-0.030882396242773485
2023-04-24,AXON,r_vix,-0.06149452662468355
2023-04-24,AXON,GSPC,1.2856067632422488
2023-05-01,AXON,d_rate,0.0193104786698299
2023-05-01,AXON,d_credit,0.04062573209935144
2023-05-01,AXON,r_vix,-0.12451771029364644
2023-05-01,AXON,GSPC,1.1913347104817593
2023-05-08,AXON,d_rate,0.022588768778248468
2023-05-08,AXON,d_credit,0.02531186949224492
2023-05-08,AXON,r_vix,-0.09966808098383578
2023-05-08,AXON,GSPC,1.2755264874678298
2023-05-15,AXON,d_rate,0.014110675914558345
2023-05-15,AXON,d_credit,0.009270158259795236
2023-05-15,AXON,r_vix,-0.09791318395319741
2023-05-15,AXON,GSPC,1.2727735479819358
2023-05-22,AXON,d_rate,0.010952599040344367
2023-05-22,AXON,d_credit,-0.006211280886482374
2023-05-22,AXON,r_vix,-0.086295066405069
2023-05-22,AXON,GSPC,1.4025728531904988
2023-05-29,AXON,d_rate,0.01650140460261171
2023-05-29,AXON,d_credit,-0.008819749341557093
2023-05-29,AXON,r_vix,-0.040590910901959376
2023-05-29,AXON,GSPC,1.5107447612194587
2023-06-05,AXON,d_rate,0.016153646519034757
2023-06-05,AXON,d_credit,-0.006513482803122016
2023-06-05,AXON,r_vix,-0.03879317300683062
2023-06-05,AXON,GSPC,1.5202228272708918
2023-06-12,AXON,d_rate,0.017375976618073004
2023-06-12,AXON,d_credit,7.807896960275511e-4
2023-06-12,AXON,r_vix,-0.04605457252923031
2023-06-12,AXON,GSPC,1.474203267236038
2023-06-19,AXON,d_rate,0.020787573434663205
2023-06-19,AXON,d_credit,0.007767602007724931
2023-06-19,AXON,r_vix,-0.03218455815534411
2023-06-19,AXON,GSPC,1.5742499431316386
2023-06-26,AXON,d_rate,0.019900639250054846
2023-06-26,AXON,d_credit,0.011839017999561403
2023-06-26,AXON,r_vix,-0.038671155208294214
2023-06-26,AXON,GSPC,1.5473058457277047
2023-07-03,AXON,d_rate,0.015865272045232887
2023-07-03,AXON,d_credit,0.015050180982040846
2023-07-03,AXON,r_vix,-0.04752628865996879
2023-07-03,AXON,GSPC,1.5334744100283553
2023-07-10,AXON,d_rate,0.01725313852996419
2023-07-10,AXON,d_credit,0.00848214949427327
2023-07-10,AXON,r_vix,-0.0455377435894438
2023-07-10,AXON,GSPC,1.5167241306632782
2023-07-17,AXON,d_rate,0.023195309774746615
2023-07-17,AXON,d_credit,0.01731262386139807
2023-07-17,AXON,r_vix,-0.0661642707261076
2023-07-17,AXON,GSPC,1.4342834357108696
2023-07-24,AXON,d_rate,0.022490914995462713
2023-07-24,AXON,d_credit,0.015714474646374727
2023-07-24,AXON,r_vix,-0.06804971791111476
2023-07-24,AXON,GSPC,1.4169103899387845
2023-07-31,AXON,d_rate,0.0207580035851412
2023-07-31,AXON,d_credit,0.03038418689605066
2023-07-31,AXON,r_vix,-0.04967587180306939
2023-07-31,AXON,GSPC,1.4559278305857857
2023-08-07,AXON,d_rate,0.029855905495121182
2023-08-07,AXON,d_credit,0.03666759671656293
2023-08-07,AXON,r_vix,-0.13520176246786828
2023-08-07,AXON,GSPC,1.1271302985526321
2023-08-14,AXON,d_rate,0.02699992453237959
2023-08-14,AXON,d_credit,0.036580838157176145
2023-08-14,AXON,r_vix,-0.14270403612904095
2023-08-14,AXON,GSPC,1.1217309935237385
2023-08-21,AXON,d_rate,0.030316356057171555
2023-08-21,AXON,d_credit,0.052028465385972604
2023-08-21,AXON,r_vix,-0.139245735977043
2023-08-21,AXON,GSPC,1.1468081252716633
2023-08-28,AXON,d_rate,0.03456355637939567
2023-08-28,AXON,d_credit,0.06892241190138612
2023-08-28,AXON,r_vix,-0.16269944050328372
2023-08-28,AXON,GSPC,1.0630785172870079
2023-09-04,AXON,d_rate,0.03397292693253524
2023-09-04,AXON,d_credit,0.06739033873389678
2023-09-04,AXON,r_vix,-0.16192630118143833
2023-09-04,AXON,GSPC,1.05095737900719
2023-09-11,AXON,d_rate,0.0315402898057238
2023-09-11,AXON,d_credit,0.06888431473600307
2023-09-11,AXON,r_vix,-0.16000695586020852
2023-09-11,AXON,GSPC,1.0975208035340294
2023-09-18,AXON,d_rate,0.028858852115765315
2023-09-18,AXON,d_credit,0.07475725975536417
2023-09-18,AXON,r_vix,-0.15380019202954803
2023-09-18,AXON,GSPC,1.1614567625533363
2023-09-25,AXON,d_rate,0.022988293505698847
2023-09-25,AXON,d_credit,0.05055081479875371
2023-09-25,AXON,r_vix,-0.1411480461227354
2023-09-25,AXON,GSPC,1.2395899625392233
2023-10-02,AXON,d_rate,0.019050369436535614
2023-10-02,AXON,d_credit,0.055420017757003094
2023-10-02,AXON,r_vix,-0.1500259214120171
2023-10-02,AXON,GSPC,1.1814154463518525
2023-10-09,AXON,d_rate,0.006833067210812604
2023-10-09,AXON,d_credit,0.048864191368583165
2023-10-09,AXON,r_vix,-0.11850922796430911
2023-10-09,AXON,GSPC,1.265514073291743
2023-10-16,AXON,d_rate,0.006227130949011368
2023-10-16,AXON,d_credit,0.045865859475241674
2023-10-16,AXON,r_vix,-0.1212250572870489
2023-10-16,AXON,GSPC,1.2137510512234153
2023-10-23,AXON,d_rate,0.01328528482459326
2023-10-23,AXON,d_credit,0.05160281044437769
2023-10-23,AXON,r_vix,-0.11209216973653612
2023-10-23,AXON,GSPC,1.264077884693899
2023-10-30,AXON,d_rate,0.01430737027808459
2023-10-30,AXON,d_credit,0.07484405306552828
2023-10-30,AXON,r_vix,-0.04274947844240358
2023-10-30,AXON,GSPC,1.6492130806452074
2023-11-06,AXON,d_rate,3.4798742119174697e-4
2023-11-06,AXON,d_credit,0.04064559429783621
2023-11-06,AXON,r_vix,-0.1273945298269842
2023-11-06,AXON,GSPC,0.8457470057308234
2023-11-13,AXON,d_rate,0.012832827982346178
2023-11-13,AXON,d_credit,0.06211696799017447
2023-11-13,AXON,r_vix,-0.12716703623147046
2023-11-13,AXON,GSPC,0.9133949755827878
2023-11-20,AXON,d_rate,0.01080222582908712
2023-11-20,AXON,d_credit,0.057917494633603975
2023-11-20,AXON,r_vix,-0.12926027312826863
2023-11-20,AXON,GSPC,0.9012435035101655
2023-11-27,AXON,d_rate,0.0048045586455851596
2023-11-27,AXON,d_credit,0.05157802968444157
2023-11-27,AXON,r_vix,-0.12820415427432688
2023-11-27,AXON,GSPC,0.8952606590020386
2023-12-04,AXON,d_rate,-0.01391433261780473
2023-12-04,AXON,d_credit,-0.02443887066267668
2023-12-04,AXON,r_vix,-0.12259604122531653
2023-12-04,AXON,GSPC,0.6579440107430718
2023-12-11,AXON,d_rate,-0.02791181401290218
2023-12-11,AXON,d_credit,-0.04697757820012693
2023-12-11,AXON,r_vix,-0.09362870707854509
2023-12-11,AXON,GSPC,0.8140211482771607
2023-12-18,AXON,d_rate,-0.0254560518004846
2023-12-18,AXON,d_credit,-0.03953203518397757
2023-12-18,AXON,r_vix,-0.09163229887667505
2023-12-18,AXON,GSPC,0.8413510331103554
2023-12-25,AXON,d_rate,-0.02227878291464683
2023-12-25,AXON,d_credit,-0.035099006085574175
2023-12-25,AXON,r_vix,-0.08806923719302731
2023-12-25,AXON,GSPC,0.8691915446013493
2024-01-01,AXON,d_rate,-0.026722280839123477
2024-01-01,AXON,d_credit,-0.046958228903195835
2024-01-01,AXON,r_vix,-0.08623557305594547
2024-01-01,AXON,GSPC,0.8826334571403327
2024-01-08,AXON,d_rate,-0.020575254441461823
2024-01-08,AXON,d_credit,-0.020321836063822915
2024-01-08,AXON,r_vix,-0.08375153604994046
2024-01-08,AXON,GSPC,0.8800119170990539
2024-01-15,AXON,d_rate,-0.016842245871256906
2024-01-15,AXON,d_credit,-0.019801925913151257
2024-01-15,AXON,r_vix,-0.07612438511353357
2024-01-15,AXON,GSPC,0.9311600489238961
2024-01-22,AXON,d_rate,-0.01733668329638174
2024-01-22,AXON,d_credit,-0.01930086274313122
2024-01-22,AXON,r_vix,-0.08158936325699595
2024-01-22,AXON,GSPC,0.8864862288390505
2024-01-29,AXON,d_rate,-0.018413941056275494
2024-01-29,AXON,d_credit,-0.016449676385152812
2024-01-29,AXON,r_vix,-0.08177992664041167
2024-01-29,AXON,GSPC,0.8801575809077656
2024-02-05,AXON,d_rate,8.811621762193888e-4
2024-02-05,AXON,d_credit,0.00668134299657758
2024-02-05,AXON,r_vix,-0.07417924285364237
2024-02-05,AXON,GSPC,0.9674044377582502
2024-02-12,AXON,d_rate,-0.0017562145225946642
2024-02-12,AXON,d_credit,-0.0029527771596531485
2024-02-12,AXON,r_vix,-0.06788617094375779
2024-02-12,AXON,GSPC,0.9869102164737902
2024-02-19,AXON,d_rate,1.1115204457800849e-4
2024-02-19,AXON,d_credit,0.015904688975329043
2024-02-19,AXON,r_vix,-0.05806164887860505
2024-02-19,AXON,GSPC,1.1524358024354113
2024-02-26,AXON,d_rate,0.0046648058380013326
2024-02-26,AXON,d_credit,0.10402237819590707
2024-02-26,AXON,r_vix,-0.04034798738123591
2024-02-26,AXON,GSPC,1.304273342167787
2024-03-04,AXON,d_rate,0.014746967628525467
2024-03-04,AXON,d_credit,0.0985714171366408
2024-03-04,AXON,r_vix,-0.04393091737976529
2024-03-04,AXON,GSPC,1.3938496365565178
2024-03-11,AXON,d_rate,0.005970839551066002
2024-03-11,AXON,d_credit,0.13825348758713266
2024-03-11,AXON,r_vix,-0.03244530328672671
2024-03-11,AXON,GSPC,1.4730699911409728
2024-03-18,AXON,d_rate,0.0068338665816833665
2024-03-18,AXON,d_credit,0.13750530665515895
2024-03-18,AXON,r_vix,-0.03862519882436024
2024-03-18,AXON,GSPC,1.4375929968963508
2024-03-25,AXON,d_rate,0.007482947047434085
2024-03-25,AXON,d_credit,0.1356734675966062
2024-03-25,AXON,r_vix,-0.038851096278098386
2024-03-25,AXON,GSPC,1.4427685013071385
2024-04-01,AXON,d_rate,0.004445700194600626
2024-04-01,AXON,d_credit,0.13119244472381145
2024-04-01,AXON,r_vix,-0.03206132492547048
2024-04-01,AXON,GSPC,1.4327237697294721
2024-04-08,AXON,d_rate,0.0016436355223711824
2024-04-08,AXON,d_credit,0.12491333397143305
2024-04-08,AXON,r_vix,-0.030796685010240583
2024-04-08,AXON,GSPC,1.3739538362086694
2024-04-15,AXON,d_rate,0.002489182787140193
2024-04-15,AXON,d_credit,0.12498959597566325
2024-04-15,AXON,r_vix,-0.025316508499023824
2024-04-15,AXON,GSPC,1.4408944156904637
2024-04-22,AXON,d_rate,-0.010332036613595956
2024-04-22,AXON,d_credit,0.15066288388519408
2024-04-22,AXON,r_vix,-0.03836945192483802
2024-04-22,AXON,GSPC,1.3728435278473103
2024-04-29,AXON,d_rate,-0.012469630552359558
2024-04-29,AXON,d_credit,0.11837241149146367
2024-04-29,AXON,r_vix,-0.046667952018326284
2024-04-29,AXON,GSPC,1.3422246398670867
2024-05-06,AXON,d_rate,-0.019673906911982307
2024-05-06,AXON,d_credit,0.12239840133190712
2024-05-06,AXON,r_vix,-0.057466467060631986
2024-05-06,AXON,GSPC,1.1464323115658117
2024-05-13,AXON,d_rate,0.0027106065753903672
2024-05-13,AXON,d_credit,0.12191527362213544
2024-05-13,AXON,r_vix,-0.05552009460679344
2024-05-13,AXON,GSPC,1.231728948304998
2024-05-20,AXON,d_rate,0.0028678069183431794
2024-05-20,AXON,d_credit,0.12098473767598646
2024-05-20,AXON,r_vix,-0.05387255591864842
2024-05-20,AXON,GSPC,1.2430397321938345
2024-05-27,AXON,d_rate,-6.205634737211431e-4
2024-05-27,AXON,d_credit,0.1289015481921107
2024-05-27,AXON,r_vix,-0.07993428746183232
2024-05-27,AXON,GSPC,1.1575163296883824
2024-06-03,AXON,d_rate,0.0014205243514328928
2024-06-03,AXON,d_credit,0.12798989123811308
2024-06-03,AXON,r_vix,-0.07802861001617109
2024-06-03,AXON,GSPC,1.1586685575157223
2024-06-10,AXON,d_rate,-0.003327943153876708
2024-06-10,AXON,d_credit,0.143386283411613
2024-06-10,AXON,r_vix,-0.07876681429381717
2024-06-10,AXON,GSPC,1.1247739960143206
2024-06-17,AXON,d_rate,-0.018139613747318643
2024-06-17,AXON,d_credit,0.13666292972724467
2024-06-17,AXON,r_vix,-0.1050836211423499
2024-06-17,AXON,GSPC,0.8488364158252957
2024-06-24,AXON,d_rate,-0.023132765680185345
2024-06-24,AXON,d_credit,0.1487782432617988
2024-06-24,AXON,r_vix,-0.11675620737580852
2024-06-24,AXON,GSPC,0.737529501412693
2024-07-01,AXON,d_rate,-0.021356996032273826
2024-07-01,AXON,d_credit,0.14413058324784508
2024-07-01,AXON,r_vix,-0.11844792629373395
2024-07-01,AXON,GSPC,0.7189236672086731
2024-07-08,AXON,d_rate,-0.02249918454058623
2024-07-08,AXON,d_credit,0.1532248527884256
2024-07-08,AXON,r_vix,-0.12374530173063375
2024-07-08,AXON,GSPC,0.7181738357331063
2024-07-15,AXON,d_rate,-0.023816569021380088
2024-07-15,AXON,d_credit,0.12212701743446709
2024-07-15,AXON,r_vix,-0.05648497365022048
2024-07-15,AXON,GSPC,0.8972875389414143
2024-07-22,AXON,d_rate,-0.024284923838719996
2024-07-22,AXON,d_credit,0.12047183732868061
2024-07-22,AXON,r_vix,-0.055391774404372374
2024-07-22,AXON,GSPC,0.9017275326362648
2024-07-29,AXON,d_rate,-0.0055885829402353695
2024-07-29,AXON,d_credit,0.07710955183435897
2024-07-29,AXON,r_vix,-0.08242651108516942
2024-07-29,AXON,GSPC,0.9300416114775937
2024-08-05,AXON,d_rate,0.009860110511313308
2024-08-05,AXON,d_credit,0.08161658755762345
2024-08-05,AXON,r_vix,-0.10144138545958235
2024-08-05,AXON,GSPC,0.9031967334345653
2024-08-12,AXON,d_rate,0.011439811168099114
2024-08-12,AXON,d_credit,0.09997129339528184
2024-08-12,AXON,r_vix,-0.08474863410717565
2024-08-12,AXON,GSPC,0.8531335037244175
2024-08-19,AXON,d_rate,0.006720663383417943
2024-08-19,AXON,d_credit,0.07632415022228081
2024-08-19,AXON,r_vix,-0.09677054927579064
2024-08-19,AXON,GSPC,0.7495525970873338
2024-08-26,AXON,d_rate,0.0012092167822979074
2024-08-26,AXON,d_credit,0.04566912021884404
2024-08-26,AXON,r_vix,-0.08189382843395071
2024-08-26,AXON,GSPC,0.7483798174686016
2024-09-02,AXON,d_rate,-0.008503627175165602
2024-09-02,AXON,d_credit,0.038505954881342036
2024-09-02,AXON,r_vix,-0.07692614199054312
2024-09-02,AXON,GSPC,0.6714136423554595
2024-09-09,AXON,d_rate,-0.006173744802026098
2024-09-09,AXON,d_credit,0.03959775050931816
2024-09-09,AXON,r_vix,-0.08398327200516677
2024-09-09,AXON,GSPC,0.6406156508542115
2024-09-16,AXON,d_rate,-0.005002956110026124
2024-09-16,AXON,d_credit,0.015793833909108032
2024-09-16,AXON,r_vix,-0.07835771434737827
2024-09-16,AXON,GSPC,0.6197874690581827
2024-09-23,AXON,d_rate,-0.008477583580026272
2024-09-23,AXON,d_credit,0.006077608514187925
2024-09-23,AXON,r_vix,-0.07747917772311265
2024-09-23,AXON,GSPC,0.620770515543152
2024-09-30,AXON,d_rate,0.011911032779974243
2024-09-30,AXON,d_credit,-0.022893186561405755
2024-09-30,AXON,r_vix,-0.046967042182948567
2024-09-30,AXON,GSPC,0.820428322257391
2024-10-07,AXON,d_rate,0.029579131074733325
2024-10-07,AXON,d_credit,0.013176250735401178
2024-10-07,AXON,r_vix,-0.05699498287374396
2024-10-07,AXON,GSPC,0.8382402975969722
2024-10-14,AXON,d_rate,0.03691969013139795
2024-10-14,AXON,d_credit,0.02945574809774984
2024-10-14,AXON,r_vix,-0.053582141184658635
2024-10-14,AXON,GSPC,0.8557683942976142
2024-10-21,AXON,d_rate,0.02243588234372803
2024-10-21,AXON,d_credit,0.008468513216213103
2024-10-21,AXON,r_vix,-0.08192232172382097
2024-10-21,AXON,GSPC,0.5282486580058818
2024-10-28,AXON,d_rate,0.02806996981145565
2024-10-28,AXON,d_credit,0.033108460877932504
2024-10-28,AXON,r_vix,-0.07327535351867245
2024-10-28,AXON,GSPC,0.6192329878449931
2024-11-04,AXON,d_rate,-0.022041438848248284
2024-11-04,AXON,d_credit,-0.12431109548847316
2024-11-04,AXON,r_vix,-0.1709844750597801
2024-11-04,AXON,GSPC,0.5617479010583636
2024-11-11,AXON,d_rate,-0.023681710522578288
2024-11-11,AXON,d_credit,-0.12520763486129965
2024-11-11,AXON,r_vix,-0.17129478670715953
2024-11-11,AXON,GSPC,0.5536959299688081
2024-11-18,AXON,d_rate,-0.023379957615314185
2024-11-18,AXON,d_credit,-0.12584896194183087
2024-11-18,AXON,r_vix,-0.17486895547102466
2024-11-18,AXON,GSPC,0.5600937325135449
2024-11-25,AXON,d_rate,-0.015282655293752242
2024-11-25,AXON,d_credit,-0.1229512115963545
2024-11-25,AXON,r_vix,-0.1629757056365106
2024-11-25,AXON,GSPC,0.648729259197151
2024-12-02,AXON,d_rate,-0.02296756489617262
2024-12-02,AXON,d_credit,-0.15038131824711967
2024-12-02,AXON,r_vix,-0.16721368613543047
2024-12-02,AXON,GSPC,0.5894017193058817
2024-12-09,AXON,d_rate,-0.027330631288331457
2024-12-09,AXON,d_credit,-0.14188526054846434
2024-12-09,AXON,r_vix,-0.18233907108352948
2024-12-09,AXON,GSPC,0.4815896901293284
2024-12-16,AXON,d_rate,-0.027963851546640786
2024-12-16,AXON,d_credit,-0.15980707043413772
2024-12-16,AXON,r_vix,-0.1749501550746894
2024-12-16,AXON,GSPC,0.46817569945536425
2024-12-23,AXON,d_rate,-0.043056355690703416
2024-12-23,AXON,d_credit,-0.19038372797115397
2024-12-23,AXON,r_vix,-0.1547443970902129
2024-12-23,AXON,GSPC,0.5453761634586071
2024-12-30,AXON,d_rate,-0.02614199903021591
2024-12-30,AXON,d_credit,-0.15070079536970857
2024-12-30,AXON,r_vix,-0.15774175199495455
2024-12-30,AXON,GSPC,0.5435184392560282
2025-01-06,AXON,d_rate,-0.031658039159814105
2025-01-06,AXON,d_credit,-0.15286994366273465
2025-01-06,AXON,r_vix,-0.15877485569683755
2025-01-06,AXON,GSPC,0.5752477351949788
2025-01-13,AXON,d_rate,-0.033916511664344715
2025-01-13,AXON,d_credit,-0.16596010323438803
2025-01-13,AXON,r_vix,-0.15904531183877352
2025-01-13,AXON,GSPC,0.5237041683989686
2025-01-20,AXON,d_rate,-0.033795862324267206
2025-01-20,AXON,d_credit,-0.16644180227260702
2025-01-20,AXON,r_vix,-0.1545576789068146
2025-01-20,AXON,GSPC,0.563951857180503
2025-01-27,AXON,d_rate,-0.04633420274516309
2025-01-27,AXON,d_credit,-0.17948489700200268
2025-01-27,AXON,r_vix,-0.15953639304767614
2025-01-27,AXON,GSPC,0.42728282029962383
2025-02-03,AXON,d_rate,-0.06735737792367434
2025-02-03,AXON,d_credit,-0.22310759244495723
2025-02-03,AXON,r_vix,-0.16450353211236554
2025-02-03,AXON,GSPC,0.2979965107769678
2025-02-10,AXON,d_rate,-0.07057378919814267
2025-02-10,AXON,d_credit,-0.24438295214665515
2025-02-10,AXON,r_vix,-0.15896737975286376
2025-02-10,AXON,GSPC,0.2923601012036923
2025-02-17,AXON,d_rate,-0.04030611948436179
2025-02-17,AXON,d_credit,-0.23503024133883316
2025-02-17,AXON,r_vix,-0.18596362834209
2025-02-17,AXON,GSPC,0.5077508431916592
2025-02-24,AXON,d_rate,-0.10271126728258796
2025-02-24,AXON,d_credit,-0.4693079802005548
2025-02-24,AXON,r_vix,-0.18222645366762524
2025-02-24,AXON,GSPC,0.17720455696077847
2025-03-03,AXON,d_rate,-0.09462114839327573
2025-03-03,AXON,d_credit,-0.439061560315817
2025-03-03,AXON,r_vix,-0.19562496646599062
2025-03-03,AXON,GSPC,0.01997012975949176
2025-03-10,AXON,d_rate,-0.10284251332566638
2025-03-10,AXON,d_credit,-0.5130254067626063
2025-03-10,AXON,r_vix,-0.22930329430478766
2025-03-10,AXON,GSPC,-0.35711261640911934
2025-03-17,AXON,d_rate,-0.10513245389701513
2025-03-17,AXON,d_credit,-0.5357761116390741
2025-03-17,AXON,r_vix,-0.22312555910645382
2025-03-17,AXON,GSPC,-0.35213224542021554
2025-03-24,AXON,d_rate,-0.10755596508829521
2025-03-24,AXON,d_credit,-0.5465413103880002
2025-03-24,AXON,r_vix,-0.2222683800556433
2025-03-24,AXON,GSPC,-0.3445914609516155
2025-03-31,AXON,d_rate,-0.12672291479655856
2025-03-31,AXON,d_credit,-0.544236299272353
2025-03-31,AXON,r_vix,-0.2441824137277937
2025-03-31,AXON,GSPC,-0.6466782454239184
2025-04-07,AXON,d_rate,-0.04658168002308762
2025-04-07,AXON,d_credit,-0.3440037282136519
2025-04-07,AXON,r_vix,-0.218277978022684
2025-04-07,AXON,GSPC,-0.08160685323827793
2025-04-14,AXON,d_rate,-0.035014283696923096
2025-04-14,AXON,d_credit,-0.32930828612680685
2025-04-14,AXON,r_vix,-0.2253984313577728
2025-04-14,AXON,GSPC,-0.15175819851923372
2025-04-21,AXON,d_rate,-0.009687455350292336
2025-04-21,AXON,d_credit,-0.2622409555770755
2025-04-21,AXON,r_vix,-0.21564448550412393
2025-04-21,AXON,GSPC,-0.08189240278879124
2025-04-28,AXON,d_rate,-6.774885612756625e-4
2025-04-28,AXON,d_credit,-0.2227036952774502
2025-04-28,AXON,r_vix,-0.21455804429083078
2025-04-28,AXON,GSPC,-0.01290030739861564
2025-05-05,AXON,d_rate,4.1997544276083977e-4
2025-05-05,AXON,d_credit,-0.2345753833344098
2025-05-05,AXON,r_vix,-0.2200674574006887
2025-05-05,AXON,GSPC,-0.028204743093430205
2025-05-12,AXON,d_rate,-0.010400593189488688
2025-05-12,AXON,d_credit,-0.24441311862319948
2025-05-12,AXON,r_vix,-0.21512037150690366
2025-05-12,AXON,GSPC,-2.81202092882523e-4
2025-05-19,AXON,d_rate,-8.474816383059537e-4
2025-05-19,AXON,d_credit,-0.22947407875009504
2025-05-19,AXON,r_vix,-0.21047363374027145
2025-05-19,AXON,GSPC,-4.478729009922015e-4
2025-05-26,AXON,d_rate,0.010533390818508584
2025-05-26,AXON,d_credit,-0.19949360012150233
2025-05-26,AXON,r_vix,-0.20485191740265518
2025-05-26,AXON,GSPC,0.04153328772435648
2025-06-02,AXON,d_rate,0.007573335890627018
2025-06-02,AXON,d_credit,-0.1897263071576261
2025-06-02,AXON,r_vix,-0.20364819491700503
2025-06-02,AXON,GSPC,0.07016255691223486
2025-06-09,AXON,d_rate,0.013556197763151666
2025-06-09,AXON,d_credit,-0.21815802877245152
2025-06-09,AXON,r_vix,-0.20842079704230426
2025-06-09,AXON,GSPC,-0.01995509378834132
2025-06-16,AXON,d_rate,0.01596582432568807
2025-06-16,AXON,d_credit,-0.2120269721597636
2025-06-16,AXON,r_vix,-0.20580545851023335
2025-06-16,AXON,GSPC,0.0068182234701924275
2025-06-23,AXON,d_rate,0.021017496298865054
2025-06-23,AXON,d_credit,-0.21142997368683525
2025-06-23,AXON,r_vix,-0.20988359089248404
2025-06-23,AXON,GSPC,-0.030660923212914477
2025-06-30,AXON,d_rate,0.022164069217746343
2025-06-30,AXON,d_credit,-0.2130263683972184
2025-06-30,AXON,r_vix,-0.22065586218275937
2025-06-30,AXON,GSPC,-0.11407110233674526
2025-07-07,AXON,d_rate,0.010465614017301028
2025-07-07,AXON,d_credit,-0.1144318872466667
2025-07-07,AXON,r_vix,-0.19390729728267211
2025-07-07,AXON,GSPC,0.2097953922248879
2025-07-14,AXON,d_rate,0.016682653814979558
2025-07-14,AXON,d_credit,-0.051448498815268126
2025-07-14,AXON,r_vix,-0.22598904284200416
2025-07-14,AXON,GSPC,0.15383585210591902
2025-07-21,AXON,d_rate,0.02949646114450316
2025-07-21,AXON,d_credit,-0.00584597067566338
2025-07-21,AXON,r_vix,-0.22927112494036203
2025-07-21,AXON,GSPC,0.16022839314779683
2025-07-28,AXON,d_rate,0.012134870972352867
2025-07-28,AXON,d_credit,-0.03940105952178158
2025-07-28,AXON,r_vix,-0.2077706443957237
2025-07-28,AXON,GSPC,0.2131374292746973
2025-08-04,AXON,d_rate,-0.02502800706199153
2025-08-04,AXON,d_credit,-0.011255569886509111
2025-08-04,AXON,r_vix,-0.1546572331248619
2025-08-04,AXON,GSPC,0.6411608999986059
2025-08-11,AXON,d_rate,-0.03248820282028436
2025-08-11,AXON,d_credit,0.014814705889246995
2025-08-11,AXON,r_vix,-0.17774802434020107
2025-08-11,AXON,GSPC,0.5792874714911362
2025-08-18,AXON,d_rate,-0.03625260156165061
2025-08-18,AXON,d_credit,0.00999750395104691
2025-08-18,AXON,r_vix,-0.16923806312393397
2025-08-18,AXON,GSPC,0.6346415524089308
2025-08-25,AXON,d_rate,-0.03175246423796746
2025-08-25,AXON,d_credit,-0.007982655069334025
2025-08-25,AXON,r_vix,-0.17832433940617057
2025-08-25,AXON,GSPC,0.5568317325397939
2025-09-01,AXON,d_rate,0.012872237025902813
2025-09-01,AXON,d_credit,0.08074218253310153
2025-09-01,AXON,r_vix,-0.2113957530429825
2025-09-01,AXON,GSPC,0.5244684584042476
2025-09-08,AXON,d_rate,0.006043281638426499
2025-09-08,AXON,d_credit,0.06635373701358861
2025-09-08,AXON,r_vix,-0.21070577905561763
2025-09-08,AXON,GSPC,0.5509133720597232
2025-09-15,AXON,d_rate,0.0069825164393997755
2025-09-15,AXON,d_credit,0.07284980504091194
2025-09-15,AXON,r_vix,-0.20819416304385646
2025-09-15,AXON,GSPC,0.5734275273829333
2025-09-22,AXON,d_rate,0.002860582224213985
2025-09-22,AXON,d_credit,0.10995041119053488
2025-09-22,AXON,r_vix,-0.19829497004558125
2025-09-22,AXON,GSPC,0.6990974808399856
2025-09-29,AXON,d_rate,-0.010939424225350372
2025-09-29,AXON,d_credit,0.20684985828560956
2025-09-29,AXON,r_vix,-0.2209800603732115
2025-09-29,AXON,GSPC,0.7002026825249327
2025-10-06,AXON,d_rate,-0.018813997020707116
2025-10-06,AXON,d_credit,0.21907384020545193
2025-10-06,AXON,r_vix,-0.2205990491650759
2025-10-06,AXON,GSPC,0.677210112598262
2025-10-13,AXON,d_rate,-0.01007042464030061
2025-10-13,AXON,d_credit,0.23613067577970354
2025-10-13,AXON,r_vix,-0.2376208883241995
2025-10-13,AXON,GSPC,0.5680114497191527
2025-10-20,AXON,d_rate,-0.02263012510742835
2025-10-20,AXON,d_credit,0.23776796153312169
2025-10-20,AXON,r_vix,-0.25093198442720505
2025-10-20,AXON,GSPC,0.5339139207608367
2025-10-27,AXON,d_rate,-0.02307196785290317
2025-10-27,AXON,d_credit,0.22633009215474081
2025-10-27,AXON,r_vix,-0.2516265754035989
2025-10-27,AXON,GSPC,0.5097775215011299
2025-11-03,AXON,d_rate,-1.2995008025088944e-4
2025-11-03,AXON,d_credit,0.25187569256891945
2025-11-03,AXON,r_vix,-0.17722621285440884
2025-11-03,AXON,GSPC,0.7178304477364099
2025-11-10,AXON,d_rate,-0.014480175957133353
2025-11-10,AXON,d_credit,0.22578866295042563
2025-11-10,AXON,r_vix,-0.1752005493224559
2025-11-10,AXON,GSPC,0.727009177563332
2025-11-17,AXON,d_rate,-0.012766633449293267
2025-11-17,AXON,d_credit,0.2059425815695105
2025-11-17,AXON,r_vix,-0.17907105813204477
2025-11-17,AXON,GSPC,0.6737459814513369
2025-11-24,AXON,d_rate,-0.016174196858605265
2025-11-24,AXON,d_credit,0.20026843298218128
2025-11-24,AXON,r_vix,-0.16588098333569287
2025-11-24,AXON,GSPC,0.7051955259214199
2025-12-01,AXON,d_rate,-0.005118648232312144
2025-12-01,AXON,d_credit,0.21071444333442912
2025-12-01,AXON,r_vix,-0.17020667927105823
2025-12-01,AXON,GSPC,0.6708790416714164
2025-12-08,AXON,d_rate,0.025744077641239222
2025-12-08,AXON,d_credit,0.23638371996443652
2025-12-08,AXON,r_vix,-0.17693765495931962
2025-12-08,AXON,GSPC,0.615103442485877
2025-12-15,AXON,d_rate,0.013378252262564096
2025-12-15,AXON,d_credit,0.2440673560993117
2025-12-15,AXON,r_vix,-0.1978314053967438
2025-12-15,AXON,GSPC,0.5459692739856131
2025-12-22,AXON,d_rate,0.029890322749815602
2025-12-22,AXON,d_credit,0.24268831532109683
2025-12-22,AXON,r_vix,-0.21291269066964733
2025-12-22,AXON,GSPC,0.432234564298962
2025-12-29,AXON,d_rate,0.02999482440082679
2025-12-29,AXON,d_credit,0.2542293999098302
2025-12-29,AXON,r_vix,-0.2145597665858541
2025-12-29,AXON,GSPC,0.43910913102279936
2026-01-05,AXON,d_rate,0.011574033714502024
2026-01-05,AXON,d_credit,0.17768878469945867
2026-01-05,AXON,r_vix,-0.18338089545775985
2026-01-05,AXON,GSPC,0.5846026655323003
2026-01-12,AXON,d_rate,0.006841298607996571
2026-01-12,AXON,d_credit,0.1407664301553076
2026-01-12,AXON,r_vix,-0.17646569550933017
2026-01-12,AXON,GSPC,0.5811559265456399
2026-01-19,AXON,d_rate,0.007116333968548663
2026-01-19,AXON,d_credit,0.15494606533378097
2026-01-19,AXON,r_vix,-0.17683675198590662
2026-01-19,AXON,GSPC,0.5996713037930159
2026-01-26,AXON,d_rate,0.0025035647466917312
2026-01-26,AXON,d_credit,0.1485881879304816
2026-01-26,AXON,r_vix,-0.2297029917884525
2026-01-26,AXON,GSPC,0.3266874533646137
2026-02-02,AXON,d_rate,0.019296309183647654
2026-02-02,AXON,d_credit,0.12391310432800237
2026-02-02,AXON,r_vix,-0.2282297197513911
2026-02-02,AXON,GSPC,0.30587499292667436
2026-02-09,AXON,d_rate,-0.008703291581992548
2026-02-09,AXON,d_credit,0.14811084680238643
2026-02-09,AXON,r_vix,-0.2182382538177849
2026-02-09,AXON,GSPC,0.3982039838454307
2026-02-16,AXON,d_rate,-0.030548767075040825
2026-02-16,AXON,d_credit,0.09347180350414626
2026-02-16,AXON,r_vix,-0.15521254469431162
2026-02-16,AXON,GSPC,0.5509766868777062
2026-02-23,AXON,d_rate,-0.02773445775597082
2026-02-23,AXON,d_credit,0.3455288730308884
2026-02-23,AXON,r_vix,-0.1746169304214661
2026-02-23,AXON,GSPC,0.7733303129668699
2026-03-02,AXON,d_rate,-0.0036259512245901764
2026-03-02,AXON,d_credit,0.1954774871676441
2026-03-02,AXON,r_vix,-0.08499688976101184
2026-03-02,AXON,GSPC,0.9713496889942445
2026-03-09,AXON,d_rate,-0.10574657581586475
2026-03-09,AXON,d_credit,0.03571399590570364
2026-03-09,AXON,r_vix,0.026374745480070967
2026-03-09,AXON,GSPC,1.7013677060317363
2026-03-16,AXON,d_rate,-0.09240801256708815
2026-03-16,AXON,d_credit,0.0065297163621623995
2026-03-16,AXON,r_vix,0.009935182117923465
2026-03-16,AXON,GSPC,1.5053753448139937
2026-03-23,AXON,d_rate,-0.09999322986700873
2026-03-23,AXON,d_credit,0.05052920451844859
2026-03-23,AXON,r_vix,0.008634628760047152
2026-03-23,AXON,GSPC,1.6424482301453072
2026-03-30,AXON,d_rate,-0.05411111762842601
2026-03-30,AXON,d_credit,0.014777180672458564
2026-03-30,AXON,r_vix,-0.006980297236418928
2026-03-30,AXON,GSPC,1.6373811991565632
2026-04-06,AXON,d_rate,-0.11441284487797194
2026-04-06,AXON,d_credit,-0.018539253961821173
2026-04-06,AXON,r_vix,0.04853836347113373
2026-04-06,AXON,GSPC,1.3482842860061786
2026-04-13,AXON,d_rate,-0.10100750624570473
2026-04-13,AXON,d_credit,0.03194365358657758
2026-04-13,AXON,r_vix,0.08789607813262816
2026-04-13,AXON,GSPC,1.9281461824206243
2026-04-20,AXON,d_rate,-0.08255305671914148
2026-04-20,AXON,d_credit,0.05114060736293706
2026-04-20,AXON,r_vix,0.0948766538008544
2026-04-20,AXON,GSPC,1.9434058510745567
2026-04-27,AXON,d_rate,-0.07936901947472502
2026-04-27,AXON,d_credit,0.04511295012073522
2026-04-27,AXON,r_vix,0.09071440817057698
2026-04-27,AXON,GSPC,1.9040899380599159
2026-05-04,AXON,d_rate,-0.08407299389866588
2026-05-04,AXON,d_credit,0.06381750183066437
2026-05-04,AXON,r_vix,0.10488771428814703
2026-05-04,AXON,GSPC,2.0604294592643604
2026-05-11,AXON,d_rate,-0.0899469314570731
2026-05-11,AXON,d_credit,0.06068194500038981
2026-05-11,AXON,r_vix,0.10177874197593266
2026-05-11,AXON,GSPC,1.9742236286411767
2026-05-18,AXON,d_rate,-0.10652925686890874
2026-05-18,AXON,d_credit,0.028836268180498843
2026-05-18,AXON,r_vix,0.09672272810977513
2026-05-18,AXON,GSPC,2.0017978872197912
2026-05-25,AXON,d_rate,-0.1486339971338762
2026-05-25,AXON,d_credit,0.013641547196272258
2026-05-25,AXON,r_vix,0.08870318082610469
2026-05-25,AXON,GSPC,1.9821098607749297
2026-06-01,AXON,d_rate,-0.1514341491571782
2026-06-01,AXON,d_credit,-0.043467558440505115
2026-06-01,AXON,r_vix,0.12622510358613315
2026-06-01,AXON,GSPC,1.8485958842297174
2026-06-08,AXON,d_rate,-0.14654912782024743
2026-06-08,AXON,d_credit,-0.05503616395979116
2026-06-08,AXON,r_vix,0.16086990479603563
2026-06-08,AXON,GSPC,2.049889942956565
2026-06-15,AXON,d_rate,-0.14609544746529
2026-06-15,AXON,d_credit,-0.05961913626174723
2026-06-15,AXON,r_vix,0.16334122141638197
2026-06-15,AXON,GSPC,2.0586542043422713
2026-06-22,AXON,d_rate,-0.1981997319918984
2026-06-22,AXON,d_credit,-0.11790387877613027
2026-06-22,AXON,r_vix,0.1483343644843991
2026-06-22,AXON,GSPC,1.5938256239170274
2026-06-29,AXON,d_rate,-0.1668554890622311
2026-06-29,AXON,d_credit,-0.018407792945878795
2026-06-29,AXON,r_vix,0.13745313315816118
2026-06-29,AXON,GSPC,1.948190940413185
2026-07-06,AXON,d_rate,-0.1791645633451459
2026-07-06,AXON,d_credit,-0.077529139175105
2026-07-06,AXON,r_vix,0.12750227807721684
2026-07-06,AXON,GSPC,1.7807201024853785
2026-07-13,AXON,d_rate,-0.1750525784800556
2026-07-13,AXON,d_credit,-0.07687088216008886
2026-07-13,AXON,r_vix,0.1108075210459063
2026-07-13,AXON,GSPC,1.7829882934111134
2026-07-20,AXON,d_rate,-0.17047729637288078
2026-07-20,AXON,d_credit,-0.09022368639088063
2026-07-20,AXON,r_vix,0.10406257762724455
2026-07-20,AXON,GSPC,1.7370949932782922
2026-07-27,AXON,d_rate,-0.14329993136856112
2026-07-27,AXON,d_credit,-0.030693436367052126
2026-07-27,AXON,r_vix,0.09035641916153903
2026-07-27,AXON,GSPC,1.7707478043954152
2026-08-03,AXON,d_rate,-0.17044107007800197
2026-08-03,AXON,d_credit,-0.04861792085455242
2026-08-03,AXON,r_vix,0.1377842289591375
2026-08-03,AXON,GSPC,1.882742460261714
2026-08-10,AXON,d_rate,-0.14268280649413048
2026-08-10,AXON,d_credit,-0.03063914104127455
2026-08-10,AXON,r_vix,0.1373378310573597
2026-08-10,AXON,GSPC,1.9693501708645185
2026-08-17,AXON,d_rate,-0.14437284091737446
2026-08-17,AXON,d_credit,-0.09286579735384479
2026-08-17,AXON,r_vix,0.13274900512164198
2026-08-17,AXON,GSPC,1.8247600443166399
2015-12-28,GOOGL,d_rate,-0.04973857856442167
2015-12-28,GOOGL,d_credit,-0.06658033055889906
2015-12-28,GOOGL,r_vix,-0.11388982779894206
2015-12-28,GOOGL,GSPC,0.56664069208294
2016-01-04,GOOGL,d_rate,-0.06424985617391181
2016-01-04,GOOGL,d_credit,-0.06829155084635703
2016-01-04,GOOGL,r_vix,-0.123264848173398
2016-01-04,GOOGL,GSPC,0.5188732368258103
2016-01-11,GOOGL,d_rate,-0.05702692174010096
2016-01-11,GOOGL,d_credit,-0.08329925900828875
2016-01-11,GOOGL,r_vix,-0.12131272288114782
2016-01-11,GOOGL,GSPC,0.5491003999915668
2016-01-18,GOOGL,d_rate,-0.05346892196741969
2016-01-18,GOOGL,d_credit,-0.0719175962402254
2016-01-18,GOOGL,r_vix,-0.12156460285889722
2016-01-18,GOOGL,GSPC,0.552093258753703
2016-01-25,GOOGL,d_rate,-0.045235265953027286
2016-01-25,GOOGL,d_credit,-0.06098840338829806
2016-01-25,GOOGL,r_vix,-0.12666507902300755
2016-01-25,GOOGL,GSPC,0.5333116946753128
2016-02-01,GOOGL,d_rate,-0.022692914438440657
2016-02-01,GOOGL,d_credit,-0.05845458933014395
2016-02-01,GOOGL,r_vix,-0.1164835917032201
2016-02-01,GOOGL,GSPC,0.713626398981429
2016-02-08,GOOGL,d_rate,-0.023330714048426706
2016-02-08,GOOGL,d_credit,-0.0526194174191604
2016-02-08,GOOGL,r_vix,-0.11562530643177418
2016-02-08,GOOGL,GSPC,0.7280968628744102
2016-02-15,GOOGL,d_rate,-0.017674075468852708
2016-02-15,GOOGL,d_credit,-0.055265772554334014
2016-02-15,GOOGL,r_vix,-0.11090480959487681
2016-02-15,GOOGL,GSPC,0.7188670509648445
2016-02-22,GOOGL,d_rate,-0.007064392942993177
2016-02-22,GOOGL,d_credit,-0.029138081519165686
2016-02-22,GOOGL,r_vix,-0.11176400381872348
2016-02-22,GOOGL,GSPC,0.7103720377023239
2016-02-29,GOOGL,d_rate,-0.025209422274262764
2016-02-29,GOOGL,d_credit,0.005460874712133246
2016-02-29,GOOGL,r_vix,-0.12248850936843761
2016-02-29,GOOGL,GSPC,0.6793474113071859
2016-03-07,GOOGL,d_rate,-0.035344512190303566
2016-03-07,GOOGL,d_credit,-0.01586579218706215
2016-03-07,GOOGL,r_vix,-0.12057658360162514
2016-03-07,GOOGL,GSPC,0.6753194249891199
2016-03-14,GOOGL,d_rate,-0.03938827436708448
2016-03-14,GOOGL,d_credit,0.006883731566238303
2016-03-14,GOOGL,r_vix,-0.11987289662129527
2016-03-14,GOOGL,GSPC,0.7371128291332023
2016-03-21,GOOGL,d_rate,-0.04116627933479356
2016-03-21,GOOGL,d_credit,0.007701402879372239
2016-03-21,GOOGL,r_vix,-0.12047132379923388
2016-03-21,GOOGL,GSPC,0.7538969109928108
2016-03-28,GOOGL,d_rate,-0.044401178827904494
2016-03-28,GOOGL,d_credit,0.020216904103142863
2016-03-28,GOOGL,r_vix,-0.1196546085704947
2016-03-28,GOOGL,GSPC,0.7769676817246389
2016-04-04,GOOGL,d_rate,-0.04286185864195454
2016-04-04,GOOGL,d_credit,0.013737737481958532
2016-04-04,GOOGL,r_vix,-0.12148955264106018
2016-04-04,GOOGL,GSPC,0.7673202012790408
2016-04-11,GOOGL,d_rate,-0.046836003905649896
2016-04-11,GOOGL,d_credit,0.009702577308642607
2016-04-11,GOOGL,r_vix,-0.11914855099129794
2016-04-11,GOOGL,GSPC,0.7719835862738823
2016-04-18,GOOGL,d_rate,-0.06241823207799226
2016-04-18,GOOGL,d_credit,0.022618766982704586
2016-04-18,GOOGL,r_vix,-0.12206177977994802
2016-04-18,GOOGL,GSPC,0.7443774753986272
2016-04-25,GOOGL,d_rate,-0.041214056148334996
2016-04-25,GOOGL,d_credit,0.050267022165264026
2016-04-25,GOOGL,r_vix,-0.12482100375847491
2016-04-25,GOOGL,GSPC,0.7359506737713047
2016-05-02,GOOGL,d_rate,-0.040234610542325806
2016-05-02,GOOGL,d_credit,0.05349952088099952
2016-05-02,GOOGL,r_vix,-0.12644084867240685
2016-05-02,GOOGL,GSPC,0.7282024651679069
2016-05-09,GOOGL,d_rate,-0.03732695442321167
2016-05-09,GOOGL,d_credit,0.06431535477860492
2016-05-09,GOOGL,r_vix,-0.1268265218855513
2016-05-09,GOOGL,GSPC,0.7398758921781742
2016-05-16,GOOGL,d_rate,-0.039932249753279886
2016-05-16,GOOGL,d_credit,0.061732458719668495
2016-05-16,GOOGL,r_vix,-0.1271477216848225
2016-05-16,GOOGL,GSPC,0.7372834083699676
2016-05-23,GOOGL,d_rate,-0.03994796276579864
2016-05-23,GOOGL,d_credit,0.0611532810674548
2016-05-23,GOOGL,r_vix,-0.12706525029462293
2016-05-23,GOOGL,GSPC,0.7326560428677091
2016-05-30,GOOGL,d_rate,-0.05467871002859456
2016-05-30,GOOGL,d_credit,0.05481834496286499
2016-05-30,GOOGL,r_vix,-0.12937442712769912
2016-05-30,GOOGL,GSPC,0.7400257276477846
2016-06-06,GOOGL,d_rate,-0.05774680226879061
2016-06-06,GOOGL,d_credit,0.052187254024112346
2016-06-06,GOOGL,r_vix,-0.1188845573547836
2016-06-06,GOOGL,GSPC,0.8076490785707959
2016-06-13,GOOGL,d_rate,-0.06006623542671872
2016-06-13,GOOGL,d_credit,0.05224301214282472
2016-06-13,GOOGL,r_vix,-0.12141780171853296
2016-06-13,GOOGL,GSPC,0.8076984441238304
2016-06-20,GOOGL,d_rate,-0.06488251355739691
2016-06-20,GOOGL,d_credit,0.05292316411837015
2016-06-20,GOOGL,r_vix,-0.1178367466530211
2016-06-20,GOOGL,GSPC,0.8352198382780053
2016-06-27,GOOGL,d_rate,-0.0354236696459499
2016-06-27,GOOGL,d_credit,0.08924294454769763
2016-06-27,GOOGL,r_vix,-0.10283907219067265
2016-06-27,GOOGL,GSPC,0.8919536403410555
2016-07-04,GOOGL,d_rate,-0.02971858502223374
2016-07-04,GOOGL,d_credit,0.08521879567686087
2016-07-04,GOOGL,r_vix,-0.111517528804478
2016-07-04,GOOGL,GSPC,0.8118836694456827
2016-07-11,GOOGL,d_rate,0.03162933641685052
2016-07-11,GOOGL,d_credit,0.10157142037418009
2016-07-11,GOOGL,r_vix,-0.03540455390455116
2016-07-11,GOOGL,GSPC,1.093237688715811
2016-07-18,GOOGL,d_rate,0.02526041092316942
2016-07-18,GOOGL,d_credit,0.09121668824592369
2016-07-18,GOOGL,r_vix,-0.036485572985319646
2016-07-18,GOOGL,GSPC,1.048443315077525
2016-07-25,GOOGL,d_rate,0.017857045205850058
2016-07-25,GOOGL,d_credit,0.11028080800055998
2016-07-25,GOOGL,r_vix,-0.04012724173501619
2016-07-25,GOOGL,GSPC,1.0763991799944554
2016-08-01,GOOGL,d_rate,0.022223091257116984
2016-08-01,GOOGL,d_credit,0.12343935113080912
2016-08-01,GOOGL,r_vix,-0.04175693690285172
2016-08-01,GOOGL,GSPC,1.0982268700691766
2016-08-08,GOOGL,d_rate,0.01790414007650065
2016-08-08,GOOGL,d_credit,0.11171815346337508
2016-08-08,GOOGL,r_vix,-0.04157144501081909
2016-08-08,GOOGL,GSPC,1.0818916686419533
2016-08-15,GOOGL,d_rate,0.016293112445893664
2016-08-15,GOOGL,d_credit,0.11260717011795787
2016-08-15,GOOGL,r_vix,-0.041237738879974464
2016-08-15,GOOGL,GSPC,1.0909443380997286
2016-08-22,GOOGL,d_rate,0.015051534242727711
2016-08-22,GOOGL,d_credit,0.10815014895509925
2016-08-22,GOOGL,r_vix,-0.03829189378002392
2016-08-22,GOOGL,GSPC,1.0998834214782531
2016-08-29,GOOGL,d_rate,0.014549843448506676
2016-08-29,GOOGL,d_credit,0.10424492402841337
2016-08-29,GOOGL,r_vix,-0.04116488369379844
2016-08-29,GOOGL,GSPC,1.0504969703310985
2016-09-05,GOOGL,d_rate,0.01916491025323475
2016-09-05,GOOGL,d_credit,0.10912613145900714
2016-09-05,GOOGL,r_vix,-0.03024456509038312
2016-09-05,GOOGL,GSPC,1.0863007450365814
2016-09-12,GOOGL,d_rate,0.01788292094735446
2016-09-12,GOOGL,d_credit,0.1053773350500583
2016-09-12,GOOGL,r_vix,-0.028588183833429894
2016-09-12,GOOGL,GSPC,1.09288588371291
2016-09-19,GOOGL,d_rate,0.02409432546329208
2016-09-19,GOOGL,d_credit,0.11324411565689164
2016-09-19,GOOGL,r_vix,-0.03266675733697232
2016-09-19,GOOGL,GSPC,1.050350943544338
2016-09-26,GOOGL,d_rate,0.023558111035518366
2016-09-26,GOOGL,d_credit,0.11697582420878576
2016-09-26,GOOGL,r_vix,-0.03606470241533921
2016-09-26,GOOGL,GSPC,1.0355206432783959
2016-10-03,GOOGL,d_rate,0.02954525936102185
2016-10-03,GOOGL,d_credit,0.11738291642554526
2016-10-03,GOOGL,r_vix,-0.03620378973568552
2016-10-03,GOOGL,GSPC,1.0547704341710071
2016-10-10,GOOGL,d_rate,0.03562622307340304
2016-10-10,GOOGL,d_credit,0.11396061031257883
2016-10-10,GOOGL,r_vix,-0.030906258153095917
2016-10-10,GOOGL,GSPC,1.0628912254492113
2016-10-17,GOOGL,d_rate,0.032568262018245954
2016-10-17,GOOGL,d_credit,0.11091008856031587
2016-10-17,GOOGL,r_vix,-0.03838459339920363
2016-10-17,GOOGL,GSPC,0.9947599067092072
2016-10-24,GOOGL,d_rate,0.029618266749554433
2016-10-24,GOOGL,d_credit,0.1138935777860946
2016-10-24,GOOGL,r_vix,-0.03993914566018653
2016-10-24,GOOGL,GSPC,0.9884808834739998
2016-10-31,GOOGL,d_rate,0.022864562191975486
2016-10-31,GOOGL,d_credit,0.10003657145132219
2016-10-31,GOOGL,r_vix,-0.046855174381860404
2016-10-31,GOOGL,GSPC,0.9361619318393449
2016-11-07,GOOGL,d_rate,0.015020798985100333
2016-11-07,GOOGL,d_credit,0.058391250619767104
2016-11-07,GOOGL,r_vix,-0.03136132182684438
2016-11-07,GOOGL,GSPC,0.8921742697066565
2016-11-14,GOOGL,d_rate,0.014133128633213712
2016-11-14,GOOGL,d_credit,0.05194396380373076
2016-11-14,GOOGL,r_vix,-0.030825312527099386
2016-11-14,GOOGL,GSPC,0.8624184534572796
2016-11-21,GOOGL,d_rate,0.014039576082720297
2016-11-21,GOOGL,d_credit,0.05397495351039201
2016-11-21,GOOGL,r_vix,-0.031981483103792785
2016-11-21,GOOGL,GSPC,0.8518741730668086
2016-11-28,GOOGL,d_rate,0.013683832505319966
2016-11-28,GOOGL,d_credit,0.06058703530252635
2016-11-28,GOOGL,r_vix,-0.03205277019429352
2016-11-28,GOOGL,GSPC,0.8671303074640794
2016-12-05,GOOGL,d_rate,0.022940084301368353
2016-12-05,GOOGL,d_credit,0.07787975986667334
2016-12-05,GOOGL,r_vix,-0.034038068024036194
2016-12-05,GOOGL,GSPC,0.9324191008066259
2016-12-12,GOOGL,d_rate,0.021943816470284018
2016-12-12,GOOGL,d_credit,0.06728049551587406
2016-12-12,GOOGL,r_vix,-0.03172488796766638
2016-12-12,GOOGL,GSPC,0.9334105663756499
2016-12-19,GOOGL,d_rate,0.021940809143531893
2016-12-19,GOOGL,d_credit,0.07309049966269283
2016-12-19,GOOGL,r_vix,-0.02506366433869054
2016-12-19,GOOGL,GSPC,1.0184150870845912
2016-12-26,GOOGL,d_rate,0.020895277668348346
2016-12-26,GOOGL,d_credit,0.07142567726312819
2016-12-26,GOOGL,r_vix,-0.02167956042678946
2016-12-26,GOOGL,GSPC,1.0620511281802842
2017-01-02,GOOGL,d_rate,0.01871374980423798
2017-01-02,GOOGL,d_credit,0.0718885672103378
2017-01-02,GOOGL,r_vix,-0.020252238923772658
2017-01-02,GOOGL,GSPC,1.1376122187974618
2017-01-09,GOOGL,d_rate,0.01869282711360511
2017-01-09,GOOGL,d_credit,0.07408039930242843
2017-01-09,GOOGL,r_vix,-0.025817716068187342
2017-01-09,GOOGL,GSPC,1.0667571383042502
2017-01-16,GOOGL,d_rate,0.009040663683434187
2017-01-16,GOOGL,d_credit,0.05162049414963138
2017-01-16,GOOGL,r_vix,-0.017892822249367172
2017-01-16,GOOGL,GSPC,1.0876482488533903
2017-01-23,GOOGL,d_rate,0.009335328018040824
2017-01-23,GOOGL,d_credit,0.05381580223031844
2017-01-23,GOOGL,r_vix,-0.01806512419782916
2017-01-23,GOOGL,GSPC,1.0971222989657512
2017-01-30,GOOGL,d_rate,0.002196964542710253
2017-01-30,GOOGL,d_credit,0.030430577070118363
2017-01-30,GOOGL,r_vix,-0.05012288164867258
2017-01-30,GOOGL,GSPC,0.5605025770601847
2017-02-06,GOOGL,d_rate,5.799369180007398e-4
2017-02-06,GOOGL,d_credit,0.024908329778722735
2017-02-06,GOOGL,r_vix,-0.04664329198152862
2017-02-06,GOOGL,GSPC,0.6069897186732273
2017-02-13,GOOGL,d_rate,4.818831147224406e-4
2017-02-13,GOOGL,d_credit,0.02725369070709643
2017-02-13,GOOGL,r_vix,-0.0418100301429069
2017-02-13,GOOGL,GSPC,0.6870916695022292
2017-02-20,GOOGL,d_rate,0.0019339728767572306
2017-02-20,GOOGL,d_credit,0.030012016794873357
2017-02-20,GOOGL,r_vix,-0.03980238769688876
2017-02-20,GOOGL,GSPC,0.724616648680723
2017-02-27,GOOGL,d_rate,0.0017657109462331606
2017-02-27,GOOGL,d_credit,0.023284673215547662
2017-02-27,GOOGL,r_vix,-0.034736357331891815
2017-02-27,GOOGL,GSPC,0.8098639694013902
2017-03-06,GOOGL,d_rate,0.009322166172935267
2017-03-06,GOOGL,d_credit,0.05146930881790677
2017-03-06,GOOGL,r_vix,-0.04172238545365126
2017-03-06,GOOGL,GSPC,0.7495409278230691
2017-03-13,GOOGL,d_rate,0.0094720442264182355
2017-03-13,GOOGL,d_credit,0.05572942313014389
2017-03-13,GOOGL,r_vix,-0.04260432784898086
2017-03-13,GOOGL,GSPC,0.7445901825725003
2017-03-20,GOOGL,d_rate,0.017019385829604924
2017-03-20,GOOGL,d_credit,0.06451926361394646
2017-03-20,GOOGL,r_vix,-0.03827654502154484
2017-03-20,GOOGL,GSPC,0.8644155896639426
2017-03-27,GOOGL,d_rate,0.02075504636130769
2017-03-27,GOOGL,d_credit,0.07206234268353033
2017-03-27,GOOGL,r_vix,-0.041642360187374744
2017-03-27,GOOGL,GSPC,0.826193675352785
2017-04-03,GOOGL,d_rate,0.022966500138100768
2017-04-03,GOOGL,d_credit,0.0761346062528498
2017-04-03,GOOGL,r_vix,-0.041868438270867545
2017-04-03,GOOGL,GSPC,0.8430389977396371
2017-04-10,GOOGL,d_rate,0.024634669753496256
2017-04-10,GOOGL,d_credit,0.08332629082200568
2017-04-10,GOOGL,r_vix,-0.04699807269072812
2017-04-10,GOOGL,GSPC,0.7633301478406747
2017-04-17,GOOGL,d_rate,0.024850060440303426
2017-04-17,GOOGL,d_credit,0.0492212843038664
2017-04-17,GOOGL,r_vix,-0.03313519495518968
2017-04-17,GOOGL,GSPC,0.9019588078778608
2017-04-24,GOOGL,d_rate,0.030098767215583626
2017-04-24,GOOGL,d_credit,0.060795294869557606
2017-04-24,GOOGL,r_vix,-0.0546842690344963
2017-04-24,GOOGL,GSPC,0.708783260318034
2017-05-01,GOOGL,d_rate,0.03295750243277392
2017-05-01,GOOGL,d_credit,0.055044861745013905
2017-05-01,GOOGL,r_vix,-0.04537267188603116
2017-05-01,GOOGL,GSPC,0.830278907660901
2017-05-08,GOOGL,d_rate,0.03316336920475793
2017-05-08,GOOGL,d_credit,0.05527329947717289
2017-05-08,GOOGL,r_vix,-0.046010807325866314
2017-05-08,GOOGL,GSPC,0.822330039269136
2017-05-15,GOOGL,d_rate,0.03436735329163088
2017-05-15,GOOGL,d_credit,0.05370314969139273
2017-05-15,GOOGL,r_vix,-0.043751923059986333
2017-05-15,GOOGL,GSPC,0.8372358606096426
2017-05-22,GOOGL,d_rate,0.03546158965330503
2017-05-22,GOOGL,d_credit,0.055571952033336015
2017-05-22,GOOGL,r_vix,-0.048534408546879994
2017-05-22,GOOGL,GSPC,0.7900423463859015
2017-05-29,GOOGL,d_rate,0.03136981568872988
2017-05-29,GOOGL,d_credit,0.052853245687182374
2017-05-29,GOOGL,r_vix,-0.04958199906335314
2017-05-29,GOOGL,GSPC,0.7645128730415076
2017-06-05,GOOGL,d_rate,0.031821546501741245
2017-06-05,GOOGL,d_credit,0.06070514669211203
2017-06-05,GOOGL,r_vix,-0.056726589059196704
2017-06-05,GOOGL,GSPC,0.7172833024799014
2017-06-12,GOOGL,d_rate,0.03494428767997035
2017-06-12,GOOGL,d_credit,0.07160731944365732
2017-06-12,GOOGL,r_vix,-0.05851772570342165
2017-06-12,GOOGL,GSPC,0.6577776257594032
2017-06-19,GOOGL,d_rate,0.032503731921349005
2017-06-19,GOOGL,d_credit,0.07029884958148304
2017-06-19,GOOGL,r_vix,-0.05893047993204429
2017-06-19,GOOGL,GSPC,0.6209975501387137
2017-06-26,GOOGL,d_rate,0.015567311010160787
2017-06-26,GOOGL,d_credit,0.07739302922618801
2017-06-26,GOOGL,r_vix,-0.062338249052826825
2017-06-26,GOOGL,GSPC,0.6752125859064857
2017-07-03,GOOGL,d_rate,0.016399568006839
2017-07-03,GOOGL,d_credit,0.0778474275587012
2017-07-03,GOOGL,r_vix,-0.06271622886068137
2017-07-03,GOOGL,GSPC,0.6716300160707354
2017-07-10,GOOGL,d_rate,0.010124086341306545
2017-07-10,GOOGL,d_credit,0.09217232277011923
2017-07-10,GOOGL,r_vix,-0.07004338431976119
2017-07-10,GOOGL,GSPC,0.5941973817277661
2017-07-17,GOOGL,d_rate,0.005204983806383924
2017-07-17,GOOGL,d_credit,0.078543559197583
2017-07-17,GOOGL,r_vix,-0.06767268612241846
2017-07-17,GOOGL,GSPC,0.6068647899125041
2017-07-24,GOOGL,d_rate,0.003511350322971442
2017-07-24,GOOGL,d_credit,0.048101434131148854
2017-07-24,GOOGL,r_vix,-0.06694569635246295
2017-07-24,GOOGL,GSPC,0.6327114539438388
2017-07-31,GOOGL,d_rate,-0.0020363380960564904
2017-07-31,GOOGL,d_credit,0.03295800608419794
2017-07-31,GOOGL,r_vix,-0.06326710295756252
2017-07-31,GOOGL,GSPC,0.6632861319701652
2017-08-07,GOOGL,d_rate,-0.0034951483779186183
2017-08-07,GOOGL,d_credit,0.038448455438163984
2017-08-07,GOOGL,r_vix,-0.05427358686770968
2017-08-07,GOOGL,GSPC,0.7310125201780762
2017-08-14,GOOGL,d_rate,-0.002579014628343579
2017-08-14,GOOGL,d_credit,0.03455741900847667
2017-08-14,GOOGL,r_vix,-0.052192264212271196
2017-08-14,GOOGL,GSPC,0.7572401349208253
2017-08-21,GOOGL,d_rate,-0.0023455677021768815
2017-08-21,GOOGL,d_credit,0.032328682765473196
2017-08-21,GOOGL,r_vix,-0.04710139850986027
2017-08-21,GOOGL,GSPC,0.8123618155134166
2017-08-28,GOOGL,d_rate,-0.0016987669212904228
2017-08-28,GOOGL,d_credit,0.03729086567736727
2017-08-28,GOOGL,r_vix,-0.04904209973919937
2017-08-28,GOOGL,GSPC,0.8034358408955259
2017-09-04,GOOGL,d_rate,-0.01460803106850805
2017-09-04,GOOGL,d_credit,0.012904628232035927
2017-09-04,GOOGL,r_vix,-0.052046956792622924
2017-09-04,GOOGL,GSPC,0.8737373898296398
2017-09-11,GOOGL,d_rate,-0.02176156351660833
2017-09-11,GOOGL,d_credit,0.018347415333004845
2017-09-11,GOOGL,r_vix,-0.052120018590862696
2017-09-11,GOOGL,GSPC,0.8236450710785926
2017-09-18,GOOGL,d_rate,-0.02275075817975091
2017-09-18,GOOGL,d_credit,0.014881808113338939
2017-09-18,GOOGL,r_vix,-0.05357844595057523
2017-09-18,GOOGL,GSPC,0.8069070428080735
2017-09-25,GOOGL,d_rate,-0.021736967627533688
2017-09-25,GOOGL,d_credit,0.005197465293857222
2017-09-25,GOOGL,r_vix,-0.047328694960173535
2017-09-25,GOOGL,GSPC,0.8850769338119622
2017-10-02,GOOGL,d_rate,-0.02230421099122249
2017-10-02,GOOGL,d_credit,0.00483507150228965
2017-10-02,GOOGL,r_vix,-0.04351869688872464
2017-10-02,GOOGL,GSPC,0.9501455644300827
2017-10-09,GOOGL,d_rate,-0.035469814734714424
2017-10-09,GOOGL,d_credit,-0.012538134983561718
2017-10-09,GOOGL,r_vix,-0.0456046196773025
2017-10-09,GOOGL,GSPC,0.9782654256960471
2017-10-16,GOOGL,d_rate,-0.034289262604658664
2017-10-16,GOOGL,d_credit,-0.009384411789399603
2017-10-16,GOOGL,r_vix,-0.043506243362304
2017-10-16,GOOGL,GSPC,0.9958426110168518
2017-10-23,GOOGL,d_rate,-0.04025535531448376
2017-10-23,GOOGL,d_credit,-0.015388109921442076
2017-10-23,GOOGL,r_vix,-0.048481206355702355
2017-10-23,GOOGL,GSPC,0.9663739516737768
2017-10-30,GOOGL,d_rate,-0.037956632674899675
2017-10-30,GOOGL,d_credit,2.4654108335456985e-4
2017-10-30,GOOGL,r_vix,-0.046780772670707765
2017-10-30,GOOGL,GSPC,0.914300660539524
2017-11-06,GOOGL,d_rate,-0.03762551192457478
2017-11-06,GOOGL,d_credit,0.03882672747410136
2017-11-06,GOOGL,r_vix,-0.059153203934124605
2017-11-06,GOOGL,GSPC,1.3700314840582901
2017-11-13,GOOGL,d_rate,-0.039427036409507565
2017-11-13,GOOGL,d_credit,0.03919924932417635
2017-11-13,GOOGL,r_vix,-0.058152709583901244
2017-11-13,GOOGL,GSPC,1.3895585391100553
2017-11-20,GOOGL,d_rate,-0.04129858142254649
2017-11-20,GOOGL,d_credit,0.02923803963640804
2017-11-20,GOOGL,r_vix,-0.0533930796997826
2017-11-20,GOOGL,GSPC,1.4762345625513111
2017-11-27,GOOGL,d_rate,-0.03768746938822408
2017-11-27,GOOGL,d_credit,0.060127236445811326
2017-11-27,GOOGL,r_vix,-0.08014022312055484
2017-11-27,GOOGL,GSPC,1.1249023082504723
2017-12-04,GOOGL,d_rate,-0.0415987074692031
2017-12-04,GOOGL,d_credit,0.04984751962730122
2017-12-04,GOOGL,r_vix,-0.08256118333637587
2017-12-04,GOOGL,GSPC,1.0223102764112904
2017-12-11,GOOGL,d_rate,-0.042851019062891654
2017-12-11,GOOGL,d_credit,0.08757351675886668
2017-12-11,GOOGL,r_vix,-0.08395417566662676
2017-12-11,GOOGL,GSPC,1.1010113830701802
2017-12-18,GOOGL,d_rate,-0.04586806332592915
2017-12-18,GOOGL,d_credit,0.07745684453925761
2017-12-18,GOOGL,r_vix,-0.08496211993132678
2017-12-18,GOOGL,GSPC,1.078179707049366
2017-12-25,GOOGL,d_rate,-0.04297707386363884
2017-12-25,GOOGL,d_credit,0.08392425385811754
2017-12-25,GOOGL,r_vix,-0.0857745753678965
2017-12-25,GOOGL,GSPC,1.0928205794886006
2018-01-01,GOOGL,d_rate,-0.03866541401937612
2018-01-01,GOOGL,d_credit,0.09606555000081972
2018-01-01,GOOGL,r_vix,-0.08493575265879783
2018-01-01,GOOGL,GSPC,1.1627858365150239
2018-01-08,GOOGL,d_rate,-0.039516987485220555
2018-01-08,GOOGL,d_credit,0.07297210850923647
2018-01-08,GOOGL,r_vix,-0.07770490435055802
2018-01-08,GOOGL,GSPC,1.2633300829321437
2018-01-15,GOOGL,d_rate,-0.03781256245735204
2018-01-15,GOOGL,d_credit,0.06895358021098251
2018-01-15,GOOGL,r_vix,-0.07417103963832727
2018-01-15,GOOGL,GSPC,1.307164397499939
2018-01-22,GOOGL,d_rate,-0.039084182149847504
2018-01-22,GOOGL,d_credit,0.06572186665615533
2018-01-22,GOOGL,r_vix,-0.07215093685353313
2018-01-22,GOOGL,GSPC,1.3660480082626334
2018-01-29,GOOGL,d_rate,-0.009125015721426826
2018-01-29,GOOGL,d_credit,0.12805810271579926
2018-01-29,GOOGL,r_vix,-0.06863030713057643
2018-01-29,GOOGL,GSPC,1.1736602476640339
2018-02-05,GOOGL,d_rate,-0.005467302634414833
2018-02-05,GOOGL,d_credit,0.14089210254477288
2018-02-05,GOOGL,r_vix,-0.0693168481575462
2018-02-05,GOOGL,GSPC,1.1146324438501622
2018-02-12,GOOGL,d_rate,-0.016227533625227383
2018-02-12,GOOGL,d_credit,0.10055078654738316
2018-02-12,GOOGL,r_vix,-0.06554138389517701
2018-02-12,GOOGL,GSPC,0.9891956293824755
2018-02-19,GOOGL,d_rate,-0.019258812878020448
2018-02-19,GOOGL,d_credit,0.11045806372629402
2018-02-19,GOOGL,r_vix,-0.06655481301842447
2018-02-19,GOOGL,GSPC,0.9980407679394652
2018-02-26,GOOGL,d_rate,-0.01947542808933919
2018-02-26,GOOGL,d_credit,0.09963071101695317
2018-02-26,GOOGL,r_vix,-0.06564084971659197
2018-02-26,GOOGL,GSPC,1.032160489062553
2018-03-05,GOOGL,d_rate,-0.026567415706242152
2018-03-05,GOOGL,d_credit,0.09223586820925685
2018-03-05,GOOGL,r_vix,-0.06544274337120883
2018-03-05,GOOGL,GSPC,1.0577789440867602
2018-03-12,GOOGL,d_rate,-0.025120428233087466
2018-03-12,GOOGL,d_credit,0.09157138109455813
2018-03-12,GOOGL,r_vix,-0.0643807074799749
2018-03-12,GOOGL,GSPC,1.080737069693174
2018-03-19,GOOGL,d_rate,-0.03973604694624871
2018-03-19,GOOGL,d_credit,0.0644413931594125
2018-03-19,GOOGL,r_vix,-0.06271416538837563
2018-03-19,GOOGL,GSPC,1.1130785025539218
2018-03-26,GOOGL,d_rate,-0.04022979647260421
2018-03-26,GOOGL,d_credit,0.0571524951194603
2018-03-26,GOOGL,r_vix,-0.0661477881652349
2018-03-26,GOOGL,GSPC,1.0616079151711655
2018-04-02,GOOGL,d_rate,-0.03191979493559966
2018-04-02,GOOGL,d_credit,0.08227116521716407
2018-04-02,GOOGL,r_vix,-0.056740564664933164
2018-04-02,GOOGL,GSPC,1.177162150422824
2018-04-09,GOOGL,d_rate,-0.03222102847840412
2018-04-09,GOOGL,d_credit,0.08556005431440272
2018-04-09,GOOGL,r_vix,-0.05461314457669119
2018-04-09,GOOGL,GSPC,1.1978146319331167
2018-04-16,GOOGL,d_rate,-0.007996972389829033
2018-04-16,GOOGL,d_credit,0.09719415190212959
2018-04-16,GOOGL,r_vix,-0.05892968243382798
2018-04-16,GOOGL,GSPC,1.1633171671713298
2018-04-23,GOOGL,d_rate,-0.022931615275298054
2018-04-23,GOOGL,d_credit,0.051019950815253505
2018-04-23,GOOGL,r_vix,-0.03674418466506942
2018-04-23,GOOGL,GSPC,1.2810908364903697
2018-04-30,GOOGL,d_rate,-0.023421395619623957
2018-04-30,GOOGL,d_credit,0.08139585853871897
2018-04-30,GOOGL,r_vix,-0.03837264111860536
2018-04-30,GOOGL,GSPC,1.2872411673063213
2018-05-07,GOOGL,d_rate,-0.023493627557747008
2018-05-07,GOOGL,d_credit,0.07682970651029504
2018-05-07,GOOGL,r_vix,-0.037458944448856696
2018-05-07,GOOGL,GSPC,1.3124155764632304
2018-05-14,GOOGL,d_rate,-0.028523260135528514
2018-05-14,GOOGL,d_credit,0.06731856981434788
2018-05-14,GOOGL,r_vix,-0.037973211512432624
2018-05-14,GOOGL,GSPC,1.3136688610636007
2018-05-21,GOOGL,d_rate,-0.03135446677931151
2018-05-21,GOOGL,d_credit,0.06802976475781156
2018-05-21,GOOGL,r_vix,-0.03487664445446631
2018-05-21,GOOGL,GSPC,1.3288038526663861
2018-05-28,GOOGL,d_rate,-0.04020111752338518
2018-05-28,GOOGL,d_credit,0.10139265780833381
2018-05-28,GOOGL,r_vix,-0.03018463530940668
2018-05-28,GOOGL,GSPC,1.4135349933922874
2018-06-04,GOOGL,d_rate,-0.04295879053608924
2018-06-04,GOOGL,d_credit,0.08298211526520627
2018-06-04,GOOGL,r_vix,-0.029266944111404083
2018-06-04,GOOGL,GSPC,1.377171339943973
2018-06-11,GOOGL,d_rate,-0.05147676977449013
2018-06-11,GOOGL,d_credit,0.06091664534998036
2018-06-11,GOOGL,r_vix,-0.03130591836562712
2018-06-11,GOOGL,GSPC,1.3389612775266577
2018-06-18,GOOGL,d_rate,-0.04371027547532834
2018-06-18,GOOGL,d_credit,0.10352893248583742
2018-06-18,GOOGL,r_vix,-0.028636707715368397
2018-06-18,GOOGL,GSPC,1.389182875028958
2018-06-25,GOOGL,d_rate,-0.020500767057325585
2018-06-25,GOOGL,d_credit,0.07876681480081175
2018-06-25,GOOGL,r_vix,-0.029656040673249846
2018-06-25,GOOGL,GSPC,1.338622936030882
2018-07-02,GOOGL,d_rate,-0.024032533803027945
2018-07-02,GOOGL,d_credit,0.07908570518378903
2018-07-02,GOOGL,r_vix,-0.02863241569079363
2018-07-02,GOOGL,GSPC,1.3484701557966081
2018-07-09,GOOGL,d_rate,-0.024823915640870612
2018-07-09,GOOGL,d_credit,0.058462148531267015
2018-07-09,GOOGL,r_vix,-0.027295278703345586
2018-07-09,GOOGL,GSPC,1.3457076257590548
2018-07-16,GOOGL,d_rate,-0.020323229521702384
2018-07-16,GOOGL,d_credit,0.065252418888454
2018-07-16,GOOGL,r_vix,-0.027964723646500326
2018-07-16,GOOGL,GSPC,1.3441966128793734
2018-07-23,GOOGL,d_rate,-0.009852025487126157
2018-07-23,GOOGL,d_credit,0.033087175098329924
2018-07-23,GOOGL,r_vix,-0.022867209667814064
2018-07-23,GOOGL,GSPC,1.3439515891667952
2018-07-30,GOOGL,d_rate,-0.011747665603011801
2018-07-30,GOOGL,d_credit,0.028998188460619436
2018-07-30,GOOGL,r_vix,-0.02046328095520985
2018-07-30,GOOGL,GSPC,1.3508540627214007
2018-08-06,GOOGL,d_rate,-0.014775096168174916
2018-08-06,GOOGL,d_credit,0.026818230584064053
2018-08-06,GOOGL,r_vix,-0.021830641776890605
2018-08-06,GOOGL,GSPC,1.3426488290305911
2018-08-13,GOOGL,d_rate,-0.015693518115950794
2018-08-13,GOOGL,d_credit,0.00881631148467722
2018-08-13,GOOGL,r_vix,-0.021076000770784
2018-08-13,GOOGL,GSPC,1.3228247433370557
2018-08-20,GOOGL,d_rate,-0.016701154187828388
2018-08-20,GOOGL,d_credit,0.008924828168808935
2018-08-20,GOOGL,r_vix,-0.025905031118954557
2018-08-20,GOOGL,GSPC,1.2903179558511595
2018-08-27,GOOGL,d_rate,-0.018999643077435235
2018-08-27,GOOGL,d_credit,-0.0012906616238037168
2018-08-27,GOOGL,r_vix,-0.029483662135020974
2018-08-27,GOOGL,GSPC,1.2475035122608513
2018-09-03,GOOGL,d_rate,-0.03010098675071757
2018-09-03,GOOGL,d_credit,-0.008014011682999402
2018-09-03,GOOGL,r_vix,-0.029870473425919076
2018-09-03,GOOGL,GSPC,1.2641509503689619
2018-09-10,GOOGL,d_rate,-0.01612539534470545
2018-09-10,GOOGL,d_credit,-0.012982115288349978
2018-09-10,GOOGL,r_vix,-0.031306583757335645
2018-09-10,GOOGL,GSPC,1.253566521293625
2018-09-17,GOOGL,d_rate,-0.021287647421229218
2018-09-17,GOOGL,d_credit,-1.8080671743647223e-4
2018-09-17,GOOGL,r_vix,-0.029186917763474488
2018-09-17,GOOGL,GSPC,1.2809438370163664
2018-09-24,GOOGL,d_rate,-0.030564220995646832
2018-09-24,GOOGL,d_credit,0.01412120687972055
2018-09-24,GOOGL,r_vix,-0.029825595420918144
2018-09-24,GOOGL,GSPC,1.2724139705939772
2018-10-01,GOOGL,d_rate,-0.03860833229932404
2018-10-01,GOOGL,d_credit,0.010100156249953867
2018-10-01,GOOGL,r_vix,-0.031291378807434274
2018-10-01,GOOGL,GSPC,1.2636227274737797
2018-10-08,GOOGL,d_rate,-0.04249961824449523
2018-10-08,GOOGL,d_credit,0.005334577355677855
2018-10-08,GOOGL,r_vix,-0.02977247532119068
2018-10-08,GOOGL,GSPC,1.2290727572862605
2018-10-15,GOOGL,d_rate,-0.044988326335994706
2018-10-15,GOOGL,d_credit,-0.00769048226377456
2018-10-15,GOOGL,r_vix,-0.025555902337511285
2018-10-15,GOOGL,GSPC,1.2536974110947754
2018-10-22,GOOGL,d_rate,-0.055889775093888226
2018-10-22,GOOGL,d_credit,0.013420684620128064
2018-10-22,GOOGL,r_vix,-0.02841433085770882
2018-10-22,GOOGL,GSPC,1.2019412858151994
2018-10-29,GOOGL,d_rate,-0.07845038637463865
2018-10-29,GOOGL,d_credit,-0.007926746959115319
2018-10-29,GOOGL,r_vix,-0.02027973103819556
2018-10-29,GOOGL,GSPC,1.2138790867831932
2018-11-05,GOOGL,d_rate,-0.06946707848752262
2018-11-05,GOOGL,d_credit,0.002950778599949081
2018-11-05,GOOGL,r_vix,-0.024472429022133833
2018-11-05,GOOGL,GSPC,1.16453429132825
2018-11-12,GOOGL,d_rate,-0.07265205866407293
2018-11-12,GOOGL,d_credit,0.008406604383368708
2018-11-12,GOOGL,r_vix,-0.024302293992147304
2018-11-12,GOOGL,GSPC,1.1713304935835327
2018-11-19,GOOGL,d_rate,-0.07172581075223891
2018-11-19,GOOGL,d_credit,0.00894036376502333
2018-11-19,GOOGL,r_vix,-0.025908445929357083
2018-11-19,GOOGL,GSPC,1.141269163872122
2018-11-26,GOOGL,d_rate,-0.08377805176797676
2018-11-26,GOOGL,d_credit,0.012771443359391493
2018-11-26,GOOGL,r_vix,0.004831399178481466
2018-11-26,GOOGL,GSPC,1.413767374384683
2018-12-03,GOOGL,d_rate,-0.08182228480505357
2018-12-03,GOOGL,d_credit,0.017745226405012655
2018-12-03,GOOGL,r_vix,0.013890529080319841
2018-12-03,GOOGL,GSPC,1.4898884747328316
2018-12-10,GOOGL,d_rate,-0.07566226334970685
2018-12-10,GOOGL,d_credit,0.0027066802577462587
2018-12-10,GOOGL,r_vix,0.0013538909005242803
2018-12-10,GOOGL,GSPC,1.3715433311531307
2018-12-17,GOOGL,d_rate,-0.07870147031074382
2018-12-17,GOOGL,d_credit,-0.0021072670502650308
2018-12-17,GOOGL,r_vix,-0.008036961001583132
2018-12-17,GOOGL,GSPC,1.2408548305820413
2018-12-24,GOOGL,d_rate,-0.09216084378671059
2018-12-24,GOOGL,d_credit,-0.0032665490951120923
2018-12-24,GOOGL,r_vix,-1.110791707609192e-4
2018-12-24,GOOGL,GSPC,1.3116775790685251
2018-12-31,GOOGL,d_rate,-0.09758456542474261
2018-12-31,GOOGL,d_credit,-0.006627124390232885
2018-12-31,GOOGL,r_vix,0.002546174005183829
2018-12-31,GOOGL,GSPC,1.3109029229221054
2019-01-07,GOOGL,d_rate,-0.09590148630345292
2019-01-07,GOOGL,d_credit,0.007581293265851565
2019-01-07,GOOGL,r_vix,1.4740905911504132e-4
2019-01-07,GOOGL,GSPC,1.2679213829447735
2019-01-14,GOOGL,d_rate,-0.09678375984961773
2019-01-14,GOOGL,d_credit,0.007081497470757617
2019-01-14,GOOGL,r_vix,0.0010909842397430515
2019-01-14,GOOGL,GSPC,1.2811956278861507
2019-01-21,GOOGL,d_rate,-0.09108821310126552
2019-01-21,GOOGL,d_credit,0.01908637729978915
2019-01-21,GOOGL,r_vix,-0.0036471629663309265
2019-01-21,GOOGL,GSPC,1.2462606192408747
2019-01-28,GOOGL,d_rate,-0.09281564733548635
2019-01-28,GOOGL,d_credit,0.028172910690997956
2019-01-28,GOOGL,r_vix,-0.009174582858458995
2019-01-28,GOOGL,GSPC,1.2254594002660506
2019-02-04,GOOGL,d_rate,-0.08290898009531801
2019-02-04,GOOGL,d_credit,0.03855684744637764
2019-02-04,GOOGL,r_vix,-0.0097018868869035
2019-02-04,GOOGL,GSPC,1.2153264068273866
2019-02-11,GOOGL,d_rate,-0.08129525270432339
2019-02-11,GOOGL,d_credit,0.04352949490886658
2019-02-11,GOOGL,r_vix,-0.015050529900051332
2019-02-11,GOOGL,GSPC,1.1841008621490203
2019-02-18,GOOGL,d_rate,-0.08439855559160915
2019-02-18,GOOGL,d_credit,0.0381126016669899
2019-02-18,GOOGL,r_vix,-0.0046921342122683
2019-02-18,GOOGL,GSPC,1.2364842484108256
2019-02-25,GOOGL,d_rate,-0.0683149564540115
2019-02-25,GOOGL,d_credit,0.0351171406537611
2019-02-25,GOOGL,r_vix,-3.954537728686914e-4
2019-02-25,GOOGL,GSPC,1.2317108085907995
2019-03-04,GOOGL,d_rate,-0.08690788381015231
2019-03-04,GOOGL,d_credit,0.0019926553653448957
2019-03-04,GOOGL,r_vix,0.015915375378438828
2019-03-04,GOOGL,GSPC,1.2704631457152071
2019-03-11,GOOGL,d_rate,-0.0888457218217856
2019-03-11,GOOGL,d_credit,3.390932902062921e-4
2019-03-11,GOOGL,r_vix,0.01670028147983954
2019-03-11,GOOGL,GSPC,1.269476207878627
2019-03-18,GOOGL,d_rate,-0.08282835588088715
2019-03-18,GOOGL,d_credit,0.005443551144365454
2019-03-18,GOOGL,r_vix,0.029930820536439504
2019-03-18,GOOGL,GSPC,1.249659751649031
2019-03-25,GOOGL,d_rate,-0.0756044408092433
2019-03-25,GOOGL,d_credit,0.017317034397839458
2019-03-25,GOOGL,r_vix,0.044015281189354355
2019-03-25,GOOGL,GSPC,1.3218065759847788
2019-04-01,GOOGL,d_rate,-0.07405638778075621
2019-04-01,GOOGL,d_credit,0.012648120905411007
2019-04-01,GOOGL,r_vix,0.042625453659035376
2019-04-01,GOOGL,GSPC,1.3135664245993997
2019-04-08,GOOGL,d_rate,-0.07403483728885792
2019-04-08,GOOGL,d_credit,0.00949664393904899
2019-04-08,GOOGL,r_vix,0.04562340237900062
2019-04-08,GOOGL,GSPC,1.319857379123819
2019-04-15,GOOGL,d_rate,-0.10320290668770318
2019-04-15,GOOGL,d_credit,-0.005347901156809898
2019-04-15,GOOGL,r_vix,0.04808634676253669
2019-04-15,GOOGL,GSPC,1.3537193440341777
2019-04-22,GOOGL,d_rate,-0.09971618446888535
2019-04-22,GOOGL,d_credit,0.004513587636537272
2019-04-22,GOOGL,r_vix,0.037054458531152676
2019-04-22,GOOGL,GSPC,1.294823185669959
2019-04-29,GOOGL,d_rate,-0.11164537925394845
2019-04-29,GOOGL,d_credit,0.0027087080781612385
2019-04-29,GOOGL,r_vix,0.03835450226248568
2019-04-29,GOOGL,GSPC,1.3205510841532238
2019-05-06,GOOGL,d_rate,-0.10940197909231217
2019-05-06,GOOGL,d_credit,0.00774114338385923
2019-05-06,GOOGL,r_vix,0.03888865203622751
2019-05-06,GOOGL,GSPC,1.3042452474806303
2019-05-13,GOOGL,d_rate,-0.10148644885886543
2019-05-13,GOOGL,d_credit,0.013362786756921905
2019-05-13,GOOGL,r_vix,0.03845492670480324
2019-05-13,GOOGL,GSPC,1.2898865293414783
2019-05-20,GOOGL,d_rate,-0.10293140765168066
2019-05-20,GOOGL,d_credit,0.003020778081358789
2019-05-20,GOOGL,r_vix,0.043687971989684535
2019-05-20,GOOGL,GSPC,1.3211876786443104
2019-05-27,GOOGL,d_rate,-0.09180367460858235
2019-05-27,GOOGL,d_credit,-0.006995394419848588
2019-05-27,GOOGL,r_vix,0.04040828255532108
2019-05-27,GOOGL,GSPC,1.2886736960213883
2019-06-03,GOOGL,d_rate,-0.06720191751900917
2019-06-03,GOOGL,d_credit,-0.03632540103352855
2019-06-03,GOOGL,r_vix,0.02365591092114392
2019-06-03,GOOGL,GSPC,1.007846878270349
2019-06-10,GOOGL,d_rate,-0.06504396265717469
2019-06-10,GOOGL,d_credit,-0.026471658970059403
2019-06-10,GOOGL,r_vix,0.021895907854830497
2019-06-10,GOOGL,GSPC,1.0059455663286352
2019-06-17,GOOGL,d_rate,-0.07566249914455671
2019-06-17,GOOGL,d_credit,-0.05468682507353026
2019-06-17,GOOGL,r_vix,0.02409384025387298
2019-06-17,GOOGL,GSPC,1.026676353709824
2019-06-24,GOOGL,d_rate,-0.06187901212347468
2019-06-24,GOOGL,d_credit,-0.03100882571018144
2019-06-24,GOOGL,r_vix,0.03222904085463898
2019-06-24,GOOGL,GSPC,1.0612429264323697
2019-07-01,GOOGL,d_rate,-0.05774893333817912
2019-07-01,GOOGL,d_credit,-0.03878885237098832
2019-07-01,GOOGL,r_vix,0.03233558943002786
2019-07-01,GOOGL,GSPC,1.063024016711498
2019-07-08,GOOGL,d_rate,-0.048085400019031554
2019-07-08,GOOGL,d_credit,-0.01857650429240676
2019-07-08,GOOGL,r_vix,0.03157893800338447
2019-07-08,GOOGL,GSPC,1.0483608305081942
2019-07-15,GOOGL,d_rate,-0.04675626062137881
2019-07-15,GOOGL,d_credit,-0.017124200699671813
2019-07-15,GOOGL,r_vix,0.030754963643040915
2019-07-15,GOOGL,GSPC,1.0453096482027475
2019-07-22,GOOGL,d_rate,-0.07633291780032553
2019-07-22,GOOGL,d_credit,-0.08717546816686253
2019-07-22,GOOGL,r_vix,0.011221654395833253
2019-07-22,GOOGL,GSPC,0.9686574403495296
2019-07-29,GOOGL,d_rate,-0.06337720742959996
2019-07-29,GOOGL,d_credit,-0.07622623070514493
2019-07-29,GOOGL,r_vix,-0.003084729235599368
2019-07-29,GOOGL,GSPC,0.9099704107527067
2019-08-05,GOOGL,d_rate,-0.060149047283908734
2019-08-05,GOOGL,d_credit,-0.07631175978003304
2019-08-05,GOOGL,r_vix,-0.0059930556620731495
2019-08-05,GOOGL,GSPC,0.8908058888103028
2019-08-12,GOOGL,d_rate,-0.05339553639895732
2019-08-12,GOOGL,d_credit,-0.06761659237381967
2019-08-12,GOOGL,r_vix,-0.0070975396942559625
2019-08-12,GOOGL,GSPC,0.889255225533353
2019-08-19,GOOGL,d_rate,-0.052590949787848194
2019-08-19,GOOGL,d_credit,-0.06748983358400268
2019-08-19,GOOGL,r_vix,-0.006384499666025628
2019-08-19,GOOGL,GSPC,0.8931438777193577
2019-08-26,GOOGL,d_rate,-0.051440954552393975
2019-08-26,GOOGL,d_credit,-0.06661527058751807
2019-08-26,GOOGL,r_vix,-0.0027324649711710364
2019-08-26,GOOGL,GSPC,0.9202493133462607
2019-09-02,GOOGL,d_rate,-0.03427115739915381
2019-09-02,GOOGL,d_credit,-0.05957541762010025
2019-09-02,GOOGL,r_vix,0.0056792514985226535
2019-09-02,GOOGL,GSPC,0.9314746732583243
2019-09-09,GOOGL,d_rate,-0.010725550568887481
2019-09-09,GOOGL,d_credit,-0.05471207260913285
2019-09-09,GOOGL,r_vix,0.0030304571015478585
2019-09-09,GOOGL,GSPC,0.890652950508705
2019-09-16,GOOGL,d_rate,-0.004596236358952118
2019-09-16,GOOGL,d_credit,-0.054548642705141544
2019-09-16,GOOGL,r_vix,0.003219659902403139
2019-09-16,GOOGL,GSPC,0.8862499800911743
2019-09-23,GOOGL,d_rate,-0.006511620673431528
2019-09-23,GOOGL,d_credit,-0.05616298060418166
2019-09-23,GOOGL,r_vix,0.003614232909686016
2019-09-23,GOOGL,GSPC,0.8955418178791886
2019-09-30,GOOGL,d_rate,0.020477254657994624
2019-09-30,GOOGL,d_credit,-0.045603830218495234
2019-09-30,GOOGL,r_vix,0.020882713654524685
2019-09-30,GOOGL,GSPC,0.9378469891956914
2019-10-07,GOOGL,d_rate,0.016093348501117686
2019-10-07,GOOGL,d_credit,-0.046238875492875024
2019-10-07,GOOGL,r_vix,0.02414766640486
2019-10-07,GOOGL,GSPC,0.9486287910026603
2019-10-14,GOOGL,d_rate,0.019749442805367654
2019-10-14,GOOGL,d_credit,-0.039918817889681026
2019-10-14,GOOGL,r_vix,0.018827940423181967
2019-10-14,GOOGL,GSPC,0.921385649159493
2019-10-21,GOOGL,d_rate,0.017130355610898134
2019-10-21,GOOGL,d_credit,-0.05191279073836411
2019-10-21,GOOGL,r_vix,0.01999308335748787
2019-10-21,GOOGL,GSPC,0.9549132021491228
2019-10-28,GOOGL,d_rate,0.03383699627492261
2019-10-28,GOOGL,d_credit,-0.0307184602115833
2019-10-28,GOOGL,r_vix,0.012807792372801967
2019-10-28,GOOGL,GSPC,0.9293163371953392
2019-11-04,GOOGL,d_rate,0.036328370631147994
2019-11-04,GOOGL,d_credit,-0.0352786172890709
2019-11-04,GOOGL,r_vix,0.014389044369549957
2019-11-04,GOOGL,GSPC,0.9433156008246952
2019-11-11,GOOGL,d_rate,0.03064385653325469
2019-11-11,GOOGL,d_credit,-0.05580779599024152
2019-11-11,GOOGL,r_vix,0.018641042473261878
2019-11-11,GOOGL,GSPC,0.9746741521667694
2019-11-18,GOOGL,d_rate,0.03333203636383405
2019-11-18,GOOGL,d_credit,-0.054427773338414545
2019-11-18,GOOGL,r_vix,0.019226633627629584
2019-11-18,GOOGL,GSPC,0.979259341085765
2019-11-25,GOOGL,d_rate,0.029175297852933404
2019-11-25,GOOGL,d_credit,-0.0988137323474862
2019-11-25,GOOGL,r_vix,0.014846412377396105
2019-11-25,GOOGL,GSPC,0.8449013865569289
2019-12-02,GOOGL,d_rate,0.03384403778034082
2019-12-02,GOOGL,d_credit,-0.09756251041782613
2019-12-02,GOOGL,r_vix,0.02020151996688784
2019-12-02,GOOGL,GSPC,0.8199451233513588
2019-12-09,GOOGL,d_rate,0.03496809472953497
2019-12-09,GOOGL,d_credit,-0.09034101141789817
2019-12-09,GOOGL,r_vix,0.023778248372840562
2019-12-09,GOOGL,GSPC,0.8497237309777753
2019-12-16,GOOGL,d_rate,0.030371466582692543
2019-12-16,GOOGL,d_credit,-0.0848192359804717
2019-12-16,GOOGL,r_vix,0.01805623434719546
2019-12-16,GOOGL,GSPC,0.8287509453938932
2019-12-23,GOOGL,d_rate,0.015877089999605933
2019-12-23,GOOGL,d_credit,-0.20016579817534466
2019-12-23,GOOGL,r_vix,0.007006466301523191
2019-12-23,GOOGL,GSPC,0.5524977348802798
2019-12-30,GOOGL,d_rate,0.021530534272039124
2019-12-30,GOOGL,d_credit,-0.2069165181846008
2019-12-30,GOOGL,r_vix,0.0255364216234262
2019-12-30,GOOGL,GSPC,0.5973552926357492
2020-01-06,GOOGL,d_rate,0.026189050546633473
2020-01-06,GOOGL,d_credit,-0.1829601395252812
2020-01-06,GOOGL,r_vix,0.010211739921017732
2020-01-06,GOOGL,GSPC,0.6064335333280165
2020-01-13,GOOGL,d_rate,0.025179448163286496
2020-01-13,GOOGL,d_credit,-0.1790124490341976
2020-01-13,GOOGL,r_vix,0.008635707666493004
2020-01-13,GOOGL,GSPC,0.6087699334289519
2020-01-20,GOOGL,d_rate,0.023640063646480896
2020-01-20,GOOGL,d_credit,-0.18636029679149035
2020-01-20,GOOGL,r_vix,0.005136310634960881
2020-01-20,GOOGL,GSPC,0.5779532030100932
2020-01-27,GOOGL,d_rate,0.027952393101753622
2020-01-27,GOOGL,d_credit,-0.16036410864952336
2020-01-27,GOOGL,r_vix,0.009639120708975636
2020-01-27,GOOGL,GSPC,0.5973279422107209
2020-02-03,GOOGL,d_rate,0.0245043406890554
2020-02-03,GOOGL,d_credit,-0.16451759422394932
2020-02-03,GOOGL,r_vix,0.006207725215666522
2020-02-03,GOOGL,GSPC,0.5689323967238905
2020-02-10,GOOGL,d_rate,0.024148708214729333
2020-02-10,GOOGL,d_credit,-0.160618409728543
2020-02-10,GOOGL,r_vix,0.00538838593180564
2020-02-10,GOOGL,GSPC,0.5950780567772312
2020-02-17,GOOGL,d_rate,0.02183754233864283
2020-02-17,GOOGL,d_credit,-0.1665694203289726
2020-02-17,GOOGL,r_vix,-0.0022787788252688263
2020-02-17,GOOGL,GSPC,0.5557444990531107
2020-02-24,GOOGL,d_rate,0.015537772300991003
2020-02-24,GOOGL,d_credit,-0.16823960523013295
2020-02-24,GOOGL,r_vix,-0.0045592388610571025
2020-02-24,GOOGL,GSPC,0.5603089829590134
2020-03-02,GOOGL,d_rate,0.0184044268216039
2020-03-02,GOOGL,d_credit,-0.17450633496041476
2020-03-02,GOOGL,r_vix,-0.0058534117276863576
2020-03-02,GOOGL,GSPC,0.5535364088451875
2020-03-09,GOOGL,d_rate,0.03013815293251659
2020-03-09,GOOGL,d_credit,-0.16978158204158014
2020-03-09,GOOGL,r_vix,0.0016090874839262352
2020-03-09,GOOGL,GSPC,0.5286911573488148
2020-03-16,GOOGL,d_rate,0.03316313980737178
2020-03-16,GOOGL,d_credit,-0.15977914686397102
2020-03-16,GOOGL,r_vix,0.001293353722908859
2020-03-16,GOOGL,GSPC,0.5787807759396609
2020-03-23,GOOGL,d_rate,0.036831649111852195
2020-03-23,GOOGL,d_credit,-0.13412073090678456
2020-03-23,GOOGL,r_vix,-0.027835320158043866
2020-03-23,GOOGL,GSPC,0.49195135679448715
2020-03-30,GOOGL,d_rate,0.04628507176020719
2020-03-30,GOOGL,d_credit,-0.1200120548477542
2020-03-30,GOOGL,r_vix,-0.013670868053012443
2020-03-30,GOOGL,GSPC,0.5449004038512792
2020-04-06,GOOGL,d_rate,0.05476709548709616
2020-04-06,GOOGL,d_credit,-0.09149239304058597
2020-04-06,GOOGL,r_vix,-0.006784030949014324
2020-04-06,GOOGL,GSPC,0.638180612910084
2020-04-13,GOOGL,d_rate,0.051916590842766605
2020-04-13,GOOGL,d_credit,-0.10650617023412509
2020-04-13,GOOGL,r_vix,-0.007897602715156127
2020-04-13,GOOGL,GSPC,0.6239697786347388
2020-04-20,GOOGL,d_rate,0.05173457518949788
2020-04-20,GOOGL,d_credit,-0.10391102179823203
2020-04-20,GOOGL,r_vix,-0.010574815446345736
2020-04-20,GOOGL,GSPC,0.6186367369819373
2020-04-27,GOOGL,d_rate,0.06303449318244059
2020-04-27,GOOGL,d_credit,-0.11251038436153733
2020-04-27,GOOGL,r_vix,-0.003295947546504815
2020-04-27,GOOGL,GSPC,0.6192027605552564
2020-05-04,GOOGL,d_rate,0.06628907614620717
2020-05-04,GOOGL,d_credit,-0.07729560249480738
2020-05-04,GOOGL,r_vix,-0.016773861413094154
2020-05-04,GOOGL,GSPC,0.646160124626089
2020-05-11,GOOGL,d_rate,0.06726575593867226
2020-05-11,GOOGL,d_credit,-0.078509593648593
2020-05-11,GOOGL,r_vix,-0.015062961688005487
2020-05-11,GOOGL,GSPC,0.6460658800996818
2020-05-18,GOOGL,d_rate,0.06779301194339382
2020-05-18,GOOGL,d_credit,-0.06368981484864283
2020-05-18,GOOGL,r_vix,-0.016798267083548157
2020-05-18,GOOGL,GSPC,0.6532757788535982
2020-05-25,GOOGL,d_rate,0.06834971293711219
2020-05-25,GOOGL,d_credit,-0.05760110024433333
2020-05-25,GOOGL,r_vix,-0.018482388516737416
2020-05-25,GOOGL,GSPC,0.6522985321507956
2020-06-01,GOOGL,d_rate,0.04729153525283608
2020-06-01,GOOGL,d_credit,0.006992347708749638
2020-06-01,GOOGL,r_vix,-0.040356432675862294
2020-06-01,GOOGL,GSPC,0.7060532246847604
2020-06-08,GOOGL,d_rate,0.04398964878392016
2020-06-08,GOOGL,d_credit,-0.004563409030264988
2020-06-08,GOOGL,r_vix,-0.029184111696845465
2020-06-08,GOOGL,GSPC,0.6977554346592937
2020-06-15,GOOGL,d_rate,0.044301068933300956
2020-06-15,GOOGL,d_credit,-3.503526000460506e-4
2020-06-15,GOOGL,r_vix,-0.030536207625486707
2020-06-15,GOOGL,GSPC,0.6945603557953557
2020-06-22,GOOGL,d_rate,0.040970273705268394
2020-06-22,GOOGL,d_credit,-0.012955943285154106
2020-06-22,GOOGL,r_vix,-0.029040248776433214
2020-06-22,GOOGL,GSPC,0.6904936850275459
2020-06-29,GOOGL,d_rate,0.04424858024222468
2020-06-29,GOOGL,d_credit,-5.489692655274789e-4
2020-06-29,GOOGL,r_vix,-0.023498293221793223
2020-06-29,GOOGL,GSPC,0.731191447070157
2020-07-06,GOOGL,d_rate,0.04139269832411686
2020-07-06,GOOGL,d_credit,-0.01279902797216273
2020-07-06,GOOGL,r_vix,-0.02755777388336982
2020-07-06,GOOGL,GSPC,0.7117726907693829
2020-07-13,GOOGL,d_rate,0.04242971752745028
2020-07-13,GOOGL,d_credit,-0.00801667582057305
2020-07-13,GOOGL,r_vix,-0.026375485750837174
2020-07-13,GOOGL,GSPC,0.7161018808393771
2020-07-20,GOOGL,d_rate,0.04809522216293437
2020-07-20,GOOGL,d_credit,0.02392484851334317
2020-07-20,GOOGL,r_vix,-0.018082855017149176
2020-07-20,GOOGL,GSPC,0.7615228719573086
2020-07-27,GOOGL,d_rate,0.048003002202022034
2020-07-27,GOOGL,d_credit,0.015630413792823254
2020-07-27,GOOGL,r_vix,-0.01408017628900477
2020-07-27,GOOGL,GSPC,0.7520402021061103
2020-08-03,GOOGL,d_rate,0.04734299658781911
2020-08-03,GOOGL,d_credit,0.01435174332322978
2020-08-03,GOOGL,r_vix,-0.013064240237889182
2020-08-03,GOOGL,GSPC,0.7487132115832509
2020-08-10,GOOGL,d_rate,0.04534872686636164
2020-08-10,GOOGL,d_credit,0.010349416861898168
2020-08-10,GOOGL,r_vix,-0.013128174823125222
2020-08-10,GOOGL,GSPC,0.7447604464539397
2020-08-17,GOOGL,d_rate,0.04351168632987286
2020-08-17,GOOGL,d_credit,0.015844988098999046
2020-08-17,GOOGL,r_vix,-0.012464509403318846
2020-08-17,GOOGL,GSPC,0.7537641216818481
2020-08-24,GOOGL,d_rate,0.04509275929896304
2020-08-24,GOOGL,d_credit,0.018142259760125606
2020-08-24,GOOGL,r_vix,-0.011824501340844154
2020-08-24,GOOGL,GSPC,0.7570936146381694
2020-08-31,GOOGL,d_rate,0.04368270212546967
2020-08-31,GOOGL,d_credit,0.02796613811254323
2020-08-31,GOOGL,r_vix,-0.021405445375295186
2020-08-31,GOOGL,GSPC,0.7573937741268035
2020-09-07,GOOGL,d_rate,0.04528217017304988
2020-09-07,GOOGL,d_credit,0.026774570807679282
2020-09-07,GOOGL,r_vix,-0.014150660218507905
2020-09-07,GOOGL,GSPC,0.777576993159002
2020-09-14,GOOGL,d_rate,0.04340784176424372
2020-09-14,GOOGL,d_credit,0.030860801178506415
2020-09-14,GOOGL,r_vix,-0.01266053125844759
2020-09-14,GOOGL,GSPC,0.7909030267542261
2020-09-21,GOOGL,d_rate,0.04341171545651728
2020-09-21,GOOGL,d_credit,0.029581112115965796
2020-09-21,GOOGL,r_vix,-0.013086737187787087
2020-09-21,GOOGL,GSPC,0.7897978270298445
2020-09-28,GOOGL,d_rate,0.040943825534968996
2020-09-28,GOOGL,d_credit,0.031926395420560756
2020-09-28,GOOGL,r_vix,-0.014794297943729311
2020-09-28,GOOGL,GSPC,0.7897276683871471
2020-10-05,GOOGL,d_rate,0.04669559802953362
2020-10-05,GOOGL,d_credit,0.03052380502565273
2020-10-05,GOOGL,r_vix,-0.014371055994177026
2020-10-05,GOOGL,GSPC,0.7866694019568635
2020-10-12,GOOGL,d_rate,0.04681070645398745
2020-10-12,GOOGL,d_credit,0.022893841543939898
2020-10-12,GOOGL,r_vix,-0.007674093132947575
2020-10-12,GOOGL,GSPC,0.7892566408307418
2020-10-19,GOOGL,d_rate,0.0539715986157539
2020-10-19,GOOGL,d_credit,0.01795498486706867
2020-10-19,GOOGL,r_vix,-0.005542346816655634
2020-10-19,GOOGL,GSPC,0.7795324145538048
2020-10-26,GOOGL,d_rate,0.05892989777324752
2020-10-26,GOOGL,d_credit,0.008415906348984183
2020-10-26,GOOGL,r_vix,0.003586202283890728
2020-10-26,GOOGL,GSPC,0.7657795582372219
2020-11-02,GOOGL,d_rate,0.04975758017491343
2020-11-02,GOOGL,d_credit,0.011217112507217325
2020-11-02,GOOGL,r_vix,-0.00729233897296508
2020-11-02,GOOGL,GSPC,0.7700460079540543
2020-11-09,GOOGL,d_rate,0.0497634662680957
2020-11-09,GOOGL,d_credit,0.011731771741363172
2020-11-09,GOOGL,r_vix,-0.006820271825245161
2020-11-09,GOOGL,GSPC,0.7679362860315797
2020-11-16,GOOGL,d_rate,0.04885201779004583
2020-11-16,GOOGL,d_credit,0.018564802933948573
2020-11-16,GOOGL,r_vix,-0.007853052357989136
2020-11-16,GOOGL,GSPC,0.7743494175786434
2020-11-23,GOOGL,d_rate,0.049033354871217176
2020-11-23,GOOGL,d_credit,0.018377648017949784
2020-11-23,GOOGL,r_vix,-0.008168207264909948
2020-11-23,GOOGL,GSPC,0.7746431266486608
2020-11-30,GOOGL,d_rate,0.04529675435993797
2020-11-30,GOOGL,d_credit,0.01875211998099768
2020-11-30,GOOGL,r_vix,-0.010396721152921833
2020-11-30,GOOGL,GSPC,0.7719509536799294
2020-12-07,GOOGL,d_rate,0.04655467487135105
2020-12-07,GOOGL,d_credit,0.020111437114648228
2020-12-07,GOOGL,r_vix,-0.012283277919574065
2020-12-07,GOOGL,GSPC,0.771207325823809
2020-12-14,GOOGL,d_rate,0.04474373759006654
2020-12-14,GOOGL,d_credit,0.009707493818734658
2020-12-14,GOOGL,r_vix,-0.008030786225978885
2020-12-14,GOOGL,GSPC,0.7671060326585666
2020-12-21,GOOGL,d_rate,0.044767300891272545
2020-12-21,GOOGL,d_credit,0.009806770696757122
2020-12-21,GOOGL,r_vix,-0.007823687294088383
2020-12-21,GOOGL,GSPC,0.7676908880959383
2020-12-28,GOOGL,d_rate,0.04526603200940771
2020-12-28,GOOGL,d_credit,0.008813693142888712
2020-12-28,GOOGL,r_vix,-0.007889921858866762
2020-12-28,GOOGL,GSPC,0.7659017045306207
2021-01-04,GOOGL,d_rate,0.04352794980943807
2021-01-04,GOOGL,d_credit,0.003346147479981717
2021-01-04,GOOGL,r_vix,-0.0036897940924103317
2021-01-04,GOOGL,GSPC,0.7675860181907974
2021-01-11,GOOGL,d_rate,0.043223235040689284
2021-01-11,GOOGL,d_credit,0.011052564994357061
2021-01-11,GOOGL,r_vix,-0.007140880887186969
2021-01-11,GOOGL,GSPC,0.7714414698966285
2021-01-18,GOOGL,d_rate,0.043142809836604214
2021-01-18,GOOGL,d_credit,0.02673612106640417
2021-01-18,GOOGL,r_vix,-0.01556001404252956
2021-01-18,GOOGL,GSPC,0.7836130706793082
2021-01-25,GOOGL,d_rate,0.04196519242487301
2021-01-25,GOOGL,d_credit,0.028064532610109567
2021-01-25,GOOGL,r_vix,-0.017770184381288415
2021-01-25,GOOGL,GSPC,0.782597854622473
2021-02-01,GOOGL,d_rate,0.05015009906280059
2021-02-01,GOOGL,d_credit,0.061221905019315445
2021-02-01,GOOGL,r_vix,-0.043242684781400406
2021-02-01,GOOGL,GSPC,0.7884725527872687
2021-02-08,GOOGL,d_rate,0.04974357380387294
2021-02-08,GOOGL,d_credit,0.058678697749343416
2021-02-08,GOOGL,r_vix,-0.042434751359351326
2021-02-08,GOOGL,GSPC,0.7858766708756015
2021-02-15,GOOGL,d_rate,0.04811777708132356
2021-02-15,GOOGL,d_credit,0.05948610858285183
2021-02-15,GOOGL,r_vix,-0.0418027142206914
2021-02-15,GOOGL,GSPC,0.7884224124101308
2021-02-22,GOOGL,d_rate,0.05343395688012101
2021-02-22,GOOGL,d_credit,0.05986434451123835
2021-02-22,GOOGL,r_vix,-0.0455798906202995
2021-02-22,GOOGL,GSPC,0.8009929448362987
2021-03-01,GOOGL,d_rate,0.02671552291572754
2021-03-01,GOOGL,d_credit,0.09330509000573929
2021-03-01,GOOGL,r_vix,-0.04706413207963701
2021-03-01,GOOGL,GSPC,0.8352801748676574
2021-03-08,GOOGL,d_rate,0.016878092659517046
2021-03-08,GOOGL,d_credit,0.06310471969378427
2021-03-08,GOOGL,r_vix,-0.03962458869476028
2021-03-08,GOOGL,GSPC,0.8097138638214202
2021-03-15,GOOGL,d_rate,0.015703998495501196
2021-03-15,GOOGL,d_credit,0.06799657633440691
2021-03-15,GOOGL,r_vix,-0.04230234729252608
2021-03-15,GOOGL,GSPC,0.7832716432390805
2021-03-22,GOOGL,d_rate,-0.010649906408659149
2021-03-22,GOOGL,d_credit,0.043514875161348984
2021-03-22,GOOGL,r_vix,-0.02823448784753025
2021-03-22,GOOGL,GSPC,0.8952881879503813
2021-03-29,GOOGL,d_rate,-0.010153973673658459
2021-03-29,GOOGL,d_credit,0.04653563671895922
2021-03-29,GOOGL,r_vix,-0.03295442248085764
2021-03-29,GOOGL,GSPC,0.8738642515790698
2021-04-05,GOOGL,d_rate,-0.027950340590350505
2021-04-05,GOOGL,d_credit,0.03371721896044323
2021-04-05,GOOGL,r_vix,-0.02425809101340656
2021-04-05,GOOGL,GSPC,0.9696498817135377
2021-04-12,GOOGL,d_rate,-0.019544493222131247
2021-04-12,GOOGL,d_credit,0.04971115371861391
2021-04-12,GOOGL,r_vix,-0.02154628468165958
2021-04-12,GOOGL,GSPC,0.9654161792594758
2021-04-19,GOOGL,d_rate,-0.019192706298972222
2021-04-19,GOOGL,d_credit,0.05085268936895884
2021-04-19,GOOGL,r_vix,-0.019857871580023827
2021-04-19,GOOGL,GSPC,0.9766812144966281
2021-04-26,GOOGL,d_rate,-0.018614129525024628
2021-04-26,GOOGL,d_credit,0.04737137584096724
2021-04-26,GOOGL,r_vix,-0.017656840111182695
2021-04-26,GOOGL,GSPC,0.9889448114988497
2021-05-03,GOOGL,d_rate,-0.014499993825832185
2021-05-03,GOOGL,d_credit,0.042252494734150686
2021-05-03,GOOGL,r_vix,-0.01436134349351114
2021-05-03,GOOGL,GSPC,0.9924420384240155
2021-05-10,GOOGL,d_rate,-0.016642356236102256
2021-05-10,GOOGL,d_credit,0.03140368823576587
2021-05-10,GOOGL,r_vix,-0.014626090331316545
2021-05-10,GOOGL,GSPC,1.0087120890591157
2021-05-17,GOOGL,d_rate,-0.01747869754668302
2021-05-17,GOOGL,d_credit,0.028765888216283834
2021-05-17,GOOGL,r_vix,-0.014069950085267284
2021-05-17,GOOGL,GSPC,1.008507990011654
2021-05-24,GOOGL,d_rate,-0.024189065941287634
2021-05-24,GOOGL,d_credit,0.020352385288495346
2021-05-24,GOOGL,r_vix,-0.011778853707687997
2021-05-24,GOOGL,GSPC,1.0360221239063085
2021-05-31,GOOGL,d_rate,0.00745898117030856
2021-05-31,GOOGL,d_credit,-0.021121280617658163
2021-05-31,GOOGL,r_vix,-9.608436506301658e-4
2021-05-31,GOOGL,GSPC,1.1139417392450337
2021-06-07,GOOGL,d_rate,0.039089807689868236
2021-06-07,GOOGL,d_credit,-0.027969835098343696
2021-06-07,GOOGL,r_vix,-0.014876517373787035
2021-06-07,GOOGL,GSPC,1.1107564705264823
2021-06-14,GOOGL,d_rate,0.03451777536809925
2021-06-14,GOOGL,d_credit,-0.03707112783589853
2021-06-14,GOOGL,r_vix,-0.00935301526274418
2021-06-14,GOOGL,GSPC,1.1368923002362075
2021-06-21,GOOGL,d_rate,0.02624322856661404
2021-06-21,GOOGL,d_credit,-0.04120492235167514
2021-06-21,GOOGL,r_vix,-0.007492265199908315
2021-06-21,GOOGL,GSPC,1.118848444838502
2021-06-28,GOOGL,d_rate,0.030863476168903472
2021-06-28,GOOGL,d_credit,-0.047472782691563575
2021-06-28,GOOGL,r_vix,-0.023521442187045435
2021-06-28,GOOGL,GSPC,0.9751364837315111
2021-07-05,GOOGL,d_rate,0.029478214590876434
2021-07-05,GOOGL,d_credit,-0.029842234159411733
2021-07-05,GOOGL,r_vix,-0.01699782694918436
2021-07-05,GOOGL,GSPC,1.0123574597807583
2021-07-12,GOOGL,d_rate,0.019634877349235285
2021-07-12,GOOGL,d_credit,-0.034849115759658225
2021-07-12,GOOGL,r_vix,-0.015102303605735947
2021-07-12,GOOGL,GSPC,1.019211808699399
2021-07-19,GOOGL,d_rate,0.014916459387175668
2021-07-19,GOOGL,d_credit,-0.038567787502879994
2021-07-19,GOOGL,r_vix,-0.01490357746923709
2021-07-19,GOOGL,GSPC,1.0307774172420214
2021-07-26,GOOGL,d_rate,0.002568542547184334
2021-07-26,GOOGL,d_credit,-0.0237130729558269
2021-07-26,GOOGL,r_vix,-0.011183988267501128
2021-07-26,GOOGL,GSPC,1.072767799031626
2021-08-02,GOOGL,d_rate,1.2343923335225002e-4
2021-08-02,GOOGL,d_credit,-0.02620969149998545
2021-08-02,GOOGL,r_vix,-0.007434064114598632
2021-08-02,GOOGL,GSPC,1.1162043585626602
2021-08-09,GOOGL,d_rate,0.003910514442357765
2021-08-09,GOOGL,d_credit,-0.02150250246545921
2021-08-09,GOOGL,r_vix,-0.007423988156521661
2021-08-09,GOOGL,GSPC,1.1166896111812652
2021-08-16,GOOGL,d_rate,0.01585907364820536
2021-08-16,GOOGL,d_credit,-0.03470455213177886
2021-08-16,GOOGL,r_vix,-0.01196963117293283
2021-08-16,GOOGL,GSPC,1.0775134055121194
2021-08-23,GOOGL,d_rate,0.018264832906857504
2021-08-23,GOOGL,d_credit,-0.04243368865152076
2021-08-23,GOOGL,r_vix,-0.017003997390262336
2021-08-23,GOOGL,GSPC,1.0497034641619707
2021-08-30,GOOGL,d_rate,0.016118140503848806
2021-08-30,GOOGL,d_credit,-0.04532043845235209
2021-08-30,GOOGL,r_vix,-0.013638371255763082
2021-08-30,GOOGL,GSPC,1.0529835967035996
2021-09-06,GOOGL,d_rate,0.007976334354137509
2021-09-06,GOOGL,d_credit,-0.05476407791679296
2021-09-06,GOOGL,r_vix,-0.04544662222795092
2021-09-06,GOOGL,GSPC,0.8047364033886294
2021-09-13,GOOGL,d_rate,0.00965083106331129
2021-09-13,GOOGL,d_credit,-0.06958982732314696
2021-09-13,GOOGL,r_vix,-0.06916889948053839
2021-09-13,GOOGL,GSPC,0.6088261224887807
2021-09-20,GOOGL,d_rate,0.004344934190407277
2021-09-20,GOOGL,d_credit,-0.06104574274966949
2021-09-20,GOOGL,r_vix,-0.06100584200653477
2021-09-20,GOOGL,GSPC,0.6666324899133705
2021-09-27,GOOGL,d_rate,0.004178381394574663
2021-09-27,GOOGL,d_credit,-0.07106258563991535
2021-09-27,GOOGL,r_vix,-0.06034561152738022
2021-09-27,GOOGL,GSPC,0.6942699786830832
2021-10-04,GOOGL,d_rate,0.009160823271330951
2021-10-04,GOOGL,d_credit,-0.07492250797938241
2021-10-04,GOOGL,r_vix,-0.055389085570523564
2021-10-04,GOOGL,GSPC,0.7444971576086123
2021-10-11,GOOGL,d_rate,0.018893449421560102
2021-10-11,GOOGL,d_credit,-0.05704266662869093
2021-10-11,GOOGL,r_vix,-0.05883904019783748
2021-10-11,GOOGL,GSPC,0.7152480892492327
2021-10-18,GOOGL,d_rate,-0.004041662767356279
2021-10-18,GOOGL,d_credit,-0.0393217647890283
2021-10-18,GOOGL,r_vix,-0.059325086083352775
2021-10-18,GOOGL,GSPC,0.7091262174971332
2021-10-25,GOOGL,d_rate,-0.026098604210395903
2021-10-25,GOOGL,d_credit,-0.031679836477133384
2021-10-25,GOOGL,r_vix,-6.960349198309524e-4
2021-10-25,GOOGL,GSPC,1.3749914753308132
2021-11-01,GOOGL,d_rate,-0.024247058927164094
2021-11-01,GOOGL,d_credit,-0.06374043704322452
2021-11-01,GOOGL,r_vix,-0.006621631770945951
2021-11-01,GOOGL,GSPC,1.4007848187272558
2021-11-08,GOOGL,d_rate,-0.01759444283702902
2021-11-08,GOOGL,d_credit,-0.07936452259100088
2021-11-08,GOOGL,r_vix,0.0016187328754566643
2021-11-08,GOOGL,GSPC,1.505344345847398
2021-11-15,GOOGL,d_rate,-0.027535509669949488
2021-11-15,GOOGL,d_credit,-0.1001623331841435
2021-11-15,GOOGL,r_vix,-0.009083272317321853
2021-11-15,GOOGL,GSPC,1.3986359915478692
2021-11-22,GOOGL,d_rate,-0.028452348103575293
2021-11-22,GOOGL,d_credit,-0.1069601234186205
2021-11-22,GOOGL,r_vix,-0.012629523538890035
2021-11-22,GOOGL,GSPC,1.392116039416106
2021-11-29,GOOGL,d_rate,-0.02888204316982882
2021-11-29,GOOGL,d_credit,-0.11696905520189867
2021-11-29,GOOGL,r_vix,-0.011060924997001623
2021-11-29,GOOGL,GSPC,1.4032567648440102
2021-12-06,GOOGL,d_rate,-0.0377252621360592
2021-12-06,GOOGL,d_credit,-0.12111628408659099
2021-12-06,GOOGL,r_vix,-0.010327602929063448
2021-12-06,GOOGL,GSPC,1.3660327561815977
2021-12-13,GOOGL,d_rate,-0.025701294287496998
2021-12-13,GOOGL,d_credit,-0.11809298627558629
2021-12-13,GOOGL,r_vix,-0.0036214504855356902
2021-12-13,GOOGL,GSPC,1.4732584912191569
2021-12-20,GOOGL,d_rate,-0.025286025988830545
2021-12-20,GOOGL,d_credit,-0.11844848609679354
2021-12-20,GOOGL,r_vix,-0.002629357824311246
2021-12-20,GOOGL,GSPC,1.4838639928503456
2021-12-27,GOOGL,d_rate,-0.028301422383478315
2021-12-27,GOOGL,d_credit,-0.12264022324718994
2021-12-27,GOOGL,r_vix,0.013995775563216925
2021-12-27,GOOGL,GSPC,1.6346413093768897
2022-01-03,GOOGL,d_rate,-0.04373111057877638
2022-01-03,GOOGL,d_credit,-0.1071824892902917
2022-01-03,GOOGL,r_vix,0.01790518646474938
2022-01-03,GOOGL,GSPC,1.726538507077443
2022-01-10,GOOGL,d_rate,-0.051560078166378406
2022-01-10,GOOGL,d_credit,-0.11703932536651808
2022-01-10,GOOGL,r_vix,0.00919490390239872
2022-01-10,GOOGL,GSPC,1.6041127357990084
2022-01-17,GOOGL,d_rate,-0.056264487343189715
2022-01-17,GOOGL,d_credit,-0.1169039438007021
2022-01-17,GOOGL,r_vix,-0.0045438709901861885
2022-01-17,GOOGL,GSPC,1.3491474984978415
2022-01-24,GOOGL,d_rate,-0.05715720363174545
2022-01-24,GOOGL,d_credit,-0.10669898371376997
2022-01-24,GOOGL,r_vix,-0.00993536461404465
2022-01-24,GOOGL,GSPC,1.3428154223768978
2022-01-31,GOOGL,d_rate,-0.0422962021897244
2022-01-31,GOOGL,d_credit,-0.10856490651922544
2022-01-31,GOOGL,r_vix,-5.619151114558973e-5
2022-01-31,GOOGL,GSPC,1.2587434775542483
2022-02-07,GOOGL,d_rate,-0.041208168326692635
2022-02-07,GOOGL,d_credit,-0.13164270466552172
2022-02-07,GOOGL,r_vix,0.0033874339743733832
2022-02-07,GOOGL,GSPC,1.3390070801823146
2022-02-14,GOOGL,d_rate,-0.04437285390921523
2022-02-14,GOOGL,d_credit,-0.12396102964289149
2022-02-14,GOOGL,r_vix,-7.952138368845721e-4
2022-02-14,GOOGL,GSPC,1.3042373850355247
2022-02-21,GOOGL,d_rate,-0.03552909063573746
2022-02-21,GOOGL,d_credit,-0.1065630640772024
2022-02-21,GOOGL,r_vix,0.0059953770642387485
2022-02-21,GOOGL,GSPC,1.3721843162849319
2022-02-28,GOOGL,d_rate,-0.04342358576671172
2022-02-28,GOOGL,d_credit,-0.11247144422994318
2022-02-28,GOOGL,r_vix,0.009135598511968756
2022-02-28,GOOGL,GSPC,1.3882538658268002
2022-03-07,GOOGL,d_rate,-0.008361136724969114
2022-03-07,GOOGL,d_credit,-0.0677210694317886
2022-03-07,GOOGL,r_vix,0.004272091010530082
2022-03-07,GOOGL,GSPC,1.3871107333520751
2022-03-14,GOOGL,d_rate,-0.028130824131382973
2022-03-14,GOOGL,d_credit,-0.0477851817673848
2022-03-14,GOOGL,r_vix,-0.018882617570350545
2022-03-14,GOOGL,GSPC,1.1073155109115598
2022-03-21,GOOGL,d_rate,-0.030130022284856534
2022-03-21,GOOGL,d_credit,-0.06110669799322257
2022-03-21,GOOGL,r_vix,-0.02262820344263424
2022-03-21,GOOGL,GSPC,1.0952564126558944
2022-03-28,GOOGL,d_rate,-0.020062588322310497
2022-03-28,GOOGL,d_credit,-0.0370044346520855
2022-03-28,GOOGL,r_vix,-0.01738855232386318
2022-03-28,GOOGL,GSPC,1.141394358593415
2022-04-04,GOOGL,d_rate,-0.03293931200505445
2022-04-04,GOOGL,d_credit,-0.024089949710208166
2022-04-04,GOOGL,r_vix,-0.023968560718928406
2022-04-04,GOOGL,GSPC,1.114238040254496
2022-04-11,GOOGL,d_rate,-0.029124870142486662
2022-04-11,GOOGL,d_credit,-0.015942851548511043
2022-04-11,GOOGL,r_vix,-0.011659752835712587
2022-04-11,GOOGL,GSPC,1.2485001277266863
2022-04-18,GOOGL,d_rate,-0.03583801532015483
2022-04-18,GOOGL,d_credit,-0.027744552744447606
2022-04-18,GOOGL,r_vix,-0.017127681788678895
2022-04-18,GOOGL,GSPC,1.2176137374433196
2022-04-25,GOOGL,d_rate,-0.038924252020738
2022-04-25,GOOGL,d_credit,-0.0253714966159449
2022-04-25,GOOGL,r_vix,-0.021151218698633584
2022-04-25,GOOGL,GSPC,1.2002041879125194
2022-05-02,GOOGL,d_rate,-0.0352385976810306
2022-05-02,GOOGL,d_credit,-0.017207607305257017
2022-05-02,GOOGL,r_vix,-0.026750683029479572
2022-05-02,GOOGL,GSPC,1.18446706082134
2022-05-09,GOOGL,d_rate,-0.044492385455424346
2022-05-09,GOOGL,d_credit,-0.007495659998376135
2022-05-09,GOOGL,r_vix,-0.03837874303870975
2022-05-09,GOOGL,GSPC,1.096941067527895
2022-05-16,GOOGL,d_rate,-0.03340458627932462
2022-05-16,GOOGL,d_credit,-0.009947544630072849
2022-05-16,GOOGL,r_vix,-0.02514820964655442
2022-05-16,GOOGL,GSPC,1.216486561973926
2022-05-23,GOOGL,d_rate,-0.0292819150185616
2022-05-23,GOOGL,d_credit,-0.010343416282764008
2022-05-23,GOOGL,r_vix,-0.040200301001789736
2022-05-23,GOOGL,GSPC,0.9926078637776274
2022-05-30,GOOGL,d_rate,-0.025177632129138615
2022-05-30,GOOGL,d_credit,-0.0342067932869823
2022-05-30,GOOGL,r_vix,-0.04474474603638905
2022-05-30,GOOGL,GSPC,0.9099015125808019
2022-06-06,GOOGL,d_rate,-0.021725077542723754
2022-06-06,GOOGL,d_credit,-0.04281458798247461
2022-06-06,GOOGL,r_vix,-0.04854965809044925
2022-06-06,GOOGL,GSPC,0.8325714838960206
2022-06-13,GOOGL,d_rate,-0.01959641575044963
2022-06-13,GOOGL,d_credit,-0.032755417845374946
2022-06-13,GOOGL,r_vix,-0.05735723851975381
2022-06-13,GOOGL,GSPC,0.7692763385820798
2022-06-20,GOOGL,d_rate,-0.017235602540919583
2022-06-20,GOOGL,d_credit,-0.0030683911493139984
2022-06-20,GOOGL,r_vix,-0.05640787911761217
2022-06-20,GOOGL,GSPC,0.8970142709769262
2022-06-27,GOOGL,d_rate,0.006983595013694909
2022-06-27,GOOGL,d_credit,-0.021677573277587483
2022-06-27,GOOGL,r_vix,-0.033853967648300856
2022-06-27,GOOGL,GSPC,1.0053500368276698
2022-07-04,GOOGL,d_rate,0.019145305240922554
2022-07-04,GOOGL,d_credit,-0.032790167919342535
2022-07-04,GOOGL,r_vix,-0.028740756388719955
2022-07-04,GOOGL,GSPC,1.051191493759119
2022-07-11,GOOGL,d_rate,0.04108410918621142
2022-07-11,GOOGL,d_credit,-0.011000838412576371
2022-07-11,GOOGL,r_vix,-0.022712253457999626
2022-07-11,GOOGL,GSPC,1.1188569258522676
2022-07-18,GOOGL,d_rate,0.05605033052680504
2022-07-18,GOOGL,d_credit,-0.0019300655814801463
2022-07-18,GOOGL,r_vix,-0.02338974395053465
2022-07-18,GOOGL,GSPC,1.0683315136962117
2022-07-25,GOOGL,d_rate,0.05858969975305936
2022-07-25,GOOGL,d_credit,0.013693829778734172
2022-07-25,GOOGL,r_vix,-0.02078957133763539
2022-07-25,GOOGL,GSPC,1.142998045402288
2022-08-01,GOOGL,d_rate,0.058781103462596775
2022-08-01,GOOGL,d_credit,0.013937290246698998
2022-08-01,GOOGL,r_vix,-0.021640275538064628
2022-08-01,GOOGL,GSPC,1.1419252081215618
2022-08-08,GOOGL,d_rate,0.05901156758932282
2022-08-08,GOOGL,d_credit,0.012765328355857393
2022-08-08,GOOGL,r_vix,-0.021191831482318842
2022-08-08,GOOGL,GSPC,1.1399522817354788
2022-08-15,GOOGL,d_rate,0.056800586371692705
2022-08-15,GOOGL,d_credit,0.016826156626420386
2022-08-15,GOOGL,r_vix,-0.026273709205162362
2022-08-15,GOOGL,GSPC,1.1345572157706227
2022-08-22,GOOGL,d_rate,0.05802228339001393
2022-08-22,GOOGL,d_credit,0.02182900012836701
2022-08-22,GOOGL,r_vix,-0.02395723149328534
2022-08-22,GOOGL,GSPC,1.1434820368371021
2022-08-29,GOOGL,d_rate,0.05918582021579803
2022-08-29,GOOGL,d_credit,0.02333141777741919
2022-08-29,GOOGL,r_vix,-0.025425551260714593
2022-08-29,GOOGL,GSPC,1.1336605879556962
2022-09-05,GOOGL,d_rate,0.05625459522385912
2022-09-05,GOOGL,d_credit,0.023844078035964993
2022-09-05,GOOGL,r_vix,-0.03026095005413173
2022-09-05,GOOGL,GSPC,1.1006897244300866
2022-09-12,GOOGL,d_rate,0.05739325097512473
2022-09-12,GOOGL,d_credit,0.030350313501552494
2022-09-12,GOOGL,r_vix,-0.0293614582952216
2022-09-12,GOOGL,GSPC,1.1296446050130688
2022-09-19,GOOGL,d_rate,0.05833046514173603
2022-09-19,GOOGL,d_credit,0.02668591396066297
2022-09-19,GOOGL,r_vix,-0.029260087293017517
2022-09-19,GOOGL,GSPC,1.1160443340591388
2022-09-26,GOOGL,d_rate,0.05745850887642603
2022-09-26,GOOGL,d_credit,0.024805418206608247
2022-09-26,GOOGL,r_vix,-0.02778072523728448
2022-09-26,GOOGL,GSPC,1.1184175052844687
2022-10-03,GOOGL,d_rate,0.05653292500401618
2022-10-03,GOOGL,d_credit,0.020747245950191277
2022-10-03,GOOGL,r_vix,-0.024805818962078067
2022-10-03,GOOGL,GSPC,1.1292754488830057
2022-10-10,GOOGL,d_rate,0.05444067117055726
2022-10-10,GOOGL,d_credit,0.016473549709008883
2022-10-10,GOOGL,r_vix,-0.025446681565398525
2022-10-10,GOOGL,GSPC,1.1261384616940755
2022-10-17,GOOGL,d_rate,0.04923317587405535
2022-10-17,GOOGL,d_credit,0.0043079853979591035
2022-10-17,GOOGL,r_vix,-0.028114507918154036
2022-10-17,GOOGL,GSPC,1.1080380016691573
2022-10-24,GOOGL,d_rate,0.08505178156128991
2022-10-24,GOOGL,d_credit,0.04403812178726463
2022-10-24,GOOGL,r_vix,-0.03163428570169892
2022-10-24,GOOGL,GSPC,1.0532584758450312
2022-10-31,GOOGL,d_rate,0.08738241020325763
2022-10-31,GOOGL,d_credit,0.06261004749808574
2022-10-31,GOOGL,r_vix,-0.014565367180262646
2022-10-31,GOOGL,GSPC,1.169017886464798
2022-11-07,GOOGL,d_rate,0.08887649554842413
2022-11-07,GOOGL,d_credit,0.06650703543741664
2022-11-07,GOOGL,r_vix,-0.006193185869824837
2022-11-07,GOOGL,GSPC,1.2558731317132161
2022-11-14,GOOGL,d_rate,0.06400599638208489
2022-11-14,GOOGL,d_credit,0.036440391528431725
2022-11-14,GOOGL,r_vix,-0.010581042560367845
2022-11-14,GOOGL,GSPC,1.2024751474909647
2022-11-21,GOOGL,d_rate,0.0642372066606783
2022-11-21,GOOGL,d_credit,0.036869144515322465
2022-11-21,GOOGL,r_vix,-0.00414788262996412
2022-11-21,GOOGL,GSPC,1.2201934051742487
2022-11-28,GOOGL,d_rate,0.062001570664922984
2022-11-28,GOOGL,d_credit,0.03604467795361923
2022-11-28,GOOGL,r_vix,-0.009615467764877665
2022-11-28,GOOGL,GSPC,1.2155604873646726
2022-12-05,GOOGL,d_rate,0.06460290589973701
2022-12-05,GOOGL,d_credit,0.05116493629348964
2022-12-05,GOOGL,r_vix,-0.026462972852126294
2022-12-05,GOOGL,GSPC,1.2021036408031271
2022-12-12,GOOGL,d_rate,0.06338165714906605
2022-12-12,GOOGL,d_credit,0.05180683486201032
2022-12-12,GOOGL,r_vix,-0.026173971973691132
2022-12-12,GOOGL,GSPC,1.1985728959835285
2022-12-19,GOOGL,d_rate,0.05892850037150309
2022-12-19,GOOGL,d_credit,0.04782051776991456
2022-12-19,GOOGL,r_vix,-0.025514456799648696
2022-12-19,GOOGL,GSPC,1.1854767444759906
2022-12-26,GOOGL,d_rate,0.05970056285003829
2022-12-26,GOOGL,d_credit,0.051379129397661774
2022-12-26,GOOGL,r_vix,-0.044283606910467024
2022-12-26,GOOGL,GSPC,1.1408942653208098
2023-01-02,GOOGL,d_rate,0.0651173971707486
2023-01-02,GOOGL,d_credit,0.04384638223042317
2023-01-02,GOOGL,r_vix,-0.03788957555945783
2023-01-02,GOOGL,GSPC,1.14657559870611
2023-01-09,GOOGL,d_rate,0.061690607434316966
2023-01-09,GOOGL,d_credit,0.034735904813114955
2023-01-09,GOOGL,r_vix,-0.04452873678355275
2023-01-09,GOOGL,GSPC,1.1363395924120556
2023-01-16,GOOGL,d_rate,0.06159990456802254
2023-01-16,GOOGL,d_credit,0.03930383689865299
2023-01-16,GOOGL,r_vix,-0.04766175286989774
2023-01-16,GOOGL,GSPC,1.1510424424228125
2023-01-23,GOOGL,d_rate,0.061178403558946444
2023-01-23,GOOGL,d_credit,0.038588208421492076
2023-01-23,GOOGL,r_vix,-0.04730632316409684
2023-01-23,GOOGL,GSPC,1.1431614640809338
2023-01-30,GOOGL,d_rate,0.05490379602525671
2023-01-30,GOOGL,d_credit,0.02428391491154474
2023-01-30,GOOGL,r_vix,-0.015803622229864343
2023-01-30,GOOGL,GSPC,1.2061073280271768
2023-02-06,GOOGL,d_rate,0.040888464940136
2023-02-06,GOOGL,d_credit,0.02216196188288755
2023-02-06,GOOGL,r_vix,-0.033585820629594906
2023-02-06,GOOGL,GSPC,1.1506219497601096
2023-02-13,GOOGL,d_rate,0.04111227511472852
2023-02-13,GOOGL,d_credit,0.02478173485231094
2023-02-13,GOOGL,r_vix,-0.03497704246532452
2023-02-13,GOOGL,GSPC,1.1472729115210378
2023-02-20,GOOGL,d_rate,0.039069264651546046
2023-02-20,GOOGL,d_credit,0.021575336427972377
2023-02-20,GOOGL,r_vix,-0.03838469121977737
2023-02-20,GOOGL,GSPC,1.1397001255864654
2023-02-27,GOOGL,d_rate,0.04238169810496537
2023-02-27,GOOGL,d_credit,0.018256843039339117
2023-02-27,GOOGL,r_vix,-0.05823980580728935
2023-02-27,GOOGL,GSPC,1.1051226397477152
2023-03-06,GOOGL,d_rate,0.028502577744284007
2023-03-06,GOOGL,d_credit,0.01937703018165929
2023-03-06,GOOGL,r_vix,-0.020834842352096615
2023-03-06,GOOGL,GSPC,1.1609773228622913
2023-03-13,GOOGL,d_rate,0.012769298257310024
2023-03-13,GOOGL,d_credit,0.047487217113572074
2023-03-13,GOOGL,r_vix,-0.009128486585873938
2023-03-13,GOOGL,GSPC,1.2602401728246713
2023-03-20,GOOGL,d_rate,0.009072396109556199
2023-03-20,GOOGL,d_credit,0.05751987695081789
2023-03-20,GOOGL,r_vix,-0.012785760059163712
2023-03-20,GOOGL,GSPC,1.2484546576477442
2023-03-27,GOOGL,d_rate,0.006870472956673323
2023-03-27,GOOGL,d_credit,0.069059194567846
2023-03-27,GOOGL,r_vix,-0.005539373620363415
2023-03-27,GOOGL,GSPC,1.2355475541255037
2023-04-03,GOOGL,d_rate,0.008442245065883657
2023-04-03,GOOGL,d_credit,0.0651755568131994
2023-04-03,GOOGL,r_vix,0.001939235946333807
2023-04-03,GOOGL,GSPC,1.2487117201069213
2023-04-10,GOOGL,d_rate,0.007483245149277053
2023-04-10,GOOGL,d_credit,0.06439806382808254
2023-04-10,GOOGL,r_vix,-0.0020592354847115395
2023-04-10,GOOGL,GSPC,1.2274095541906171
2023-04-17,GOOGL,d_rate,0.01689177539843811
2023-04-17,GOOGL,d_credit,0.08359376498601873
2023-04-17,GOOGL,r_vix,0.03530296992102958
2023-04-17,GOOGL,GSPC,1.3259370723660315
2023-04-24,GOOGL,d_rate,0.016268850694881577
2023-04-24,GOOGL,d_credit,0.08679714020107625
2023-04-24,GOOGL,r_vix,0.04085024275304926
2023-04-24,GOOGL,GSPC,1.3321575448993082
2023-05-01,GOOGL,d_rate,0.01114124425936148
2023-05-01,GOOGL,d_credit,0.0756440357462219
2023-05-01,GOOGL,r_vix,0.04177744269546801
2023-05-01,GOOGL,GSPC,1.3272381727246254
2023-05-08,GOOGL,d_rate,0.016747356132024452
2023-05-08,GOOGL,d_credit,0.06992222188795666
2023-05-08,GOOGL,r_vix,0.05557926053056996
2023-05-08,GOOGL,GSPC,1.3740337606921202
2023-05-15,GOOGL,d_rate,0.01744773585174832
2023-05-15,GOOGL,d_credit,0.07926548349729562
2023-05-15,GOOGL,r_vix,0.048812256172994825
2023-05-15,GOOGL,GSPC,1.3476414080494148
2023-05-22,GOOGL,d_rate,0.016483644836900867
2023-05-22,GOOGL,d_credit,0.0650512591583105
2023-05-22,GOOGL,r_vix,0.06596300236630755
2023-05-22,GOOGL,GSPC,1.4505911489905219
2023-05-29,GOOGL,d_rate,0.014639568145520579
2023-05-29,GOOGL,d_credit,0.08452935215344354
2023-05-29,GOOGL,r_vix,0.0842317533640835
2023-05-29,GOOGL,GSPC,1.5139896296435347
2023-06-05,GOOGL,d_rate,0.011599038553405683
2023-06-05,GOOGL,d_credit,0.09371971838852795
2023-06-05,GOOGL,r_vix,0.08950446317856023
2023-06-05,GOOGL,GSPC,1.582254998725252
2023-06-12,GOOGL,d_rate,0.009173984406889626
2023-06-12,GOOGL,d_credit,0.08800781634759523
2023-06-12,GOOGL,r_vix,0.0935271178623505
2023-06-12,GOOGL,GSPC,1.6430638957638852
2023-06-19,GOOGL,d_rate,0.00829460737066892
2023-06-19,GOOGL,d_credit,0.08735721755689888
2023-06-19,GOOGL,r_vix,0.09047260637768624
2023-06-19,GOOGL,GSPC,1.6245700382916202
2023-06-26,GOOGL,d_rate,-0.005193611000365682
2023-06-26,GOOGL,d_credit,0.13296438405853583
2023-06-26,GOOGL,r_vix,0.03784733905864066
2023-06-26,GOOGL,GSPC,1.4044824647224143
2023-07-03,GOOGL,d_rate,-0.014739078149280986
2023-07-03,GOOGL,d_credit,0.14888620484155501
2023-07-03,GOOGL,r_vix,0.04818893710405018
2023-07-03,GOOGL,GSPC,1.3773121485014823
2023-07-10,GOOGL,d_rate,-0.026880399570805142
2023-07-10,GOOGL,d_credit,0.14416192211817716
2023-07-10,GOOGL,r_vix,0.03631478251022467
2023-07-10,GOOGL,GSPC,1.3100281409698964
2023-07-17,GOOGL,d_rate,-0.037273118129751134
2023-07-17,GOOGL,d_credit,0.1388991356627912
2023-07-17,GOOGL,r_vix,0.034730275431838056
2023-07-17,GOOGL,GSPC,1.33100591059934
2023-07-24,GOOGL,d_rate,-0.0290186334482894
2023-07-24,GOOGL,d_credit,0.1291571269815853
2023-07-24,GOOGL,r_vix,0.04093546566408239
2023-07-24,GOOGL,GSPC,1.371453554845921
2023-07-31,GOOGL,d_rate,-0.03287042699542274
2023-07-31,GOOGL,d_credit,0.12454324457237301
2023-07-31,GOOGL,r_vix,0.02330582830537903
2023-07-31,GOOGL,GSPC,1.326822693901094
2023-08-07,GOOGL,d_rate,-0.031012212297053702
2023-08-07,GOOGL,d_credit,0.12594557141289695
2023-08-07,GOOGL,r_vix,0.010159955898766415
2023-08-07,GOOGL,GSPC,1.2893034179791363
2023-08-14,GOOGL,d_rate,-0.0289901335838725
2023-08-14,GOOGL,d_credit,0.1256994056541631
2023-08-14,GOOGL,r_vix,0.013774497726389692
2023-08-14,GOOGL,GSPC,1.2903594008373038
2023-08-21,GOOGL,d_rate,-0.031338872368374786
2023-08-21,GOOGL,d_credit,0.11471365187404103
2023-08-21,GOOGL,r_vix,0.011669645314146307
2023-08-21,GOOGL,GSPC,1.2726221975612557
2023-08-28,GOOGL,d_rate,-0.03360722192240435
2023-08-28,GOOGL,d_credit,0.11069343294387354
2023-08-28,GOOGL,r_vix,0.018384981950886527
2023-08-28,GOOGL,GSPC,1.3116025093432837
2023-09-04,GOOGL,d_rate,-0.03091736678481372
2023-09-04,GOOGL,d_credit,0.10886664763021998
2023-09-04,GOOGL,r_vix,0.02081454247310458
2023-09-04,GOOGL,GSPC,1.3257424209039788
2023-09-11,GOOGL,d_rate,-0.03039009104724342
2023-09-11,GOOGL,d_credit,0.10767480809778847
2023-09-11,GOOGL,r_vix,0.02018329615239925
2023-09-11,GOOGL,GSPC,1.302546414908143
2023-09-18,GOOGL,d_rate,-0.034172539655926114
2023-09-18,GOOGL,d_credit,0.12380667180244732
2023-09-18,GOOGL,r_vix,0.01714996715133843
2023-09-18,GOOGL,GSPC,1.3907172760578488
2023-09-25,GOOGL,d_rate,-0.0306068426418495
2023-09-25,GOOGL,d_credit,0.13300391195491196
2023-09-25,GOOGL,r_vix,0.013154881375787198
2023-09-25,GOOGL,GSPC,1.368518775585327
2023-10-02,GOOGL,d_rate,-0.022531795510293204
2023-10-02,GOOGL,d_credit,0.15183141926728738
2023-10-02,GOOGL,r_vix,0.007521974284312862
2023-10-02,GOOGL,GSPC,1.3609524058125388
2023-10-09,GOOGL,d_rate,-0.017353716292346822
2023-10-09,GOOGL,d_credit,0.16532534476811803
2023-10-09,GOOGL,r_vix,-0.0027896821688016137
2023-10-09,GOOGL,GSPC,1.3182088096669844
2023-10-16,GOOGL,d_rate,-0.003643811365509055
2023-10-16,GOOGL,d_credit,0.18997945180318498
2023-10-16,GOOGL,r_vix,0.005304000198549056
2023-10-16,GOOGL,GSPC,1.4427737815304054
2023-10-23,GOOGL,d_rate,-0.01117920389707105
2023-10-23,GOOGL,d_credit,0.17421487019979823
2023-10-23,GOOGL,r_vix,0.038932917436286435
2023-10-23,GOOGL,GSPC,1.8256260303957899
2023-10-30,GOOGL,d_rate,-0.004045977393690086
2023-10-30,GOOGL,d_credit,0.16022559684660234
2023-10-30,GOOGL,r_vix,0.030726600713253983
2023-10-30,GOOGL,GSPC,1.639893391689078
2023-11-06,GOOGL,d_rate,-0.005244377071442126
2023-11-06,GOOGL,d_credit,0.1544515356345248
2023-11-06,GOOGL,r_vix,0.02245896161818915
2023-11-06,GOOGL,GSPC,1.5640130009144204
2023-11-13,GOOGL,d_rate,0.012597602620449335
2023-11-13,GOOGL,d_credit,0.18192925327555892
2023-11-13,GOOGL,r_vix,0.016154279030606147
2023-11-13,GOOGL,GSPC,1.600799193059886
2023-11-20,GOOGL,d_rate,0.010030227945369561
2023-11-20,GOOGL,d_credit,0.1767619567082987
2023-11-20,GOOGL,r_vix,0.013680197826450816
2023-11-20,GOOGL,GSPC,1.5861301563655243
2023-11-27,GOOGL,d_rate,0.028612170827787213
2023-11-27,GOOGL,d_credit,0.1953264251691204
2023-11-27,GOOGL,r_vix,0.005954440287675101
2023-11-27,GOOGL,GSPC,1.5872659844382564
2023-12-04,GOOGL,d_rate,0.022185644829868133
2023-12-04,GOOGL,d_credit,0.16792253039334953
2023-12-04,GOOGL,r_vix,0.005492294694311523
2023-12-04,GOOGL,GSPC,1.520428020657129
2023-12-11,GOOGL,d_rate,0.03402534120994673
2023-12-11,GOOGL,d_credit,0.1864739676893184
2023-12-11,GOOGL,r_vix,-0.01795588271982951
2023-12-11,GOOGL,GSPC,1.3957166513394337
2023-12-18,GOOGL,d_rate,0.04787969344818467
2023-12-18,GOOGL,d_credit,0.21978866642278164
2023-12-18,GOOGL,r_vix,-0.018103434881828504
2023-12-18,GOOGL,GSPC,1.474533560641903
2023-12-25,GOOGL,d_rate,0.05121522035945453
2023-12-25,GOOGL,d_credit,0.2239221553662437
2023-12-25,GOOGL,r_vix,-0.014660884329442195
2023-12-25,GOOGL,GSPC,1.5008784159914423
2024-01-01,GOOGL,d_rate,0.036442178111173375
2024-01-01,GOOGL,d_credit,0.22652380803363137
2024-01-01,GOOGL,r_vix,-0.009679405361754153
2024-01-01,GOOGL,GSPC,1.5427953911930883
2024-01-08,GOOGL,d_rate,0.03949314899693405
2024-01-08,GOOGL,d_credit,0.24571743905725527
2024-01-08,GOOGL,r_vix,-0.0055906042140710524
2024-01-08,GOOGL,GSPC,1.5674303813818453
2024-01-15,GOOGL,d_rate,0.04333626091873047
2024-01-15,GOOGL,d_credit,0.24112736384191677
2024-01-15,GOOGL,r_vix,-0.010871113601383145
2024-01-15,GOOGL,GSPC,1.5860055546817757
2024-01-22,GOOGL,d_rate,0.04372864440451788
2024-01-22,GOOGL,d_credit,0.23928114794903613
2024-01-22,GOOGL,r_vix,-0.006618839089035536
2024-01-22,GOOGL,GSPC,1.6216167793048692
2024-01-29,GOOGL,d_rate,0.05238335064685827
2024-01-29,GOOGL,d_credit,0.24689629326889784
2024-01-29,GOOGL,r_vix,-0.0475605417365272
2024-01-29,GOOGL,GSPC,1.3802131437693508
2024-02-05,GOOGL,d_rate,0.07796160673399878
2024-02-05,GOOGL,d_credit,0.2744397843615067
2024-02-05,GOOGL,r_vix,-0.028638729430373735
2024-02-05,GOOGL,GSPC,1.484806953062817
2024-02-12,GOOGL,d_rate,0.07809814300559426
2024-02-12,GOOGL,d_credit,0.29596830857120704
2024-02-12,GOOGL,r_vix,-0.04652991608601711
2024-02-12,GOOGL,GSPC,1.4387409256747188
2024-02-19,GOOGL,d_rate,0.0772497303066426
2024-02-19,GOOGL,d_credit,0.28856501339825985
2024-02-19,GOOGL,r_vix,-0.04960394047827841
2024-02-19,GOOGL,GSPC,1.3826712776214811
2024-02-26,GOOGL,d_rate,0.07388205284785282
2024-02-26,GOOGL,d_credit,0.25118583189796473
2024-02-26,GOOGL,r_vix,-0.030823166116690722
2024-02-26,GOOGL,GSPC,1.3674210920408485
2024-03-04,GOOGL,d_rate,0.08327655119645727
2024-03-04,GOOGL,d_credit,0.24697753984387844
2024-03-04,GOOGL,r_vix,-0.03579158467354212
2024-03-04,GOOGL,GSPC,1.4400207572638726
2024-03-11,GOOGL,d_rate,0.10897658294269397
2024-03-11,GOOGL,d_credit,0.13886758112750094
2024-03-11,GOOGL,r_vix,-0.06788064698343328
2024-03-11,GOOGL,GSPC,1.222718605098949
2024-03-18,GOOGL,d_rate,0.10899561111038907
2024-03-18,GOOGL,d_credit,0.1522751788683251
2024-03-18,GOOGL,r_vix,-0.06644349644882158
2024-03-18,GOOGL,GSPC,1.281942012223811
2024-03-25,GOOGL,d_rate,0.12342259079354384
2024-03-25,GOOGL,d_credit,0.11873930576279372
2024-03-25,GOOGL,r_vix,-0.06804956295570777
2024-03-25,GOOGL,GSPC,1.4588365790459459
2024-04-01,GOOGL,d_rate,0.13684276157265543
2024-04-01,GOOGL,d_credit,0.11800485161947365
2024-04-01,GOOGL,r_vix,-0.05158268129075578
2024-04-01,GOOGL,GSPC,1.5978310614990614
2024-04-08,GOOGL,d_rate,0.1390290100547565
2024-04-08,GOOGL,d_credit,0.09845221424790009
2024-04-08,GOOGL,r_vix,-0.061850083855225065
2024-04-08,GOOGL,GSPC,1.4755584659941168
2024-04-15,GOOGL,d_rate,0.13929963052814803
2024-04-15,GOOGL,d_credit,0.09861454844438527
2024-04-15,GOOGL,r_vix,-0.07080285520858419
2024-04-15,GOOGL,GSPC,1.4011094248702862
2024-04-22,GOOGL,d_rate,0.15235701803115645
2024-04-22,GOOGL,d_credit,0.10449783073311346
2024-04-22,GOOGL,r_vix,-0.09038108754522103
2024-04-22,GOOGL,GSPC,1.4369538199277163
2024-04-29,GOOGL,d_rate,0.15773464415817628
2024-04-29,GOOGL,d_credit,0.10906322908027076
2024-04-29,GOOGL,r_vix,-0.08101478543165623
2024-04-29,GOOGL,GSPC,1.4941872842561996
2024-05-06,GOOGL,d_rate,0.15850976039780046
2024-05-06,GOOGL,d_credit,0.0915083204085313
2024-05-06,GOOGL,r_vix,-0.06679624345031414
2024-05-06,GOOGL,GSPC,1.588635905652786
2024-05-13,GOOGL,d_rate,0.16382138758300357
2024-05-13,GOOGL,d_credit,0.09729476778911153
2024-05-13,GOOGL,r_vix,-0.06286535705088916
2024-05-13,GOOGL,GSPC,1.6675367624770752
2024-05-20,GOOGL,d_rate,0.16326185662403914
2024-05-20,GOOGL,d_credit,0.10146074397112231
2024-05-20,GOOGL,r_vix,-0.06395673113911061
2024-05-20,GOOGL,GSPC,1.6645115305125802
2024-05-27,GOOGL,d_rate,0.16148135454436544
2024-05-27,GOOGL,d_credit,0.10529481430376722
2024-05-27,GOOGL,r_vix,-0.07788511115955601
2024-05-27,GOOGL,GSPC,1.6201500778879223
2024-06-03,GOOGL,d_rate,0.1625714048980072
2024-06-03,GOOGL,d_credit,0.09326581480344197
2024-06-03,GOOGL,r_vix,-0.08479606698637619
2024-06-03,GOOGL,GSPC,1.5881820366526627
2024-06-10,GOOGL,d_rate,0.16016191519547562
2024-06-10,GOOGL,d_credit,0.09020549986106705
2024-06-10,GOOGL,r_vix,-0.06801998316880366
2024-06-10,GOOGL,GSPC,1.7110776460261434
2024-06-17,GOOGL,d_rate,0.16440336961182744
2024-06-17,GOOGL,d_credit,0.09096767772002533
2024-06-17,GOOGL,r_vix,-0.06045560164221922
2024-06-17,GOOGL,GSPC,1.7925862923040965
2024-06-24,GOOGL,d_rate,0.17963943321085504
2024-06-24,GOOGL,d_credit,0.05335067025371371
2024-06-24,GOOGL,r_vix,-0.023966140492868618
2024-06-24,GOOGL,GSPC,2.137938521727073
2024-07-01,GOOGL,d_rate,0.18349289671669272
2024-07-01,GOOGL,d_credit,0.048171385287257895
2024-07-01,GOOGL,r_vix,-0.015835522131863275
2024-07-01,GOOGL,GSPC,2.1999346675692184
2024-07-08,GOOGL,d_rate,0.1950081260641771
2024-07-08,GOOGL,d_credit,0.023105709380204068
2024-07-08,GOOGL,r_vix,-0.011936236730305255
2024-07-08,GOOGL,GSPC,2.2077486804287125
2024-07-15,GOOGL,d_rate,0.19703847152244788
2024-07-15,GOOGL,d_credit,0.016085192172590187
2024-07-15,GOOGL,r_vix,-0.006731774403703481
2024-07-15,GOOGL,GSPC,2.261472406840836
2024-07-22,GOOGL,d_rate,0.18895482549762777
2024-07-22,GOOGL,d_credit,0.012069803835942762
2024-07-22,GOOGL,r_vix,-0.0019088671331732013
2024-07-22,GOOGL,GSPC,2.2469553985850257
2024-07-29,GOOGL,d_rate,0.15084216172854306
2024-07-29,GOOGL,d_credit,0.08210825616857848
2024-07-29,GOOGL,r_vix,0.044435238502262664
2024-07-29,GOOGL,GSPC,2.183671127314936
2024-08-05,GOOGL,d_rate,0.14914107326561413
2024-08-05,GOOGL,d_credit,0.08366357153415756
2024-08-05,GOOGL,r_vix,0.0649756960939294
2024-08-05,GOOGL,GSPC,2.29808498343761
2024-08-12,GOOGL,d_rate,0.14956655491083584
2024-08-12,GOOGL,d_credit,0.10138144042114153
2024-08-12,GOOGL,r_vix,0.08347958496938529
2024-08-12,GOOGL,GSPC,2.300509924516724
2024-08-19,GOOGL,d_rate,0.15481527746871915
2024-08-19,GOOGL,d_credit,0.13389166533599678
2024-08-19,GOOGL,r_vix,0.08604867487046639
2024-08-19,GOOGL,GSPC,2.337033039841527
2024-08-26,GOOGL,d_rate,0.15176417421378274
2024-08-26,GOOGL,d_credit,0.12390804046634779
2024-08-26,GOOGL,r_vix,0.0925929083562684
2024-08-26,GOOGL,GSPC,2.3446011670646896
2024-09-02,GOOGL,d_rate,0.14696714934843425
2024-09-02,GOOGL,d_credit,0.12818869231649568
2024-09-02,GOOGL,r_vix,0.09813152202321614
2024-09-02,GOOGL,GSPC,2.3507502675052336
2024-09-09,GOOGL,d_rate,0.1465144564630931
2024-09-09,GOOGL,d_credit,0.127744401938694
2024-09-09,GOOGL,r_vix,0.09977600932089625
2024-09-09,GOOGL,GSPC,2.356159802958839
2024-09-16,GOOGL,d_rate,0.1474878135266731
2024-09-16,GOOGL,d_credit,0.11700353065822192
2024-09-16,GOOGL,r_vix,0.10275422070376253
2024-09-16,GOOGL,GSPC,2.3554520871843145
2024-09-23,GOOGL,d_rate,0.1467873113199965
2024-09-23,GOOGL,d_credit,0.11892621749708464
2024-09-23,GOOGL,r_vix,0.09994624244481846
2024-09-23,GOOGL,GSPC,2.3365738844477617
2024-09-30,GOOGL,d_rate,0.13803350127502786
2024-09-30,GOOGL,d_credit,0.11544514758249878
2024-09-30,GOOGL,r_vix,0.09209589447119303
2024-09-30,GOOGL,GSPC,2.269081333725068
2024-10-07,GOOGL,d_rate,0.1287966354693318
2024-10-07,GOOGL,d_credit,0.12112154239727768
2024-10-07,GOOGL,r_vix,0.07113344179509218
2024-10-07,GOOGL,GSPC,2.1068885282983074
2024-10-14,GOOGL,d_rate,0.1329943751217857
2024-10-14,GOOGL,d_credit,0.13144050670808774
2024-10-14,GOOGL,r_vix,0.0701901260350706
2024-10-14,GOOGL,GSPC,2.1007093988856624
2024-10-21,GOOGL,d_rate,0.11936108934994813
2024-10-21,GOOGL,d_credit,0.11239233571812336
2024-10-21,GOOGL,r_vix,0.04441247965902416
2024-10-21,GOOGL,GSPC,1.8066826457727025
2024-10-28,GOOGL,d_rate,0.119720908760903
2024-10-28,GOOGL,d_credit,0.08807508040591129
2024-10-28,GOOGL,r_vix,0.03935364673245588
2024-10-28,GOOGL,GSPC,1.6507962324466772
2024-11-04,GOOGL,d_rate,0.12023823814073911
2024-11-04,GOOGL,d_credit,0.09382332843684879
2024-11-04,GOOGL,r_vix,0.039532702951134986
2024-11-04,GOOGL,GSPC,1.6471287331140165
2024-11-11,GOOGL,d_rate,0.12004942668810734
2024-11-11,GOOGL,d_credit,0.08964522077428141
2024-11-11,GOOGL,r_vix,0.04251902537663816
2024-11-11,GOOGL,GSPC,1.683459159185234
2024-11-18,GOOGL,d_rate,0.11273859019226161
2024-11-18,GOOGL,d_credit,0.05992553755258097
2024-11-18,GOOGL,r_vix,0.039983409791141115
2024-11-18,GOOGL,GSPC,1.576321610178303
2024-11-25,GOOGL,d_rate,0.08563207568305319
2024-11-25,GOOGL,d_credit,0.029572461033827293
2024-11-25,GOOGL,r_vix,0.02275258098089423
2024-11-25,GOOGL,GSPC,1.4024662950858737
2024-12-02,GOOGL,d_rate,0.09226531714432976
2024-12-02,GOOGL,d_credit,0.0623301124220912
2024-12-02,GOOGL,r_vix,0.02332584126172613
2024-12-02,GOOGL,GSPC,1.4573843728062637
2024-12-09,GOOGL,d_rate,0.11327520181946989
2024-12-09,GOOGL,d_credit,0.0881837069651354
2024-12-09,GOOGL,r_vix,0.034872507444518704
2024-12-09,GOOGL,GSPC,1.5657337269270222
2024-12-16,GOOGL,d_rate,0.0975931470351253
2024-12-16,GOOGL,d_credit,0.014805982910732936
2024-12-16,GOOGL,r_vix,0.031608331523897915
2024-12-16,GOOGL,GSPC,1.4221610099897402
2024-12-23,GOOGL,d_rate,0.09366088401593918
2024-12-23,GOOGL,d_credit,0.0038330010674915193
2024-12-23,GOOGL,r_vix,0.03142104269382267
2024-12-23,GOOGL,GSPC,1.4035569491744528
2024-12-30,GOOGL,d_rate,0.1056485233526196
2024-12-30,GOOGL,d_credit,0.039956327908488944
2024-12-30,GOOGL,r_vix,0.02593933555507801
2024-12-30,GOOGL,GSPC,1.3747108466650793
2025-01-06,GOOGL,d_rate,0.11357003117869197
2025-01-06,GOOGL,d_credit,0.05384659063719168
2025-01-06,GOOGL,r_vix,0.022486125137760684
2025-01-06,GOOGL,GSPC,1.3271930218459445
2025-01-13,GOOGL,d_rate,0.1164736875127943
2025-01-13,GOOGL,d_credit,0.05732982254781767
2025-01-13,GOOGL,r_vix,0.025202790617231737
2025-01-13,GOOGL,GSPC,1.365726096381452
2025-01-20,GOOGL,d_rate,0.11639488072394062
2025-01-20,GOOGL,d_credit,0.05934306767411225
2025-01-20,GOOGL,r_vix,0.021873939481350142
2025-01-20,GOOGL,GSPC,1.3316805984974662
2025-01-27,GOOGL,d_rate,0.09709139502073588
2025-01-27,GOOGL,d_credit,0.032764344543613835
2025-01-27,GOOGL,r_vix,0.04211739003172254
2025-01-27,GOOGL,GSPC,1.44149941117629
2025-02-03,GOOGL,d_rate,0.11921636340488859
2025-02-03,GOOGL,d_credit,0.07274587742698826
2025-02-03,GOOGL,r_vix,0.05538046966917314
2025-02-03,GOOGL,GSPC,1.6294674819214914
2025-02-10,GOOGL,d_rate,0.1152376088468042
2025-02-10,GOOGL,d_credit,0.011995011876802299
2025-02-10,GOOGL,r_vix,0.06876504655158841
2025-02-10,GOOGL,GSPC,1.640961351563929
2025-02-17,GOOGL,d_rate,0.1183390344368259
2025-02-17,GOOGL,d_credit,0.01956606215181843
2025-02-17,GOOGL,r_vix,0.0661525694975934
2025-02-17,GOOGL,GSPC,1.6395359097028774
2025-02-24,GOOGL,d_rate,0.14213029277422545
2025-02-24,GOOGL,d_credit,0.1055469076541
2025-02-24,GOOGL,r_vix,0.06530979040882055
2025-02-24,GOOGL,GSPC,1.7692918211274336
2025-03-03,GOOGL,d_rate,0.1488195308700853
2025-03-03,GOOGL,d_credit,0.13397969655673417
2025-03-03,GOOGL,r_vix,0.05274905064428828
2025-03-03,GOOGL,GSPC,1.6087878826343973
2025-03-10,GOOGL,d_rate,0.15175765727748333
2025-03-10,GOOGL,d_credit,0.1700224167983718
2025-03-10,GOOGL,r_vix,0.061660818534847735
2025-03-10,GOOGL,GSPC,1.722763671339354
2025-03-17,GOOGL,d_rate,0.142916315183548
2025-03-17,GOOGL,d_credit,0.11963252912044942
2025-03-17,GOOGL,r_vix,0.05939145237655429
2025-03-17,GOOGL,GSPC,1.6012082117140476
2025-03-24,GOOGL,d_rate,0.13283636631139753
2025-03-24,GOOGL,d_credit,0.07626783104025762
2025-03-24,GOOGL,r_vix,0.060774586499328855
2025-03-24,GOOGL,GSPC,1.6057559652296391
2025-03-31,GOOGL,d_rate,0.10070495517370735
2025-03-31,GOOGL,d_credit,0.06546742536045021
2025-03-31,GOOGL,r_vix,0.030182847778032037
2025-03-31,GOOGL,GSPC,1.0819674530287444
2025-04-07,GOOGL,d_rate,0.10140871893170092
2025-04-07,GOOGL,d_credit,0.10211184895426653
2025-04-07,GOOGL,r_vix,0.031013295295722183
2025-04-07,GOOGL,GSPC,1.1462514487886972
2025-04-14,GOOGL,d_rate,0.10328871837721815
2025-04-14,GOOGL,d_credit,0.11236570741388664
2025-04-14,GOOGL,r_vix,0.03491803790358908
2025-04-14,GOOGL,GSPC,1.1900841778699254
2025-04-21,GOOGL,d_rate,0.0614089421972953
2025-04-21,GOOGL,d_credit,-0.007870168358876916
2025-04-21,GOOGL,r_vix,0.037834445746076896
2025-04-21,GOOGL,GSPC,1.0882172272592858
2025-04-28,GOOGL,d_rate,0.0534532574827436
2025-04-28,GOOGL,d_credit,-0.030617106467447055
2025-04-28,GOOGL,r_vix,0.03432015013947374
2025-04-28,GOOGL,GSPC,1.0323332816211006
2025-05-05,GOOGL,d_rate,0.05169207242480117
2025-05-05,GOOGL,d_credit,-0.01732408815082532
2025-05-05,GOOGL,r_vix,0.045309466858687024
2025-05-05,GOOGL,GSPC,1.1323354094093327
2025-05-12,GOOGL,d_rate,0.05610447397430736
2025-05-12,GOOGL,d_credit,-0.020322016418552823
2025-05-12,GOOGL,r_vix,0.04669565015571492
2025-05-12,GOOGL,GSPC,1.1747108165823679
2025-05-19,GOOGL,d_rate,0.0630534672910881
2025-05-19,GOOGL,d_credit,-0.0025456234263920375
2025-05-19,GOOGL,r_vix,0.05024795231191838
2025-05-19,GOOGL,GSPC,1.1870664057588456
2025-05-26,GOOGL,d_rate,0.059575502511510975
2025-05-26,GOOGL,d_credit,-0.016221117519589257
2025-05-26,GOOGL,r_vix,0.04964101063887256
2025-05-26,GOOGL,GSPC,1.1725671064497356
2025-06-02,GOOGL,d_rate,0.061348574400773716
2025-06-02,GOOGL,d_credit,-0.006459598893837689
2025-06-02,GOOGL,r_vix,0.04903811681791015
2025-06-02,GOOGL,GSPC,1.1762840350926613
2025-06-09,GOOGL,d_rate,0.06160030907384011
2025-06-09,GOOGL,d_credit,-0.01652646951343469
2025-06-09,GOOGL,r_vix,0.05018536263786063
2025-06-09,GOOGL,GSPC,1.163569989768364
2025-06-16,GOOGL,d_rate,0.062031608784945694
2025-06-16,GOOGL,d_credit,-0.01897067031427906
2025-06-16,GOOGL,r_vix,0.051998013186421506
2025-06-16,GOOGL,GSPC,1.1742755872443678
2025-06-23,GOOGL,d_rate,0.060814990876058295
2025-06-23,GOOGL,d_credit,0.018024658620348816
2025-06-23,GOOGL,r_vix,0.049487572266930645
2025-06-23,GOOGL,GSPC,1.2535712946104087
2025-06-30,GOOGL,d_rate,0.0651346407311855
2025-06-30,GOOGL,d_credit,0.015621865649055974
2025-06-30,GOOGL,r_vix,0.03736377069741652
2025-06-30,GOOGL,GSPC,1.1518894116281742
2025-07-07,GOOGL,d_rate,0.06135342339525024
2025-07-07,GOOGL,d_credit,0.012447698269306315
2025-07-07,GOOGL,r_vix,0.03941499368644692
2025-07-07,GOOGL,GSPC,1.1673593985095996
2025-07-14,GOOGL,d_rate,0.060424885572524054
2025-07-14,GOOGL,d_credit,-0.002930048298781544
2025-07-14,GOOGL,r_vix,0.050881916307970766
2025-07-14,GOOGL,GSPC,1.2005802233011447
2025-07-21,GOOGL,d_rate,0.06253948090930753
2025-07-21,GOOGL,d_credit,0.02797015332537017
2025-07-21,GOOGL,r_vix,0.0405178134193316
2025-07-21,GOOGL,GSPC,1.1715407037023484
2025-07-28,GOOGL,d_rate,0.0688960006403249
2025-07-28,GOOGL,d_credit,0.003099801286853856
2025-07-28,GOOGL,r_vix,0.02951393518541378
2025-07-28,GOOGL,GSPC,1.0846270746511586
2025-08-04,GOOGL,d_rate,0.0831958767839399
2025-08-04,GOOGL,d_credit,0.025346568902318595
2025-08-04,GOOGL,r_vix,0.00300350236470373
2025-08-04,GOOGL,GSPC,0.9629139419325725
2025-08-11,GOOGL,d_rate,0.07559086246417011
2025-08-11,GOOGL,d_credit,-0.0036568352712374585
2025-08-11,GOOGL,r_vix,-0.0025162643899164245
2025-08-11,GOOGL,GSPC,0.9365335067632884
2025-08-18,GOOGL,d_rate,0.07724848245681867
2025-08-18,GOOGL,d_credit,0.002437820237328457
2025-08-18,GOOGL,r_vix,-0.007023786105045087
2025-08-18,GOOGL,GSPC,0.9122575374936899
2025-08-25,GOOGL,d_rate,0.08569390186096099
2025-08-25,GOOGL,d_credit,0.03915882550312335
2025-08-25,GOOGL,r_vix,-0.007722400389320262
2025-08-25,GOOGL,GSPC,0.9425759122710328
2025-09-01,GOOGL,d_rate,0.03419710304715286
2025-09-01,GOOGL,d_credit,-0.06968577114498474
2025-09-01,GOOGL,r_vix,0.019677635863615317
2025-09-01,GOOGL,GSPC,0.9585115020161753
2025-09-08,GOOGL,d_rate,0.033811570190194123
2025-09-08,GOOGL,d_credit,-0.0744990892727802
2025-09-08,GOOGL,r_vix,0.02141253538108534
2025-09-08,GOOGL,GSPC,0.9537175448593253
2025-09-15,GOOGL,d_rate,0.03543399475029961
2025-09-15,GOOGL,d_credit,-0.06899532294271099
2025-09-15,GOOGL,r_vix,0.02778181770081024
2025-09-15,GOOGL,GSPC,1.0025855530572865
2025-09-22,GOOGL,d_rate,0.033143362083648736
2025-09-22,GOOGL,d_credit,-0.055740670634887954
2025-09-22,GOOGL,r_vix,0.03440413225843209
2025-09-22,GOOGL,GSPC,1.068261409725284
2025-09-29,GOOGL,d_rate,0.0380208020088721
2025-09-29,GOOGL,d_credit,-0.06023463031969647
2025-09-29,GOOGL,r_vix,0.027818899559687322
2025-09-29,GOOGL,GSPC,1.0165174706204623
2025-10-06,GOOGL,d_rate,0.04355513714379708
2025-10-06,GOOGL,d_credit,-0.07338206873422033
2025-10-06,GOOGL,r_vix,0.03585924097882892
2025-10-06,GOOGL,GSPC,1.0729518633768
2025-10-13,GOOGL,d_rate,0.03910755063342595
2025-10-13,GOOGL,d_credit,-0.08334380974173691
2025-10-13,GOOGL,r_vix,0.04050883351139496
2025-10-13,GOOGL,GSPC,1.1130309309513966
2025-10-20,GOOGL,d_rate,0.038449243786490214
2025-10-20,GOOGL,d_credit,-0.08398583512448748
2025-10-20,GOOGL,r_vix,0.03917430492245279
2025-10-20,GOOGL,GSPC,1.1076188448148943
2025-10-27,GOOGL,d_rate,0.049361164113736145
2025-10-27,GOOGL,d_credit,-0.004169585665818655
2025-10-27,GOOGL,r_vix,0.04643954491261585
2025-10-27,GOOGL,GSPC,1.2776787330492925
2025-11-03,GOOGL,d_rate,0.049085502771370894
2025-11-03,GOOGL,d_credit,-0.004415698836197424
2025-11-03,GOOGL,r_vix,0.045475694105102785
2025-11-03,GOOGL,GSPC,1.274946416757104
2025-11-10,GOOGL,d_rate,0.055502814105045845
2025-11-10,GOOGL,d_credit,-0.00114776629343177
2025-11-10,GOOGL,r_vix,0.039280905365414544
2025-11-10,GOOGL,GSPC,1.220533474617602
2025-11-17,GOOGL,d_rate,0.047096876056907426
2025-11-17,GOOGL,d_credit,0.036861657146865574
2025-11-17,GOOGL,r_vix,0.0520327772424128
2025-11-17,GOOGL,GSPC,1.3180348057244562
2025-11-24,GOOGL,d_rate,0.05421907030831276
2025-11-24,GOOGL,d_credit,0.043554631928304506
2025-11-24,GOOGL,r_vix,0.04251933571176012
2025-11-24,GOOGL,GSPC,1.293609158775064
2025-12-01,GOOGL,d_rate,0.053684726461497696
2025-12-01,GOOGL,d_credit,0.05364153818908202
2025-12-01,GOOGL,r_vix,0.04389861538538693
2025-12-01,GOOGL,GSPC,1.3117872720778128
2025-12-08,GOOGL,d_rate,0.003075168426808578
2025-12-08,GOOGL,d_credit,0.013680597345083622
2025-12-08,GOOGL,r_vix,0.05359481871053563
2025-12-08,GOOGL,GSPC,1.395205908583497
2025-12-15,GOOGL,d_rate,2.206972165444632e-5
2025-12-15,GOOGL,d_credit,0.0191340616179473
2025-12-15,GOOGL,r_vix,0.0497625973446605
2025-12-15,GOOGL,GSPC,1.3951335883191038
2025-12-22,GOOGL,d_rate,1.5720407767975e-4
2025-12-22,GOOGL,d_credit,0.019102156198539607
2025-12-22,GOOGL,r_vix,0.04960317450656698
2025-12-22,GOOGL,GSPC,1.3941347155523385
2025-12-29,GOOGL,d_rate,0.0018492591172566523
2025-12-29,GOOGL,d_credit,0.01782258360871331
2025-12-29,GOOGL,r_vix,0.04894558549009725
2025-12-29,GOOGL,GSPC,1.3806482296028753
2026-01-05,GOOGL,d_rate,-0.005722169349904725
2026-01-05,GOOGL,d_credit,0.015621191369128819
2026-01-05,GOOGL,r_vix,0.050785925971621466
2026-01-05,GOOGL,GSPC,1.4132479661445636
2026-01-12,GOOGL,d_rate,-0.01172002929361784
2026-01-12,GOOGL,d_credit,0.030086483515408935
2026-01-12,GOOGL,r_vix,0.04866417710642294
2026-01-12,GOOGL,GSPC,1.4454361637742823
2026-01-19,GOOGL,d_rate,-0.011649934157120177
2026-01-19,GOOGL,d_credit,0.032457409712074455
2026-01-19,GOOGL,r_vix,0.04898380714469508
2026-01-19,GOOGL,GSPC,1.4548269481080418
2026-01-26,GOOGL,d_rate,-0.008829901152370714
2026-01-26,GOOGL,d_credit,0.03616073369923278
2026-01-26,GOOGL,r_vix,0.0499406337267286
2026-01-26,GOOGL,GSPC,1.4718439794458822
2026-02-02,GOOGL,d_rate,-0.031487332466112974
2026-02-02,GOOGL,d_credit,-0.011527555159182967
2026-02-02,GOOGL,r_vix,0.05152528087859926
2026-02-02,GOOGL,GSPC,1.4295545883252163
2026-02-09,GOOGL,d_rate,-0.012610035658429924
2026-02-09,GOOGL,d_credit,-0.014941795618431458
2026-02-09,GOOGL,r_vix,0.04070004411665108
2026-02-09,GOOGL,GSPC,1.3764751777095603
2026-02-16,GOOGL,d_rate,-0.013978020238734928
2026-02-16,GOOGL,d_credit,-0.022749581545307075
2026-02-16,GOOGL,r_vix,0.04640057727372074
2026-02-16,GOOGL,GSPC,1.3868811723166543
2026-02-23,GOOGL,d_rate,-0.030413564579990886
2026-02-23,GOOGL,d_credit,-0.013132750217107015
2026-02-23,GOOGL,r_vix,0.04832791794874307
2026-02-23,GOOGL,GSPC,1.4143162470992716
2026-03-02,GOOGL,d_rate,-0.06000399353913498
2026-03-02,GOOGL,d_credit,0.0055206296234356226
2026-03-02,GOOGL,r_vix,0.03802747695625461
2026-03-02,GOOGL,GSPC,1.5144607641260917
2026-03-09,GOOGL,d_rate,-0.03136884174475446
2026-03-09,GOOGL,d_credit,0.05053658695591453
2026-03-09,GOOGL,r_vix,0.007275950428336532
2026-03-09,GOOGL,GSPC,1.3139535283820325
2026-03-16,GOOGL,d_rate,-0.028045004703811806
2026-03-16,GOOGL,d_credit,0.04895228842174519
2026-03-16,GOOGL,r_vix,-0.004543092321789385
2026-03-16,GOOGL,GSPC,1.2253751380886904
2026-03-23,GOOGL,d_rate,-0.027115623504515837
2026-03-23,GOOGL,d_credit,0.09642874639493448
2026-03-23,GOOGL,r_vix,-0.005925662835762008
2026-03-23,GOOGL,GSPC,1.309615042096188
2026-03-30,GOOGL,d_rate,-0.013658946953955793
2026-03-30,GOOGL,d_credit,0.0774016650694193
2026-03-30,GOOGL,r_vix,0.016051583515241916
2026-03-30,GOOGL,GSPC,1.6528475981267363
2026-04-06,GOOGL,d_rate,-0.0014597851001173846
2026-04-06,GOOGL,d_credit,0.08697072804905091
2026-04-06,GOOGL,r_vix,0.014122069521862098
2026-04-06,GOOGL,GSPC,1.7224330570669097
2026-04-13,GOOGL,d_rate,-0.004368210662738076
2026-04-13,GOOGL,d_credit,0.08014494125448887
2026-04-13,GOOGL,r_vix,0.0073737960143701806
2026-04-13,GOOGL,GSPC,1.6309622933125165
2026-04-20,GOOGL,d_rate,-0.008504049475560018
2026-04-20,GOOGL,d_credit,0.07791150819047238
2026-04-20,GOOGL,r_vix,0.004959903534566075
2026-04-20,GOOGL,GSPC,1.6198839517214099
2026-04-27,GOOGL,d_rate,0.05058840339729466
2026-04-27,GOOGL,d_credit,0.1846760685188994
2026-04-27,GOOGL,r_vix,0.0021282740600807254
2026-04-27,GOOGL,GSPC,1.8489152127098787
2026-05-04,GOOGL,d_rate,0.05369872745865369
2026-05-04,GOOGL,d_credit,0.17832105215526717
2026-05-04,GOOGL,r_vix,-0.01155445832669304
2026-05-04,GOOGL,GSPC,1.7061561231830435
2026-05-11,GOOGL,d_rate,0.036899897452517864
2026-05-11,GOOGL,d_credit,0.17004859795054658
2026-05-11,GOOGL,r_vix,-0.014717517104587437
2026-05-11,GOOGL,GSPC,1.6909776510259817
2026-05-18,GOOGL,d_rate,0.038082055613885044
2026-05-18,GOOGL,d_credit,0.18035203329720792
2026-05-18,GOOGL,r_vix,-0.01210280260594056
2026-05-18,GOOGL,GSPC,1.7949646597494555
2026-05-25,GOOGL,d_rate,0.04507837408074758
2026-05-25,GOOGL,d_credit,0.1783421572014385
2026-05-25,GOOGL,r_vix,-0.01178269451412097
2026-05-25,GOOGL,GSPC,1.7876994699274649
2026-06-01,GOOGL,d_rate,0.04504677459938893
2026-06-01,GOOGL,d_credit,0.15086266820896851
2026-06-01,GOOGL,r_vix,-0.007645202799451045
2026-06-01,GOOGL,GSPC,1.7627800172954566
2026-06-08,GOOGL,d_rate,0.05716950447974272
2026-06-08,GOOGL,d_credit,0.14824344039763587
2026-06-08,GOOGL,r_vix,0.00514011198629414
2026-06-08,GOOGL,GSPC,1.8578031305466642
2026-06-15,GOOGL,d_rate,0.050846394364871345
2026-06-15,GOOGL,d_credit,0.14731813077570685
2026-06-15,GOOGL,r_vix,3.492148250561319e-4
2026-06-15,GOOGL,GSPC,1.7965325812676178
2026-06-22,GOOGL,d_rate,0.07534884707639941
2026-06-22,GOOGL,d_credit,0.1639444509019076
2026-06-22,GOOGL,r_vix,0.008328826730069808
2026-06-22,GOOGL,GSPC,1.9788785119994239
2026-06-29,GOOGL,d_rate,0.08245754113109381
2026-06-29,GOOGL,d_credit,0.184359548447607
2026-06-29,GOOGL,r_vix,0.017032013971107655
2026-06-29,GOOGL,GSPC,2.122573248537442
2026-07-06,GOOGL,d_rate,0.040181850365012324
2026-07-06,GOOGL,d_credit,0.12752283541789236
2026-07-06,GOOGL,r_vix,0.015563328603430928
2026-07-06,GOOGL,GSPC,2.0031625584097714
2026-07-13,GOOGL,d_rate,0.0402839269922451
2026-07-13,GOOGL,d_credit,0.12663680789322737
2026-07-13,GOOGL,r_vix,0.01389301037757894
2026-07-13,GOOGL,GSPC,2.0008032610498203
2026-07-20,GOOGL,d_rate,0.013056817266543019
2026-07-20,GOOGL,d_credit,0.11412288690462709
2026-07-20,GOOGL,r_vix,0.025193185898041585
2026-07-20,GOOGL,GSPC,2.0904040568462667
2026-07-27,GOOGL,d_rate,0.04540176555672849
2026-07-27,GOOGL,d_credit,0.17967889008167046
2026-07-27,GOOGL,r_vix,0.009011795561172401
2026-07-27,GOOGL,GSPC,2.130584706502957
2026-08-03,GOOGL,d_rate,0.05378201155339426
2026-08-03,GOOGL,d_credit,0.14676930133332475
2026-08-03,GOOGL,r_vix,-0.008306990758874554
2026-08-03,GOOGL,GSPC,1.8131066980908128
2026-08-10,GOOGL,d_rate,0.04505484992489814
2026-08-10,GOOGL,d_credit,0.11037755671135446
2026-08-10,GOOGL,r_vix,-0.005250531337983701
2026-08-10,GOOGL,GSPC,1.79700177877137
2026-08-17,GOOGL,d_rate,0.04321004989113066
2026-08-17,GOOGL,d_credit,0.08876418343182275
2026-08-17,GOOGL,r_vix,-0.007912091588226582
2026-08-17,GOOGL,GSPC,1.7355085876880618
2015-12-28,META,d_rate,0.028064987681915093
2015-12-28,META,d_credit,-0.08708052662986682
2015-12-28,META,r_vix,-0.06316891062516426
2015-12-28,META,GSPC,0.4536411801337101
2016-01-04,META,d_rate,0.025039734013912168
2016-01-04,META,d_credit,-0.09124827034316503
2016-01-04,META,r_vix,-0.05097974531039528
2016-01-04,META,GSPC,0.612569213068648
2016-01-11,META,d_rate,0.022849011065472036
2016-01-11,META,d_credit,-0.0930806069930776
2016-01-11,META,r_vix,-0.04326879899453531
2016-01-11,META,GSPC,0.6677026421017713
2016-01-18,META,d_rate,0.024879370572351747
2016-01-18,META,d_credit,-0.08627806328140636
2016-01-18,META,r_vix,-0.04400937663552491
2016-01-18,META,GSPC,0.6671000940510833
2016-01-25,META,d_rate,0.002845765592252551
2016-01-25,META,d_credit,-0.0520844911776582
2016-01-25,META,r_vix,-0.037509342071946256
2016-01-25,META,GSPC,0.8705548897446788
2016-02-01,META,d_rate,0.032298305031439545
2016-02-01,META,d_credit,-0.05092489464649518
2016-02-01,META,r_vix,-0.026604186264051734
2016-02-01,META,GSPC,1.0699487631877502
2016-02-08,META,d_rate,0.035541982736903815
2016-02-08,META,d_credit,-0.0520021985722217
2016-02-08,META,r_vix,-0.028932616141114528
2016-02-08,META,GSPC,1.074166853156784
2016-02-15,META,d_rate,0.035743830907495326
2016-02-15,META,d_credit,-0.026142236864530894
2016-02-15,META,r_vix,-0.032528817731785016
2016-02-15,META,GSPC,1.0285499718623636
2016-02-22,META,d_rate,0.027926363085854347
2016-02-22,META,d_credit,-0.04496106202752862
2016-02-22,META,r_vix,-0.03392987757419176
2016-02-22,META,GSPC,1.015921331866073
2016-02-29,META,d_rate,0.02281714156002982
2016-02-29,META,d_credit,0.0030671636149848555
2016-02-29,META,r_vix,-0.042388238614241666
2016-02-29,META,GSPC,0.9742706354198768
2016-03-07,META,d_rate,0.020243057489115902
2016-03-07,META,d_credit,0.01199171048016047
2016-03-07,META,r_vix,-0.0445415720879459
2016-03-07,META,GSPC,0.9618411184434793
2016-03-14,META,d_rate,0.03995329557360942
2016-03-14,META,d_credit,0.017421215446136718
2016-03-14,META,r_vix,-0.03976506415456264
2016-03-14,META,GSPC,0.9262382611773619
2016-03-21,META,d_rate,0.03820023745222927
2016-03-21,META,d_credit,0.016088041429371588
2016-03-21,META,r_vix,-0.04170963403549724
2016-03-21,META,GSPC,0.9246089031612988
2016-03-28,META,d_rate,0.031292706159977014
2016-03-28,META,d_credit,0.01588151418122509
2016-03-28,META,r_vix,-0.039140703404285125
2016-03-28,META,GSPC,0.959082977548092
2016-04-04,META,d_rate,0.041825863319897974
2016-04-04,META,d_credit,0.028856056376988026
2016-04-04,META,r_vix,-0.05219341428919844
2016-04-04,META,GSPC,0.9136578950114081
2016-04-11,META,d_rate,0.043638318101990904
2016-04-11,META,d_credit,0.04424825924503903
2016-04-11,META,r_vix,-0.051078144373318715
2016-04-11,META,GSPC,0.9113008561003803
2016-04-18,META,d_rate,0.047009839672991306
2016-04-18,META,d_credit,0.05528449084650012
2016-04-18,META,r_vix,-0.05152665074497844
2016-04-18,META,GSPC,0.9346432538928672
2016-04-25,META,d_rate,0.06010742623112888
2016-04-25,META,d_credit,0.0509673341102523
2016-04-25,META,r_vix,-0.026933309023619293
2016-04-25,META,GSPC,1.0158831664890409
2016-05-02,META,d_rate,0.063882097446954
2016-05-02,META,d_credit,0.05931299478205443
2016-05-02,META,r_vix,-0.02673684887309295
2016-05-02,META,GSPC,1.0247167008068718
2016-05-09,META,d_rate,0.062484236869457276
2016-05-09,META,d_credit,0.05504872788298663
2016-05-09,META,r_vix,-0.02662169491316881
2016-05-09,META,GSPC,1.0199077396344174
2016-05-16,META,d_rate,0.05387945594535452
2016-05-16,META,d_credit,0.058244144055582724
2016-05-16,META,r_vix,-0.031172032925428014
2016-05-16,META,GSPC,1.0035387616978495
2016-05-23,META,d_rate,0.052793870091757525
2016-05-23,META,d_credit,0.054232390688824184
2016-05-23,META,r_vix,-0.030020545396943082
2016-05-23,META,GSPC,0.9876013563382847
2016-05-30,META,d_rate,0.03338840449681548
2016-05-30,META,d_credit,0.0442318561708327
2016-05-30,META,r_vix,-0.03108113989702845
2016-05-30,META,GSPC,1.0047353759640574
2016-06-06,META,d_rate,0.034973798800591135
2016-06-06,META,d_credit,0.04672095942321274
2016-06-06,META,r_vix,-0.038504967799514955
2016-06-06,META,GSPC,0.9591157200739773
2016-06-13,META,d_rate,0.032726244820947874
2016-06-13,META,d_credit,0.04554409944251856
2016-06-13,META,r_vix,-0.041367070336640666
2016-06-13,META,GSPC,0.9550508702330855
2016-06-20,META,d_rate,-0.023307950116957524
2016-06-20,META,d_credit,0.015016175097375297
2016-06-20,META,r_vix,-0.03650016883304082
2016-06-20,META,GSPC,1.0370884937999634
2016-06-27,META,d_rate,-4.89273749101828e-5
2016-06-27,META,d_credit,0.0441239084965371
2016-06-27,META,r_vix,-0.024072687766265772
2016-06-27,META,GSPC,1.087300110489184
2016-07-04,META,d_rate,-0.0037190109635749243
2016-07-04,META,d_credit,0.036816850858299555
2016-07-04,META,r_vix,-0.02559362932480157
2016-07-04,META,GSPC,1.074948812963265
2016-07-11,META,d_rate,-0.0026580692644460253
2016-07-11,META,d_credit,0.045734663272046686
2016-07-11,META,r_vix,-0.011295957406227212
2016-07-11,META,GSPC,1.1336737339960319
2016-07-18,META,d_rate,0.0023254845895154465
2016-07-18,META,d_credit,0.06041431738442995
2016-07-18,META,r_vix,-0.011150259851700704
2016-07-18,META,GSPC,1.199612856989311
2016-07-25,META,d_rate,-0.002190938789009461
2016-07-25,META,d_credit,0.095571252744992
2016-07-25,META,r_vix,-0.018285129043704138
2016-07-25,META,GSPC,1.2440465602157584
2016-08-01,META,d_rate,-0.002367279076941414
2016-08-01,META,d_credit,0.10094482281387236
2016-08-01,META,r_vix,-0.01902466000464919
2016-08-01,META,GSPC,1.2592078134602598
2016-08-08,META,d_rate,0.0032491795723245866
2016-08-08,META,d_credit,0.11477854380390318
2016-08-08,META,r_vix,-0.0194377854312997
2016-08-08,META,GSPC,1.2759747175689444
2016-08-15,META,d_rate,-4.627323532250794e-4
2016-08-15,META,d_credit,0.12131924622303704
2016-08-15,META,r_vix,-0.014088565120457593
2016-08-15,META,GSPC,1.2420074926345575
2016-08-22,META,d_rate,-0.020279654545682167
2016-08-22,META,d_credit,0.08724199483704057
2016-08-22,META,r_vix,-0.004679743486499247
2016-08-22,META,GSPC,1.253964230275883
2016-08-29,META,d_rate,-0.020060133508912757
2016-08-29,META,d_credit,0.08888454453685739
2016-08-29,META,r_vix,-0.0023469708195830927
2016-08-29,META,GSPC,1.2838740186982311
2016-09-05,META,d_rate,-0.013769238806199997
2016-09-05,META,d_credit,0.09549144799099345
2016-09-05,META,r_vix,0.012016937902940467
2016-09-05,META,GSPC,1.3314916044391298
2016-09-12,META,d_rate,-0.012138013111237569
2016-09-12,META,d_credit,0.09225571996817772
2016-09-12,META,r_vix,0.01376189513934322
2016-09-12,META,GSPC,1.3398967087731193
2016-09-19,META,d_rate,-0.004449366020788725
2016-09-19,META,d_credit,0.10036976578826037
2016-09-19,META,r_vix,0.01953688682576639
2016-09-19,META,GSPC,1.3664069192331345
2016-09-26,META,d_rate,-0.01143372973820006
2016-09-26,META,d_credit,0.1533765500411339
2016-09-26,META,r_vix,0.014723372248204384
2016-09-26,META,GSPC,1.4532581296832028
2016-10-03,META,d_rate,0.002047231068483042
2016-10-03,META,d_credit,0.15025633308531688
2016-10-03,META,r_vix,0.01277240969567448
2016-10-03,META,GSPC,1.4487478164412138
2016-10-10,META,d_rate,0.004677283202750764
2016-10-10,META,d_credit,0.14268158117474564
2016-10-10,META,r_vix,0.015547497269102846
2016-10-10,META,GSPC,1.443540224956043
2016-10-17,META,d_rate,-6.935075805157585e-4
2016-10-17,META,d_credit,0.1372437739532355
2016-10-17,META,r_vix,0.002490874191797224
2016-10-17,META,GSPC,1.3256169809512177
2016-10-24,META,d_rate,-9.431036674197956e-4
2016-10-24,META,d_credit,0.13599015220656227
2016-10-24,META,r_vix,0.0022746889399554303
2016-10-24,META,GSPC,1.3238260060465448
2016-10-31,META,d_rate,-0.014730064850193255
2016-10-31,META,d_credit,0.09974563476514742
2016-10-31,META,r_vix,-0.0190713695122903
2016-10-31,META,GSPC,1.1711795002671765
2016-11-07,META,d_rate,-0.023400361540918745
2016-11-07,META,d_credit,0.05597632919553776
2016-11-07,META,r_vix,-0.0029048714329433737
2016-11-07,META,GSPC,1.1162391687778597
2016-11-14,META,d_rate,-0.02982330053173813
2016-11-14,META,d_credit,0.06486260370682324
2016-11-14,META,r_vix,-0.001784332157423168
2016-11-14,META,GSPC,1.1559717400270368
2016-11-21,META,d_rate,-0.03011182400120864
2016-11-21,META,d_credit,0.0697838351883266
2016-11-21,META,r_vix,-0.0013984909747252125
2016-11-21,META,GSPC,1.1783500807829048
2016-11-28,META,d_rate,-0.02978632135344421
2016-11-28,META,d_credit,0.08750516407227123
2016-11-28,META,r_vix,-0.0036843425131894265
2016-11-28,META,GSPC,1.2097552387735127
2016-12-05,META,d_rate,-0.031688562546627067
2016-12-05,META,d_credit,0.08645368035575403
2016-12-05,META,r_vix,-0.0021807700660236655
2016-12-05,META,GSPC,1.2066117856408636
2016-12-12,META,d_rate,-0.03900504878170231
2016-12-12,META,d_credit,0.06207331201217168
2016-12-12,META,r_vix,0.008903995668145136
2016-12-12,META,GSPC,1.2626362369810868
2016-12-19,META,d_rate,-0.036132130321470474
2016-12-19,META,d_credit,0.07666850973953847
2016-12-19,META,r_vix,0.022998234189368097
2016-12-19,META,GSPC,1.4379368640476842
2016-12-26,META,d_rate,-0.032834004304424846
2016-12-26,META,d_credit,0.07681773172109836
2016-12-26,META,r_vix,0.020202293424792427
2016-12-26,META,GSPC,1.4300011704574802
2017-01-02,META,d_rate,-0.03680581359512213
2017-01-02,META,d_credit,0.07551126402585652
2017-01-02,META,r_vix,0.013711443154220975
2017-01-02,META,GSPC,1.4461522075879745
2017-01-09,META,d_rate,-0.0374953974315899
2017-01-09,META,d_credit,0.07699634026260994
2017-01-09,META,r_vix,0.006749462668499758
2017-01-09,META,GSPC,1.3546231940744757
2017-01-16,META,d_rate,-0.04249096282914598
2017-01-16,META,d_credit,0.06767092722468655
2017-01-16,META,r_vix,0.010186317791299672
2017-01-16,META,GSPC,1.3693221087357637
2017-01-23,META,d_rate,-0.021070504924425713
2017-01-23,META,d_credit,0.00611204128797048
2017-01-23,META,r_vix,-0.009961636954618656
2017-01-23,META,GSPC,0.9108224801662745
2017-01-30,META,d_rate,-0.025046486248705247
2017-01-30,META,d_credit,-0.00381956586589341
2017-01-30,META,r_vix,-0.0452086342765213
2017-01-30,META,GSPC,0.3391157349507073
2017-02-06,META,d_rate,-0.03168801311756275
2017-02-06,META,d_credit,0.0052149932249013885
2017-02-06,META,r_vix,-0.043992277529720104
2017-02-06,META,GSPC,0.3537511326548547
2017-02-13,META,d_rate,-0.031246071717701152
2017-02-13,META,d_credit,0.0031553277829823342
2017-02-13,META,r_vix,-0.05054475276636823
2017-02-13,META,GSPC,0.2583761089342818
2017-02-20,META,d_rate,-0.033351485665071165
2017-02-20,META,d_credit,-0.00440380540026639
2017-02-20,META,r_vix,-0.05625661692689437
2017-02-20,META,GSPC,0.15424982400580647
2017-02-27,META,d_rate,-0.027990807011232778
2017-02-27,META,d_credit,-0.007534877675790718
2017-02-27,META,r_vix,-0.05435256018458008
2017-02-27,META,GSPC,0.19807000706191397
2017-03-06,META,d_rate,-0.022802774882655304
2017-03-06,META,d_credit,0.005836941132631491
2017-03-06,META,r_vix,-0.057664685033668076
2017-03-06,META,GSPC,0.1662057684959878
2017-03-13,META,d_rate,-0.022306922999822835
2017-03-13,META,d_credit,0.0062339144567364075
2017-03-13,META,r_vix,-0.05748177885797931
2017-03-13,META,GSPC,0.1676042764250144
2017-03-20,META,d_rate,-0.02516464214907064
2017-03-20,META,d_credit,0.002098096638348151
2017-03-20,META,r_vix,-0.05422933836731905
2017-03-20,META,GSPC,0.19476737561178875
2017-03-27,META,d_rate,-0.018239518360274168
2017-03-27,META,d_credit,0.014851521566721084
2017-03-27,META,r_vix,-0.06082332786199638
2017-03-27,META,GSPC,0.11385303974779715
2017-04-03,META,d_rate,-0.032306469434389334
2017-04-03,META,d_credit,-0.014357744981315496
2017-04-03,META,r_vix,-0.05661228559428418
2017-04-03,META,GSPC,0.04863872701004085
2017-04-10,META,d_rate,-0.03537095296227787
2017-04-10,META,d_credit,-0.026817181047816007
2017-04-10,META,r_vix,-0.04649561407805477
2017-04-10,META,GSPC,0.2035945995919854
2017-04-17,META,d_rate,-0.044066558054893394
2017-04-17,META,d_credit,-0.020951753090319634
2017-04-17,META,r_vix,-0.03192392138251667
2017-04-17,META,GSPC,0.39202930935958713
2017-04-24,META,d_rate,-0.015360821416236042
2017-04-24,META,d_credit,0.04386399278422274
2017-04-24,META,r_vix,-0.05121256023489107
2017-04-24,META,GSPC,0.4386118042896653
2017-05-01,META,d_rate,-0.015546652206904345
2017-05-01,META,d_credit,0.042581435676322124
2017-05-01,META,r_vix,-0.04757392073874211
2017-05-01,META,GSPC,0.48391397685544807
2017-05-08,META,d_rate,-0.015423755702465946
2017-05-08,META,d_credit,0.04208667807973145
2017-05-08,META,r_vix,-0.0468204479724885
2017-05-08,META,GSPC,0.494206934926853
2017-05-15,META,d_rate,-0.004879379419765972
2017-05-15,META,d_credit,0.04697332141781335
2017-05-15,META,r_vix,-0.0489735190430915
2017-05-15,META,GSPC,0.4844787102565636
2017-05-22,META,d_rate,-0.0039226172356990364
2017-05-22,META,d_credit,0.050068195936741874
2017-05-22,META,r_vix,-0.04976682072537162
2017-05-22,META,GSPC,0.5023834160468771
2017-05-29,META,d_rate,-0.008475561411143777
2017-05-29,META,d_credit,0.04719726191027686
2017-05-29,META,r_vix,-0.04966985680362134
2017-05-29,META,GSPC,0.495901654501146
2017-06-05,META,d_rate,-0.012539430892043475
2017-06-05,META,d_credit,0.048024046592264016
2017-06-05,META,r_vix,-0.04723801372269874
2017-06-05,META,GSPC,0.5380369060738276
2017-06-12,META,d_rate,-0.01267263250176033
2017-06-12,META,d_credit,0.05348119720105796
2017-06-12,META,r_vix,-0.05044739788611234
2017-06-12,META,GSPC,0.4589131951310896
2017-06-19,META,d_rate,-0.015892354372419062
2017-06-19,META,d_credit,0.04216214747652636
2017-06-19,META,r_vix,-0.05267059254171134
2017-06-19,META,GSPC,0.425263536013607
2017-06-26,META,d_rate,-0.03543493321299009
2017-06-26,META,d_credit,0.013744878496664776
2017-06-26,META,r_vix,-0.056506839898936366
2017-06-26,META,GSPC,0.4736615511620298
2017-07-03,META,d_rate,-0.029482920757559945
2017-07-03,META,d_credit,0.026436506578832866
2017-07-03,META,r_vix,-0.05753723414655072
2017-07-03,META,GSPC,0.45668555701322544
2017-07-10,META,d_rate,-0.031150439546950823
2017-07-10,META,d_credit,0.026312580659072167
2017-07-10,META,r_vix,-0.058462997382690576
2017-07-10,META,GSPC,0.5213903235384949
2017-07-17,META,d_rate,-0.03791090657153636
2017-07-17,META,d_credit,0.008646867091770202
2017-07-17,META,r_vix,-0.05547984661665691
2017-07-17,META,GSPC,0.5388892768774904
2017-07-24,META,d_rate,-0.024547121936617153
2017-07-24,META,d_credit,0.015854216322231402
2017-07-24,META,r_vix,-0.04286129427990304
2017-07-24,META,GSPC,0.6737169895566164
2017-07-31,META,d_rate,-0.02455498676401772
2017-07-31,META,d_credit,0.009715602493795715
2017-07-31,META,r_vix,-0.0397240167990039
2017-07-31,META,GSPC,0.7072513400668555
2017-08-07,META,d_rate,-0.028939152440312945
2017-08-07,META,d_credit,0.008494843838381696
2017-08-07,META,r_vix,-0.03328318780158225
2017-08-07,META,GSPC,0.750365936962063
2017-08-14,META,d_rate,-0.02768543160752815
2017-08-14,META,d_credit,0.003920053894497593
2017-08-14,META,r_vix,-0.0311992289849091
2017-08-14,META,GSPC,0.7759207480947491
2017-08-21,META,d_rate,-0.02655935571694709
2017-08-21,META,d_credit,0.006024790831776344
2017-08-21,META,r_vix,-0.02507175181431738
2017-08-21,META,GSPC,0.8570393017616875
2017-08-28,META,d_rate,-0.023745202078075615
2017-08-28,META,d_credit,0.017289291138499484
2017-08-28,META,r_vix,-0.025238803718955278
2017-08-28,META,GSPC,0.8887100824916047
2017-09-04,META,d_rate,-0.040173796225044155
2017-09-04,META,d_credit,-0.014771693245231197
2017-09-04,META,r_vix,-0.029810534736819414
2017-09-04,META,GSPC,0.981408010726612
2017-09-11,META,d_rate,-0.046757657164640476
2017-09-11,META,d_credit,-0.020178527700050203
2017-09-11,META,r_vix,-0.027760922678557915
2017-09-11,META,GSPC,0.9720083529049883
2017-09-18,META,d_rate,-0.06364093709488064
2017-09-18,META,d_credit,-0.03900500003055879
2017-09-18,META,r_vix,-0.03543243130323529
2017-09-18,META,GSPC,0.9405895843724985
2017-09-25,META,d_rate,-0.06382128765770141
2017-09-25,META,d_credit,-0.03688648809243387
2017-09-25,META,r_vix,-0.03625205777054458
2017-09-25,META,GSPC,0.9296467193859179
2017-10-02,META,d_rate,-0.06882152179759878
2017-10-02,META,d_credit,-0.03494628099806545
2017-10-02,META,r_vix,-0.03456727458878036
2017-10-02,META,GSPC,0.9763689172841494
2017-10-09,META,d_rate,-0.07194695560157606
2017-10-09,META,d_credit,-0.039107130531601635
2017-10-09,META,r_vix,-0.03534145682614053
2017-10-09,META,GSPC,0.9910132452121032
2017-10-16,META,d_rate,-0.06440654870777299
2017-10-16,META,d_credit,-0.03063443738605525
2017-10-16,META,r_vix,-0.027627963507799735
2017-10-16,META,GSPC,1.0749674793071502
2017-10-23,META,d_rate,-0.07175437224934793
2017-10-23,META,d_credit,-0.03931477810623099
2017-10-23,META,r_vix,-0.031580870829043546
2017-10-23,META,GSPC,1.05841816810164
2017-10-30,META,d_rate,-0.05005955871639913
2017-10-30,META,d_credit,0.03673538828840257
2017-10-30,META,r_vix,-0.0204156164603285
2017-10-30,META,GSPC,0.916796002938845
2017-11-06,META,d_rate,-0.05122889010514347
2017-11-06,META,d_credit,0.070359014055281
2017-11-06,META,r_vix,-0.033374489328126304
2017-11-06,META,GSPC,1.3258520660912447
2017-11-13,META,d_rate,-0.045315823912843264
2017-11-13,META,d_credit,0.05523998512678527
2017-11-13,META,r_vix,-0.03246545344636956
2017-11-13,META,GSPC,1.3334506551792853
2017-11-20,META,d_rate,-0.04432018391413939
2017-11-20,META,d_credit,0.0597772488891908
2017-11-20,META,r_vix,-0.034154256040998275
2017-11-20,META,GSPC,1.2983838663577225
2017-11-27,META,d_rate,-0.04161919558110011
2017-11-27,META,d_credit,0.07010074054930342
2017-11-27,META,r_vix,-0.06743351785641728
2017-11-27,META,GSPC,0.7319909548350402
2017-12-04,META,d_rate,-0.040292006490807726
2017-12-04,META,d_credit,0.0740553497175589
2017-12-04,META,r_vix,-0.06796377246549208
2017-12-04,META,GSPC,0.7451164196682769
2017-12-11,META,d_rate,-0.03362971513168259
2017-12-11,META,d_credit,0.14159218788387462
2017-12-11,META,r_vix,-0.07187134144669258
2017-12-11,META,GSPC,0.8016613437007439
2017-12-18,META,d_rate,-0.05568789449573401
2017-12-18,META,d_credit,0.09728155375551162
2017-12-18,META,r_vix,-0.07642942126819666
2017-12-18,META,GSPC,0.7223160816977895
2017-12-25,META,d_rate,-0.05731951946977849
2017-12-25,META,d_credit,0.10056573092341523
2017-12-25,META,r_vix,-0.07552385936493644
2017-12-25,META,GSPC,0.693465353346163
2018-01-01,META,d_rate,-0.036623615947102985
2018-01-01,META,d_credit,0.15192961848694303
2018-01-01,META,r_vix,-0.06891716351113927
2018-01-01,META,GSPC,0.7798167998329256
2018-01-08,META,d_rate,-0.030226001004015717
2018-01-08,META,d_credit,0.21331969484138513
2018-01-08,META,r_vix,-0.08098048984296151
2018-01-08,META,GSPC,0.6601976141746448
2018-01-15,META,d_rate,-0.02413197433290412
2018-01-15,META,d_credit,0.20865198712512667
2018-01-15,META,r_vix,-0.07637957245105424
2018-01-15,META,GSPC,0.6936545598738691
2018-01-22,META,d_rate,-0.02777611965930473
2018-01-22,META,d_credit,0.19863687878513311
2018-01-22,META,r_vix,-0.06781592799194339
2018-01-22,META,GSPC,0.8720349158414503
2018-01-29,META,d_rate,0.01558282934191765
2018-01-29,META,d_credit,0.23521027919055862
2018-01-29,META,r_vix,-0.06008487731801812
2018-01-29,META,GSPC,0.4237958483773487
2018-02-05,META,d_rate,0.008149833634466211
2018-02-05,META,d_credit,0.17668905476144353
2018-02-05,META,r_vix,-0.05771661840327438
2018-02-05,META,GSPC,0.7356591759356853
2018-02-12,META,d_rate,-0.009589194577290176
2018-02-12,META,d_credit,0.11114598713619704
2018-02-12,META,r_vix,-0.04748580867692961
2018-02-12,META,GSPC,0.583592185038639
2018-02-19,META,d_rate,-0.006324492452071435
2018-02-19,META,d_credit,0.12368385359115032
2018-02-19,META,r_vix,-0.05102772704648448
2018-02-19,META,GSPC,0.5666251934049847
2018-02-26,META,d_rate,-0.01275121295264808
2018-02-26,META,d_credit,0.11437672831897329
2018-02-26,META,r_vix,-0.04885782402654755
2018-02-26,META,GSPC,0.6334115107671039
2018-03-05,META,d_rate,-0.018051539904336417
2018-03-05,META,d_credit,0.10581714420258637
2018-03-05,META,r_vix,-0.04872895529088328
2018-03-05,META,GSPC,0.6410370246354888
2018-03-12,META,d_rate,-0.019524918502680268
2018-03-12,META,d_credit,0.11073096016247118
2018-03-12,META,r_vix,-0.04937447977528548
2018-03-12,META,GSPC,0.6354776849442926
2018-03-19,META,d_rate,-0.020940829101966835
2018-03-19,META,d_credit,0.061098899462948844
2018-03-19,META,r_vix,-0.03605066445566325
2018-03-19,META,GSPC,1.129056248294877
2018-03-26,META,d_rate,-0.021720960704315347
2018-03-26,META,d_credit,0.05035992812359086
2018-03-26,META,r_vix,-0.04082175455476901
2018-03-26,META,GSPC,1.0566769158398936
2018-04-02,META,d_rate,-0.01938643143757448
2018-04-02,META,d_credit,0.05850697456470867
2018-04-02,META,r_vix,-0.03773914418606038
2018-04-02,META,GSPC,1.0934689739218986
2018-04-09,META,d_rate,-0.01836697143542583
2018-04-09,META,d_credit,0.05076963725099033
2018-04-09,META,r_vix,-0.039571915605381466
2018-04-09,META,GSPC,1.0925625737990077
2018-04-16,META,d_rate,-0.004778854331069879
2018-04-16,META,d_credit,0.03583117127606034
2018-04-16,META,r_vix,-0.046075795336173446
2018-04-16,META,GSPC,1.0119608765648793
2018-04-23,META,d_rate,-0.0052380993999921275
2018-04-23,META,d_credit,0.051697199650805735
2018-04-23,META,r_vix,-0.04756269434261054
2018-04-23,META,GSPC,0.997939527784624
2018-04-30,META,d_rate,-0.001966608319924257
2018-04-30,META,d_credit,0.06583338523173003
2018-04-30,META,r_vix,-0.04918035122663244
2018-04-30,META,GSPC,0.9951826450227275
2018-05-07,META,d_rate,-0.0034224150516375357
2018-05-07,META,d_credit,0.05923325017168156
2018-05-07,META,r_vix,-0.048644042309915675
2018-05-07,META,GSPC,1.028300481407795
2018-05-14,META,d_rate,-0.014433599898278112
2018-05-14,META,d_credit,0.049627565008479424
2018-05-14,META,r_vix,-0.04647402450152605
2018-05-14,META,GSPC,1.0461780054477248
2018-05-21,META,d_rate,-0.016289379424166733
2018-05-21,META,d_credit,0.04996415680890583
2018-05-21,META,r_vix,-0.045971830818920416
2018-05-21,META,GSPC,1.0499536327757835
2018-05-28,META,d_rate,-0.020837122034286355
2018-05-28,META,d_credit,0.08725607168845778
2018-05-28,META,r_vix,-0.04219413729488218
2018-05-28,META,GSPC,1.1259832269128653
2018-06-04,META,d_rate,-0.026872389196355623
2018-06-04,META,d_credit,0.05682311142889438
2018-06-04,META,r_vix,-0.04101664034840033
2018-06-04,META,GSPC,1.0614234203730133
2018-06-11,META,d_rate,-0.030900925707574693
2018-06-11,META,d_credit,0.03893915978609285
2018-06-11,META,r_vix,-0.042695187284474766
2018-06-11,META,GSPC,1.0286554996932376
2018-06-18,META,d_rate,-0.02081851598360605
2018-06-18,META,d_credit,0.11204745216212356
2018-06-18,META,r_vix,-0.03837351165175903
2018-06-18,META,GSPC,1.1077232300708888
2018-06-25,META,d_rate,-0.010200752204682771
2018-06-25,META,d_credit,0.10701752100357018
2018-06-25,META,r_vix,-0.039922314554661484
2018-06-25,META,GSPC,1.100612504345701
2018-07-02,META,d_rate,-0.015473596293873331
2018-07-02,META,d_credit,0.09886497615728927
2018-07-02,META,r_vix,-0.04232843650077276
2018-07-02,META,GSPC,1.0915884185719733
2018-07-09,META,d_rate,-0.008252130976521173
2018-07-09,META,d_credit,0.09002685719716243
2018-07-09,META,r_vix,-0.0396693110423386
2018-07-09,META,GSPC,1.081084287357503
2018-07-16,META,d_rate,0.009497341252986733
2018-07-16,META,d_credit,0.11503193460262268
2018-07-16,META,r_vix,-0.040762103796431484
2018-07-16,META,GSPC,1.083607736190013
2018-07-23,META,d_rate,-0.013144049329536629
2018-07-23,META,d_credit,0.27244896332096485
2018-07-23,META,r_vix,-0.05402678349861231
2018-07-23,META,GSPC,1.1434432470600586
2018-07-30,META,d_rate,-0.01735718399968338
2018-07-30,META,d_credit,0.2709052979603642
2018-07-30,META,r_vix,-0.054987615610717085
2018-07-30,META,GSPC,1.136929395852391
2018-08-06,META,d_rate,-0.01857094947808112
2018-08-06,META,d_credit,0.2651168037724696
2018-08-06,META,r_vix,-0.059375673211864766
2018-08-06,META,GSPC,1.105469385950398
2018-08-13,META,d_rate,-0.01960800884825849
2018-08-13,META,d_credit,0.2428558388702623
2018-08-13,META,r_vix,-0.05906044751966392
2018-08-13,META,GSPC,1.0751736579730489
2018-08-20,META,d_rate,-0.0177511081526598
2018-08-20,META,d_credit,0.24112510712914395
2018-08-20,META,r_vix,-0.07083404332620086
2018-08-20,META,GSPC,0.9860033554660389
2018-08-27,META,d_rate,-0.018011462692807356
2018-08-27,META,d_credit,0.23585755890953874
2018-08-27,META,r_vix,-0.07085753593483891
2018-08-27,META,GSPC,0.9758340338645021
2018-09-03,META,d_rate,-0.03275243253944255
2018-09-03,META,d_credit,0.22375588343121808
2018-09-03,META,r_vix,-0.07515486043682912
2018-09-03,META,GSPC,0.9849109089998265
2018-09-10,META,d_rate,-0.03500572517130999
2018-09-10,META,d_credit,0.23178652623911772
2018-09-10,META,r_vix,-0.06988596797087612
2018-09-10,META,GSPC,1.0272912646328578
2018-09-17,META,d_rate,-0.033662421444851084
2018-09-17,META,d_credit,0.23021939406626835
2018-09-17,META,r_vix,-0.06933658408625643
2018-09-17,META,GSPC,1.0328699508272194
2018-09-24,META,d_rate,-0.037889637546775934
2018-09-24,META,d_credit,0.23658261716478166
2018-09-24,META,r_vix,-0.06964246275066249
2018-09-24,META,GSPC,1.0286104460122443
2018-10-01,META,d_rate,-0.04848089335306495
2018-10-01,META,d_credit,0.23108292615967754
2018-10-01,META,r_vix,-0.07112904576244539
2018-10-01,META,GSPC,1.021767966439219
2018-10-08,META,d_rate,-0.061114842373411714
2018-10-08,META,d_credit,0.2179418556411233
2018-10-08,META,r_vix,-0.06749580885586724
2018-10-08,META,GSPC,0.9563924132830043
2018-10-15,META,d_rate,-0.0695169235142544
2018-10-15,META,d_credit,0.21532995344175723
2018-10-15,META,r_vix,-0.06730399031448346
2018-10-15,META,GSPC,0.9533926376032135
2018-10-22,META,d_rate,-0.06090551800315993
2018-10-22,META,d_credit,0.19767408112102935
2018-10-22,META,r_vix,-0.06082805189889881
2018-10-22,META,GSPC,1.0431369793707137
2018-10-29,META,d_rate,-0.055821024917436034
2018-10-29,META,d_credit,0.20279501906574246
2018-10-29,META,r_vix,-0.06216635029695559
2018-10-29,META,GSPC,1.0425360998030868
2018-11-05,META,d_rate,-0.037247796394565325
2018-11-05,META,d_credit,0.22503331983919847
2018-11-05,META,r_vix,-0.07409687550158271
2018-11-05,META,GSPC,0.9155266785914911
2018-11-12,META,d_rate,-0.02752115891194205
2018-11-12,META,d_credit,0.14715021425565097
2018-11-12,META,r_vix,-0.07258064765878171
2018-11-12,META,GSPC,0.8650975782609596
2018-11-19,META,d_rate,-0.02674427722096797
2018-11-19,META,d_credit,0.1551531956221795
2018-11-19,META,r_vix,-0.065879914058966
2018-11-19,META,GSPC,0.9422971739123401
2018-11-26,META,d_rate,-0.03512131942303608
2018-11-26,META,d_credit,0.14601655316303147
2018-11-26,META,r_vix,-0.04408313369086028
2018-11-26,META,GSPC,1.1121562096678008
2018-12-03,META,d_rate,-0.055639587699487354
2018-12-03,META,d_credit,0.13118168286793527
2018-12-03,META,r_vix,-0.040742799266451676
2018-12-03,META,GSPC,1.078888573754386
2018-12-10,META,d_rate,-0.04357469571383446
2018-12-10,META,d_credit,0.08510881325060259
2018-12-10,META,r_vix,-0.07153703807056912
2018-12-10,META,GSPC,0.7843988385375721
2018-12-17,META,d_rate,-0.03624444703477106
2018-12-17,META,d_credit,0.09561721585978211
2018-12-17,META,r_vix,-0.05147513326718871
2018-12-17,META,GSPC,1.062692389188801
2018-12-24,META,d_rate,-0.03347287122715767
2018-12-24,META,d_credit,0.12359469577546876
2018-12-24,META,r_vix,-0.04978003374794064
2018-12-24,META,GSPC,1.1091588492192614
2018-12-31,META,d_rate,-0.04061543198777645
2018-12-31,META,d_credit,0.11965434468159335
2018-12-31,META,r_vix,-0.04779640779830318
2018-12-31,META,GSPC,1.1034228293675752
2019-01-07,META,d_rate,-0.04944314701872392
2019-01-07,META,d_credit,0.07775439726774155
2019-01-07,META,r_vix,-0.028323573397094834
2019-01-07,META,GSPC,1.2388473168911796
2019-01-14,META,d_rate,-0.05084867690083149
2019-01-14,META,d_credit,0.07704766087748484
2019-01-14,META,r_vix,-0.026890597670748962
2019-01-14,META,GSPC,1.2594941826098012
2019-01-21,META,d_rate,-0.04217848845890431
2019-01-21,META,d_credit,0.09532530069931701
2019-01-21,META,r_vix,-0.03736362165698796
2019-01-21,META,GSPC,1.1786746961988808
2019-01-28,META,d_rate,-0.16234014710181358
2019-01-28,META,d_credit,0.06274844758079093
2019-01-28,META,r_vix,-0.05727944459498728
2019-01-28,META,GSPC,1.2964073881644083
2019-02-04,META,d_rate,-0.16713997091269017
2019-02-04,META,d_credit,0.05673436968739382
2019-02-04,META,r_vix,-0.06127181950316435
2019-02-04,META,GSPC,1.2986611549436322
2019-02-11,META,d_rate,-0.15431260420176052
2019-02-11,META,d_credit,0.09418891663743045
2019-02-11,META,r_vix,-0.105419383093077
2019-02-11,META,GSPC,1.1030060118817921
2019-02-18,META,d_rate,-0.15505239114106853
2019-02-18,META,d_credit,0.093950485568967
2019-02-18,META,r_vix,-0.09790634604428203
2019-02-18,META,GSPC,1.1406415917063186
2019-02-25,META,d_rate,-0.14491297586722865
2019-02-25,META,d_credit,0.09096627214053966
2019-02-25,META,r_vix,-0.09676315827533544
2019-02-25,META,GSPC,1.1364872682875717
2019-03-04,META,d_rate,-0.17431013517071564
2019-03-04,META,d_credit,0.09365582280153577
2019-03-04,META,r_vix,-0.09045350397575888
2019-03-04,META,GSPC,1.1785106365840674
2019-03-11,META,d_rate,-0.15914067938224546
2019-03-11,META,d_credit,0.07905317332515222
2019-03-11,META,r_vix,-0.07691481498100652
2019-03-11,META,GSPC,1.1521310064867762
2019-03-18,META,d_rate,-0.1402103029694057
2019-03-18,META,d_credit,0.09651130565087422
2019-03-18,META,r_vix,-0.06469306899749723
2019-03-18,META,GSPC,1.074424702588702
2019-03-25,META,d_rate,-0.14030460147399554
2019-03-25,META,d_credit,0.09660335718100467
2019-03-25,META,r_vix,-0.05784935651177978
2019-03-25,META,GSPC,1.1213620239874569
2019-04-01,META,d_rate,-0.13267894037961245
2019-04-01,META,d_credit,0.08230068689987145
2019-04-01,META,r_vix,-0.05659222103929327
2019-04-01,META,GSPC,1.13412467834948
2019-04-08,META,d_rate,-0.13226889466539876
2019-04-08,META,d_credit,0.07256767657651204
2019-04-08,META,r_vix,-0.050897451907398056
2019-04-08,META,GSPC,1.142755471557708
2019-04-15,META,d_rate,-0.1489118219719233
2019-04-15,META,d_credit,0.06486561445683395
2019-04-15,META,r_vix,-0.04937351905427182
2019-04-15,META,GSPC,1.1645067969091172
2019-04-22,META,d_rate,-0.17535210368423793
2019-04-22,META,d_credit,0.021141524294361873
2019-04-22,META,r_vix,-0.01291312560136677
2019-04-22,META,GSPC,1.393094055952387
2019-04-29,META,d_rate,-0.17702661279591284
2019-04-29,META,d_credit,0.001841641164428425
2019-04-29,META,r_vix,-0.005572690251024268
2019-04-29,META,GSPC,1.424123934722137
2019-05-06,META,d_rate,-0.1749654300637374
2019-05-06,META,d_credit,0.002353530061018632
2019-05-06,META,r_vix,-0.006732652857730072
2019-05-06,META,GSPC,1.4027560555041707
2019-05-13,META,d_rate,-0.17399835068368177
2019-05-13,META,d_credit,-0.0019468924283148011
2019-05-13,META,r_vix,-0.0035969743279182865
2019-05-13,META,GSPC,1.4220963211631885
2019-05-20,META,d_rate,-0.1812701449747616
2019-05-20,META,d_credit,-0.013609377293899973
2019-05-20,META,r_vix,0.0010811611435699521
2019-05-20,META,GSPC,1.4573306131821262
2019-05-27,META,d_rate,-0.174691046944102
2019-05-27,META,d_credit,-0.02552019964803105
2019-05-27,META,r_vix,-0.0018902620348957527
2019-05-27,META,GSPC,1.4229132242531384
2019-06-03,META,d_rate,-0.1449401142194923
2019-06-03,META,d_credit,-0.05070340127559738
2019-06-03,META,r_vix,-0.020940892822592417
2019-06-03,META,GSPC,1.1380671361666015
2019-06-10,META,d_rate,-0.1408917410717688
2019-06-10,META,d_credit,-0.035576672139841684
2019-06-10,META,r_vix,-0.026069694917721497
2019-06-10,META,GSPC,1.123744986803401
2019-06-17,META,d_rate,-0.16572424051528317
2019-06-17,META,d_credit,-0.10253023111400071
2019-06-17,META,r_vix,-0.02280861111096141
2019-06-17,META,GSPC,1.1608509699287841
2019-06-24,META,d_rate,-0.1677459825236612
2019-06-24,META,d_credit,-0.10549915284245986
2019-06-24,META,r_vix,-0.01824389339780196
2019-06-24,META,GSPC,1.1734783768013584
2019-07-01,META,d_rate,-0.1629361535998019
2019-07-01,META,d_credit,-0.10049249764757344
2019-07-01,META,r_vix,-0.01233767465187626
2019-07-01,META,GSPC,1.1918731373089224
2019-07-08,META,d_rate,-0.1444192469111293
2019-07-08,META,d_credit,-0.09061009348819184
2019-07-08,META,r_vix,-0.017378940465773166
2019-07-08,META,GSPC,1.1577909353336513
2019-07-15,META,d_rate,-0.1507287572369341
2019-07-15,META,d_credit,-0.09163948713716268
2019-07-15,META,r_vix,-0.026011586783469966
2019-07-15,META,GSPC,1.1331838219304549
2019-07-22,META,d_rate,-0.11335217306205188
2019-07-22,META,d_credit,-0.1673751245715408
2019-07-22,META,r_vix,0.011716226554502412
2019-07-22,META,GSPC,1.2344388015208567
2019-07-29,META,d_rate,-0.09220535708676637
2019-07-29,META,d_credit,-0.1525926481168827
2019-07-29,META,r_vix,-0.0031644542995115555
2019-07-29,META,GSPC,1.1716159366299819
2019-08-05,META,d_rate,-0.08875634414929957
2019-08-05,META,d_credit,-0.15262963810257396
2019-08-05,META,r_vix,-0.006414076667167106
2019-08-05,META,GSPC,1.1504158393483324
2019-08-12,META,d_rate,-0.07176299343704011
2019-08-12,META,d_credit,-0.13837947108590698
2019-08-12,META,r_vix,-0.0057770862170054135
2019-08-12,META,GSPC,1.1533657495581373
2019-08-19,META,d_rate,-0.07371397967356152
2019-08-19,META,d_credit,-0.13783157565683193
2019-08-19,META,r_vix,-0.005760771258917536
2019-08-19,META,GSPC,1.1680726706994158
2019-08-26,META,d_rate,-0.0752637593207803
2019-08-26,META,d_credit,-0.13927310984349525
2019-08-26,META,r_vix,-0.004184327383081586
2019-08-26,META,GSPC,1.1855621281291242
2019-09-02,META,d_rate,-0.04406811334101731
2019-09-02,META,d_credit,-0.12873840391190702
2019-09-02,META,r_vix,0.015252684470504254
2019-09-02,META,GSPC,1.220197363713547
2019-09-09,META,d_rate,-0.05043287562203404
2019-09-09,META,d_credit,-0.13586140409288278
2019-09-09,META,r_vix,0.006918145553173943
2019-09-09,META,GSPC,1.186406145680414
2019-09-16,META,d_rate,-0.05153618253053079
2019-09-16,META,d_credit,-0.14335735129317995
2019-09-16,META,r_vix,0.009035122240927562
2019-09-16,META,GSPC,1.1950919203583328
2019-09-23,META,d_rate,-0.051275728150669116
2019-09-23,META,d_credit,-0.13214477479272788
2019-09-23,META,r_vix,-8.688339934053263e-4
2019-09-23,META,GSPC,1.175973526541289
2019-09-30,META,d_rate,-0.035285836259491735
2019-09-30,META,d_credit,-0.10649948317473878
2019-09-30,META,r_vix,0.008143149366989197
2019-09-30,META,GSPC,1.203962396320615
2019-10-07,META,d_rate,-0.032152975184284525
2019-10-07,META,d_credit,-0.104866255824764
2019-10-07,META,r_vix,-0.0026647046992533943
2019-10-07,META,GSPC,1.182432268691309
2019-10-14,META,d_rate,-0.03400726884245904
2019-10-14,META,d_credit,-0.1081411446739298
2019-10-14,META,r_vix,-0.0017507490109684297
2019-10-14,META,GSPC,1.1882498270678026
2019-10-21,META,d_rate,-0.03319500371128271
2019-10-21,META,d_credit,-0.10253118618160258
2019-10-21,META,r_vix,-9.666223936395971e-4
2019-10-21,META,GSPC,1.1839177721859844
2019-10-28,META,d_rate,-0.038637587228554274
2019-10-28,META,d_credit,-0.10880611481553831
2019-10-28,META,r_vix,0.0014073978030005572
2019-10-28,META,GSPC,1.1984670950339904
2019-11-04,META,d_rate,-0.06980953561953082
2019-11-04,META,d_credit,-0.1412966130684808
2019-11-04,META,r_vix,-0.00887242065162049
2019-11-04,META,GSPC,1.2280509270392237
2019-11-11,META,d_rate,-0.06938153549226063
2019-11-11,META,d_credit,-0.13254371768260861
2019-11-11,META,r_vix,-0.010244254446075936
2019-11-11,META,GSPC,1.2234132607547983
2019-11-18,META,d_rate,-0.06899199105297021
2019-11-18,META,d_credit,-0.12963738432754923
2019-11-18,META,r_vix,-0.011120301630476864
2019-11-18,META,GSPC,1.2046986196768734
2019-11-25,META,d_rate,-0.07027068013929193
2019-11-25,META,d_credit,-0.14366012506708095
2019-11-25,META,r_vix,-0.013720366142721117
2019-11-25,META,GSPC,1.1500403452628518
2019-12-02,META,d_rate,-0.06811359106059091
2019-12-02,META,d_credit,-0.14038335776058228
2019-12-02,META,r_vix,-0.013382933520032312
2019-12-02,META,GSPC,1.226477116165646
2019-12-09,META,d_rate,-0.05698257918940266
2019-12-09,META,d_credit,-0.07734614196174369
2019-12-09,META,r_vix,0.01597302682911108
2019-12-09,META,GSPC,1.4654754399849146
2019-12-16,META,d_rate,-0.03342455385044232
2019-12-16,META,d_credit,-0.07558808333662517
2019-12-16,META,r_vix,0.01525938081208457
2019-12-16,META,GSPC,1.1652875060500651
2019-12-23,META,d_rate,-0.04576014591881
2019-12-23,META,d_credit,-0.17371759741813833
2019-12-23,META,r_vix,0.006006262445066805
2019-12-23,META,GSPC,0.9311869883716066
2019-12-30,META,d_rate,-0.04146575427853545
2019-12-30,META,d_credit,-0.18063141176056585
2019-12-30,META,r_vix,0.019761253910999022
2019-12-30,META,GSPC,0.9639521168839151
2020-01-06,META,d_rate,-0.036373632221904324
2020-01-06,META,d_credit,-0.1664536442232887
2020-01-06,META,r_vix,0.01248284722181681
2020-01-06,META,GSPC,0.9131695708296812
2020-01-13,META,d_rate,-0.038594149838988824
2020-01-13,META,d_credit,-0.16834879914188405
2020-01-13,META,r_vix,0.006205001196262947
2020-01-13,META,GSPC,0.8516096103964422
2020-01-20,META,d_rate,-0.037092121801764216
2020-01-20,META,d_credit,-0.16871268989046467
2020-01-20,META,r_vix,-0.002709281982600833
2020-01-20,META,GSPC,0.8065852948197205
2020-01-27,META,d_rate,-0.020381312198494473
2020-01-27,META,d_credit,-0.19616598420263406
2020-01-27,META,r_vix,-0.007285061148904891
2020-01-27,META,GSPC,0.667774473798
2020-02-03,META,d_rate,-0.020746219921955793
2020-02-03,META,d_credit,-0.1998379514125403
2020-02-03,META,r_vix,-0.007017459603862204
2020-02-03,META,GSPC,0.6962150400491075
2020-02-10,META,d_rate,-0.016684959536256608
2020-02-10,META,d_credit,-0.18804822564277726
2020-02-10,META,r_vix,0.009672189220769447
2020-02-10,META,GSPC,0.8991332662177637
2020-02-17,META,d_rate,-0.018991973616764798
2020-02-17,META,d_credit,-0.19326427670898277
2020-02-17,META,r_vix,0.003962713357130527
2020-02-17,META,GSPC,0.8664042498881507
2020-02-24,META,d_rate,-0.014623151866111033
2020-02-24,META,d_credit,-0.19317942224322923
2020-02-24,META,r_vix,-0.015376338750189506
2020-02-24,META,GSPC,0.5617962119587594
2020-03-02,META,d_rate,-0.00109726493060676
2020-03-02,META,d_credit,-0.23578853478270898
2020-03-02,META,r_vix,-0.016932466760449464
2020-03-02,META,GSPC,0.4963598441932098
2020-03-09,META,d_rate,0.019646601633047833
2020-03-09,META,d_credit,-0.1820194665127538
2020-03-09,META,r_vix,-0.032526898237623746
2020-03-09,META,GSPC,0.43790477764942565
2020-03-16,META,d_rate,0.021978808177743756
2020-03-16,META,d_credit,-0.1774767399357077
2020-03-16,META,r_vix,-0.01912870050905779
2020-03-16,META,GSPC,0.5428456409287685
2020-03-23,META,d_rate,0.03279120826981209
2020-03-23,META,d_credit,-0.14695574255331967
2020-03-23,META,r_vix,-0.03221564737708517
2020-03-23,META,GSPC,0.498734000565138
2020-03-30,META,d_rate,0.03972426074774485
2020-03-30,META,d_credit,-0.1322899488419954
2020-03-30,META,r_vix,-0.016445060503671772
2020-03-30,META,GSPC,0.5506379011258732
2020-04-06,META,d_rate,0.05438545119293835
2020-04-06,META,d_credit,-0.07328791312010427
2020-04-06,META,r_vix,-0.003959869724030211
2020-04-06,META,GSPC,0.7285331188818932
2020-04-13,META,d_rate,0.057018686182381664
2020-04-13,META,d_credit,-0.05780694300541081
2020-04-13,META,r_vix,-0.0027921014095193806
2020-04-13,META,GSPC,0.743379882255322
2020-04-20,META,d_rate,0.050602749927056205
2020-04-20,META,d_credit,-0.06079427143705881
2020-04-20,META,r_vix,-0.018357126767646524
2020-04-20,META,GSPC,0.6916971741563739
2020-04-27,META,d_rate,0.057449798805194054
2020-04-27,META,d_credit,-0.059333879286579294
2020-04-27,META,r_vix,-0.014621161368361314
2020-04-27,META,GSPC,0.6965213149432152
2020-05-04,META,d_rate,0.061174286080730916
2020-05-04,META,d_credit,-0.03278574425584916
2020-05-04,META,r_vix,-0.01993192688867687
2020-05-04,META,GSPC,0.7205299780227694
2020-05-11,META,d_rate,0.061010772176899784
2020-05-11,META,d_credit,-0.03163849507186172
2020-05-11,META,r_vix,-0.019336479850586244
2020-05-11,META,GSPC,0.719196442825606
2020-05-18,META,d_rate,0.055134091816743704
2020-05-18,META,d_credit,-0.07926000134796835
2020-05-18,META,r_vix,-0.019853057903323312
2020-05-18,META,GSPC,0.685133283142695
2020-05-25,META,d_rate,0.057986042360921475
2020-05-25,META,d_credit,-0.05158759976501915
2020-05-25,META,r_vix,-0.027629977604349543
2020-05-25,META,GSPC,0.6809585064965576
2020-06-01,META,d_rate,0.04421683040726441
2020-06-01,META,d_credit,-0.0013141567364588728
2020-06-01,META,r_vix,-0.04416955298916106
2020-06-01,META,GSPC,0.7293038338763758
2020-06-08,META,d_rate,0.0394556841213388
2020-06-08,META,d_credit,-0.019921167176998027
2020-06-08,META,r_vix,-0.02680097389331399
2020-06-08,META,GSPC,0.7181537909582503
2020-06-15,META,d_rate,0.04003139492560542
2020-06-15,META,d_credit,-0.013958565666124086
2020-06-15,META,r_vix,-0.029028718506280506
2020-06-15,META,GSPC,0.7182266782178857
2020-06-22,META,d_rate,0.045792427275175025
2020-06-22,META,d_credit,-0.02037289393477132
2020-06-22,META,r_vix,-0.017745770312720746
2020-06-22,META,GSPC,0.7572080113755214
2020-06-29,META,d_rate,0.049484392768343516
2020-06-29,META,d_credit,-0.008942051179736281
2020-06-29,META,r_vix,-0.014786068613952433
2020-06-29,META,GSPC,0.7954870039443206
2020-07-06,META,d_rate,0.04140059787355721
2020-07-06,META,d_credit,-0.028149590293375208
2020-07-06,META,r_vix,-0.0183332354047907
2020-07-06,META,GSPC,0.7696472377427789
2020-07-13,META,d_rate,0.04236890044985116
2020-07-13,META,d_credit,-0.025987253426974517
2020-07-13,META,r_vix,-0.014468866288386823
2020-07-13,META,GSPC,0.7739097153506604
2020-07-20,META,d_rate,0.046427507175291316
2020-07-20,META,d_credit,-0.00758243908014946
2020-07-20,META,r_vix,-0.01826829858720633
2020-07-20,META,GSPC,0.7926438920890295
2020-07-27,META,d_rate,0.04285563900319207
2020-07-27,META,d_credit,0.006577621121025633
2020-07-27,META,r_vix,-0.018434156976856193
2020-07-27,META,GSPC,0.8204960592663596
2020-08-03,META,d_rate,0.043454285772163224
2020-08-03,META,d_credit,0.009602007150348955
2020-08-03,META,r_vix,-0.02048648248252881
2020-08-03,META,GSPC,0.8266749637902856
2020-08-10,META,d_rate,0.027987939758296016
2020-08-10,META,d_credit,-0.0059593252271499825
2020-08-10,META,r_vix,-0.02336607972385377
2020-08-10,META,GSPC,0.8060726197895
2020-08-17,META,d_rate,0.02756703801249397
2020-08-17,META,d_credit,-0.005148417964541782
2020-08-17,META,r_vix,-0.021882540162972423
2020-08-17,META,GSPC,0.8064200527381393
2020-08-24,META,d_rate,0.04263819595399934
2020-08-24,META,d_credit,0.024452853847125186
2020-08-24,META,r_vix,-0.01650106728738657
2020-08-24,META,GSPC,0.8615423745351154
2020-08-31,META,d_rate,0.04132313500444151
2020-08-31,META,d_credit,0.0367681913397518
2020-08-31,META,r_vix,-0.02868679452113032
2020-08-31,META,GSPC,0.8610324256340234
2020-09-07,META,d_rate,0.06032786241290798
2020-09-07,META,d_credit,0.03687765828200745
2020-09-07,META,r_vix,-0.01565045456252161
2020-09-07,META,GSPC,0.8919142565731615
2020-09-14,META,d_rate,0.0629309263664315
2020-09-14,META,d_credit,0.047792177320151494
2020-09-14,META,r_vix,-0.015742162016928334
2020-09-14,META,GSPC,0.911168995159417
2020-09-21,META,d_rate,0.06208931802288308
2020-09-21,META,d_credit,0.042938288329408804
2020-09-21,META,r_vix,-0.008478791047258393
2020-09-21,META,GSPC,0.9108839987781968
2020-09-28,META,d_rate,0.06682592969955839
2020-09-28,META,d_credit,0.03387671243372611
2020-09-28,META,r_vix,-0.005103773548168408
2020-09-28,META,GSPC,0.9042189494525104
2020-10-05,META,d_rate,0.06546189404203705
2020-10-05,META,d_credit,0.036412951079996196
2020-10-05,META,r_vix,-0.005429389553682397
2020-10-05,META,GSPC,0.8980002661334774
2020-10-12,META,d_rate,0.0654532336770952
2020-10-12,META,d_credit,0.03619666642726369
2020-10-12,META,r_vix,-0.005367269113344013
2020-10-12,META,GSPC,0.8978698259914524
2020-10-19,META,d_rate,0.07755911604522836
2020-10-19,META,d_credit,0.02774069973784617
2020-10-19,META,r_vix,-0.0029351567977832695
2020-10-19,META,GSPC,0.880154972851426
2020-10-26,META,d_rate,0.07266125763096018
2020-10-26,META,d_credit,0.03842324306606128
2020-10-26,META,r_vix,-0.013329042720890943
2020-10-26,META,GSPC,0.8949322663957555
2020-11-02,META,d_rate,0.08228194475068573
2020-11-02,META,d_credit,0.04099775128355644
2020-11-02,META,r_vix,-0.023902025700174793
2020-11-02,META,GSPC,0.8999653989182468
2020-11-09,META,d_rate,0.07494378411505115
2020-11-09,META,d_credit,0.048981166947534745
2020-11-09,META,r_vix,-0.023289530094881526
2020-11-09,META,GSPC,0.8978387997056645
2020-11-16,META,d_rate,0.07897936943962303
2020-11-16,META,d_credit,0.05487791539361651
2020-11-16,META,r_vix,-0.02351821509513762
2020-11-16,META,GSPC,0.9054702806748582
2020-11-23,META,d_rate,0.07889159052449708
2020-11-23,META,d_credit,0.05549462942070595
2020-11-23,META,r_vix,-0.023874561383177048
2020-11-23,META,GSPC,0.9055802122632798
2020-11-30,META,d_rate,0.07620742963347267
2020-11-30,META,d_credit,0.05930532468405044
2020-11-30,META,r_vix,-0.024613987428649207
2020-11-30,META,GSPC,0.9073289871359252
2020-12-07,META,d_rate,0.07463108389192513
2020-12-07,META,d_credit,0.05551762991323314
2020-12-07,META,r_vix,-0.028475119401166964
2020-12-07,META,GSPC,0.8978219790890358
2020-12-14,META,d_rate,0.06539731647885232
2020-12-14,META,d_credit,0.05631148548156423
2020-12-14,META,r_vix,-0.030358432457639827
2020-12-14,META,GSPC,0.893172164780004
2020-12-21,META,d_rate,0.06418073264154281
2020-12-21,META,d_credit,0.05503396185966907
2020-12-21,META,r_vix,-0.030238419270105357
2020-12-21,META,GSPC,0.8939229492887141
2020-12-28,META,d_rate,0.0648384476626367
2020-12-28,META,d_credit,0.054971601285066965
2020-12-28,META,r_vix,-0.030140352314930462
2020-12-28,META,GSPC,0.8944377050780034
2021-01-04,META,d_rate,0.04597076197631963
2021-01-04,META,d_credit,0.05148667157766241
2021-01-04,META,r_vix,-0.03212103668822627
2021-01-04,META,GSPC,0.8868258497960566
2021-01-11,META,d_rate,0.046460932268990326
2021-01-11,META,d_credit,0.06576107816756006
2021-01-11,META,r_vix,-0.03758879729363927
2021-01-11,META,GSPC,0.8992387989079619
2021-01-18,META,d_rate,0.04597260263405413
2021-01-18,META,d_credit,0.07915070083282853
2021-01-18,META,r_vix,-0.044637170849643956
2021-01-18,META,GSPC,0.9101597412570867
2021-01-25,META,d_rate,0.031091706419547272
2021-01-25,META,d_credit,0.10250572264452806
2021-01-25,META,r_vix,-0.0444308546496674
2021-01-25,META,GSPC,0.9395206971645406
2021-02-01,META,d_rate,0.02660171844615731
2021-02-01,META,d_credit,0.09117860199963573
2021-02-01,META,r_vix,-0.03353484456776321
2021-02-01,META,GSPC,0.9388782483821958
2021-02-08,META,d_rate,0.026188589716632286
2021-02-08,META,d_credit,0.0911269944102317
2021-02-08,META,r_vix,-0.03446246234487816
2021-02-08,META,GSPC,0.9374924650194852
2021-02-15,META,d_rate,0.01855363782782278
2021-02-15,META,d_credit,0.09517893003720418
2021-02-15,META,r_vix,-0.036650758580509764
2021-02-15,META,GSPC,0.9421510110649768
2021-02-22,META,d_rate,0.04014810234868428
2021-02-22,META,d_credit,0.09058761376463294
2021-02-22,META,r_vix,-0.038190873995367317
2021-02-22,META,GSPC,0.9700953450244558
2021-03-01,META,d_rate,-0.020448638209445636
2021-03-01,META,d_credit,0.15609443563031947
2021-03-01,META,r_vix,-0.03904904056902451
2021-03-01,META,GSPC,1.041740807972219
2021-03-08,META,d_rate,-0.03706582255924307
2021-03-08,META,d_credit,0.13269781204254105
2021-03-08,META,r_vix,-0.03815108775916624
2021-03-08,META,GSPC,1.0419202696189844
2021-03-15,META,d_rate,-0.013033170166376716
2021-03-15,META,d_credit,0.0939132471178072
2021-03-15,META,r_vix,-0.03137669007328694
2021-03-15,META,GSPC,1.0484496126887985
2021-03-22,META,d_rate,-0.05259788326696811
2021-03-22,META,d_credit,0.05251972750105106
2021-03-22,META,r_vix,-0.007226122957607196
2021-03-22,META,GSPC,1.2312193300819718
2021-03-29,META,d_rate,-0.04726708912211846
2021-03-29,META,d_credit,0.058295663401300976
2021-03-29,META,r_vix,-0.005205806172257017
2021-03-29,META,GSPC,1.2410999593439873
2021-04-05,META,d_rate,-0.06394988748901546
2021-04-05,META,d_credit,0.062159547419237605
2021-04-05,META,r_vix,0.016973162844944382
2021-04-05,META,GSPC,1.4444447507608509
2021-04-12,META,d_rate,-0.04662968372757121
2021-04-12,META,d_credit,0.04939291126206504
2021-04-12,META,r_vix,0.011663615229615584
2021-04-12,META,GSPC,1.3843248515737274
2021-04-19,META,d_rate,-0.035404766440391026
2021-04-19,META,d_credit,0.05468209594781646
2021-04-19,META,r_vix,0.03430409377467201
2021-04-19,META,GSPC,1.5508062805653462
2021-04-26,META,d_rate,-0.02854066817800369
2021-04-26,META,d_credit,0.046011389936702
2021-04-26,META,r_vix,0.04156790479888348
2021-04-26,META,GSPC,1.5770640007437042
2021-05-03,META,d_rate,-0.02202226845042926
2021-05-03,META,d_credit,0.03619343724890451
2021-05-03,META,r_vix,0.04742757753784897
2021-05-03,META,GSPC,1.5827791733422765
2021-05-10,META,d_rate,-0.01846354613101623
2021-05-10,META,d_credit,0.034700157353236304
2021-05-10,META,r_vix,0.048089647631354315
2021-05-10,META,GSPC,1.599108858272106
2021-05-17,META,d_rate,-0.004783437818350748
2021-05-17,META,d_credit,0.10146353439695757
2021-05-17,META,r_vix,0.04423936892621123
2021-05-17,META,GSPC,1.5576521421185754
2021-05-24,META,d_rate,-0.03365461309947964
2021-05-24,META,d_credit,0.06354129057277749
2021-05-24,META,r_vix,0.05664077680590643
2021-05-24,META,GSPC,1.6897912679801022
2021-05-31,META,d_rate,-0.010385151976551028
2021-05-31,META,d_credit,0.03385274825076894
2021-05-31,META,r_vix,0.06439262771483437
2021-05-31,META,GSPC,1.7445009370347395
2021-06-07,META,d_rate,0.0384043963969434
2021-06-07,META,d_credit,0.02383048805090528
2021-06-07,META,r_vix,0.045586707182040054
2021-06-07,META,GSPC,1.7418383369497301
2021-06-14,META,d_rate,0.03615856473409329
2021-06-14,META,d_credit,0.007791413829166815
2021-06-14,META,r_vix,0.05183242530679602
2021-06-14,META,GSPC,1.7370060629943402
2021-06-21,META,d_rate,0.026468765370192375
2021-06-21,META,d_credit,0.02878815227236545
2021-06-21,META,r_vix,0.03141604291342332
2021-06-21,META,GSPC,1.5605056484260171
2021-06-28,META,d_rate,0.020361823571686016
2021-06-28,META,d_credit,0.02498304976592041
2021-06-28,META,r_vix,0.024798459533967587
2021-06-28,META,GSPC,1.5037312232582143
2021-07-05,META,d_rate,0.025265408824017378
2021-07-05,META,d_credit,0.062289949114424654
2021-07-05,META,r_vix,0.0374904603701544
2021-07-05,META,GSPC,1.5717297233035463
2021-07-12,META,d_rate,0.027210858563606017
2021-07-12,META,d_credit,0.049529276391454345
2021-07-12,META,r_vix,0.034190232802857275
2021-07-12,META,GSPC,1.5653045793347515
2021-07-19,META,d_rate,0.012067862337751995
2021-07-19,META,d_credit,0.028353883127338574
2021-07-19,META,r_vix,0.03257390333208381
2021-07-19,META,GSPC,1.5726944377778744
2021-07-26,META,d_rate,0.03758972291833822
2021-07-26,META,d_credit,-0.0021947665326847417
2021-07-26,META,r_vix,0.024952923892093252
2021-07-26,META,GSPC,1.4876270647363867
2021-08-02,META,d_rate,0.039924293397473935
2021-08-02,META,d_credit,1.772308312539278e-4
2021-08-02,META,r_vix,0.021377744852568138
2021-08-02,META,GSPC,1.446281273669001
2021-08-09,META,d_rate,0.06320374016125585
2021-08-09,META,d_credit,0.017783927322759133
2021-08-09,META,r_vix,0.02220300573899938
2021-08-09,META,GSPC,1.4492561347931667
2021-08-16,META,d_rate,0.06948595378634796
2021-08-16,META,d_credit,0.0113333398956498
2021-08-16,META,r_vix,0.019352260978855857
2021-08-16,META,GSPC,1.427046767871819
2021-08-23,META,d_rate,0.05226966159535576
2021-08-23,META,d_credit,-0.04821373690895121
2021-08-23,META,r_vix,-0.013540634351531492
2021-08-23,META,GSPC,1.1493431082494248
2021-08-30,META,d_rate,0.05176513259010648
2021-08-30,META,d_credit,-0.04871348725314346
2021-08-30,META,r_vix,-0.0116764122336565
2021-08-30,META,GSPC,1.1539940388622472
2021-09-06,META,d_rate,0.04383564777605994
2021-09-06,META,d_credit,-0.06302469913799609
2021-09-06,META,r_vix,-0.038622943595532803
2021-09-06,META,GSPC,0.892656998409768
2021-09-13,META,d_rate,0.0462649037581899
2021-09-13,META,d_credit,-0.06355254890905093
2021-09-13,META,r_vix,-0.05208835706125732
2021-09-13,META,GSPC,0.787557842582101
2021-09-20,META,d_rate,0.035403741937844214
2021-09-20,META,d_credit,-0.06827445084371783
2021-09-20,META,r_vix,-0.018760160829979257
2021-09-20,META,GSPC,1.0345456883972564
2021-09-27,META,d_rate,0.03395816294848391
2021-09-27,META,d_credit,-0.0713651087241928
2021-09-27,META,r_vix,-0.022663398399972005
2021-09-27,META,GSPC,0.9996147411802958
2021-10-04,META,d_rate,0.024592490660759893
2021-10-04,META,d_credit,-0.08635855656798233
2021-10-04,META,r_vix,0.011051212148340516
2021-10-04,META,GSPC,1.2821779172300343
2021-10-11,META,d_rate,0.03442870559842464
2021-10-11,META,d_credit,-0.058284123306677114
2021-10-11,META,r_vix,0.02083308026276398
2021-10-11,META,GSPC,1.3364308651884356
2021-10-18,META,d_rate,0.008552165904177535
2021-10-18,META,d_credit,-0.03149689053897181
2021-10-18,META,r_vix,0.03546922931502334
2021-10-18,META,GSPC,1.4809519713817334
2021-10-25,META,d_rate,0.016552673395415857
2021-10-25,META,d_credit,-0.031276412932552754
2021-10-25,META,r_vix,0.028140994884357496
2021-10-25,META,GSPC,1.419515682790567
2021-11-01,META,d_rate,0.013837143886825163
2021-11-01,META,d_credit,0.009194505118827141
2021-11-01,META,r_vix,0.03622664023918188
2021-11-01,META,GSPC,1.3955882515227518
2021-11-08,META,d_rate,0.03341954302641664
2021-11-08,META,d_credit,-0.036102776934867055
2021-11-08,META,r_vix,0.059804161849783724
2021-11-08,META,GSPC,1.6949400202961462
2021-11-15,META,d_rate,0.02711915791283201
2021-11-15,META,d_credit,-0.041824319981170276
2021-11-15,META,r_vix,0.05734155975014311
2021-11-15,META,GSPC,1.6615191081230385
2021-11-22,META,d_rate,0.025329928111684857
2021-11-22,META,d_credit,-0.05443989816791251
2021-11-22,META,r_vix,0.04630759267733841
2021-11-22,META,GSPC,1.5913012824049866
2021-11-29,META,d_rate,0.07698320059775576
2021-11-29,META,d_credit,-0.06862770367559762
2021-11-29,META,r_vix,0.08892423570972885
2021-11-29,META,GSPC,2.0477898725950117
2021-12-06,META,d_rate,0.08597054463930395
2021-12-06,META,d_credit,-0.056020610117355624
2021-12-06,META,r_vix,0.07970503007856489
2021-12-06,META,GSPC,2.0379046268745378
2021-12-13,META,d_rate,0.06848853241667499
2021-12-13,META,d_credit,-0.03014987305039777
2021-12-13,META,r_vix,0.059170788599111825
2021-12-13,META,GSPC,1.7719195350105574
2021-12-20,META,d_rate,0.062304864434724785
2021-12-20,META,d_credit,-0.029074514808812083
2021-12-20,META,r_vix,0.03816888948354615
2021-12-20,META,GSPC,1.5405065403683362
2021-12-27,META,d_rate,0.061519563576586465
2021-12-27,META,d_credit,-0.03003650855291141
2021-12-27,META,r_vix,0.039450832828573805
2021-12-27,META,GSPC,1.548924098923136
2022-01-03,META,d_rate,0.11371636615118366
2022-01-03,META,d_credit,-0.048778840982435415
2022-01-03,META,r_vix,0.08690026820010191
2022-01-03,META,GSPC,2.024574485314841
2022-01-10,META,d_rate,0.10243877599422985
2022-01-10,META,d_credit,-0.06937519261929824
2022-01-10,META,r_vix,0.0772748544659802
2022-01-10,META,GSPC,1.8840099617231887
2022-01-17,META,d_rate,0.10517058505079205
2022-01-17,META,d_credit,-0.08067685971414909
2022-01-17,META,r_vix,0.07476180048799581
2022-01-17,META,GSPC,1.8024527658393212
2022-01-24,META,d_rate,0.11075922323880884
2022-01-24,META,d_credit,-0.07876008767092675
2022-01-24,META,r_vix,0.08495392769025098
2022-01-24,META,GSPC,1.82669393871201
2022-01-31,META,d_rate,0.0014288249111330037
2022-01-31,META,d_credit,-0.15594121653653062
2022-01-31,META,r_vix,0.08935819776162769
2022-01-31,META,GSPC,1.6796451105324892
2022-02-07,META,d_rate,0.0017492409156621485
2022-02-07,META,d_credit,-0.1840165524282041
2022-02-07,META,r_vix,0.09146315840986809
2022-02-07,META,GSPC,1.7427387982662759
2022-02-14,META,d_rate,0.019177175099843055
2022-02-14,META,d_credit,-0.19565406297349233
2022-02-14,META,r_vix,0.10239004001772749
2022-02-14,META,GSPC,1.8036096204331602
2022-02-21,META,d_rate,0.023766002537731496
2022-02-21,META,d_credit,-0.17693256648373434
2022-02-21,META,r_vix,0.10664783656652753
2022-02-21,META,GSPC,1.8709010626028368
2022-02-28,META,d_rate,0.020333506086902136
2022-02-28,META,d_credit,-0.18666340606683265
2022-02-28,META,r_vix,0.11204005716978975
2022-02-28,META,GSPC,1.9058193942831498
2022-03-07,META,d_rate,0.02184146153917463
2022-03-07,META,d_credit,-0.18801724044296103
2022-03-07,META,r_vix,0.10828384734583739
2022-03-07,META,GSPC,1.853669961058942
2022-03-14,META,d_rate,0.030644836699583348
2022-03-14,META,d_credit,-0.14533320192490123
2022-03-14,META,r_vix,0.13413761351564563
2022-03-14,META,GSPC,2.2253704251975663
2022-03-21,META,d_rate,0.010247955026243063
2022-03-21,META,d_credit,-0.1375556692936753
2022-03-21,META,r_vix,0.12425934239585017
2022-03-21,META,GSPC,2.1919074283281783
2022-03-28,META,d_rate,-0.004194723148402152
2022-03-28,META,d_credit,-0.15667567432601517
2022-03-28,META,r_vix,0.11027534743250417
2022-03-28,META,GSPC,2.0613767508018097
2022-04-04,META,d_rate,0.0029433818469276774
2022-04-04,META,d_credit,-0.15925804788776257
2022-04-04,META,r_vix,0.1135068799768245
2022-04-04,META,GSPC,2.0721354522808286
2022-04-11,META,d_rate,-0.0027110499838038354
2022-04-11,META,d_credit,-0.1572196153277989
2022-04-11,META,r_vix,0.11442372269982938
2022-04-11,META,GSPC,2.108174570038538
2022-04-18,META,d_rate,-0.03913546730495372
2022-04-18,META,d_credit,-0.21552732856090615
2022-04-18,META,r_vix,0.08946905944454896
2022-04-18,META,GSPC,1.9730494867519337
2022-04-25,META,d_rate,-0.059934938993320176
2022-04-25,META,d_credit,-0.17683099149995524
2022-04-25,META,r_vix,0.048949882945062306
2022-04-25,META,GSPC,1.4977030512086535
2022-05-02,META,d_rate,-0.04778608046473835
2022-05-02,META,d_credit,-0.16008993189601226
2022-05-02,META,r_vix,0.03976032146250736
2022-05-02,META,GSPC,1.4674365115981163
2022-05-09,META,d_rate,-0.06338864993812936
2022-05-09,META,d_credit,-0.1545919406734812
2022-05-09,META,r_vix,0.020796558365829807
2022-05-09,META,GSPC,1.3437214264779243
2022-05-16,META,d_rate,-0.07180433377898211
2022-05-16,META,d_credit,-0.14975766872270252
2022-05-16,META,r_vix,0.009090847943088506
2022-05-16,META,GSPC,1.24752296900439
2022-05-23,META,d_rate,-0.061556055629124105
2022-05-23,META,d_credit,-0.14751328429434032
2022-05-23,META,r_vix,-0.00888641084928648
2022-05-23,META,GSPC,0.9262473686238777
2022-05-30,META,d_rate,-0.06278846512262813
2022-05-30,META,d_credit,-0.13626754392484897
2022-05-30,META,r_vix,-0.006658159121695075
2022-05-30,META,GSPC,0.9630034158540385
2022-06-06,META,d_rate,-0.06449094488292814
2022-06-06,META,d_credit,-0.12889228987654328
2022-06-06,META,r_vix,-0.003094992632074047
2022-06-06,META,GSPC,1.0262765801216254
2022-06-13,META,d_rate,-0.06305036366273706
2022-06-13,META,d_credit,-0.12228830805210575
2022-06-13,META,r_vix,-0.00945464465797023
2022-06-13,META,GSPC,0.9768411470877808
2022-06-20,META,d_rate,-0.0659403441718031
2022-06-20,META,d_credit,-0.14085341414146693
2022-06-20,META,r_vix,-0.0037859199485641586
2022-06-20,META,GSPC,0.9330600293523066
2022-06-27,META,d_rate,-0.053238243995818176
2022-06-27,META,d_credit,-0.1422145130844356
2022-06-27,META,r_vix,0.004081271363789893
2022-06-27,META,GSPC,0.9656575243695423
2022-07-04,META,d_rate,-0.044049874597116755
2022-07-04,META,d_credit,-0.15072061662002362
2022-07-04,META,r_vix,0.008679844953369978
2022-07-04,META,GSPC,1.0055864840569484
2022-07-11,META,d_rate,-0.035425235297728286
2022-07-11,META,d_credit,-0.14217725035578732
2022-07-11,META,r_vix,0.014210855537576587
2022-07-11,META,GSPC,1.042096847189744
2022-07-18,META,d_rate,-0.034374690225867095
2022-07-18,META,d_credit,-0.146365677717726
2022-07-18,META,r_vix,0.014122133318639428
2022-07-18,META,GSPC,0.9951730837813191
2022-07-25,META,d_rate,-0.03667291465243301
2022-07-25,META,d_credit,-0.17860637625097495
2022-07-25,META,r_vix,0.007174865955793892
2022-07-25,META,GSPC,0.8312053018630413
2022-08-01,META,d_rate,-0.03128092504951075
2022-08-01,META,d_credit,-0.1867207297543362
2022-08-01,META,r_vix,0.013828372138340195
2022-08-01,META,GSPC,0.8477905031554533
2022-08-08,META,d_rate,-0.030198881053128703
2022-08-08,META,d_credit,-0.1860645365363209
2022-08-08,META,r_vix,0.018379330954891217
2022-08-08,META,GSPC,0.915451194183058
2022-08-15,META,d_rate,-0.036193752265684886
2022-08-15,META,d_credit,-0.18475771198588758
2022-08-15,META,r_vix,0.01611434421577325
2022-08-15,META,GSPC,0.9217835907852263
2022-08-22,META,d_rate,-0.035388058462353884
2022-08-22,META,d_credit,-0.18216637493875354
2022-08-22,META,r_vix,0.019357351800532774
2022-08-22,META,GSPC,0.924319166596115
2022-08-29,META,d_rate,-0.028718055432889654
2022-08-29,META,d_credit,-0.17260418446126552
2022-08-29,META,r_vix,0.010279870777765765
2022-08-29,META,GSPC,0.8613068853570779
2022-09-05,META,d_rate,-0.02334046334175226
2022-09-05,META,d_credit,-0.16288284605895528
2022-09-05,META,r_vix,0.004501734200977228
2022-09-05,META,GSPC,0.8909755515193613
2022-09-12,META,d_rate,-0.026412786345299644
2022-09-12,META,d_credit,-0.15054122062621086
2022-09-12,META,r_vix,0.0054477641018398845
2022-09-12,META,GSPC,1.0004458581361357
2022-09-19,META,d_rate,-0.025418857727869705
2022-09-19,META,d_credit,-0.1548827326946368
2022-09-19,META,r_vix,-4.6865721911365017e-4
2022-09-19,META,GSPC,0.9694854440705233
2022-09-26,META,d_rate,-0.017999627496623614
2022-09-26,META,d_credit,-0.1377618909297905
2022-09-26,META,r_vix,-0.0045948814130614265
2022-09-26,META,GSPC,0.9612968376393118
2022-10-03,META,d_rate,-0.014859993319759917
2022-10-03,META,d_credit,-0.12989308287068244
2022-10-03,META,r_vix,-0.011705647979801795
2022-10-03,META,GSPC,0.9429273275440884
2022-10-10,META,d_rate,-0.02226098168089087
2022-10-10,META,d_credit,-0.1431898472482945
2022-10-10,META,r_vix,-0.017271273661370535
2022-10-10,META,GSPC,0.9254085642437309
2022-10-17,META,d_rate,-0.019144447608188637
2022-10-17,META,d_credit,-0.13966790720042
2022-10-17,META,r_vix,-0.015393844339497732
2022-10-17,META,GSPC,0.9487293894599075
2022-10-24,META,d_rate,0.06934992146377436
2022-10-24,META,d_credit,-0.051452272859814296
2022-10-24,META,r_vix,0.010327302916743965
2022-10-24,META,GSPC,0.8926150584016642
2022-10-31,META,d_rate,0.07787834503360984
2022-10-31,META,d_credit,-0.04053131139481065
2022-10-31,META,r_vix,0.015145014234165827
2022-10-31,META,GSPC,0.9190178391553374
2022-11-07,META,d_rate,0.08362910770425604
2022-11-07,META,d_credit,-0.0253030405515263
2022-11-07,META,r_vix,0.04766847128385455
2022-11-07,META,GSPC,1.256463483132185
2022-11-14,META,d_rate,0.06691054704519364
2022-11-14,META,d_credit,-0.047355552066159226
2022-11-14,META,r_vix,0.040466526901395045
2022-11-14,META,GSPC,1.2023472202199834
2022-11-21,META,d_rate,0.06535753164447289
2022-11-21,META,d_credit,-0.049186709392397505
2022-11-21,META,r_vix,0.03811342524089929
2022-11-21,META,GSPC,1.1957015764693113
2022-11-28,META,d_rate,0.03300426201921667
2022-11-28,META,d_credit,-0.07513631672614113
2022-11-28,META,r_vix,0.030469554780584416
2022-11-28,META,GSPC,1.1538638603595452
2022-12-05,META,d_rate,0.02953411815094865
2022-12-05,META,d_credit,-0.07973174446135221
2022-12-05,META,r_vix,0.0688159527567274
2022-12-05,META,GSPC,1.2336277600100913
2022-12-12,META,d_rate,0.024987948009547876
2022-12-12,META,d_credit,-0.06819762879989426
2022-12-12,META,r_vix,0.03877787997652076
2022-12-12,META,GSPC,1.1385171060641934
2022-12-19,META,d_rate,0.025959343302113202
2022-12-19,META,d_credit,-0.06731652229825129
2022-12-19,META,r_vix,0.03888031395794303
2022-12-19,META,GSPC,1.142691461390577
2022-12-26,META,d_rate,0.027664639812119474
2022-12-26,META,d_credit,-0.06938534641596891
2022-12-26,META,r_vix,0.05321611633920619
2022-12-26,META,GSPC,1.1817382378530545
2023-01-02,META,d_rate,0.005127649229864966
2023-01-02,META,d_credit,-0.0605950601383198
2023-01-02,META,r_vix,0.05160508773070898
2023-01-02,META,GSPC,1.1990649518959555
2023-01-09,META,d_rate,0.001574682607544727
2023-01-09,META,d_credit,-0.06987733108653821
2023-01-09,META,r_vix,0.04559516728657044
2023-01-09,META,GSPC,1.190797034324427
2023-01-16,META,d_rate,-0.001206315239275539
2023-01-16,META,d_credit,-0.0744895926583429
2023-01-16,META,r_vix,0.07945408544496942
2023-01-16,META,GSPC,1.2444093849811553
2023-01-23,META,d_rate,-0.0018915645888609198
2023-01-23,META,d_credit,-0.08851605561514692
2023-01-23,META,r_vix,0.08469654904444365
2023-01-23,META,GSPC,1.278344095467208
2023-01-30,META,d_rate,0.024990564716491644
2023-01-30,META,d_credit,-0.060208037476865976
2023-01-30,META,r_vix,-0.007397339921561646
2023-01-30,META,GSPC,1.2389018353210788
2023-02-06,META,d_rate,0.016105713023125686
2023-02-06,META,d_credit,-0.059783232773897486
2023-02-06,META,r_vix,-0.006002273216943148
2023-02-06,META,GSPC,1.229179377179472
2023-02-13,META,d_rate,0.01653864243479262
2023-02-13,META,d_credit,-0.04917507434449334
2023-02-13,META,r_vix,-0.011085693434996567
2023-02-13,META,GSPC,1.2155081312590277
2023-02-20,META,d_rate,0.016237383093455317
2023-02-20,META,d_credit,-0.0547815639595675
2023-02-20,META,r_vix,-0.00984590244389689
2023-02-20,META,GSPC,1.201605313793938
2023-02-27,META,d_rate,0.011312119321060179
2023-02-27,META,d_credit,-0.056185287348156136
2023-02-27,META,r_vix,-0.021073567496829898
2023-02-27,META,GSPC,1.1841164367495685
2023-03-06,META,d_rate,0.007204020269701113
2023-03-06,META,d_credit,-0.04491873024452941
2023-03-06,META,r_vix,-0.008737841120250223
2023-03-06,META,GSPC,1.1718266197002
2023-03-13,META,d_rate,-0.010525736321769568
2023-03-13,META,d_credit,-0.008444939913399124
2023-03-13,META,r_vix,0.02054644379613846
2023-03-13,META,GSPC,1.2035307654321543
2023-03-20,META,d_rate,-0.010680245612540924
2023-03-20,META,d_credit,-1.4040340545280172e-4
2023-03-20,META,r_vix,0.0037223202276838005
2023-03-20,META,GSPC,1.1733775825786823
2023-03-27,META,d_rate,-0.009317020892313815
2023-03-27,META,d_credit,0.007527920483276805
2023-03-27,META,r_vix,0.006285677036350874
2023-03-27,META,GSPC,1.177490309265604
2023-04-03,META,d_rate,-0.01215076401378175
2023-04-03,META,d_credit,0.006133344675232425
2023-04-03,META,r_vix,0.005730668366757811
2023-04-03,META,GSPC,1.1735033527769656
2023-04-10,META,d_rate,-0.012281882386862042
2023-04-10,META,d_credit,0.0040190226740366005
2023-04-10,META,r_vix,-0.003979129079907545
2023-04-10,META,GSPC,1.1350042074532898
2023-04-17,META,d_rate,0.016890376218241764
2023-04-17,META,d_credit,0.06095011241676101
2023-04-17,META,r_vix,0.10576577570685836
2023-04-17,META,GSPC,1.4251027055210626
2023-04-24,META,d_rate,0.0037809867905657605
2023-04-24,META,d_credit,0.04822013373153721
2023-04-24,META,r_vix,0.03934882109104365
2023-04-24,META,GSPC,1.3300721429145486
2023-05-01,META,d_rate,-0.0029312399564338466
2023-05-01,META,d_credit,0.031567333579441616
2023-05-01,META,r_vix,0.03598325588491837
2023-05-01,META,GSPC,1.3122570621990304
2023-05-08,META,d_rate,-0.002887724359877469
2023-05-08,META,d_credit,0.03185588587186327
2023-05-08,META,r_vix,0.035623577543078586
2023-05-08,META,GSPC,1.3110392794755374
2023-05-15,META,d_rate,0.004226886518176811
2023-05-15,META,d_credit,0.03177404149529215
2023-05-15,META,r_vix,0.04533649519779512
2023-05-15,META,GSPC,1.3583141936637662
2023-05-22,META,d_rate,0.003959665610934617
2023-05-22,META,d_credit,-0.002637805797437977
2023-05-22,META,r_vix,0.09378096750851746
2023-05-22,META,GSPC,1.5902240847536862
2023-05-29,META,d_rate,0.002115951688247411
2023-05-29,META,d_credit,-0.0040376631705245246
2023-05-29,META,r_vix,0.07452004385471653
2023-05-29,META,GSPC,1.5421823860853534
2023-06-05,META,d_rate,0.0030942487450419
2023-06-05,META,d_credit,-0.001370850754382378
2023-06-05,META,r_vix,0.07817651342809265
2023-06-05,META,GSPC,1.5277018212423485
2023-06-12,META,d_rate,0.002284983424604983
2023-06-12,META,d_credit,-0.007627474368698097
2023-06-12,META,r_vix,0.08467599674001561
2023-06-12,META,GSPC,1.5631383520508786
2023-06-19,META,d_rate,7.68034673943202e-5
2023-06-19,META,d_credit,0.01278229038330136
2023-06-19,META,r_vix,0.08698276337612196
2023-06-19,META,GSPC,1.65647740397593
2023-06-26,META,d_rate,-0.008762908364225991
2023-06-26,META,d_credit,0.04472944038528526
2023-06-26,META,r_vix,0.04668752667069935
2023-06-26,META,GSPC,1.4883089642318774
2023-07-03,META,d_rate,-0.010947904210005058
2023-07-03,META,d_credit,0.05002338718901393
2023-07-03,META,r_vix,0.05525292405578002
2023-07-03,META,GSPC,1.4831884879967658
2023-07-10,META,d_rate,-0.02045734648330066
2023-07-10,META,d_credit,0.049439103919554764
2023-07-10,META,r_vix,0.045676031688119866
2023-07-10,META,GSPC,1.441203911086469
2023-07-17,META,d_rate,-0.022500233853861542
2023-07-17,META,d_credit,0.051345489203146244
2023-07-17,META,r_vix,0.03448668164712668
2023-07-17,META,GSPC,1.4097390550955304
2023-07-24,META,d_rate,-0.016688797474314815
2023-07-24,META,d_credit,0.09564749769146387
2023-07-24,META,r_vix,0.06740887329688244
2023-07-24,META,GSPC,1.7313774989834978
2023-07-31,META,d_rate,-0.02455750436423857
2023-07-31,META,d_credit,0.0896760734944201
2023-07-31,META,r_vix,0.03681991589166263
2023-07-31,META,GSPC,1.65239254992832
2023-08-07,META,d_rate,-0.026814675386176438
2023-08-07,META,d_credit,0.08786989404434621
2023-08-07,META,r_vix,0.04905387036225084
2023-08-07,META,GSPC,1.6723634024414942
2023-08-14,META,d_rate,-0.0239131983166787
2023-08-14,META,d_credit,0.08483436404282703
2023-08-14,META,r_vix,0.03944035391013002
2023-08-14,META,GSPC,1.6497511274266183
2023-08-21,META,d_rate,-0.02241068120478801
2023-08-21,META,d_credit,0.0930276426112038
2023-08-21,META,r_vix,0.03197494419823142
2023-08-21,META,GSPC,1.6605159641134373
2023-08-28,META,d_rate,-0.027455774177709814
2023-08-28,META,d_credit,0.07689199784697191
2023-08-28,META,r_vix,0.055267328720659786
2023-08-28,META,GSPC,1.7554650607603555
2023-09-04,META,d_rate,-0.02611931820598873
2023-09-04,META,d_credit,0.07508961171062854
2023-09-04,META,r_vix,0.05707920235334026
2023-09-04,META,GSPC,1.7583174149479113
2023-09-11,META,d_rate,-0.025326043050216098
2023-09-11,META,d_credit,0.06456807558615725
2023-09-11,META,r_vix,0.05396527355494305
2023-09-11,META,GSPC,1.5916576773692606
2023-09-18,META,d_rate,-0.028477454241072224
2023-09-18,META,d_credit,0.06663859536570892
2023-09-18,META,r_vix,0.06851828120029597
2023-09-18,META,GSPC,1.6680418422724432
2023-09-25,META,d_rate,-0.026449629077911232
2023-09-25,META,d_credit,0.0722736106194463
2023-09-25,META,r_vix,0.0659751639732883
2023-09-25,META,GSPC,1.6535616034784724
2023-10-02,META,d_rate,-0.018984604204547336
2023-10-02,META,d_credit,0.07322569027756166
2023-10-02,META,r_vix,0.07438025162714647
2023-10-02,META,GSPC,1.719008740262693
2023-10-09,META,d_rate,-0.006126127354952556
2023-10-09,META,d_credit,0.10636651423904701
2023-10-09,META,r_vix,0.04866919504115668
2023-10-09,META,GSPC,1.6131094417888847
2023-10-16,META,d_rate,0.017942801835026667
2023-10-16,META,d_credit,0.1530410441625799
2023-10-16,META,r_vix,0.06706915944011461
2023-10-16,META,GSPC,1.9140024072633206
2023-10-23,META,d_rate,-0.043835957265878266
2023-10-23,META,d_credit,0.08068072408150051
2023-10-23,META,r_vix,0.08678808230802156
2023-10-23,META,GSPC,2.476481733379958
2023-10-30,META,d_rate,-0.03161182252240149
2023-10-30,META,d_credit,0.07054134373367547
2023-10-30,META,r_vix,0.11136705759476848
2023-10-30,META,GSPC,2.3838192572255954
2023-11-06,META,d_rate,-0.040764172290328284
2023-11-06,META,d_credit,0.04442326625281281
2023-11-06,META,r_vix,0.05456672057883705
2023-11-06,META,GSPC,1.848043006961823
2023-11-13,META,d_rate,-0.04585623557783079
2023-11-13,META,d_credit,0.02882987992268461
2023-11-13,META,r_vix,0.04034109032824439
2023-11-13,META,GSPC,1.6927857939514235
2023-11-20,META,d_rate,-0.05660103228693791
2023-11-20,META,d_credit,0.01208380933176917
2023-11-20,META,r_vix,0.03590274361768244
2023-11-20,META,GSPC,1.655216914681207
2023-11-27,META,d_rate,-0.01664228219997315
2023-11-27,META,d_credit,0.05327981310668352
2023-11-27,META,r_vix,0.024563786003090175
2023-11-27,META,GSPC,1.678266682185152
2023-12-04,META,d_rate,-0.023451802171778783
2023-12-04,META,d_credit,0.025460566089067212
2023-12-04,META,r_vix,0.026300462893714013
2023-12-04,META,GSPC,1.59379635245433
2023-12-11,META,d_rate,-3.343234765462355e-4
2023-12-11,META,d_credit,0.038634555114037523
2023-12-11,META,r_vix,0.027875419218604355
2023-12-11,META,GSPC,1.6786476686911604
2023-12-18,META,d_rate,0.009735612125877386
2023-12-18,META,d_credit,0.06116216742484277
2023-12-18,META,r_vix,0.02555309826844673
2023-12-18,META,GSPC,1.7213044794720485
2023-12-25,META,d_rate,0.01010532138909494
2023-12-25,META,d_credit,0.06376153217050909
2023-12-25,META,r_vix,0.027160869135009192
2023-12-25,META,GSPC,1.7360854195804074
2024-01-01,META,d_rate,0.019703483982731522
2024-01-01,META,d_credit,0.05419120530958177
2024-01-01,META,r_vix,0.0241333746530189
2024-01-01,META,GSPC,1.7093714551625572
2024-01-08,META,d_rate,0.019013458863310254
2024-01-08,META,d_credit,0.056887312346850676
2024-01-08,META,r_vix,0.02657321259087004
2024-01-08,META,GSPC,1.7343557674174201
2024-01-15,META,d_rate,0.01680437122515438
2024-01-15,META,d_credit,0.055971915906537065
2024-01-15,META,r_vix,0.020502498749975104
2024-01-15,META,GSPC,1.7000465891065089
2024-01-22,META,d_rate,0.01609596439144716
2024-01-22,META,d_credit,0.06884671793867991
2024-01-22,META,r_vix,0.013383442346210393
2024-01-22,META,GSPC,1.634711802810135
2024-01-29,META,d_rate,1.5295405686483043e-4
2024-01-29,META,d_credit,0.09805314768182578
2024-01-29,META,r_vix,0.028639630285747713
2024-01-29,META,GSPC,1.6654315073780588
2024-02-05,META,d_rate,0.004740838589938657
2024-02-05,META,d_credit,0.098335210099554
2024-02-05,META,r_vix,0.04524212285254328
2024-02-05,META,GSPC,1.6676724377737506
2024-02-12,META,d_rate,0.007427289929470951
2024-02-12,META,d_credit,0.1037063927725014
2024-02-12,META,r_vix,0.04254236313816559
2024-02-12,META,GSPC,1.6573211152589948
2024-02-19,META,d_rate,0.008270951108849395
2024-02-19,META,d_credit,0.1102000399084418
2024-02-19,META,r_vix,0.044563009827254765
2024-02-19,META,GSPC,1.6988090435956356
2024-02-26,META,d_rate,0.008081944187909444
2024-02-26,META,d_credit,0.12160911455710134
2024-02-26,META,r_vix,0.06111309589075378
2024-02-26,META,GSPC,1.74512126395993
2024-03-04,META,d_rate,0.010388065296476118
2024-03-04,META,d_credit,0.12177091116884459
2024-03-04,META,r_vix,0.0576573290549624
2024-03-04,META,GSPC,1.7480334370891633
2024-03-11,META,d_rate,0.009649657820186359
2024-03-11,META,d_credit,0.10902114313073014
2024-03-11,META,r_vix,0.05555224641477124
2024-03-11,META,GSPC,1.725509523448814
2024-03-18,META,d_rate,0.007969728343952832
2024-03-18,META,d_credit,0.10138943375565264
2024-03-18,META,r_vix,0.06651655955265204
2024-03-18,META,GSPC,1.7539437617628078
2024-03-25,META,d_rate,0.013685323120278243
2024-03-25,META,d_credit,0.08691866936669089
2024-03-25,META,r_vix,0.06531681021889696
2024-03-25,META,GSPC,1.8138178170265795
2024-04-01,META,d_rate,0.023065023027396776
2024-04-01,META,d_credit,0.07227504942424652
2024-04-01,META,r_vix,0.1088022807781067
2024-04-01,META,GSPC,1.9760707093935406
2024-04-08,META,d_rate,0.021538285583117905
2024-04-08,META,d_credit,0.07897523004498692
2024-04-08,META,r_vix,0.11333293238629087
2024-04-08,META,GSPC,2.013642559547315
2024-04-15,META,d_rate,0.02383252675179499
2024-04-15,META,d_credit,0.07938487968897406
2024-04-15,META,r_vix,0.11246549076488754
2024-04-15,META,GSPC,2.0543571862848635
2024-04-22,META,d_rate,0.014838646585858761
2024-04-22,META,d_credit,0.02575664215417704
2024-04-22,META,r_vix,0.17683023641857423
2024-04-22,META,GSPC,2.081457744538311
2024-04-29,META,d_rate,0.009553850573357118
2024-04-29,META,d_credit,0.06931362432047052
2024-04-29,META,r_vix,0.17483854805114185
2024-04-29,META,GSPC,2.037616926332294
2024-05-06,META,d_rate,0.011150144064764937
2024-05-06,META,d_credit,0.07095360980121046
2024-05-06,META,r_vix,0.17530034693657545
2024-05-06,META,GSPC,2.070147522447985
2024-05-13,META,d_rate,0.008406189322082397
2024-05-13,META,d_credit,0.06530225091136878
2024-05-13,META,r_vix,0.17170471605583543
2024-05-13,META,GSPC,2.0029245994805813
2024-05-20,META,d_rate,0.005316901598414073
2024-05-20,META,d_credit,0.08731820864790489
2024-05-20,META,r_vix,0.16017176781189255
2024-05-20,META,GSPC,1.9432582122584414
2024-05-27,META,d_rate,0.007873764514473938
2024-05-27,META,d_credit,0.07928227175025608
2024-05-27,META,r_vix,0.17251069323711368
2024-05-27,META,GSPC,1.998282077604605
2024-06-03,META,d_rate,0.006092760982326687
2024-06-03,META,d_credit,0.07199194189350912
2024-06-03,META,r_vix,0.16529341336313255
2024-06-03,META,GSPC,1.9744504230993662
2024-06-10,META,d_rate,0.009284797987098501
2024-06-10,META,d_credit,0.0694620799922877
2024-06-10,META,r_vix,0.15345451857033734
2024-06-10,META,GSPC,1.896476127942977
2024-06-17,META,d_rate,0.015815268483798002
2024-06-17,META,d_credit,0.06050010764842422
2024-06-17,META,r_vix,0.16534808005776014
2024-06-17,META,GSPC,2.0436838454967208
2024-06-24,META,d_rate,0.03171741487411474
2024-06-24,META,d_credit,0.03482460204586017
2024-06-24,META,r_vix,0.18516632810947695
2024-06-24,META,GSPC,2.284473108938671
2024-07-01,META,d_rate,0.028304979323145563
2024-07-01,META,d_credit,0.0444809817453622
2024-07-01,META,r_vix,0.19016150518934472
2024-07-01,META,GSPC,2.3353575066171355
2024-07-08,META,d_rate,0.04727359165823453
2024-07-08,META,d_credit,0.01159762742395689
2024-07-08,META,r_vix,0.19033761324591303
2024-07-08,META,GSPC,2.3482613452128036
2024-07-15,META,d_rate,0.051521372066244124
2024-07-15,META,d_credit,0.014082092694730533
2024-07-15,META,r_vix,0.16720347036522187
2024-07-15,META,GSPC,2.357598881009685
2024-07-22,META,d_rate,0.03341129656846565
2024-07-22,META,d_credit,0.036826153623173145
2024-07-22,META,r_vix,0.15985146402076933
2024-07-22,META,GSPC,2.2072431962870613
2024-07-29,META,d_rate,0.02439187926293222
2024-07-29,META,d_credit,0.09618917588766834
2024-07-29,META,r_vix,0.19125373828927966
2024-07-29,META,GSPC,2.2052408374340904
2024-08-05,META,d_rate,0.03014121078454013
2024-08-05,META,d_credit,0.09428209230628158
2024-08-05,META,r_vix,0.1519484324476395
2024-08-05,META,GSPC,2.000518687669318
2024-08-12,META,d_rate,0.031858120204322146
2024-08-12,META,d_credit,0.1008005822151088
2024-08-12,META,r_vix,0.15536357632188838
2024-08-12,META,GSPC,1.929380588744363
2024-08-19,META,d_rate,0.03368218060125024
2024-08-19,META,d_credit,0.11923125385723345
2024-08-19,META,r_vix,0.1438486257688319
2024-08-19,META,GSPC,1.8516946020492147
2024-08-26,META,d_rate,0.03150803635901299
2024-08-26,META,d_credit,0.10999236617713364
2024-08-26,META,r_vix,0.1490262804021776
2024-08-26,META,GSPC,1.8545884484246937
2024-09-02,META,d_rate,0.03960208794726271
2024-09-02,META,d_credit,0.12300983760609924
2024-09-02,META,r_vix,0.14766773380914064
2024-09-02,META,GSPC,1.9585377586137487
2024-09-09,META,d_rate,0.0393277412223671
2024-09-09,META,d_credit,0.1269440408287307
2024-09-09,META,r_vix,0.14371598676928427
2024-09-09,META,GSPC,1.9722175913587447
2024-09-16,META,d_rate,0.045518749484750355
2024-09-16,META,d_credit,0.1284336302791078
2024-09-16,META,r_vix,0.14955448519140951
2024-09-16,META,GSPC,2.095837032619778
2024-09-23,META,d_rate,0.04430085080160485
2024-09-23,META,d_credit,0.12807474444626138
2024-09-23,META,r_vix,0.14751929981112857
2024-09-23,META,GSPC,2.081207767587245
2024-09-30,META,d_rate,0.040811085644737864
2024-09-30,META,d_credit,0.0863078626398037
2024-09-30,META,r_vix,0.1577059391915295
2024-09-30,META,GSPC,2.1005409609415775
2024-10-07,META,d_rate,0.027221324577246665
2024-10-07,META,d_credit,0.07594663122524785
2024-10-07,META,r_vix,0.14685250650661638
2024-10-07,META,GSPC,1.978522562908338
2024-10-14,META,d_rate,0.028821737336513543
2024-10-14,META,d_credit,0.07756211627013668
2024-10-14,META,r_vix,0.15314257539621542
2024-10-14,META,GSPC,2.0133841044885994
2024-10-21,META,d_rate,0.03574545644143626
2024-10-21,META,d_credit,0.08791313731756092
2024-10-21,META,r_vix,0.16709492405978538
2024-10-21,META,GSPC,2.176375469380609
2024-10-28,META,d_rate,0.03732028601739212
2024-10-28,META,d_credit,0.08552394666445931
2024-10-28,META,r_vix,0.16750150550967657
2024-10-28,META,GSPC,2.143872410930819
2024-11-04,META,d_rate,0.03540714174516131
2024-11-04,META,d_credit,0.09148160220818616
2024-11-04,META,r_vix,0.16136306804361325
2024-11-04,META,GSPC,2.129310082743522
2024-11-11,META,d_rate,0.026886023563932146
2024-11-11,META,d_credit,0.06764523220773279
2024-11-11,META,r_vix,0.1739745174346052
2024-11-11,META,GSPC,2.2628351592573988
2024-11-18,META,d_rate,0.026046275207796357
2024-11-18,META,d_credit,0.06496888564137661
2024-11-18,META,r_vix,0.175135420852317
2024-11-18,META,GSPC,2.249749079626062
2024-11-25,META,d_rate,-0.013967446590719378
2024-11-25,META,d_credit,0.010042877900782286
2024-11-25,META,r_vix,0.16076558501975335
2024-11-25,META,GSPC,2.0533118869761484
2024-12-02,META,d_rate,-0.01283492326993738
2024-12-02,META,d_credit,0.027763898087322117
2024-12-02,META,r_vix,0.15674374261944882
2024-12-02,META,GSPC,2.0676422570707995
2024-12-09,META,d_rate,-0.048598135176536744
2024-12-09,META,d_credit,-0.05400304554274147
2024-12-09,META,r_vix,0.1717499061375551
2024-12-09,META,GSPC,2.115538569396873
2024-12-16,META,d_rate,-0.07045154389169123
2024-12-16,META,d_credit,-0.11363318555493195
2024-12-16,META,r_vix,0.1457716633043709
2024-12-16,META,GSPC,1.9371687828081228
2024-12-23,META,d_rate,-0.07013999011909254
2024-12-23,META,d_credit,-0.11967775485443519
2024-12-23,META,r_vix,0.13324884390343836
2024-12-23,META,GSPC,1.8496011518341908
2024-12-30,META,d_rate,-0.08280899801742443
2024-12-30,META,d_credit,-0.1488090665357476
2024-12-30,META,r_vix,0.13524559288958538
2024-12-30,META,GSPC,1.8489566578747108
2025-01-06,META,d_rate,-0.0731161383047655
2025-01-06,META,d_credit,-0.14226887502442848
2025-01-06,META,r_vix,0.1358108507061289
2025-01-06,META,GSPC,1.7927072634854448
2025-01-13,META,d_rate,-0.07216783431561566
2025-01-13,META,d_credit,-0.1633695308432762
2025-01-13,META,r_vix,0.1406453009368947
2025-01-13,META,GSPC,1.7590786935598801
2025-01-20,META,d_rate,-0.0721628136704849
2025-01-20,META,d_credit,-0.16988883088971957
2025-01-20,META,r_vix,0.14235327987517937
2025-01-20,META,GSPC,1.790430410057991
2025-01-27,META,d_rate,-0.05686872395788811
2025-01-27,META,d_credit,-0.14118259445883583
2025-01-27,META,r_vix,0.09346753270026488
2025-01-27,META,GSPC,1.3265276406715187
2025-02-03,META,d_rate,-0.05734217718360808
2025-02-03,META,d_credit,-0.13919275535554684
2025-02-03,META,r_vix,0.08932624951651444
2025-02-03,META,GSPC,1.2975880164600875
2025-02-10,META,d_rate,-0.05560965725216661
2025-02-10,META,d_credit,-0.1285611473425528
2025-02-10,META,r_vix,0.08650144631280915
2025-02-10,META,GSPC,1.301068316588386
2025-02-17,META,d_rate,-0.045986219711256875
2025-02-17,META,d_credit,-0.12178132789867147
2025-02-17,META,r_vix,0.0780066277321927
2025-02-17,META,GSPC,1.3560267745386403
2025-02-24,META,d_rate,-0.0562504969599441
2025-02-24,META,d_credit,-0.18996421944683967
2025-02-24,META,r_vix,0.08379544869777932
2025-02-24,META,GSPC,1.3349000710275614
2025-03-03,META,d_rate,-0.0606208464509676
2025-03-03,META,d_credit,-0.20662196747981595
2025-03-03,META,r_vix,0.09117127604342033
2025-03-03,META,GSPC,1.4226752450341877
2025-03-10,META,d_rate,-0.0658619897958815
2025-03-10,META,d_credit,-0.27413536802141864
2025-03-10,META,r_vix,0.07632060599888886
2025-03-10,META,GSPC,1.226323208936663
2025-03-17,META,d_rate,-0.07324815055350904
2025-03-17,META,d_credit,-0.3201433366123685
2025-03-17,META,r_vix,0.07715317155998248
2025-03-17,META,GSPC,1.1394795701602676
2025-03-24,META,d_rate,-0.0753441810247406
2025-03-24,META,d_credit,-0.32992760566504237
2025-03-24,META,r_vix,0.07862751634655224
2025-03-24,META,GSPC,1.1550093605083882
2025-03-31,META,d_rate,-0.07528981449796839
2025-03-31,META,d_credit,-0.28936606134730314
2025-03-31,META,r_vix,0.061690426831595695
2025-03-31,META,GSPC,1.2039221658475763
2025-04-07,META,d_rate,-0.058079592875268315
2025-04-07,META,d_credit,-0.2610116096356884
2025-04-07,META,r_vix,0.0670002431044072
2025-04-07,META,GSPC,1.300367109313362
2025-04-14,META,d_rate,-0.049599468229189494
2025-04-14,META,d_credit,-0.22901525274219547
2025-04-14,META,r_vix,0.07543876134838906
2025-04-14,META,GSPC,1.397974495351003
2025-04-21,META,d_rate,-0.042045333722388424
2025-04-21,META,d_credit,-0.19363996858796675
2025-04-21,META,r_vix,0.0469876958900834
2025-04-21,META,GSPC,1.396318139440527
2025-04-28,META,d_rate,-0.016800528895181997
2025-04-28,META,d_credit,-0.08789351514485712
2025-04-28,META,r_vix,0.05108872251995387
2025-04-28,META,GSPC,1.5875424251714132
2025-05-05,META,d_rate,-0.016689623153876825
2025-05-05,META,d_credit,-0.08777008458894267
2025-05-05,META,r_vix,0.05003841696361431
2025-05-05,META,GSPC,1.5686610770937988
2025-05-12,META,d_rate,-0.021643835337156837
2025-05-12,META,d_credit,-0.09464851658993335
2025-05-12,META,r_vix,0.05345625011061803
2025-05-12,META,GSPC,1.5996556994320477
2025-05-19,META,d_rate,-0.01878803852529697
2025-05-19,META,d_credit,-0.08357699242749456
2025-05-19,META,r_vix,0.05500999956990947
2025-05-19,META,GSPC,1.611533805035951
2025-05-26,META,d_rate,-0.019137320673798447
2025-05-26,META,d_credit,-0.09014808246402885
2025-05-26,META,r_vix,0.05622849727917536
2025-05-26,META,GSPC,1.6081545818517673
2025-06-02,META,d_rate,-0.02193637287239624
2025-06-02,META,d_credit,-0.14647342579186648
2025-06-02,META,r_vix,0.05687065009494061
2025-06-02,META,GSPC,1.5476028348505364
2025-06-09,META,d_rate,-0.01511570747943983
2025-06-09,META,d_credit,-0.13362619163149894
2025-06-09,META,r_vix,0.044551526116887376
2025-06-09,META,GSPC,1.490389704452702
2025-06-16,META,d_rate,-0.011139848014748372
2025-06-16,META,d_credit,-0.11954965116683736
2025-06-16,META,r_vix,0.047363300603046846
2025-06-16,META,GSPC,1.5279527686998282
2025-06-23,META,d_rate,-0.014497181028172542
2025-06-23,META,d_credit,-0.10130454825358602
2025-06-23,META,r_vix,0.04832052197692364
2025-06-23,META,GSPC,1.5881328848979632
2025-06-30,META,d_rate,-0.008065178284511493
2025-06-30,META,d_credit,-0.10585546871469674
2025-06-30,META,r_vix,0.022599404369456594
2025-06-30,META,GSPC,1.3794523436582775
2025-07-07,META,d_rate,-0.021101284807902944
2025-07-07,META,d_credit,-0.10020505400319206
2025-07-07,META,r_vix,0.03279392654786567
2025-07-07,META,GSPC,1.475031110709473
2025-07-14,META,d_rate,-0.024014452380700047
2025-07-14,META,d_credit,-0.12446706025744556
2025-07-14,META,r_vix,0.04195663879302434
2025-07-14,META,GSPC,1.479388898946138
2025-07-21,META,d_rate,-0.02010431252045315
2025-07-21,META,d_credit,-0.10793593214427401
2025-07-21,META,r_vix,0.03985602936854558
2025-07-21,META,GSPC,1.477972185713834
2025-07-28,META,d_rate,-0.02057386752102123
2025-07-28,META,d_credit,-0.19224866210810873
2025-07-28,META,r_vix,0.03340696226352908
2025-07-28,META,GSPC,1.3277877778861507
2025-08-04,META,d_rate,-0.03577772218480153
2025-08-04,META,d_credit,-0.19158728384969956
2025-08-04,META,r_vix,0.057129093839586594
2025-08-04,META,GSPC,1.4887935071140332
2025-08-11,META,d_rate,-0.0445493676033943
2025-08-11,META,d_credit,-0.22397687163179297
2025-08-11,META,r_vix,0.050417941298254255
2025-08-11,META,GSPC,1.4576644236467726
2025-08-18,META,d_rate,-0.05067058682332823
2025-08-18,META,d_credit,-0.24310327844527943
2025-08-18,META,r_vix,0.06641655707762446
2025-08-18,META,GSPC,1.547394105363359
2025-08-25,META,d_rate,-0.0491662547655375
2025-08-25,META,d_credit,-0.2535414854204557
2025-08-25,META,r_vix,0.062351549175456905
2025-08-25,META,GSPC,1.51030263616871
2025-09-01,META,d_rate,-0.050787376899272
2025-09-01,META,d_credit,-0.2564476258145902
2025-09-01,META,r_vix,0.06408155973631074
2025-09-01,META,GSPC,1.5125297692675683
2025-09-08,META,d_rate,-0.03626129452328374
2025-09-08,META,d_credit,-0.20264961633411388
2025-09-08,META,r_vix,0.05278331924511929
2025-09-08,META,GSPC,1.492720189721049
2025-09-15,META,d_rate,-0.03559073876426485
2025-09-15,META,d_credit,-0.18509375008555196
2025-09-15,META,r_vix,0.04998819450765503
2025-09-15,META,GSPC,1.4862512066617115
2025-09-22,META,d_rate,-0.03778144019044764
2025-09-22,META,d_credit,-0.16845843181841505
2025-09-22,META,r_vix,0.05571876948796978
2025-09-22,META,GSPC,1.5512993142083598
2025-09-29,META,d_rate,-0.02840933522760846
2025-09-29,META,d_credit,-0.12980350542294353
2025-09-29,META,r_vix,0.01985547075048478
2025-09-29,META,GSPC,1.3702525517789803
2025-10-06,META,d_rate,-0.03013985305892995
2025-10-06,META,d_credit,-0.1353852598969468
2025-10-06,META,r_vix,0.03501557822710456
2025-10-06,META,GSPC,1.4382848884420423
2025-10-13,META,d_rate,-0.027526308030097046
2025-10-13,META,d_credit,-0.13150969259321169
2025-10-13,META,r_vix,0.026113764444457857
2025-10-13,META,GSPC,1.3909300026945488
2025-10-20,META,d_rate,-0.028949569465369574
2025-10-20,META,d_credit,-0.1306647648735927
2025-10-20,META,r_vix,0.025182300283849372
2025-10-20,META,GSPC,1.390350061690894
2025-10-27,META,d_rate,-0.061017701173379305
2025-10-27,META,d_credit,-0.23367344792621522
2025-10-27,META,r_vix,0.010250373097007949
2025-10-27,META,GSPC,1.1671301868066237
2025-11-03,META,d_rate,-0.06829356858535915
2025-11-03,META,d_credit,-0.25626781163380846
2025-11-03,META,r_vix,0.003305400233801287
2025-11-03,META,GSPC,1.156526011535294
2025-11-10,META,d_rate,-0.062004399264671516
2025-11-10,META,d_credit,-0.2522504037351161
2025-11-10,META,r_vix,-0.0022525850449388297
2025-11-10,META,GSPC,1.1080802503126133
2025-11-17,META,d_rate,-0.06236004502395813
2025-11-17,META,d_credit,-0.24929642841141098
2025-11-17,META,r_vix,-0.0015716686229775402
2025-11-17,META,GSPC,1.1159196547498995
2025-11-24,META,d_rate,-0.06265759364858747
2025-11-24,META,d_credit,-0.2463849011551833
2025-11-24,META,r_vix,-0.01232597447636365
2025-11-24,META,GSPC,1.0914267895052823
2025-12-01,META,d_rate,-0.04928905208489336
2025-12-01,META,d_credit,-0.23535552960514045
2025-12-01,META,r_vix,-0.017733678131107124
2025-12-01,META,GSPC,1.0474320330090565
2025-12-08,META,d_rate,-0.06460591883372269
2025-12-08,META,d_credit,-0.2499393259099228
2025-12-08,META,r_vix,-0.013232825225536423
2025-12-08,META,GSPC,1.0820707049030203
2025-12-15,META,d_rate,-0.06023849456202558
2025-12-15,META,d_credit,-0.2582545214363623
2025-12-15,META,r_vix,-0.007942605926434507
2025-12-15,META,GSPC,1.079717281547986
2025-12-22,META,d_rate,-0.06375006316587699
2025-12-22,META,d_credit,-0.2570153768373476
2025-12-22,META,r_vix,-0.0030839899906761684
2025-12-22,META,GSPC,1.1070274734319974
2025-12-29,META,d_rate,-0.06647562314219431
2025-12-29,META,d_credit,-0.26530737570641116
2025-12-29,META,r_vix,-5.9344130230258e-4
2025-12-29,META,GSPC,1.121884365326929
2026-01-05,META,d_rate,-0.08302745102011314
2026-01-05,META,d_credit,-0.2239330601540878
2026-01-05,META,r_vix,-0.013894966244618724
2026-01-05,META,GSPC,1.1502104954480197
2026-01-12,META,d_rate,-0.09824537795644506
2026-01-12,META,d_credit,-0.12025265632117517
2026-01-12,META,r_vix,-0.0311804564220802
2026-01-12,META,GSPC,1.271849731038153
2026-01-19,META,d_rate,-0.09888522458024511
2026-01-19,META,d_credit,-0.14410285497731054
2026-01-19,META,r_vix,-0.03336236871126764
2026-01-19,META,GSPC,1.194427226762778
2026-01-26,META,d_rate,-0.08651251230792398
2026-01-26,META,d_credit,-0.12782099312173203
2026-01-26,META,r_vix,-0.0233956661177728
2026-01-26,META,GSPC,1.296654736527092
2026-02-02,META,d_rate,-0.07582759985464196
2026-02-02,META,d_credit,-0.13746572469713192
2026-02-02,META,r_vix,-0.022725389660791115
2026-02-02,META,GSPC,1.2886742912970395
2026-02-09,META,d_rate,-0.07219450563021457
2026-02-09,META,d_credit,-0.1455993523799238
2026-02-09,META,r_vix,-0.022438882300782396
2026-02-09,META,GSPC,1.2731447034667387
2026-02-16,META,d_rate,-0.07534768084397424
2026-02-16,META,d_credit,-0.15838252802927458
2026-02-16,META,r_vix,-0.011383894591553222
2026-02-16,META,GSPC,1.296132776079874
2026-02-23,META,d_rate,-0.07755826594613173
2026-02-23,META,d_credit,-0.1456406129438519
2026-02-23,META,r_vix,-0.011985402207534851
2026-02-23,META,GSPC,1.3100685546095674
2026-03-02,META,d_rate,-0.06594759849655571
2026-03-02,META,d_credit,-0.1753916643284592
2026-03-02,META,r_vix,0.005567889514956017
2026-03-02,META,GSPC,1.3172850374700873
2026-03-09,META,d_rate,-0.06909801028945307
2026-03-09,META,d_credit,-0.17865549774985345
2026-03-09,META,r_vix,0.012660805713211123
2026-03-09,META,GSPC,1.3719137115575717
2026-03-16,META,d_rate,-0.07053094966222238
2026-03-16,META,d_credit,-0.17135722897681654
2026-03-16,META,r_vix,0.008774933795612967
2026-03-16,META,GSPC,1.363884487612125
2026-03-23,META,d_rate,-0.07930581054640884
2026-03-23,META,d_credit,-0.13864751113686805
2026-03-23,META,r_vix,0.007800945880809447
2026-03-23,META,GSPC,1.4876916811196408
2026-03-30,META,d_rate,-0.08029381934722792
2026-03-30,META,d_credit,-0.14402621624091327
2026-03-30,META,r_vix,0.027254256090225127
2026-03-30,META,GSPC,1.7359473819160924
2026-04-06,META,d_rate,-0.0933969644597867
2026-04-06,META,d_credit,-0.15977647371224257
2026-04-06,META,r_vix,0.011334450135112742
2026-04-06,META,GSPC,1.6397343904750603
2026-04-13,META,d_rate,-0.09741370241213265
2026-04-13,META,d_credit,-0.16212135305438993
2026-04-13,META,r_vix,0.005087638368948535
2026-04-13,META,GSPC,1.572328513690591
2026-04-20,META,d_rate,-0.10565083835069854
2026-04-20,META,d_credit,-0.16391932564268755
2026-04-20,META,r_vix,-8.081982044654918e-4
2026-04-20,META,GSPC,1.5404534763046174
2026-04-27,META,d_rate,-0.17919310607251737
2026-04-27,META,d_credit,-0.3018474060573605
2026-04-27,META,r_vix,9.947742067175527e-4
2026-04-27,META,GSPC,1.233244844981189
2026-05-04,META,d_rate,-0.17906725241565338
2026-05-04,META,d_credit,-0.29228294672711125
2026-05-04,META,r_vix,-0.006601123356195663
2026-05-04,META,GSPC,1.1631325551139562
2026-05-11,META,d_rate,-0.15461059762576554
2026-05-11,META,d_credit,-0.2802693603811146
2026-05-11,META,r_vix,-0.002242681439876808
2026-05-11,META,GSPC,1.1752737516991703
2026-05-18,META,d_rate,-0.16282038762557194
2026-05-18,META,d_credit,-0.2916862625978608
2026-05-18,META,r_vix,-0.003525270847612774
2026-05-18,META,GSPC,1.2462952168962862
2026-05-25,META,d_rate,-0.17135047441904158
2026-05-25,META,d_credit,-0.30135632376548904
2026-05-25,META,r_vix,-0.006621695024622733
2026-05-25,META,GSPC,1.2269903062636849
2026-06-01,META,d_rate,-0.171965574340381
2026-06-01,META,d_credit,-0.2263735141934052
2026-06-01,META,r_vix,-0.010493530134020105
2026-06-01,META,GSPC,1.2740271347494443
2026-06-08,META,d_rate,-0.16704087456474437
2026-06-08,META,d_credit,-0.2339976504858164
2026-06-08,META,r_vix,0.013103559576849404
2026-06-08,META,GSPC,1.4143415066475442
2026-06-15,META,d_rate,-0.16507598171878937
2026-06-15,META,d_credit,-0.23145262727572816
2026-06-15,META,r_vix,0.013559283930070415
2026-06-15,META,GSPC,1.431260266100376
2026-06-22,META,d_rate,-0.15609542748236363
2026-06-22,META,d_credit,-0.24754710791483325
2026-06-22,META,r_vix,0.01838230118126021
2026-06-22,META,GSPC,1.4235114552397932
2026-06-29,META,d_rate,-0.14701006392551208
2026-06-29,META,d_credit,-0.22053999348615785
2026-06-29,META,r_vix,0.024749794933963322
2026-06-29,META,GSPC,1.580202908103712
2026-07-06,META,d_rate,-0.03750972284307254
2026-07-06,META,d_credit,-0.03592741346856797
2026-07-06,META,r_vix,0.03691938237095066
2026-07-06,META,GSPC,2.0060644370145533
2026-07-13,META,d_rate,-0.03554916546871938
2026-07-13,META,d_credit,-0.029746214277288033
2026-07-13,META,r_vix,0.037125443481924744
2026-07-13,META,GSPC,2.022852544566685
2026-07-20,META,d_rate,-0.05870471083021757
2026-07-20,META,d_credit,-0.049462594446367816
2026-07-20,META,r_vix,0.043890736114732314
2026-07-20,META,GSPC,2.0809505972988145
2026-07-27,META,d_rate,-0.02907414169327176
2026-07-27,META,d_credit,-0.11410946303704185
2026-07-27,META,r_vix,0.03215088358655301
2026-07-27,META,GSPC,2.1207980936977995
2026-08-03,META,d_rate,-0.028581374117625798
2026-08-03,META,d_credit,-0.11329863527039835
2026-08-03,META,r_vix,0.03132356743318682
2026-08-03,META,GSPC,2.1223366226962668
2026-08-10,META,d_rate,-0.027437668302680376
2026-08-10,META,d_credit,-0.10128265777125219
2026-08-10,META,r_vix,0.030235539383724665
2026-08-10,META,GSPC,2.121824602563619
2026-08-17,META,d_rate,-0.029573154218525244
2026-08-17,META,d_credit,-0.061679628649036415
2026-08-17,META,r_vix,0.030430214873599013
2026-08-17,META,GSPC,2.18506894098023
2015-12-28,MSFT,d_rate,0.027746718041140046
2015-12-28,MSFT,d_credit,0.05069962242701399
2015-12-28,MSFT,r_vix,-0.004610936890199921
2015-12-28,MSFT,GSPC,1.5708048167639586
2016-01-04,MSFT,d_rate,0.033773535535734034
2016-01-04,MSFT,d_credit,0.056128646664155166
2016-01-04,MSFT,r_vix,-0.018228270519995714
2016-01-04,MSFT,GSPC,1.3815485238556406
2016-01-11,MSFT,d_rate,0.03338421654657695
2016-01-11,MSFT,d_credit,0.056587759377467274
2016-01-11,MSFT,r_vix,-0.017878543349558264
2016-01-11,MSFT,GSPC,1.383442529740889
2016-01-18,MSFT,d_rate,0.03173601396609571
2016-01-18,MSFT,d_credit,0.05195081470716725
2016-01-18,MSFT,r_vix,-0.01899474030139422
2016-01-18,MSFT,GSPC,1.3772835881770873
2016-01-25,MSFT,d_rate,-0.005330338633918674
2016-01-25,MSFT,d_credit,-0.016516104237602813
2016-01-25,MSFT,r_vix,0.006137673320588862
2016-01-25,MSFT,GSPC,1.415312138002595
2016-02-01,MSFT,d_rate,1.6029864542296812e-4
2016-02-01,MSFT,d_credit,-0.010818607105845127
2016-02-01,MSFT,r_vix,0.014280008537383544
2016-02-01,MSFT,GSPC,1.5447207631619473
2016-02-08,MSFT,d_rate,-9.229259829600983e-4
2016-02-08,MSFT,d_credit,-0.0063869945476446675
2016-02-08,MSFT,r_vix,0.015347550978730784
2016-02-08,MSFT,GSPC,1.5543907213088455
2016-02-15,MSFT,d_rate,0.0012009388587706027
2016-02-15,MSFT,d_credit,-0.005138853531719905
2016-02-15,MSFT,r_vix,0.016794765416095227
2016-02-15,MSFT,GSPC,1.547013649293293
2016-02-22,MSFT,d_rate,0.002705968353056759
2016-02-22,MSFT,d_credit,6.688666440065543e-4
2016-02-22,MSFT,r_vix,0.00679377355233183
2016-02-22,MSFT,GSPC,1.454076051061142
2016-02-29,MSFT,d_rate,0.017022051325150816
2016-02-29,MSFT,d_credit,0.039092752355318616
2016-02-29,MSFT,r_vix,0.005919306407213992
2016-02-29,MSFT,GSPC,1.422052101742056
2016-03-07,MSFT,d_rate,0.011987299140983515
2016-03-07,MSFT,d_credit,0.028644270512460362
2016-03-07,MSFT,r_vix,0.006842245431792842
2016-03-07,MSFT,GSPC,1.4199351378193446
2016-03-14,MSFT,d_rate,0.015693181156020503
2016-03-14,MSFT,d_credit,0.03956852451902715
2016-03-14,MSFT,r_vix,0.008439030758844926
2016-03-14,MSFT,GSPC,1.4358543152646317
2016-03-21,MSFT,d_rate,0.017662349246197116
2016-03-21,MSFT,d_credit,0.03640335459433476
2016-03-21,MSFT,r_vix,0.00767114610144509
2016-03-21,MSFT,GSPC,1.3980663013846013
2016-03-28,MSFT,d_rate,0.013557931122604313
2016-03-28,MSFT,d_credit,0.041128152296683686
2016-03-28,MSFT,r_vix,0.009049095860787051
2016-03-28,MSFT,GSPC,1.4212126434384467
2016-04-04,MSFT,d_rate,0.014394409137665817
2016-04-04,MSFT,d_credit,0.0465510947660701
2016-04-04,MSFT,r_vix,0.007974461915208031
2016-04-04,MSFT,GSPC,1.4191834179595006
2016-04-11,MSFT,d_rate,0.015939764509812944
2016-04-11,MSFT,d_credit,0.04943715487633955
2016-04-11,MSFT,r_vix,0.007276293912083706
2016-04-11,MSFT,GSPC,1.4173476745651568
2016-04-18,MSFT,d_rate,-0.013914174820064407
2016-04-18,MSFT,d_credit,0.045163529099935276
2016-04-18,MSFT,r_vix,0.003958449472935233
2016-04-18,MSFT,GSPC,1.3280133751042091
2016-04-25,MSFT,d_rate,-0.023230860941817675
2016-04-25,MSFT,d_credit,0.04018782745941468
2016-04-25,MSFT,r_vix,-0.0036450697379875863
2016-04-25,MSFT,GSPC,1.3027366570705405
2016-05-02,MSFT,d_rate,-0.0187258526213011
2016-05-02,MSFT,d_credit,0.049944063940920776
2016-05-02,MSFT,r_vix,-0.003090876095336811
2016-05-02,MSFT,GSPC,1.3152006101888272
2016-05-09,MSFT,d_rate,-0.021103226096897475
2016-05-09,MSFT,d_credit,0.049328472559021466
2016-05-09,MSFT,r_vix,-0.003393491675166415
2016-05-09,MSFT,GSPC,1.3127192838824224
2016-05-16,MSFT,d_rate,-0.015033722798397877
2016-05-16,MSFT,d_credit,0.05838997734447339
2016-05-16,MSFT,r_vix,-0.0035510850132370753
2016-05-16,MSFT,GSPC,1.3167323310758505
2016-05-23,MSFT,d_rate,-0.012617503726745255
2016-05-23,MSFT,d_credit,0.06232045088224833
2016-05-23,MSFT,r_vix,-0.0054827731425174855
2016-05-23,MSFT,GSPC,1.3100307779927238
2016-05-30,MSFT,d_rate,-0.0029381993503037954
2016-05-30,MSFT,d_credit,0.06867103473730773
2016-05-30,MSFT,r_vix,-0.006584587706978352
2016-05-30,MSFT,GSPC,1.2953726157607672
2016-06-06,MSFT,d_rate,-0.0022478960633566182
2016-06-06,MSFT,d_credit,0.06979912994225503
2016-06-06,MSFT,r_vix,-0.00989560647616722
2016-06-06,MSFT,GSPC,1.2750904054325478
2016-06-13,MSFT,d_rate,-0.0051324661476518365
2016-06-13,MSFT,d_credit,0.08174840136387031
2016-06-13,MSFT,r_vix,-0.009114418958689656
2016-06-13,MSFT,GSPC,1.3148453547045895
2016-06-20,MSFT,d_rate,0.01081832637644284
2016-06-20,MSFT,d_credit,0.09509087709086934
2016-06-20,MSFT,r_vix,-0.006046552767169332
2016-06-20,MSFT,GSPC,1.320315250473002
2016-06-27,MSFT,d_rate,0.017140385751431845
2016-06-27,MSFT,d_credit,0.10190486764357086
2016-06-27,MSFT,r_vix,-0.004159240832570614
2016-06-27,MSFT,GSPC,1.3201859585961633
2016-07-04,MSFT,d_rate,0.0120902373405921
2016-07-04,MSFT,d_credit,0.09787133416076607
2016-07-04,MSFT,r_vix,-0.0019297211611026285
2016-07-04,MSFT,GSPC,1.3420467130669103
2016-07-11,MSFT,d_rate,0.021883726445198818
2016-07-11,MSFT,d_credit,0.09683415823363388
2016-07-11,MSFT,r_vix,0.0047371183325291884
2016-07-11,MSFT,GSPC,1.3642099150262275
2016-07-18,MSFT,d_rate,0.021561366308072726
2016-07-18,MSFT,d_credit,0.10268704988619015
2016-07-18,MSFT,r_vix,0.004003547665041517
2016-07-18,MSFT,GSPC,1.3918904728416175
2016-07-25,MSFT,d_rate,0.022121053026943022
2016-07-25,MSFT,d_credit,0.10712753778865618
2016-07-25,MSFT,r_vix,0.003050537107134817
2016-07-25,MSFT,GSPC,1.3966218434529727
2016-08-01,MSFT,d_rate,0.02678486549173428
2016-08-01,MSFT,d_credit,0.11742210830336049
2016-08-01,MSFT,r_vix,0.00182269023763794
2016-08-01,MSFT,GSPC,1.4097192025922156
2016-08-08,MSFT,d_rate,0.030617187612089355
2016-08-08,MSFT,d_credit,0.12802186705321303
2016-08-08,MSFT,r_vix,0.0016824086553115104
2016-08-08,MSFT,GSPC,1.4248468079627616
2016-08-15,MSFT,d_rate,0.02967259181510955
2016-08-15,MSFT,d_credit,0.1306841864520572
2016-08-15,MSFT,r_vix,0.004061067982401894
2016-08-15,MSFT,GSPC,1.4040249143257828
2016-08-22,MSFT,d_rate,0.03414198381153102
2016-08-22,MSFT,d_credit,0.13172669681659638
2016-08-22,MSFT,r_vix,0.008680433999373799
2016-08-22,MSFT,GSPC,1.4247591653264426
2016-08-29,MSFT,d_rate,0.03448218090137823
2016-08-29,MSFT,d_credit,0.13390324355285965
2016-08-29,MSFT,r_vix,0.018287854302234785
2016-08-29,MSFT,GSPC,1.5173493026981353
2016-09-05,MSFT,d_rate,0.03377092020506492
2016-09-05,MSFT,d_credit,0.13289868611481628
2016-09-05,MSFT,r_vix,0.013790377718106662
2016-09-05,MSFT,GSPC,1.5054274345654608
2016-09-12,MSFT,d_rate,0.033776073385884064
2016-09-12,MSFT,d_credit,0.13460831015196928
2016-09-12,MSFT,r_vix,0.012968258847921103
2016-09-12,MSFT,GSPC,1.5018483149719457
2016-09-19,MSFT,d_rate,0.030142230097102145
2016-09-19,MSFT,d_credit,0.12957284085341653
2016-09-19,MSFT,r_vix,0.018241995132993155
2016-09-19,MSFT,GSPC,1.5478521199861754
2016-09-26,MSFT,d_rate,0.031083867647857907
2016-09-26,MSFT,d_credit,0.12228619021793025
2016-09-26,MSFT,r_vix,0.017633798731628843
2016-09-26,MSFT,GSPC,1.5272183671398711
2016-10-03,MSFT,d_rate,0.03843719061266262
2016-10-03,MSFT,d_credit,0.11994325613183167
2016-10-03,MSFT,r_vix,0.01630957492336551
2016-10-03,MSFT,GSPC,1.5171597730432123
2016-10-10,MSFT,d_rate,0.03709068125537212
2016-10-10,MSFT,d_credit,0.12172908731466806
2016-10-10,MSFT,r_vix,0.015054921647001271
2016-10-10,MSFT,GSPC,1.5168324458191964
2016-10-17,MSFT,d_rate,0.026897074357372784
2016-10-17,MSFT,d_credit,0.1145305939039333
2016-10-17,MSFT,r_vix,-0.012759750719673228
2016-10-17,MSFT,GSPC,1.225259731517542
2016-10-24,MSFT,d_rate,0.03060019425793452
2016-10-24,MSFT,d_credit,0.11531946126046617
2016-10-24,MSFT,r_vix,-0.010553465121715943
2016-10-24,MSFT,GSPC,1.2369341893938748
2016-10-31,MSFT,d_rate,0.016307264223138673
2016-10-31,MSFT,d_credit,0.1029736772729185
2016-10-31,MSFT,r_vix,-0.009766089788530835
2016-10-31,MSFT,GSPC,1.2240391382459515
2016-11-07,MSFT,d_rate,0.009825503094638624
2016-11-07,MSFT,d_credit,0.07176765351808843
2016-11-07,MSFT,r_vix,0.0016773355225871292
2016-11-07,MSFT,GSPC,1.178739557330492
2016-11-14,MSFT,d_rate,0.02397961011324884
2016-11-14,MSFT,d_credit,0.06544345191098605
2016-11-14,MSFT,r_vix,-0.0014503605384967358
2016-11-14,MSFT,GSPC,1.1520665033702442
2016-11-21,MSFT,d_rate,0.023890691793934424
2016-11-21,MSFT,d_credit,0.06770223954359074
2016-11-21,MSFT,r_vix,-0.0035158977573762464
2016-11-21,MSFT,GSPC,1.1286153563476475
2016-11-28,MSFT,d_rate,0.022491824131997105
2016-11-28,MSFT,d_credit,0.0855169185648819
2016-11-28,MSFT,r_vix,-0.002986628614858625
2016-11-28,MSFT,GSPC,1.1729849808615311
2016-12-05,MSFT,d_rate,0.026022886174082948
2016-12-05,MSFT,d_credit,0.08875472988266593
2016-12-05,MSFT,r_vix,-0.005214623821899269
2016-12-05,MSFT,GSPC,1.184099999714598
2016-12-12,MSFT,d_rate,0.026447378722136105
2016-12-12,MSFT,d_credit,0.07684368951132334
2016-12-12,MSFT,r_vix,-0.004386342437111588
2016-12-12,MSFT,GSPC,1.1686995829497295
2016-12-19,MSFT,d_rate,0.02406422297760475
2016-12-19,MSFT,d_credit,0.07630016732874673
2016-12-19,MSFT,r_vix,-0.0028256238365847587
2016-12-19,MSFT,GSPC,1.1923870002895782
2016-12-26,MSFT,d_rate,0.025236238036913314
2016-12-26,MSFT,d_credit,0.07624909330242911
2016-12-26,MSFT,r_vix,-0.00365843041925841
2016-12-26,MSFT,GSPC,1.192213439365301
2017-01-02,MSFT,d_rate,0.024644691109120855
2017-01-02,MSFT,d_credit,0.07880547588741335
2017-01-02,MSFT,r_vix,0.00700919918363852
2017-01-02,MSFT,GSPC,1.350033109359922
2017-01-09,MSFT,d_rate,0.02467966573571028
2017-01-09,MSFT,d_credit,0.079036658302997
2017-01-09,MSFT,r_vix,0.0065978538963120765
2017-01-09,MSFT,GSPC,1.3449555590734779
2017-01-16,MSFT,d_rate,0.024053538808891887
2017-01-16,MSFT,d_credit,0.07727256796481609
2017-01-16,MSFT,r_vix,0.007200745049568916
2017-01-16,MSFT,GSPC,1.345791502674386
2017-01-23,MSFT,d_rate,0.031106762754480915
2017-01-23,MSFT,d_credit,0.06598241222113177
2017-01-23,MSFT,r_vix,8.760401706259554e-4
2017-01-23,MSFT,GSPC,1.241401655422336
2017-01-30,MSFT,d_rate,0.022389316775613788
2017-01-30,MSFT,d_credit,0.03800569009546599
2017-01-30,MSFT,r_vix,-0.041542527320520564
2017-01-30,MSFT,GSPC,0.5347905249272593
2017-02-06,MSFT,d_rate,0.0241422831802617
2017-02-06,MSFT,d_credit,0.032533992295117276
2017-02-06,MSFT,r_vix,-0.04059087725671514
2017-02-06,MSFT,GSPC,0.5480880082387579
2017-02-13,MSFT,d_rate,0.023381994241200046
2017-02-13,MSFT,d_credit,0.031531811003800064
2017-02-13,MSFT,r_vix,-0.03745306282971285
2017-02-13,MSFT,GSPC,0.570289015230077
2017-02-20,MSFT,d_rate,0.02546010357500557
2017-02-20,MSFT,d_credit,0.039591959225425195
2017-02-20,MSFT,r_vix,-0.03134392570226281
2017-02-20,MSFT,GSPC,0.6814315748457206
2017-02-27,MSFT,d_rate,0.01983920720041915
2017-02-27,MSFT,d_credit,0.03448222558173506
2017-02-27,MSFT,r_vix,-0.02703772436393738
2017-02-27,MSFT,GSPC,0.7419957324475586
2017-03-06,MSFT,d_rate,0.02456368314697195
2017-03-06,MSFT,d_credit,0.05649923618420463
2017-03-06,MSFT,r_vix,-0.0324966966185899
2017-03-06,MSFT,GSPC,0.6972585046941663
2017-03-13,MSFT,d_rate,0.023955542672877587
2017-03-13,MSFT,d_credit,0.051150648074568525
2017-03-13,MSFT,r_vix,-0.03162044243590802
2017-03-13,MSFT,GSPC,0.7018533164325266
2017-03-20,MSFT,d_rate,0.018584007017639095
2017-03-20,MSFT,d_credit,0.04377494826498855
2017-03-20,MSFT,r_vix,-0.027918634479978242
2017-03-20,MSFT,GSPC,0.717146326095468
2017-03-27,MSFT,d_rate,0.024816042684665623
2017-03-27,MSFT,d_credit,0.05496408412424724
2017-03-27,MSFT,r_vix,-0.03393565473648283
2017-03-27,MSFT,GSPC,0.6419755099951805
2017-04-03,MSFT,d_rate,0.022375264472563574
2017-04-03,MSFT,d_credit,0.049888917653735404
2017-04-03,MSFT,r_vix,-0.03319910020800863
2017-04-03,MSFT,GSPC,0.6307491563176514
2017-04-10,MSFT,d_rate,0.022454939663000835
2017-04-10,MSFT,d_credit,0.053102379209972204
2017-04-10,MSFT,r_vix,-0.03079767524432478
2017-04-10,MSFT,GSPC,0.659492007617193
2017-04-17,MSFT,d_rate,0.025478116791554553
2017-04-17,MSFT,d_credit,0.005881804317943518
2017-04-17,MSFT,r_vix,-0.01693984204256879
2017-04-17,MSFT,GSPC,0.7846263770884491
2017-04-24,MSFT,d_rate,0.018992342177332117
2017-04-24,MSFT,d_credit,-0.00885939374797865
2017-04-24,MSFT,r_vix,-0.0188696431205474
2017-04-24,MSFT,GSPC,0.7037317870625466
2017-05-01,MSFT,d_rate,0.018974939183975775
2017-05-01,MSFT,d_credit,-0.010110504117959421
2017-05-01,MSFT,r_vix,-0.01563103487164029
2017-05-01,MSFT,GSPC,0.7443003892658396
2017-05-08,MSFT,d_rate,0.02143079795032714
2017-05-08,MSFT,d_credit,-0.014753608558924809
2017-05-08,MSFT,r_vix,-0.00999957945576098
2017-05-08,MSFT,GSPC,0.8250416623765456
2017-05-15,MSFT,d_rate,0.025362623008600402
2017-05-15,MSFT,d_credit,-0.013676053932355272
2017-05-15,MSFT,r_vix,-0.009926060691199655
2017-05-15,MSFT,GSPC,0.8270181217034899
2017-05-22,MSFT,d_rate,0.02625356886294823
2017-05-22,MSFT,d_credit,-0.012674914949651965
2017-05-22,MSFT,r_vix,-0.015027231252312152
2017-05-22,MSFT,GSPC,0.7675117288948753
2017-05-29,MSFT,d_rate,0.017726891467444883
2017-05-29,MSFT,d_credit,-0.01764979113299246
2017-05-29,MSFT,r_vix,-0.01155568702079336
2017-05-29,MSFT,GSPC,0.8125016948747903
2017-06-05,MSFT,d_rate,0.014576763109022334
2017-06-05,MSFT,d_credit,-0.015486691572995875
2017-06-05,MSFT,r_vix,-0.010987898492850135
2017-06-05,MSFT,GSPC,0.8370102795024469
2017-06-12,MSFT,d_rate,0.01641410959174587
2017-06-12,MSFT,d_credit,-0.008832981778940477
2017-06-12,MSFT,r_vix,-0.012174436910711918
2017-06-12,MSFT,GSPC,0.7987011406626122
2017-06-19,MSFT,d_rate,0.014554096398695567
2017-06-19,MSFT,d_credit,-0.019149750998633773
2017-06-19,MSFT,r_vix,-0.014119849769584311
2017-06-19,MSFT,GSPC,0.7851190815621982
2017-06-26,MSFT,d_rate,-0.002572206164748235
2017-06-26,MSFT,d_credit,-0.029489522047687625
2017-06-26,MSFT,r_vix,-0.01751993694609451
2017-06-26,MSFT,GSPC,0.8331670141548563
2017-07-03,MSFT,d_rate,9.828600763623883e-4
2017-07-03,MSFT,d_credit,-0.022446223681327263
2017-07-03,MSFT,r_vix,-0.01823056322808867
2017-07-03,MSFT,GSPC,0.8225355241446994
2017-07-10,MSFT,d_rate,-0.004958975588491541
2017-07-10,MSFT,d_credit,-0.01101800510972376
2017-07-10,MSFT,r_vix,-0.024613409991007005
2017-07-10,MSFT,GSPC,0.7955463719748773
2017-07-17,MSFT,d_rate,-0.003874481531732152
2017-07-17,MSFT,d_credit,-0.017853299161172984
2017-07-17,MSFT,r_vix,-0.0225947888276982
2017-07-17,MSFT,GSPC,0.791924053200499
2017-07-24,MSFT,d_rate,-0.0063869125611838206
2017-07-24,MSFT,d_credit,-0.02086610914632844
2017-07-24,MSFT,r_vix,-0.024836517252073764
2017-07-24,MSFT,GSPC,0.7689864421281232
2017-07-31,MSFT,d_rate,-0.01679571184263547
2017-07-31,MSFT,d_credit,-0.04324958451503227
2017-07-31,MSFT,r_vix,-0.021021644981641576
2017-07-31,MSFT,GSPC,0.7933421602587769
2017-08-07,MSFT,d_rate,-0.020304679365455852
2017-08-07,MSFT,d_credit,-0.0402762380288232
2017-08-07,MSFT,r_vix,-0.011277241733007128
2017-08-07,MSFT,GSPC,0.8636115121200514
2017-08-14,MSFT,d_rate,-0.019674324740988396
2017-08-14,MSFT,d_credit,-0.0378660635803612
2017-08-14,MSFT,r_vix,-0.015029288274214724
2017-08-14,MSFT,GSPC,0.8115416507396914
2017-08-21,MSFT,d_rate,-0.018841183591537563
2017-08-21,MSFT,d_credit,-0.033629649953762296
2017-08-21,MSFT,r_vix,-0.014336630615457152
2017-08-21,MSFT,GSPC,0.8330501616767116
2017-08-28,MSFT,d_rate,-0.019054152204171455
2017-08-28,MSFT,d_credit,-0.02946632889676209
2017-08-28,MSFT,r_vix,-0.018344595478915527
2017-08-28,MSFT,GSPC,0.7964031260848528
2017-09-04,MSFT,d_rate,-0.020424132291140894
2017-09-04,MSFT,d_credit,-0.030510485001816013
2017-09-04,MSFT,r_vix,-0.01753906135698096
2017-09-04,MSFT,GSPC,0.7990052081265645
2017-09-11,MSFT,d_rate,-0.02562304948371467
2017-09-11,MSFT,d_credit,-0.04629645192658432
2017-09-11,MSFT,r_vix,-0.013580127605053463
2017-09-11,MSFT,GSPC,0.8321634949059711
2017-09-18,MSFT,d_rate,-0.03388401497526218
2017-09-18,MSFT,d_credit,-0.051334093316395005
2017-09-18,MSFT,r_vix,-0.015551189310624346
2017-09-18,MSFT,GSPC,0.8431104085267229
2017-09-25,MSFT,d_rate,-0.03415813334983849
2017-09-25,MSFT,d_credit,-0.04810786567701399
2017-09-25,MSFT,r_vix,-0.01679233353834851
2017-09-25,MSFT,GSPC,0.8265250103851958
2017-10-02,MSFT,d_rate,-0.03600955185317474
2017-10-02,MSFT,d_credit,-0.04791299190678605
2017-10-02,MSFT,r_vix,-0.012916054360386092
2017-10-02,MSFT,GSPC,0.8975414462294563
2017-10-09,MSFT,d_rate,-0.04296572559529664
2017-10-09,MSFT,d_credit,-0.05702957396409165
2017-10-09,MSFT,r_vix,-0.013539503860553708
2017-10-09,MSFT,GSPC,0.8987269018047795
2017-10-16,MSFT,d_rate,-0.028848284061865268
2017-10-16,MSFT,d_credit,-0.041537059948906226
2017-10-16,MSFT,r_vix,7.214396519344659e-4
2017-10-16,MSFT,GSPC,1.0550106583979277
2017-10-23,MSFT,d_rate,-0.028851960898628994
2017-10-23,MSFT,d_credit,-0.03744288104116028
2017-10-23,MSFT,r_vix,-0.006208830473171755
2017-10-23,MSFT,GSPC,0.9920868635923773
2017-10-30,MSFT,d_rate,-0.026382082158916294
2017-10-30,MSFT,d_credit,-0.033667792198312244
2017-10-30,MSFT,r_vix,-0.005271155382027921
2017-10-30,MSFT,GSPC,0.9998528680361916
2017-11-06,MSFT,d_rate,-0.028036063352779573
2017-11-06,MSFT,d_credit,-0.014511936778662367
2017-11-06,MSFT,r_vix,-0.014128327067594435
2017-11-06,MSFT,GSPC,1.2409436522056294
2017-11-13,MSFT,d_rate,-0.03955139269031866
2017-11-13,MSFT,d_credit,0.006570525644562233
2017-11-13,MSFT,r_vix,-0.013375893444648396
2017-11-13,MSFT,GSPC,1.2692799779573174
2017-11-20,MSFT,d_rate,-0.04114943959939999
2017-11-20,MSFT,d_credit,-0.0034059226546204724
2017-11-20,MSFT,r_vix,-0.0076839875632839835
2017-11-20,MSFT,GSPC,1.3646084508644998
2017-11-27,MSFT,d_rate,-0.041084850305954705
2017-11-27,MSFT,d_credit,-0.006659823750123877
2017-11-27,MSFT,r_vix,-0.012115538839205107
2017-11-27,MSFT,GSPC,1.2679017922354636
2017-12-04,MSFT,d_rate,-0.04516920706502532
2017-12-04,MSFT,d_credit,-0.019273547242457837
2017-12-04,MSFT,r_vix,-0.009198053538800452
2017-12-04,MSFT,GSPC,1.2481351903383409
2017-12-11,MSFT,d_rate,-0.05128281934786311
2017-12-11,MSFT,d_credit,-0.022016472903429785
2017-12-11,MSFT,r_vix,-0.00811157049908424
2017-12-11,MSFT,GSPC,1.30118714989542
2017-12-18,MSFT,d_rate,-0.05814886585892486
2017-12-18,MSFT,d_credit,-0.027606420866351747
2017-12-18,MSFT,r_vix,-0.008752764545776982
2017-12-18,MSFT,GSPC,1.3007151151229213
2017-12-25,MSFT,d_rate,-0.05974961764007883
2017-12-25,MSFT,d_credit,-0.025805297953721898
2017-12-25,MSFT,r_vix,-0.007955938198548264
2017-12-25,MSFT,GSPC,1.2766289426280526
2018-01-01,MSFT,d_rate,-0.06632202195389635
2018-01-01,MSFT,d_credit,-0.040583277454603835
2018-01-01,MSFT,r_vix,-0.010626391935216499
2018-01-01,MSFT,GSPC,1.304544953654646
2018-01-08,MSFT,d_rate,-0.0665042315870125
2018-01-08,MSFT,d_credit,-0.03687346464244631
2018-01-08,MSFT,r_vix,-0.012340417312704827
2018-01-08,MSFT,GSPC,1.2769981566067516
2018-01-15,MSFT,d_rate,-0.06886233050794904
2018-01-15,MSFT,d_credit,-0.03653881560772216
2018-01-15,MSFT,r_vix,-0.012901968547282303
2018-01-15,MSFT,GSPC,1.2827519558935028
2018-01-22,MSFT,d_rate,-0.06971148367015284
2018-01-22,MSFT,d_credit,-0.03971243211046991
2018-01-22,MSFT,r_vix,-0.007815086931709889
2018-01-22,MSFT,GSPC,1.3350527703695305
2018-01-29,MSFT,d_rate,-0.035873590368299936
2018-01-29,MSFT,d_credit,0.02007159923695282
2018-01-29,MSFT,r_vix,-0.0033167122152525518
2018-01-29,MSFT,GSPC,1.0841324052842822
2018-02-05,MSFT,d_rate,-0.03690486838584722
2018-02-05,MSFT,d_credit,0.030018116190921554
2018-02-05,MSFT,r_vix,-0.003530048354275921
2018-02-05,MSFT,GSPC,1.0205281269316386
2018-02-12,MSFT,d_rate,-0.03704578364956772
2018-02-12,MSFT,d_credit,0.02970627580791351
2018-02-12,MSFT,r_vix,-0.002579541555160245
2018-02-12,MSFT,GSPC,1.0311924859337736
2018-02-19,MSFT,d_rate,-0.04055801562367243
2018-02-19,MSFT,d_credit,0.04382444379473104
2018-02-19,MSFT,r_vix,-0.004280623478569157
2018-02-19,MSFT,GSPC,1.0405949428979888
2018-02-26,MSFT,d_rate,-0.036555478939269005
2018-02-26,MSFT,d_credit,0.040474542165308595
2018-02-26,MSFT,r_vix,-0.004900554931531417
2018-02-26,MSFT,GSPC,1.0267247986373473
2018-03-05,MSFT,d_rate,-0.04606067598863278
2018-03-05,MSFT,d_credit,0.01519766392750379
2018-03-05,MSFT,r_vix,-0.004732259856732811
2018-03-05,MSFT,GSPC,1.0026916555482837
2018-03-12,MSFT,d_rate,-0.04601710715070494
2018-03-12,MSFT,d_credit,0.02266788160632505
2018-03-12,MSFT,r_vix,-0.003929762810237621
2018-03-12,MSFT,GSPC,1.0348794040091054
2018-03-19,MSFT,d_rate,-0.04405221620618551
2018-03-19,MSFT,d_credit,0.013743615234780212
2018-03-19,MSFT,r_vix,-6.33423640880347e-4
2018-03-19,MSFT,GSPC,1.1617052412750684
2018-03-26,MSFT,d_rate,-0.04324180799293917
2018-03-26,MSFT,d_credit,0.023788362699974953
2018-03-26,MSFT,r_vix,0.0033882992340249314
2018-03-26,MSFT,GSPC,1.2241133717451103
2018-04-02,MSFT,d_rate,-0.04372637985241435
2018-04-02,MSFT,d_credit,0.023560003266229618
2018-04-02,MSFT,r_vix,0.003338434187577603
2018-04-02,MSFT,GSPC,1.222283849935126
2018-04-09,MSFT,d_rate,-0.043392929256273284
2018-04-09,MSFT,d_credit,0.020756662566388907
2018-04-09,MSFT,r_vix,0.002307837568477204
2018-04-09,MSFT,GSPC,1.2164457360363952
2018-04-16,MSFT,d_rate,-0.034387979282179015
2018-04-16,MSFT,d_credit,0.029713570643289784
2018-04-16,MSFT,r_vix,0.001584260788637817
2018-04-16,MSFT,GSPC,1.2168399330898203
2018-04-23,MSFT,d_rate,-0.03664882562841623
2018-04-23,MSFT,d_credit,0.027717315063515473
2018-04-23,MSFT,r_vix,0.004316127357677629
2018-04-23,MSFT,GSPC,1.2295719669939602
2018-04-30,MSFT,d_rate,-0.03833939729551414
2018-04-30,MSFT,d_credit,0.013655969406039676
2018-04-30,MSFT,r_vix,0.005541040974329134
2018-04-30,MSFT,GSPC,1.2298035514778158
2018-05-07,MSFT,d_rate,-0.03923705050668722
2018-05-07,MSFT,d_credit,0.01620090465499944
2018-05-07,MSFT,r_vix,0.004487402477784869
2018-05-07,MSFT,GSPC,1.2135028491135142
2018-05-14,MSFT,d_rate,-0.04609859001208053
2018-05-14,MSFT,d_credit,0.012697425344546757
2018-05-14,MSFT,r_vix,0.0065690064449007565
2018-05-14,MSFT,GSPC,1.2279921713552988
2018-05-21,MSFT,d_rate,-0.04982413896873351
2018-05-21,MSFT,d_credit,0.013522880020064897
2018-05-21,MSFT,r_vix,0.009342315531889113
2018-05-21,MSFT,GSPC,1.2426727166459688
2018-05-28,MSFT,d_rate,-0.04846446019839834
2018-05-28,MSFT,d_credit,0.024751713388167125
2018-05-28,MSFT,r_vix,0.009730253637311803
2018-05-28,MSFT,GSPC,1.2560205317578974
2018-06-04,MSFT,d_rate,-0.0487714096275159
2018-06-04,MSFT,d_credit,0.010577409504814807
2018-06-04,MSFT,r_vix,0.010854266160760113
2018-06-04,MSFT,GSPC,1.2334968626181542
2018-06-11,MSFT,d_rate,-0.05007696191681896
2018-06-11,MSFT,d_credit,0.01517829093772084
2018-06-11,MSFT,r_vix,0.011307246403795866
2018-06-11,MSFT,GSPC,1.2433920491263561
2018-06-18,MSFT,d_rate,-0.04716978436042541
2018-06-18,MSFT,d_credit,0.02946092981345135
2018-06-18,MSFT,r_vix,0.012226076245323288
2018-06-18,MSFT,GSPC,1.2608905085539965
2018-06-25,MSFT,d_rate,-0.032874845673636445
2018-06-25,MSFT,d_credit,0.014293261026554158
2018-06-25,MSFT,r_vix,0.011583902578361206
2018-06-25,MSFT,GSPC,1.2299626725713069
2018-07-02,MSFT,d_rate,-0.03534515006704055
2018-07-02,MSFT,d_credit,0.012588257679290107
2018-07-02,MSFT,r_vix,0.011420753109806326
2018-07-02,MSFT,GSPC,1.2315488679346116
2018-07-09,MSFT,d_rate,-0.03196715416320904
2018-07-09,MSFT,d_credit,-0.009365879409683675
2018-07-09,MSFT,r_vix,0.014008649939344671
2018-07-09,MSFT,GSPC,1.2234054067597668
2018-07-16,MSFT,d_rate,-0.031074870020656942
2018-07-16,MSFT,d_credit,-0.008336643923467285
2018-07-16,MSFT,r_vix,0.014152413933380549
2018-07-16,MSFT,GSPC,1.224621547115545
2018-07-23,MSFT,d_rate,-0.027528087720274774
2018-07-23,MSFT,d_credit,-0.007974390918960973
2018-07-23,MSFT,r_vix,0.015591725197146251
2018-07-23,MSFT,GSPC,1.2321365230623302
2018-07-30,MSFT,d_rate,-0.02946064552941667
2018-07-30,MSFT,d_credit,-0.009985755025827683
2018-07-30,MSFT,r_vix,0.016239962656992783
2018-07-30,MSFT,GSPC,1.232924102877848
2018-08-06,MSFT,d_rate,-0.030021488952579348
2018-08-06,MSFT,d_credit,-0.010534785564931684
2018-08-06,MSFT,r_vix,0.015873216305857675
2018-08-06,MSFT,GSPC,1.230571839168111
2018-08-13,MSFT,d_rate,-0.03087326809530881
2018-08-13,MSFT,d_credit,-0.01807808451259488
2018-08-13,MSFT,r_vix,0.01911434802063252
2018-08-13,MSFT,GSPC,1.249630090660261
2018-08-20,MSFT,d_rate,-0.028787106050144274
2018-08-20,MSFT,d_credit,-0.01921589751424234
2018-08-20,MSFT,r_vix,0.016780214876911646
2018-08-20,MSFT,GSPC,1.2280026135824056
2018-08-27,MSFT,d_rate,-0.025735659531449573
2018-08-27,MSFT,d_credit,-0.003418965539521472
2018-08-27,MSFT,r_vix,0.02132352968490967
2018-08-27,MSFT,GSPC,1.2877350231965417
2018-09-03,MSFT,d_rate,-0.038251661181007056
2018-09-03,MSFT,d_credit,-0.010723103899966615
2018-09-03,MSFT,r_vix,0.021216410951661987
2018-09-03,MSFT,GSPC,1.3076366659267076
2018-09-10,MSFT,d_rate,-0.03178361952946078
2018-09-10,MSFT,d_credit,-0.028421798426827165
2018-09-10,MSFT,r_vix,0.009822012746311096
2018-09-10,MSFT,GSPC,1.2161012169570624
2018-09-17,MSFT,d_rate,-0.02975172620253971
2018-09-17,MSFT,d_credit,-0.0378862512772497
2018-09-17,MSFT,r_vix,0.006225429793253728
2018-09-17,MSFT,GSPC,1.1734545594161911
2018-09-24,MSFT,d_rate,-0.027790026405671717
2018-09-24,MSFT,d_credit,-0.04545520066177861
2018-09-24,MSFT,r_vix,0.0059225828308973865
2018-09-24,MSFT,GSPC,1.1642658821625662
2018-10-01,MSFT,d_rate,-0.035279389148251725
2018-10-01,MSFT,d_credit,-0.04955171671620235
2018-10-01,MSFT,r_vix,0.005319356744916778
2018-10-01,MSFT,GSPC,1.16420940073768
2018-10-08,MSFT,d_rate,-0.0380111493582525
2018-10-08,MSFT,d_credit,-0.05328482082050055
2018-10-08,MSFT,r_vix,0.006601469036612904
2018-10-08,MSFT,GSPC,1.1321750145747664
2018-10-15,MSFT,d_rate,-0.042958232641163184
2018-10-15,MSFT,d_credit,-0.0600041083405764
2018-10-15,MSFT,r_vix,0.008473672152641288
2018-10-15,MSFT,GSPC,1.1411989165965877
2018-10-22,MSFT,d_rate,-0.05443845738904866
2018-10-22,MSFT,d_credit,-0.038477833689227414
2018-10-22,MSFT,r_vix,0.008502546094649458
2018-10-22,MSFT,GSPC,1.1218991004109131
2018-10-29,MSFT,d_rate,-0.07739058652878225
2018-10-29,MSFT,d_credit,-0.06218290704476742
2018-10-29,MSFT,r_vix,0.013603807234773632
2018-10-29,MSFT,GSPC,1.1206434833798928
2018-11-05,MSFT,d_rate,-0.07699237862450246
2018-11-05,MSFT,d_credit,-0.061573821709846974
2018-11-05,MSFT,r_vix,0.015065509649391136
2018-11-05,MSFT,GSPC,1.1310767914806183
2018-11-12,MSFT,d_rate,-0.08302409064595173
2018-11-12,MSFT,d_credit,-0.05232921890436136
2018-11-12,MSFT,r_vix,0.015423878384845406
2018-11-12,MSFT,GSPC,1.143420254734713
2018-11-19,MSFT,d_rate,-0.08424513796043714
2018-11-19,MSFT,d_credit,-0.053004479373795654
2018-11-19,MSFT,r_vix,0.01757145482574895
2018-11-19,MSFT,GSPC,1.1834339789922295
2018-11-26,MSFT,d_rate,-0.0904035164729719
2018-11-26,MSFT,d_credit,-0.0357418894872867
2018-11-26,MSFT,r_vix,0.03272003209686717
2018-11-26,MSFT,GSPC,1.3480235573999333
2018-12-03,MSFT,d_rate,-0.07932345110115446
2018-12-03,MSFT,d_credit,-0.027053169942346418
2018-12-03,MSFT,r_vix,0.03270161688010888
2018-12-03,MSFT,GSPC,1.3798774583897313
2018-12-10,MSFT,d_rate,-0.07141903624117449
2018-12-10,MSFT,d_credit,-0.03756155530406969
2018-12-10,MSFT,r_vix,0.0199149989243417
2018-12-10,MSFT,GSPC,1.2611789158284714
2018-12-17,MSFT,d_rate,-0.06293287142246436
2018-12-17,MSFT,d_credit,-0.03485593325924586
2018-12-17,MSFT,r_vix,0.02093245438137409
2018-12-17,MSFT,GSPC,1.2665782028111077
2018-12-24,MSFT,d_rate,-0.06618945128317763
2018-12-24,MSFT,d_credit,-0.06126736143622974
2018-12-24,MSFT,r_vix,0.019715816974622206
2018-12-24,MSFT,GSPC,1.2262024907083762
2018-12-31,MSFT,d_rate,-0.06474526036752128
2018-12-31,MSFT,d_credit,-0.06166151863988651
2018-12-31,MSFT,r_vix,0.023034758170035887
2018-12-31,MSFT,GSPC,1.2389362423607824
2019-01-07,MSFT,d_rate,-0.06684094299443252
2019-01-07,MSFT,d_credit,-0.06732689996176462
2019-01-07,MSFT,r_vix,0.028562026922655342
2019-01-07,MSFT,GSPC,1.259272047804864
2019-01-14,MSFT,d_rate,-0.06656502911053827
2019-01-14,MSFT,d_credit,-0.07714405152567436
2019-01-14,MSFT,r_vix,0.03609309594348938
2019-01-14,MSFT,GSPC,1.310856285548971
2019-01-21,MSFT,d_rate,-0.05954344721670173
2019-01-21,MSFT,d_credit,-0.062345959872691196
2019-01-21,MSFT,r_vix,0.032222721960066376
2019-01-21,MSFT,GSPC,1.2844960445055733
2019-01-28,MSFT,d_rate,-0.034083224172030024
2019-01-28,MSFT,d_credit,-0.009666860855129241
2019-01-28,MSFT,r_vix,0.011332765120691297
2019-01-28,MSFT,GSPC,1.1517846398299654
2019-02-04,MSFT,d_rate,-0.048190149781956654
2019-02-04,MSFT,d_credit,-0.025308580437234697
2019-02-04,MSFT,r_vix,0.008388229922601135
2019-02-04,MSFT,GSPC,1.1639035220062137
2019-02-11,MSFT,d_rate,-0.047550180559285775
2019-02-11,MSFT,d_credit,-0.023186840152197255
2019-02-11,MSFT,r_vix,0.0063849287899825306
2019-02-11,MSFT,GSPC,1.1477243064152958
2019-02-18,MSFT,d_rate,-0.05321311939153861
2019-02-18,MSFT,d_credit,-0.03609882608720633
2019-02-18,MSFT,r_vix,0.010785650717478251
2019-02-18,MSFT,GSPC,1.1710100766456897
2019-02-25,MSFT,d_rate,-0.048772560116029796
2019-02-25,MSFT,d_credit,-0.0382059165397807
2019-02-25,MSFT,r_vix,0.010143181247789809
2019-02-25,MSFT,GSPC,1.1683545836219866
2019-03-04,MSFT,d_rate,-0.04723479818565733
2019-03-04,MSFT,d_credit,-0.03718839978853412
2019-03-04,MSFT,r_vix,0.009403388382383084
2019-03-04,MSFT,GSPC,1.1657514819219865
2019-03-11,MSFT,d_rate,-0.05111766054935433
2019-03-11,MSFT,d_credit,-0.036083085108947394
2019-03-11,MSFT,r_vix,0.007818917184880684
2019-03-11,MSFT,GSPC,1.169244536625992
2019-03-18,MSFT,d_rate,-0.050040979924205885
2019-03-18,MSFT,d_credit,-0.03544940449418642
2019-03-18,MSFT,r_vix,0.01606032813750239
2019-03-18,MSFT,GSPC,1.168768523885123
2019-03-25,MSFT,d_rate,-0.0453571068296979
2019-03-25,MSFT,d_credit,-0.028188401400792887
2019-03-25,MSFT,r_vix,0.012744880692924142
2019-03-25,MSFT,GSPC,1.1307414387948336
2019-04-01,MSFT,d_rate,-0.04680967297264975
2019-04-01,MSFT,d_credit,-0.02684501645152906
2019-04-01,MSFT,r_vix,0.011218525320462934
2019-04-01,MSFT,GSPC,1.1198373528577616
2019-04-08,MSFT,d_rate,-0.04718163998797542
2019-04-08,MSFT,d_credit,-0.02543625449130386
2019-04-08,MSFT,r_vix,0.013638009209729567
2019-04-08,MSFT,GSPC,1.128415765249493
2019-04-15,MSFT,d_rate,-0.058914223410887825
2019-04-15,MSFT,d_credit,-0.03220709526170946
2019-04-15,MSFT,r_vix,0.014505199463301787
2019-04-15,MSFT,GSPC,1.1395059532895349
2019-04-22,MSFT,d_rate,-0.07113152624275405
2019-04-22,MSFT,d_credit,-0.05106309790759071
2019-04-22,MSFT,r_vix,0.02930453245801226
2019-04-22,MSFT,GSPC,1.2356686115482942
2019-04-29,MSFT,d_rate,-0.07155076226095342
2019-04-29,MSFT,d_credit,-0.04562846441837412
2019-04-29,MSFT,r_vix,0.02728397314891044
2019-04-29,MSFT,GSPC,1.2286580467723032
2019-05-06,MSFT,d_rate,-0.071694097571312
2019-05-06,MSFT,d_credit,-0.04493603909984578
2019-05-06,MSFT,r_vix,0.02765691024363121
2019-05-06,MSFT,GSPC,1.2312747449290504
2019-05-13,MSFT,d_rate,-0.07332287274401612
2019-05-13,MSFT,d_credit,-0.04208190959913146
2019-05-13,MSFT,r_vix,0.025181734903744882
2019-05-13,MSFT,GSPC,1.2172644717300642
2019-05-20,MSFT,d_rate,-0.07036455935486352
2019-05-20,MSFT,d_credit,-0.04396980371334872
2019-05-20,MSFT,r_vix,0.02683544662173926
2019-05-20,MSFT,GSPC,1.2230145895252846
2019-05-27,MSFT,d_rate,-0.06651131658656288
2019-05-27,MSFT,d_credit,-0.04789430297549415
2019-05-27,MSFT,r_vix,0.025621143858007605
2019-05-27,MSFT,GSPC,1.2105985587896233
2019-06-03,MSFT,d_rate,-0.06657434338816519
2019-06-03,MSFT,d_credit,-0.043390061307605116
2019-06-03,MSFT,r_vix,0.0261842536265378
2019-06-03,MSFT,GSPC,1.23489747351722
2019-06-10,MSFT,d_rate,-0.06770520061151847
2019-06-10,MSFT,d_credit,-0.05088013277521036
2019-06-10,MSFT,r_vix,0.025841310516460887
2019-06-10,MSFT,GSPC,1.2284454636578757
2019-06-17,MSFT,d_rate,-0.06941468154991547
2019-06-17,MSFT,d_credit,-0.05680396733725817
2019-06-17,MSFT,r_vix,0.023517989007833473
2019-06-17,MSFT,GSPC,1.2155759782028464
2019-06-24,MSFT,d_rate,-0.05876657320574255
2019-06-24,MSFT,d_credit,-0.0386656067412394
2019-06-24,MSFT,r_vix,0.028049208401239187
2019-06-24,MSFT,GSPC,1.2368902438196754
2019-07-01,MSFT,d_rate,-0.057356237733027435
2019-07-01,MSFT,d_credit,-0.03808185320592737
2019-07-01,MSFT,r_vix,0.029417547978735206
2019-07-01,MSFT,GSPC,1.2412579982816028
2019-07-08,MSFT,d_rate,-0.051486010939684496
2019-07-08,MSFT,d_credit,-0.02472793803576968
2019-07-08,MSFT,r_vix,0.02909182873059134
2019-07-08,MSFT,GSPC,1.2325738501852772
2019-07-15,MSFT,d_rate,-0.05152676018212485
2019-07-15,MSFT,d_credit,-0.02297703198169031
2019-07-15,MSFT,r_vix,0.02527686783630735
2019-07-15,MSFT,GSPC,1.220700085548081
2019-07-22,MSFT,d_rate,-0.05584453783475716
2019-07-22,MSFT,d_credit,-0.03559312345030927
2019-07-22,MSFT,r_vix,0.022615024578270325
2019-07-22,MSFT,GSPC,1.2095737732972647
2019-07-29,MSFT,d_rate,-0.047120995704961297
2019-07-29,MSFT,d_credit,-0.02858584122396681
2019-07-29,MSFT,r_vix,0.013983475817934079
2019-07-29,MSFT,GSPC,1.1739553696546965
2019-08-05,MSFT,d_rate,-0.04756625762848675
2019-08-05,MSFT,d_credit,-0.027926290531339833
2019-08-05,MSFT,r_vix,0.012689637193414078
2019-08-05,MSFT,GSPC,1.167971099005458
2019-08-12,MSFT,d_rate,-0.04097537917317355
2019-08-12,MSFT,d_credit,-0.021835710017519643
2019-08-12,MSFT,r_vix,0.012684298140179663
2019-08-12,MSFT,GSPC,1.1686089910677686
2019-08-19,MSFT,d_rate,-0.04246348873730378
2019-08-19,MSFT,d_credit,-0.02150743355711286
2019-08-19,MSFT,r_vix,0.012513837981223908
2019-08-19,MSFT,GSPC,1.1772972439636644
2019-08-26,MSFT,d_rate,-0.048939575534829735
2019-08-26,MSFT,d_credit,-0.026953375297848067
2019-08-26,MSFT,r_vix,0.004821542103071757
2019-08-26,MSFT,GSPC,1.1316740947442878
2019-09-02,MSFT,d_rate,-0.035648650901540575
2019-09-02,MSFT,d_credit,-0.024146843126459868
2019-09-02,MSFT,r_vix,0.016199353230219777
2019-09-02,MSFT,GSPC,1.1570462660433263
2019-09-09,MSFT,d_rate,-0.05049667661494565
2019-09-09,MSFT,d_credit,-0.020444940956797067
2019-09-09,MSFT,r_vix,0.02841674791732984
2019-09-09,MSFT,GSPC,1.235026639615453
2019-09-16,MSFT,d_rate,-0.05378325784985931
2019-09-16,MSFT,d_credit,-0.025478537481572756
2019-09-16,MSFT,r_vix,0.029740180078210842
2019-09-16,MSFT,GSPC,1.2426161541365996
2019-09-23,MSFT,d_rate,-0.053845932529805296
2019-09-23,MSFT,d_credit,-0.024093619071766464
2019-09-23,MSFT,r_vix,0.028464805825779507
2019-09-23,MSFT,GSPC,1.240585022965785
2019-09-30,MSFT,d_rate,-0.047523628058671046
2019-09-30,MSFT,d_credit,-0.021836676115134596
2019-09-30,MSFT,r_vix,0.032523666993208876
2019-09-30,MSFT,GSPC,1.250462589269892
2019-10-07,MSFT,d_rate,-0.04104294709734975
2019-10-07,MSFT,d_credit,-0.02087045843038513
2019-10-07,MSFT,r_vix,0.02749997308449832
2019-10-07,MSFT,GSPC,1.2342023468560828
2019-10-14,MSFT,d_rate,-0.0384958030521034
2019-10-14,MSFT,d_credit,-0.016194888712431896
2019-10-14,MSFT,r_vix,0.030789656898911884
2019-10-14,MSFT,GSPC,1.246590694818996
2019-10-21,MSFT,d_rate,-0.04195483526646136
2019-10-21,MSFT,d_credit,-0.03380968003751985
2019-10-21,MSFT,r_vix,0.031253221296801234
2019-10-21,MSFT,GSPC,1.285176569523836
2019-10-28,MSFT,d_rate,-0.02914743400469417
2019-10-28,MSFT,d_credit,-0.017177688066080145
2019-10-28,MSFT,r_vix,0.025765227910882923
2019-10-28,MSFT,GSPC,1.2693445856137202
2019-11-04,MSFT,d_rate,-0.023303083465805754
2019-11-04,MSFT,d_credit,-0.014193529062209295
2019-11-04,MSFT,r_vix,0.028022392465377362
2019-11-04,MSFT,GSPC,1.2709028144943875
2019-11-11,MSFT,d_rate,-0.027726825597986518
2019-11-11,MSFT,d_credit,-0.02806802896831534
2019-11-11,MSFT,r_vix,0.031024681919658487
2019-11-11,MSFT,GSPC,1.2946425123649254
2019-11-18,MSFT,d_rate,-0.02530227098702358
2019-11-18,MSFT,d_credit,-0.023774635068877805
2019-11-18,MSFT,r_vix,0.030470385435775845
2019-11-18,MSFT,GSPC,1.2769475059051547
2019-11-25,MSFT,d_rate,-0.027063102644238946
2019-11-25,MSFT,d_credit,-0.04276642104466231
2019-11-25,MSFT,r_vix,0.02797126941146632
2019-11-25,MSFT,GSPC,1.2131845486706232
2019-12-02,MSFT,d_rate,-0.029248013393913166
2019-12-02,MSFT,d_credit,-0.04479794243687046
2019-12-02,MSFT,r_vix,0.026610048138032305
2019-12-02,MSFT,GSPC,1.1777302686929692
2019-12-09,MSFT,d_rate,-0.030303382926616974
2019-12-09,MSFT,d_credit,-0.03462764150544159
2019-12-09,MSFT,r_vix,0.03537922204110379
2019-12-09,MSFT,GSPC,1.261559657728913
2019-12-16,MSFT,d_rate,-0.031248757774303776
2019-12-16,MSFT,d_credit,-0.034003151001215
2019-12-16,MSFT,r_vix,0.034713239952906746
2019-12-16,MSFT,GSPC,1.2641791436162493
2019-12-23,MSFT,d_rate,-0.02735930909155394
2019-12-23,MSFT,d_credit,-0.0033562895757553966
2019-12-23,MSFT,r_vix,0.03644570186120018
2019-12-23,MSFT,GSPC,1.3300781309678908
2019-12-30,MSFT,d_rate,-0.027938712533233854
2019-12-30,MSFT,d_credit,-0.004269733833925433
2019-12-30,MSFT,r_vix,0.034258559304378496
2019-12-30,MSFT,GSPC,1.3243042523532709
2020-01-06,MSFT,d_rate,-0.027669586767695712
2020-01-06,MSFT,d_credit,0.001648528089304564
2020-01-06,MSFT,r_vix,0.02979643847370937
2020-01-06,MSFT,GSPC,1.347750721776618
2020-01-13,MSFT,d_rate,-0.028897284368815418
2020-01-13,MSFT,d_credit,0.0026640208037215945
2020-01-13,MSFT,r_vix,0.0268739124617119
2020-01-13,MSFT,GSPC,1.3267252894572998
2020-01-20,MSFT,d_rate,-0.02748228173875556
2020-01-20,MSFT,d_credit,0.004815273318867331
2020-01-20,MSFT,r_vix,0.02255774088996711
2020-01-20,MSFT,GSPC,1.309170412585435
2020-01-27,MSFT,d_rate,-0.03751211465684348
2020-01-27,MSFT,d_credit,0.04322792715540178
2020-01-27,MSFT,r_vix,0.02907282545115942
2020-01-27,MSFT,GSPC,1.4290839677385214
2020-02-03,MSFT,d_rate,-0.037469157333835504
2020-02-03,MSFT,d_credit,0.033868665261885714
2020-02-03,MSFT,r_vix,0.030951967290602733
2020-02-03,MSFT,GSPC,1.5209904876692406
2020-02-10,MSFT,d_rate,-0.03549752732207375
2020-02-10,MSFT,d_credit,0.034544490306493245
2020-02-10,MSFT,r_vix,0.03839708015434855
2020-02-10,MSFT,GSPC,1.5745524769184298
2020-02-17,MSFT,d_rate,-0.033278158405853256
2020-02-17,MSFT,d_credit,0.03536002160194462
2020-02-17,MSFT,r_vix,0.03261065131014349
2020-02-17,MSFT,GSPC,1.5681271657738194
2020-02-24,MSFT,d_rate,-0.03440299898666722
2020-02-24,MSFT,d_credit,0.03359125153249412
2020-02-24,MSFT,r_vix,0.0035424375234448507
2020-02-24,MSFT,GSPC,1.1559670667788084
2020-03-02,MSFT,d_rate,-0.026905936569340712
2020-03-02,MSFT,d_credit,-0.0036142139145449777
2020-03-02,MSFT,r_vix,0.007421303467043728
2020-03-02,MSFT,GSPC,1.0848098242558886
2020-03-09,MSFT,d_rate,0.039102629804762576
2020-03-09,MSFT,d_credit,0.0777496149755155
2020-03-09,MSFT,r_vix,0.014676519824341103
2020-03-09,MSFT,GSPC,0.9275127719334255
2020-03-16,MSFT,d_rate,0.04134818844385057
2020-03-16,MSFT,d_credit,0.08348319730563607
2020-03-16,MSFT,r_vix,0.02172404629992801
2020-03-16,MSFT,GSPC,1.0000992516268739
2020-03-23,MSFT,d_rate,0.03910724848162781
2020-03-23,MSFT,d_credit,0.07871939749287117
2020-03-23,MSFT,r_vix,0.021916622420513204
2020-03-23,MSFT,GSPC,1.0019071251331517
2020-03-30,MSFT,d_rate,0.013661057888955074
2020-03-30,MSFT,d_credit,0.04168698037766972
2020-03-30,MSFT,r_vix,-0.015033247494087121
2020-03-30,MSFT,GSPC,0.8622407337061262
2020-04-06,MSFT,d_rate,0.005483193864170392
2020-04-06,MSFT,d_credit,0.007908049427627892
2020-04-06,MSFT,r_vix,-0.022049357270506213
2020-04-06,MSFT,GSPC,0.7615222998581667
2020-04-13,MSFT,d_rate,-0.0011211739071368928
2020-04-13,MSFT,d_credit,-0.03221953188858434
2020-04-13,MSFT,r_vix,-0.02509040663098559
2020-04-13,MSFT,GSPC,0.7228986125834479
2020-04-20,MSFT,d_rate,0.0015702353389934458
2020-04-20,MSFT,d_credit,-0.021326705362075447
2020-04-20,MSFT,r_vix,-0.02660274748822797
2020-04-20,MSFT,GSPC,0.730669748087785
2020-04-27,MSFT,d_rate,0.0024958020712465587
2020-04-27,MSFT,d_credit,-0.023079900581942817
2020-04-27,MSFT,r_vix,-0.02590048434013636
2020-04-27,MSFT,GSPC,0.7300115798920925
2020-05-04,MSFT,d_rate,0.004424349427384851
2020-05-04,MSFT,d_credit,-0.002173752988967507
2020-05-04,MSFT,r_vix,-0.03391579805877882
2020-05-04,MSFT,GSPC,0.7460050086571186
2020-05-11,MSFT,d_rate,0.005345485651170424
2020-05-11,MSFT,d_credit,-0.0035141898123575905
2020-05-11,MSFT,r_vix,-0.032484817577530294
2020-05-11,MSFT,GSPC,0.7461955403627409
2020-05-18,MSFT,d_rate,0.007172197853033649
2020-05-18,MSFT,d_credit,0.022713627231470072
2020-05-18,MSFT,r_vix,-0.03425419929779844
2020-05-18,MSFT,GSPC,0.7612832646814726
2020-05-25,MSFT,d_rate,0.0073404281703643584
2020-05-25,MSFT,d_credit,0.033222326354675494
2020-05-25,MSFT,r_vix,-0.03685840885733133
2020-05-25,MSFT,GSPC,0.7589398055721105
2020-06-01,MSFT,d_rate,7.245503902214953e-4
2020-06-01,MSFT,d_credit,0.03248260102818957
2020-06-01,MSFT,r_vix,-0.03787731180584857
2020-06-01,MSFT,GSPC,0.7412953531946288
2020-06-08,MSFT,d_rate,-0.0035606072252344976
2020-06-08,MSFT,d_credit,0.018280336140745423
2020-06-08,MSFT,r_vix,-0.02389245656873861
2020-06-08,MSFT,GSPC,0.7301934587201037
2020-06-15,MSFT,d_rate,-0.0033465318465387243
2020-06-15,MSFT,d_credit,0.0200962123444488
2020-06-15,MSFT,r_vix,-0.02466109303653405
2020-06-15,MSFT,GSPC,0.7315347021713575
2020-06-22,MSFT,d_rate,-0.007774558678838187
2020-06-22,MSFT,d_credit,0.015548176002316706
2020-06-22,MSFT,r_vix,-0.028674286781645044
2020-06-22,MSFT,GSPC,0.7123041689056941
2020-06-29,MSFT,d_rate,-0.006645439732018916
2020-06-29,MSFT,d_credit,0.019243395867397244
2020-06-29,MSFT,r_vix,-0.027511787657956734
2020-06-29,MSFT,GSPC,0.7246034535270739
2020-07-06,MSFT,d_rate,-0.008528460162843306
2020-07-06,MSFT,d_credit,0.012081491173623084
2020-07-06,MSFT,r_vix,-0.029718404721957758
2020-07-06,MSFT,GSPC,0.7135230635520954
2020-07-13,MSFT,d_rate,-0.0062227009152288045
2020-07-13,MSFT,d_credit,0.021869914180770434
2020-07-13,MSFT,r_vix,-0.026076993853739797
2020-07-13,MSFT,GSPC,0.7232295599535459
2020-07-20,MSFT,d_rate,-0.004187460185507141
2020-07-20,MSFT,d_credit,0.032560548275819806
2020-07-20,MSFT,r_vix,-0.024803231997137142
2020-07-20,MSFT,GSPC,0.7371295646384106
2020-07-27,MSFT,d_rate,-0.005314832976639216
2020-07-27,MSFT,d_credit,0.02959734579090721
2020-07-27,MSFT,r_vix,-0.02141660110237633
2020-07-27,MSFT,GSPC,0.7371647370334945
2020-08-03,MSFT,d_rate,-0.004883674365571717
2020-08-03,MSFT,d_credit,0.030337482290918844
2020-08-03,MSFT,r_vix,-0.022022555271404683
2020-08-03,MSFT,GSPC,0.7391767858518268
2020-08-10,MSFT,d_rate,-0.015316856021010142
2020-08-10,MSFT,d_credit,0.020207764487056475
2020-08-10,MSFT,r_vix,-0.024021657720785555
2020-08-10,MSFT,GSPC,0.7255177088130564
2020-08-17,MSFT,d_rate,-0.015611659119681464
2020-08-17,MSFT,d_credit,0.020808567994337227
2020-08-17,MSFT,r_vix,-0.023080117276669525
2020-08-17,MSFT,GSPC,0.7258867285434616
2020-08-24,MSFT,d_rate,-0.0053263939330988105
2020-08-24,MSFT,d_credit,0.04180078501542878
2020-08-24,MSFT,r_vix,-0.019481395131364442
2020-08-24,MSFT,GSPC,0.7659058244548331
2020-08-31,MSFT,d_rate,-0.009323586865086587
2020-08-31,MSFT,d_credit,0.06604315313607795
2020-08-31,MSFT,r_vix,-0.04292421916557704
2020-08-31,MSFT,GSPC,0.7676600206859212
2020-09-07,MSFT,d_rate,0.007490124898108878
2020-09-07,MSFT,d_credit,0.06599373504984997
2020-09-07,MSFT,r_vix,-0.03064076281542839
2020-09-07,MSFT,GSPC,0.7971234426468068
2020-09-14,MSFT,d_rate,0.010597999180058123
2020-09-14,MSFT,d_credit,0.07216877626464077
2020-09-14,MSFT,r_vix,-0.03156763559433556
2020-09-14,MSFT,GSPC,0.8045059348237005
2020-09-21,MSFT,d_rate,0.01093025866664342
2020-09-21,MSFT,d_credit,0.08106619392849282
2020-09-21,MSFT,r_vix,-0.03232919496477867
2020-09-21,MSFT,GSPC,0.8105512741887981
2020-09-28,MSFT,d_rate,0.00529849612271093
2020-09-28,MSFT,d_credit,0.07976369301735259
2020-09-28,MSFT,r_vix,-0.03608330464355686
2020-09-28,MSFT,GSPC,0.8004688798997682
2020-10-05,MSFT,d_rate,0.006602798556724723
2020-10-05,MSFT,d_credit,0.07847767087713062
2020-10-05,MSFT,r_vix,-0.03588838698202536
2020-10-05,MSFT,GSPC,0.8028255843654145
2020-10-12,MSFT,d_rate,0.006422149784605555
2020-10-12,MSFT,d_credit,0.07797091735324341
2020-10-12,MSFT,r_vix,-0.037460510855820334
2020-10-12,MSFT,GSPC,0.7997793113846658
2020-10-19,MSFT,d_rate,0.003114169617771788
2020-10-19,MSFT,d_credit,0.08032279033201002
2020-10-19,MSFT,r_vix,-0.03767154094795548
2020-10-19,MSFT,GSPC,0.8051136950121892
2020-10-26,MSFT,d_rate,5.504509240483502e-4
2020-10-26,MSFT,d_credit,0.08505990585184374
2020-10-26,MSFT,r_vix,-0.04217828798855649
2020-10-26,MSFT,GSPC,0.8120400502287612
2020-11-02,MSFT,d_rate,-0.0072366725683558905
2020-11-02,MSFT,d_credit,0.08740802048778076
2020-11-02,MSFT,r_vix,-0.051294104982993825
2020-11-02,MSFT,GSPC,0.81561034448066
2020-11-09,MSFT,d_rate,-0.011467340192863232
2020-11-09,MSFT,d_credit,0.09211552889120615
2020-11-09,MSFT,r_vix,-0.05084590954421517
2020-11-09,MSFT,GSPC,0.8139595009823585
2020-11-16,MSFT,d_rate,-0.009645726116454237
2020-11-16,MSFT,d_credit,0.09904463393587658
2020-11-16,MSFT,r_vix,-0.05151591724743887
2020-11-16,MSFT,GSPC,0.821656953778057
2020-11-23,MSFT,d_rate,-0.00988554307375163
2020-11-23,MSFT,d_credit,0.09958541263218167
2020-11-23,MSFT,r_vix,-0.05138279773871595
2020-11-23,MSFT,GSPC,0.8214090538073987
2020-11-30,MSFT,d_rate,-0.013387448108316352
2020-11-30,MSFT,d_credit,0.10220513743489573
2020-11-30,MSFT,r_vix,-0.0529195278075167
2020-11-30,MSFT,GSPC,0.8212450612879223
2020-12-07,MSFT,d_rate,-0.013166794279761685
2020-12-07,MSFT,d_credit,0.10279712454397888
2020-12-07,MSFT,r_vix,-0.052194493851758186
2020-12-07,MSFT,GSPC,0.8228853157934437
2020-12-14,MSFT,d_rate,-0.014012668177686366
2020-12-14,MSFT,d_credit,0.10435104220295643
2020-12-14,MSFT,r_vix,-0.05301532243855797
2020-12-14,MSFT,GSPC,0.8229067331331404
2020-12-21,MSFT,d_rate,-0.013426376043473852
2020-12-21,MSFT,d_credit,0.1048535901851437
2020-12-21,MSFT,r_vix,-0.05339098077761982
2020-12-21,MSFT,GSPC,0.8216352697621098
2020-12-28,MSFT,d_rate,-0.014967179785480431
2020-12-28,MSFT,d_credit,0.10393662106018642
2020-12-28,MSFT,r_vix,-0.05377874757349828
2020-12-28,MSFT,GSPC,0.8179796231443629
2021-01-04,MSFT,d_rate,-0.02359276685812432
2021-01-04,MSFT,d_credit,0.1044270341444202
2021-01-04,MSFT,r_vix,-0.05645855141609981
2021-01-04,MSFT,GSPC,0.8135339866922582
2021-01-11,MSFT,d_rate,-0.023953650591267237
2021-01-11,MSFT,d_credit,0.10692615970689519
2021-01-11,MSFT,r_vix,-0.057807475488227913
2021-01-11,MSFT,GSPC,0.8134742727834748
2021-01-18,MSFT,d_rate,-0.02459002502597493
2021-01-18,MSFT,d_credit,0.11351471362230821
2021-01-18,MSFT,r_vix,-0.06114421135743198
2021-01-18,MSFT,GSPC,0.8193479206945934
2021-01-25,MSFT,d_rate,-0.006621941481262626
2021-01-25,MSFT,d_credit,0.09005950181683861
2021-01-25,MSFT,r_vix,-0.04106918372064971
2021-01-25,MSFT,GSPC,0.8143726931839865
2021-02-01,MSFT,d_rate,-0.012990604818513848
2021-02-01,MSFT,d_credit,0.08713886339910554
2021-02-01,MSFT,r_vix,-0.031509715322703497
2021-02-01,MSFT,GSPC,0.8184045278587527
2021-02-08,MSFT,d_rate,-0.013295389174581094
2021-02-08,MSFT,d_credit,0.0875616001817154
2021-02-08,MSFT,r_vix,-0.03251219710427732
2021-02-08,MSFT,GSPC,0.8176099942181435
2021-02-15,MSFT,d_rate,-0.01934667434112827
2021-02-15,MSFT,d_credit,0.0904907757780696
2021-02-15,MSFT,r_vix,-0.02865296070897391
2021-02-15,MSFT,GSPC,0.8292175004569889
2021-02-22,MSFT,d_rate,-0.027719355176260094
2021-02-22,MSFT,d_credit,0.09270731598300905
2021-02-22,MSFT,r_vix,-0.029038778925078182
2021-02-22,MSFT,GSPC,0.82002911465762085
2021-03-01,MSFT,d_rate,-0.06325905662201553
2021-03-01,MSFT,d_credit,0.12291507315496451
2021-03-01,MSFT,r_vix,-0.027549495181619164
2021-03-01,MSFT,GSPC,0.8571889260632031
2021-03-08,MSFT,d_rate,-0.10229547510091201
2021-03-08,MSFT,d_credit,0.08718255077394048
2021-03-08,MSFT,r_vix,-0.03356503033710836
2021-03-08,MSFT,GSPC,0.8878059582341288
2021-03-15,MSFT,d_rate,-0.10239328259068205
2021-03-15,MSFT,d_credit,0.09602893253363033
2021-03-15,MSFT,r_vix,-0.04039600061699607
2021-03-15,MSFT,GSPC,0.8120478710746644
2021-03-22,MSFT,d_rate,-0.10429272675850036
2021-03-22,MSFT,d_credit,0.09406642402782237
2021-03-22,MSFT,r_vix,-0.03925272428273719
2021-03-22,MSFT,GSPC,0.820744538411962
2021-03-29,MSFT,d_rate,-0.09411899500758344
2021-03-29,MSFT,d_credit,0.10051226533528276
2021-03-29,MSFT,r_vix,-0.02635075870076713
2021-03-29,MSFT,GSPC,0.8807844691577851
2021-04-05,MSFT,d_rate,-0.12883536594170103
2021-04-05,MSFT,d_credit,0.10557586142028999
2021-04-05,MSFT,r_vix,0.017173401687869187
2021-04-05,MSFT,GSPC,1.2826510525156836
2021-04-12,MSFT,d_rate,-0.11839615313758657
2021-04-12,MSFT,d_credit,0.1485412576633928
2021-04-12,MSFT,r_vix,0.026047358801479983
2021-04-12,MSFT,GSPC,1.303362903638395
2021-04-19,MSFT,d_rate,-0.1194725712497982
2021-04-19,MSFT,d_credit,0.1460474432076789
2021-04-19,MSFT,r_vix,0.021883341808629695
2021-04-19,MSFT,GSPC,1.2750857409011158
2021-04-26,MSFT,d_rate,-0.1251131555772937
2021-04-26,MSFT,d_credit,0.14666572682917173
2021-04-26,MSFT,r_vix,0.019672902280671326
2021-04-26,MSFT,GSPC,1.2772849358167782
2021-05-03,MSFT,d_rate,-0.12083674392948043
2021-05-03,MSFT,d_credit,0.13883661865442903
2021-05-03,MSFT,r_vix,0.024035995547014515
2021-05-03,MSFT,GSPC,1.2811759807421743
2021-05-10,MSFT,d_rate,-0.12187297186088145
2021-05-10,MSFT,d_credit,0.1342854216366029
2021-05-10,MSFT,r_vix,0.023900010921695806
2021-05-10,MSFT,GSPC,1.2874987639348838
2021-05-17,MSFT,d_rate,-0.12337254325114161
2021-05-17,MSFT,d_credit,0.12625061271591262
2021-05-17,MSFT,r_vix,0.024162911943221312
2021-05-17,MSFT,GSPC,1.2934019869346582
2021-05-24,MSFT,d_rate,-0.13279583516418797
2021-05-24,MSFT,d_credit,0.11100631871233875
2021-05-24,MSFT,r_vix,0.03244257283996037
2021-05-24,MSFT,GSPC,1.3594210942610223
2021-05-31,MSFT,d_rate,-0.14116125846942298
2021-05-31,MSFT,d_credit,0.12267709228535308
2021-05-31,MSFT,r_vix,0.029405290880585067
2021-05-31,MSFT,GSPC,1.336554810390624
2021-06-07,MSFT,d_rate,-0.1256002682957948
2021-06-07,MSFT,d_credit,0.1190504601445609
2021-06-07,MSFT,r_vix,0.021295251821904986
2021-06-07,MSFT,GSPC,1.3339176603866756
2021-06-14,MSFT,d_rate,-0.13083790064736933
2021-06-14,MSFT,d_credit,0.09316815914292956
2021-06-14,MSFT,r_vix,0.03234249941392247
2021-06-14,MSFT,GSPC,1.3402496547610614
2021-06-21,MSFT,d_rate,-0.12363870107582355
2021-06-21,MSFT,d_credit,0.07882271638095027
2021-06-21,MSFT,r_vix,0.046414167458057286
2021-06-21,MSFT,GSPC,1.463840233394082
2021-06-28,MSFT,d_rate,-0.1324092636693232
2021-06-28,MSFT,d_credit,0.08051014136124005
2021-06-28,MSFT,r_vix,0.053359055181544934
2021-06-28,MSFT,GSPC,1.5282648126050353
2021-07-05,MSFT,d_rate,-0.12638207404277924
2021-07-05,MSFT,d_credit,0.12014577356912781
2021-07-05,MSFT,r_vix,0.06672725055976075
2021-07-05,MSFT,GSPC,1.5993848477280412
2021-07-12,MSFT,d_rate,-0.13416377316613687
2021-07-12,MSFT,d_credit,0.09970479003434626
2021-07-12,MSFT,r_vix,0.0647187806296446
2021-07-12,MSFT,GSPC,1.5987255172946295
2021-07-19,MSFT,d_rate,-0.13479587659269474
2021-07-19,MSFT,d_credit,0.09899445528672611
2021-07-19,MSFT,r_vix,0.06469365087968547
2021-07-19,MSFT,GSPC,1.599592377841503
2021-07-26,MSFT,d_rate,-0.13086555445053377
2021-07-26,MSFT,d_credit,0.09684243137999407
2021-07-26,MSFT,r_vix,0.06462730688933253
2021-07-26,MSFT,GSPC,1.614946504102818
2021-08-02,MSFT,d_rate,-0.12648392303365116
2021-08-02,MSFT,d_credit,0.09739115190146731
2021-08-02,MSFT,r_vix,0.05965209409412793
2021-08-02,MSFT,GSPC,1.5795609727550055
2021-08-09,MSFT,d_rate,-0.11817720425790941
2021-08-09,MSFT,d_credit,0.10276350649895448
2021-08-09,MSFT,r_vix,0.060007895948452794
2021-08-09,MSFT,GSPC,1.5806218367203961
2021-08-16,MSFT,d_rate,-0.12620345038599973
2021-08-16,MSFT,d_credit,0.10296082931210632
2021-08-16,MSFT,r_vix,0.07120389127762349
2021-08-16,MSFT,GSPC,1.6354175526476769
2021-08-23,MSFT,d_rate,-0.13924545821586948
2021-08-23,MSFT,d_credit,0.08059559455983001
2021-08-23,MSFT,r_vix,0.059933601805064234
2021-08-23,MSFT,GSPC,1.5194446466599638
2021-08-30,MSFT,d_rate,-0.14569923937257026
2021-08-30,MSFT,d_credit,0.07290033705590762
2021-08-30,MSFT,r_vix,0.07595767247224465
2021-08-30,MSFT,GSPC,1.5506570573651097
2021-09-06,MSFT,d_rate,-0.1495738195225076
2021-09-06,MSFT,d_credit,0.06910314998076364
2021-09-06,MSFT,r_vix,0.06027102243352474
2021-09-06,MSFT,GSPC,1.4351855773609257
2021-09-13,MSFT,d_rate,-0.14999847902571653
2021-09-13,MSFT,d_credit,0.05466368199109334
2021-09-13,MSFT,r_vix,0.04811467104676858
2021-09-13,MSFT,GSPC,1.329496785408186
2021-09-20,MSFT,d_rate,-0.1405021939789483
2021-09-20,MSFT,d_credit,0.02441412915100813
2021-09-20,MSFT,r_vix,0.044695886105267986
2021-09-20,MSFT,GSPC,1.3126779152082975
2021-09-27,MSFT,d_rate,-0.1349397855896576
2021-09-27,MSFT,d_credit,0.03336908055298647
2021-09-27,MSFT,r_vix,0.060052556551607864
2021-09-27,MSFT,GSPC,1.4567152523995945
2021-10-04,MSFT,d_rate,-0.12572302085794718
2021-10-04,MSFT,d_credit,0.03854525798748933
2021-10-04,MSFT,r_vix,0.04540034326532782
2021-10-04,MSFT,GSPC,1.3409443374920706
2021-10-11,MSFT,d_rate,-0.12748197382335735
2021-10-11,MSFT,d_credit,0.03144948226202356
2021-10-11,MSFT,r_vix,0.040898551273252925
2021-10-11,MSFT,GSPC,1.3138555339747056
2021-10-18,MSFT,d_rate,-0.1266141213821458
2021-10-18,MSFT,d_credit,0.03117114142514779
2021-10-18,MSFT,r_vix,0.041793574187260533
2021-10-18,MSFT,GSPC,1.3228294088485626
2021-10-25,MSFT,d_rate,-0.14101860627731977
2021-10-25,MSFT,d_credit,0.030718895300014187
2021-10-25,MSFT,r_vix,0.05473014872232296
2021-10-25,MSFT,GSPC,1.4301148026673016
2021-11-01,MSFT,d_rate,-0.12663364870038318
2021-11-01,MSFT,d_credit,0.023297104306172368
2021-11-01,MSFT,r_vix,0.031014615235610485
2021-11-01,MSFT,GSPC,1.1176058393503325
2021-11-08,MSFT,d_rate,-0.10908248402842641
2021-11-08,MSFT,d_credit,-0.007300311526400976
2021-11-08,MSFT,r_vix,0.04235718150349962
2021-11-08,MSFT,GSPC,1.2643422678554408
2021-11-15,MSFT,d_rate,-0.12471641224426562
2021-11-15,MSFT,d_credit,-0.034598411872325756
2021-11-15,MSFT,r_vix,0.02865952947844038
2021-11-15,MSFT,GSPC,1.1213344663785905
2021-11-22,MSFT,d_rate,-0.12947176420834033
2021-11-22,MSFT,d_credit,-0.06849913452754032
2021-11-22,MSFT,r_vix,0.0016830462098623871
2021-11-22,MSFT,GSPC,0.9675475717163808
2021-11-29,MSFT,d_rate,-0.10067181396288706
2021-11-29,MSFT,d_credit,-0.07789053557516036
2021-11-29,MSFT,r_vix,0.025725713449039216
2021-11-29,MSFT,GSPC,1.224253013796786
2021-12-06,MSFT,d_rate,-0.09309421404219924
2021-12-06,MSFT,d_credit,-0.06350857684025686
2021-12-06,MSFT,r_vix,0.014163711157382183
2021-12-06,MSFT,GSPC,1.1945833539481425
2021-12-13,MSFT,d_rate,-0.08106040177337943
2021-12-13,MSFT,d_credit,-0.08499832214918829
2021-12-13,MSFT,r_vix,0.02961026880407355
2021-12-13,MSFT,GSPC,1.3910658407362126
2021-12-20,MSFT,d_rate,-0.0793146764969919
2021-12-20,MSFT,d_credit,-0.08657993903879158
2021-12-20,MSFT,r_vix,0.03365218977842457
2021-12-20,MSFT,GSPC,1.4341315082145647
2021-12-27,MSFT,d_rate,-0.07690380493690627
2021-12-27,MSFT,d_credit,-0.08389475321692201
2021-12-27,MSFT,r_vix,0.036019165545182974
2021-12-27,MSFT,GSPC,1.4720842206334097
2022-01-03,MSFT,d_rate,-0.07151995933231411
2022-01-03,MSFT,d_credit,-0.07521924940015981
2022-01-03,MSFT,r_vix,0.060099311724846914
2022-01-03,MSFT,GSPC,1.7698542241138469
2022-01-10,MSFT,d_rate,-0.07702658580722657
2022-01-10,MSFT,d_credit,-0.08790990680778661
2022-01-10,MSFT,r_vix,0.05660225856607901
2022-01-10,MSFT,GSPC,1.7159535095422516
2022-01-17,MSFT,d_rate,-0.08482170557724258
2022-01-17,MSFT,d_credit,-0.08032839370825856
2022-01-17,MSFT,r_vix,0.040714683448836456
2022-01-17,MSFT,GSPC,1.4440020535689977
2022-01-24,MSFT,d_rate,-0.09577559647310661
2022-01-24,MSFT,d_credit,-0.07137252608909982
2022-01-24,MSFT,r_vix,0.016186111529842222
2022-01-24,MSFT,GSPC,1.3935135765148425
2022-01-31,MSFT,d_rate,-0.1003298695043214
2022-01-31,MSFT,d_credit,-0.07347546259680322
2022-01-31,MSFT,r_vix,0.01542657202929762
2022-01-31,MSFT,GSPC,1.396753484328516
2022-02-07,MSFT,d_rate,-0.09996425930066796
2022-02-07,MSFT,d_credit,-0.07967966036000887
2022-02-07,MSFT,r_vix,0.016504238654683534
2022-02-07,MSFT,GSPC,1.4208491390262572
2022-02-14,MSFT,d_rate,-0.10292364750750228
2022-02-14,MSFT,d_credit,-0.07069867310639548
2022-02-14,MSFT,r_vix,0.011883205623124104
2022-02-14,MSFT,GSPC,1.38067878624541
2022-02-21,MSFT,d_rate,-0.09508743020586859
2022-02-21,MSFT,d_credit,-0.05269091587605655
2022-02-21,MSFT,r_vix,0.018096495284272634
2022-02-21,MSFT,GSPC,1.4494499479154257
2022-02-28,MSFT,d_rate,-0.07474387502430113
2022-02-28,MSFT,d_credit,-0.06472599474189233
2022-02-28,MSFT,r_vix,0.0253319454634214
2022-02-28,MSFT,GSPC,1.5143558318096646
2022-03-07,MSFT,d_rate,-0.05800239020053568
2022-03-07,MSFT,d_credit,-0.05017291099949668
2022-03-07,MSFT,r_vix,0.015637311719264545
2022-03-07,MSFT,GSPC,1.4055210882481965
2022-03-14,MSFT,d_rate,-0.06255045315298773
2022-03-14,MSFT,d_credit,-0.053154143048725955
2022-03-14,MSFT,r_vix,0.008029305143641736
2022-03-14,MSFT,GSPC,1.3048860844055474
2022-03-21,MSFT,d_rate,-0.06526814027072285
2022-03-21,MSFT,d_credit,-0.04979799188187687
2022-03-21,MSFT,r_vix,0.007170605578525718
2022-03-21,MSFT,GSPC,1.3018735665958967
2022-03-28,MSFT,d_rate,-0.06890852215139523
2022-03-28,MSFT,d_credit,-0.05451540914775287
2022-03-28,MSFT,r_vix,0.0036031950707171296
2022-03-28,MSFT,GSPC,1.2685481121595117
2022-04-04,MSFT,d_rate,-0.07226384874254657
2022-04-04,MSFT,d_credit,-0.04994617434946853
2022-04-04,MSFT,r_vix,0.001779166936886184
2022-04-04,MSFT,GSPC,1.260341895730926
2022-04-11,MSFT,d_rate,-0.06544506366348463
2022-04-11,MSFT,d_credit,-0.040789506400868654
2022-04-11,MSFT,r_vix,0.01644179112513988
2022-04-11,MSFT,GSPC,1.4103043311153987
2022-04-18,MSFT,d_rate,-0.04852052828523709
2022-04-18,MSFT,d_credit,-0.013432140072727044
2022-04-18,MSFT,r_vix,0.028254885893829094
2022-04-18,MSFT,GSPC,1.4745909321567778
2022-04-25,MSFT,d_rate,-0.04732040358668593
2022-04-25,MSFT,d_credit,-0.007591186091919502
2022-04-25,MSFT,r_vix,0.025826529107289983
2022-04-25,MSFT,GSPC,1.3747010019349184
2022-05-02,MSFT,d_rate,-0.049709553850320186
2022-05-02,MSFT,d_credit,-0.005224756381866957
2022-05-02,MSFT,r_vix,0.02247669100059191
2022-05-02,MSFT,GSPC,1.3686298415691704
2022-05-09,MSFT,d_rate,-0.03772840222988304
2022-05-09,MSFT,d_credit,-0.013370666697239528
2022-05-09,MSFT,r_vix,0.037270500340257064
2022-05-09,MSFT,GSPC,1.4722380032764262
2022-05-16,MSFT,d_rate,-0.040050710263907344
2022-05-16,MSFT,d_credit,-0.014010771076196301
2022-05-16,MSFT,r_vix,0.0351449179671303
2022-05-16,MSFT,GSPC,1.4493191845289295
2022-05-23,MSFT,d_rate,-0.03862546863073691
2022-05-23,MSFT,d_credit,-0.013924878710546673
2022-05-23,MSFT,r_vix,0.03128253765855536
2022-05-23,MSFT,GSPC,1.3881536059557955
2022-05-30,MSFT,d_rate,-0.038286211570660755
2022-05-30,MSFT,d_credit,-0.020913711231564096
2022-05-30,MSFT,r_vix,0.029845072277849577
2022-05-30,MSFT,GSPC,1.3666605432286627
2022-06-06,MSFT,d_rate,-0.033621659731872894
2022-06-06,MSFT,d_credit,-0.02041005324283316
2022-06-06,MSFT,r_vix,0.031242291943315202
2022-06-06,MSFT,GSPC,1.3596203566522205
2022-06-13,MSFT,d_rate,-0.02975689605392009
2022-06-13,MSFT,d_credit,-0.0035837863877003612
2022-06-13,MSFT,r_vix,0.012434762314781762
2022-06-13,MSFT,GSPC,1.1981204033944202
2022-06-20,MSFT,d_rate,-0.02899867775851082
2022-06-20,MSFT,d_credit,-0.0010307586551790236
2022-06-20,MSFT,r_vix,0.010056869851130376
2022-06-20,MSFT,GSPC,1.1949270444350275
2022-06-27,MSFT,d_rate,-0.019330072266525875
2022-06-27,MSFT,d_credit,1.2814721294063304e-4
2022-06-27,MSFT,r_vix,0.015009916706118998
2022-06-27,MSFT,GSPC,1.2134097560819697
2022-07-04,MSFT,d_rate,-0.01808960938141435
2022-07-04,MSFT,d_credit,-0.0011775269128044882
2022-07-04,MSFT,r_vix,0.016679166724854012
2022-07-04,MSFT,GSPC,1.2263485300525143
2022-07-11,MSFT,d_rate,-0.003954730946640206
2022-07-11,MSFT,d_credit,0.01286037516597131
2022-07-11,MSFT,r_vix,0.02065761002623634
2022-07-11,MSFT,GSPC,1.270240269057361
2022-07-18,MSFT,d_rate,8.071678815540898e-4
2022-07-18,MSFT,d_credit,0.015805934654833976
2022-07-18,MSFT,r_vix,0.020442555754400175
2022-07-18,MSFT,GSPC,1.2546987490612949
2022-07-25,MSFT,d_rate,-5.984840648243853e-4
2022-07-25,MSFT,d_credit,0.02341256045625714
2022-07-25,MSFT,r_vix,0.023128898587976194
2022-07-25,MSFT,GSPC,1.299932148429373
2022-08-01,MSFT,d_rate,-3.0132509200841013e-4
2022-08-01,MSFT,d_credit,0.022673012013688147
2022-08-01,MSFT,r_vix,0.02409343276312076
2022-08-01,MSFT,GSPC,1.3017601407174593
2022-08-08,MSFT,d_rate,-3.7842693632907966e-4
2022-08-08,MSFT,d_credit,0.02213963450780446
2022-08-08,MSFT,r_vix,0.02357592250178851
2022-08-08,MSFT,GSPC,1.2908608537275623
2022-08-15,MSFT,d_rate,0.0022466979284823194
2022-08-15,MSFT,d_credit,0.032109898626670505
2022-08-15,MSFT,r_vix,0.012058431922810432
2022-08-15,MSFT,GSPC,1.2653154959895607
2022-08-22,MSFT,d_rate,0.0024633064857577623
2022-08-22,MSFT,d_credit,0.03517439050418835
2022-08-22,MSFT,r_vix,0.007193431443184204
2022-08-22,MSFT,GSPC,1.2772020026155941
2022-08-29,MSFT,d_rate,0.0016849808469073975
2022-08-29,MSFT,d_credit,0.03404094876346212
2022-08-29,MSFT,r_vix,0.008264943300612003
2022-08-29,MSFT,GSPC,1.284679495853783
2022-09-05,MSFT,d_rate,-8.74858039218738e-5
2022-09-05,MSFT,d_credit,0.033574022563880354
2022-09-05,MSFT,r_vix,0.0064085244469106375
2022-09-05,MSFT,GSPC,1.2669883083174776
2022-09-12,MSFT,d_rate,0.0024144004290981144
2022-09-12,MSFT,d_credit,0.04318703292881719
2022-09-12,MSFT,r_vix,0.00785660010844547
2022-09-12,MSFT,GSPC,1.301225916709073
2022-09-19,MSFT,d_rate,0.0054022500703457335
2022-09-19,MSFT,d_credit,0.031406249381094896
2022-09-19,MSFT,r_vix,0.006874948501674743
2022-09-19,MSFT,GSPC,1.2542860383140544
2022-09-26,MSFT,d_rate,0.0077547184613535915
2022-09-26,MSFT,d_credit,0.03714689159260027
2022-09-26,MSFT,r_vix,0.007923298553298434
2022-09-26,MSFT,GSPC,1.2550330597113457
2022-10-03,MSFT,d_rate,0.006898905855099951
2022-10-03,MSFT,d_credit,0.03831472365789053
2022-10-03,MSFT,r_vix,0.008187277531750758
2022-10-03,MSFT,GSPC,1.2496689139787494
2022-10-10,MSFT,d_rate,0.007757643542079128
2022-10-10,MSFT,d_credit,0.03872947269889487
2022-10-10,MSFT,r_vix,0.010876867642999223
2022-10-10,MSFT,GSPC,1.255680712808467
2022-10-17,MSFT,d_rate,0.006555286059454648
2022-10-17,MSFT,d_credit,0.03681212739503971
2022-10-17,MSFT,r_vix,0.010194286946310051
2022-10-17,MSFT,GSPC,1.248539383582396
2022-10-24,MSFT,d_rate,0.0360216766457965
2022-10-24,MSFT,d_credit,0.06941458099296771
2022-10-24,MSFT,r_vix,0.007581811669864284
2022-10-24,MSFT,GSPC,1.2041263290847757
2022-10-31,MSFT,d_rate,0.036049094656798196
2022-10-31,MSFT,d_credit,0.07386679433729926
2022-10-31,MSFT,r_vix,0.012061125314567626
2022-10-31,MSFT,GSPC,1.2349699309629882
2022-11-07,MSFT,d_rate,0.03708875106241106
2022-11-07,MSFT,d_credit,0.07798684533858652
2022-11-07,MSFT,r_vix,0.01972681807285774
2022-11-07,MSFT,GSPC,1.3147336648058106
2022-11-14,MSFT,d_rate,0.033538405631178686
2022-11-14,MSFT,d_credit,0.07247565328940478
2022-11-14,MSFT,r_vix,0.016284582559953655
2022-11-14,MSFT,GSPC,1.2950452303620197
2022-11-21,MSFT,d_rate,0.029245616698679852
2022-11-21,MSFT,d_credit,0.06791510545853
2022-11-21,MSFT,r_vix,0.029301551240761805
2022-11-21,MSFT,GSPC,1.3303626711027823
2022-11-28,MSFT,d_rate,0.023850713644733446
2022-11-28,MSFT,d_credit,0.06384623145264459
2022-11-28,MSFT,r_vix,0.026710241565638712
2022-11-28,MSFT,GSPC,1.3229218989087737
2022-12-05,MSFT,d_rate,0.021451815538149222
2022-12-05,MSFT,d_credit,0.0533378049327832
2022-12-05,MSFT,r_vix,0.04574740185452862
2022-12-05,MSFT,GSPC,1.3489648988487168
2022-12-12,MSFT,d_rate,0.015479295413107564
2022-12-12,MSFT,d_credit,0.055969057956371054
2022-12-12,MSFT,r_vix,0.04888903771675646
2022-12-12,MSFT,GSPC,1.3362507980765557
2022-12-19,MSFT,d_rate,0.011031291958432053
2022-12-19,MSFT,d_credit,0.05210487945734131
2022-12-19,MSFT,r_vix,0.05205485330856754
2022-12-19,MSFT,GSPC,1.3365817113714387
2022-12-26,MSFT,d_rate,0.011158350506280843
2022-12-26,MSFT,d_credit,0.05140067508621658
2022-12-26,MSFT,r_vix,0.05621386535206046
2022-12-26,MSFT,GSPC,1.347109510056109
2023-01-02,MSFT,d_rate,0.035686240093261
2023-01-02,MSFT,d_credit,0.03544141683004158
2023-01-02,MSFT,r_vix,0.06505178985106089
2023-01-02,MSFT,GSPC,1.339864608299912
2023-01-09,MSFT,d_rate,0.030919291571925085
2023-01-09,MSFT,d_credit,0.023426936190561812
2023-01-09,MSFT,r_vix,0.05933394677563942
2023-01-09,MSFT,GSPC,1.3350671028521708
2023-01-16,MSFT,d_rate,0.03138263629826368
2023-01-16,MSFT,d_credit,0.02516073256784211
2023-01-16,MSFT,r_vix,0.052825752051283335
2023-01-16,MSFT,GSPC,1.3287850485468213
2023-01-23,MSFT,d_rate,0.030120035574521226
2023-01-23,MSFT,d_credit,0.016941529760093332
2023-01-23,MSFT,r_vix,0.05609366209030772
2023-01-23,MSFT,GSPC,1.327257548599242
2023-01-30,MSFT,d_rate,0.032368619134013656
2023-01-30,MSFT,d_credit,0.01875295689919713
2023-01-30,MSFT,r_vix,0.04911379768001676
2023-01-30,MSFT,GSPC,1.3278433324245942
2023-02-06,MSFT,d_rate,0.03481843901305378
2023-02-06,MSFT,d_credit,0.0212314680397388
2023-02-06,MSFT,r_vix,0.06730622280698732
2023-02-06,MSFT,GSPC,1.3678485022774955
2023-02-13,MSFT,d_rate,0.034066729477952876
2023-02-13,MSFT,d_credit,0.020192435190736508
2023-02-13,MSFT,r_vix,0.06862832335984376
2023-02-13,MSFT,GSPC,1.369022569776734
2023-02-20,MSFT,d_rate,0.032785783778220265
2023-02-20,MSFT,d_credit,0.016457947057745604
2023-02-20,MSFT,r_vix,0.06707689607684324
2023-02-20,MSFT,GSPC,1.359980375200628
2023-02-27,MSFT,d_rate,0.03035208655407102
2023-02-27,MSFT,d_credit,0.0168591517994785
2023-02-27,MSFT,r_vix,0.06856818819460497
2023-02-27,MSFT,GSPC,1.363240783751893
2023-03-06,MSFT,d_rate,0.02496749743583817
2023-03-06,MSFT,d_credit,0.018439315289939823
2023-03-06,MSFT,r_vix,0.08321237896626477
2023-03-06,MSFT,GSPC,1.3818908652318278
2023-03-13,MSFT,d_rate,0.008330607500068784
2023-03-13,MSFT,d_credit,0.04994886978092184
2023-03-13,MSFT,r_vix,0.10157945174494554
2023-03-13,MSFT,GSPC,1.4570272118137544
2023-03-20,MSFT,d_rate,0.0076879185253107
2023-03-20,MSFT,d_credit,0.05024336045847316
2023-03-20,MSFT,r_vix,0.10400853933236555
2023-03-20,MSFT,GSPC,1.4604312361331087
2023-03-27,MSFT,d_rate,0.013021481539062046
2023-03-27,MSFT,d_credit,0.06559785889849179
2023-03-27,MSFT,r_vix,0.10706639842853802
2023-03-27,MSFT,GSPC,1.480357094460233
2023-04-03,MSFT,d_rate,0.018870543890366465
2023-04-03,MSFT,d_credit,0.06452904120029734
2023-04-03,MSFT,r_vix,0.11428980110291924
2023-04-03,MSFT,GSPC,1.4978698448581222
2023-04-10,MSFT,d_rate,0.015954192256824967
2023-04-10,MSFT,d_credit,0.06456991855558082
2023-04-10,MSFT,r_vix,0.11310613136972252
2023-04-10,MSFT,GSPC,1.4757158430678563
2023-04-17,MSFT,d_rate,0.024665262369487025
2023-04-17,MSFT,d_credit,0.08095504602660913
2023-04-17,MSFT,r_vix,0.14442682460139483
2023-04-17,MSFT,GSPC,1.5586820463192976
2023-04-24,MSFT,d_rate,0.017599037145935362
2023-04-24,MSFT,d_credit,0.07914292664459316
2023-04-24,MSFT,r_vix,0.12016684610249416
2023-04-24,MSFT,GSPC,1.5216942172392784
2023-05-01,MSFT,d_rate,0.01894118047848617
2023-05-01,MSFT,d_credit,0.08094841176292236
2023-05-01,MSFT,r_vix,0.11743969005589423
2023-05-01,MSFT,GSPC,1.5168102065199247
2023-05-08,MSFT,d_rate,0.01582205711205616
2023-05-08,MSFT,d_credit,0.08829876287536916
2023-05-08,MSFT,r_vix,0.10391881759434939
2023-05-08,MSFT,GSPC,1.4709887037812723
2023-05-15,MSFT,d_rate,0.016899226924147498
2023-05-15,MSFT,d_credit,0.0884675378237801
2023-05-15,MSFT,r_vix,0.10523975387440697
2023-05-15,MSFT,GSPC,1.4775447743799845
2023-05-22,MSFT,d_rate,0.018393529293846668
2023-05-22,MSFT,d_credit,0.08089297480037759
2023-05-22,MSFT,r_vix,0.12110585715879911
2023-05-22,MSFT,GSPC,1.5155719373712908
2023-05-29,MSFT,d_rate,0.0171187968501486
2023-05-29,MSFT,d_credit,0.08836101803887964
2023-05-29,MSFT,r_vix,0.12295445739016073
2023-05-29,MSFT,GSPC,1.5273876876263133
2023-06-05,MSFT,d_rate,0.017080282309782282
2023-06-05,MSFT,d_credit,0.09174895369629729
2023-06-05,MSFT,r_vix,0.12613520355120614
2023-06-05,MSFT,GSPC,1.5326060148231075
2023-06-12,MSFT,d_rate,0.013593116957576675
2023-06-12,MSFT,d_credit,0.07511263151391052
2023-06-12,MSFT,r_vix,0.14190400134332976
2023-06-12,MSFT,GSPC,1.649367013079167
2023-06-19,MSFT,d_rate,0.013673532495465235
2023-06-19,MSFT,d_credit,0.08100082081282034
2023-06-19,MSFT,r_vix,0.1448213902605319
2023-06-19,MSFT,GSPC,1.6880181833844996
2023-06-26,MSFT,d_rate,0.011769137666648633
2023-06-26,MSFT,d_credit,0.08916398499467358
2023-06-26,MSFT,r_vix,0.132526904010149
2023-06-26,MSFT,GSPC,1.6368962546275936
2023-07-03,MSFT,d_rate,0.009148552310544482
2023-07-03,MSFT,d_credit,0.09276502258135613
2023-07-03,MSFT,r_vix,0.13247213725231355
2023-07-03,MSFT,GSPC,1.6289239089317147
2023-07-10,MSFT,d_rate,0.005475157593395522
2023-07-10,MSFT,d_credit,0.08828146366382736
2023-07-10,MSFT,r_vix,0.1291507983904326
2023-07-10,MSFT,GSPC,1.5980648402093112
2023-07-17,MSFT,d_rate,0.0024453771016437233
2023-07-17,MSFT,d_credit,0.08697611544368673
2023-07-17,MSFT,r_vix,0.1278421749486331
2023-07-17,MSFT,GSPC,1.6014104023382858
2023-07-24,MSFT,d_rate,1.0026671915126842e-4
2023-07-24,MSFT,d_credit,0.08599200558285626
2023-07-24,MSFT,r_vix,0.12398532293914215
2023-07-24,MSFT,GSPC,1.568420387106123
2023-07-31,MSFT,d_rate,-0.0036844528500341554
2023-07-31,MSFT,d_credit,0.07636144740827142
2023-07-31,MSFT,r_vix,0.09865580706080124
2023-07-31,MSFT,GSPC,1.5065787430811004
2023-08-07,MSFT,d_rate,-0.0035411170705483322
2023-08-07,MSFT,d_credit,0.07654292403342598
2023-08-07,MSFT,r_vix,0.10030536680437417
2023-08-07,MSFT,GSPC,1.5219470773431332
2023-08-14,MSFT,d_rate,-0.0030193540842470114
2023-08-14,MSFT,d_credit,0.07646385324221501
2023-08-14,MSFT,r_vix,0.10115222789507186
2023-08-14,MSFT,GSPC,1.5220796654607727
2023-08-21,MSFT,d_rate,-0.006974204330643636
2023-08-21,MSFT,d_credit,0.05680563547478938
2023-08-21,MSFT,r_vix,0.10637945247161015
2023-08-21,MSFT,GSPC,1.4927926277874601
2023-08-28,MSFT,d_rate,-0.006904830032748245
2023-08-28,MSFT,d_credit,0.05430131478053964
2023-08-28,MSFT,r_vix,0.10922587118284126
2023-08-28,MSFT,GSPC,1.4946140585193848
2023-09-04,MSFT,d_rate,-0.004801297259304029
2023-09-04,MSFT,d_credit,0.051733404802254176
2023-09-04,MSFT,r_vix,0.11189589476942141
2023-09-04,MSFT,GSPC,1.5003580721583585
2023-09-11,MSFT,d_rate,-0.0052016940329071525
2023-09-11,MSFT,d_credit,0.048234864091717615
2023-09-11,MSFT,r_vix,0.1112833663664403
2023-09-11,MSFT,GSPC,1.4514972034089018
2023-09-18,MSFT,d_rate,-0.008551152933978883
2023-09-18,MSFT,d_credit,0.06569066425476824
2023-09-18,MSFT,r_vix,0.10383432247139739
2023-09-18,MSFT,GSPC,1.5287597164897482
2023-09-25,MSFT,d_rate,-0.009805876627311822
2023-09-25,MSFT,d_credit,0.061278590134105144
2023-09-25,MSFT,r_vix,0.10602806732708442
2023-09-25,MSFT,GSPC,1.5419650413856307
2023-10-02,MSFT,d_rate,-0.004263912210808273
2023-10-02,MSFT,d_credit,0.0671069718913024
2023-10-02,MSFT,r_vix,0.10803060578628804
2023-10-02,MSFT,GSPC,1.5680024895700082
2023-10-09,MSFT,d_rate,0.0012720194746494472
2023-10-09,MSFT,d_credit,0.0788972391900827
2023-10-09,MSFT,r_vix,0.09625690922960409
2023-10-09,MSFT,GSPC,1.5240516604295944
2023-10-16,MSFT,d_rate,0.011026823028298107
2023-10-16,MSFT,d_credit,0.0954496442318684
2023-10-16,MSFT,r_vix,0.10079336937410234
2023-10-16,MSFT,GSPC,1.5887040922558364
2023-10-23,MSFT,d_rate,-0.008967539052217217
2023-10-23,MSFT,d_credit,0.07685662096598772
2023-10-23,MSFT,r_vix,0.08545799295506908
2023-10-23,MSFT,GSPC,1.5521783846339139
2023-10-30,MSFT,d_rate,-0.009063592933413954
2023-10-30,MSFT,d_credit,0.07537071929219796
2023-10-30,MSFT,r_vix,0.08089175685705274
2023-10-30,MSFT,GSPC,1.5273725700446266
2023-11-06,MSFT,d_rate,-0.011352633912663572
2023-11-06,MSFT,d_credit,0.06295355938923176
2023-11-06,MSFT,r_vix,0.06461030005913634
2023-11-06,MSFT,GSPC,1.379058075022783
2023-11-13,MSFT,d_rate,-0.01508997392574413
2023-11-13,MSFT,d_credit,0.05141751019718276
2023-11-13,MSFT,r_vix,0.05398075182484269
2023-11-13,MSFT,GSPC,1.2634028320393986
2023-11-20,MSFT,d_rate,-0.013403504661597863
2023-11-20,MSFT,d_credit,0.05278192944674647
2023-11-20,MSFT,r_vix,0.053144966894024114
2023-11-20,MSFT,GSPC,1.2631287026043791
2023-11-27,MSFT,d_rate,-0.0020875610115831246
2023-11-27,MSFT,d_credit,0.06422842893449468
2023-11-27,MSFT,r_vix,0.04902437082493734
2023-11-27,MSFT,GSPC,1.2661028080968846
2023-12-04,MSFT,d_rate,-0.002134628306516075
2023-12-04,MSFT,d_credit,0.06410070361057416
2023-12-04,MSFT,r_vix,0.049154403497287495
2023-12-04,MSFT,GSPC,1.2647953550409927
2023-12-11,MSFT,d_rate,0.01301189141251093
2023-12-11,MSFT,d_credit,0.07812029696534259
2023-12-11,MSFT,r_vix,0.039115337620989156
2023-12-11,MSFT,GSPC,1.2436302309316452
2023-12-18,MSFT,d_rate,0.02166261798881435
2023-12-18,MSFT,d_credit,0.0870984639725307
2023-12-18,MSFT,r_vix,0.023497795696490985
2023-12-18,MSFT,GSPC,1.1902976809497374
2023-12-25,MSFT,d_rate,0.021844794392770754
2023-12-25,MSFT,d_credit,0.08716969600554673
2023-12-25,MSFT,r_vix,0.02359732516224592
2023-12-25,MSFT,GSPC,1.1908805822243926
2024-01-01,MSFT,d_rate,-0.0035299752088246866
2024-01-01,MSFT,d_credit,0.10474442675405227
2024-01-01,MSFT,r_vix,0.03180608483385874
2024-01-01,MSFT,GSPC,1.2620142844403326
2024-01-08,MSFT,d_rate,-4.791544972300356e-4
2024-01-08,MSFT,d_credit,0.12549332947931383
2024-01-08,MSFT,r_vix,0.036638749753092455
2024-01-08,MSFT,GSPC,1.2934053830877081
2024-01-15,MSFT,d_rate,0.0014840200363177578
2024-01-15,MSFT,d_credit,0.12554716910253563
2024-01-15,MSFT,r_vix,0.04008721043524421
2024-01-15,MSFT,GSPC,1.318843861999845
2024-01-22,MSFT,d_rate,0.0012399974549183485
2024-01-22,MSFT,d_credit,0.12874969210280746
2024-01-22,MSFT,r_vix,0.037562863313649164
2024-01-22,MSFT,GSPC,1.2964728522852973
2024-01-29,MSFT,d_rate,0.0020022790094767293
2024-01-29,MSFT,d_credit,0.13255766228989185
2024-01-29,MSFT,r_vix,0.029591162093356084
2024-01-29,MSFT,GSPC,1.2451711804772327
2024-02-05,MSFT,d_rate,-0.002166762391705248
2024-02-05,MSFT,d_credit,0.12842154269602796
2024-02-05,MSFT,r_vix,0.025505465686766666
2024-02-05,MSFT,GSPC,1.2293759490799319
2024-02-12,MSFT,d_rate,-9.137999026387933e-4
2024-02-12,MSFT,d_credit,0.14687478752062702
2024-02-12,MSFT,r_vix,0.010925413393761355
2024-02-12,MSFT,GSPC,1.1903792803979896
2024-02-19,MSFT,d_rate,-8.460745524540589e-4
2024-02-19,MSFT,d_credit,0.14604239454203732
2024-02-19,MSFT,r_vix,0.009472040589740716
2024-02-19,MSFT,GSPC,1.1714635715547974
2024-02-26,MSFT,d_rate,-0.001461618115281044
2024-02-26,MSFT,d_credit,0.1399338002487637
2024-02-26,MSFT,r_vix,0.013734910414906105
2024-02-26,MSFT,GSPC,1.17120294140561
2024-03-04,MSFT,d_rate,9.32219758471294e-4
2024-03-04,MSFT,d_credit,0.14302653541568283
2024-03-04,MSFT,r_vix,0.004673924438523544
2024-03-04,MSFT,GSPC,1.1377299557321008
2024-03-11,MSFT,d_rate,0.02341378025299621
2024-03-11,MSFT,d_credit,0.04602685338062323
2024-03-11,MSFT,r_vix,-0.02386019223511241
2024-03-11,MSFT,GSPC,0.9432348847332411
2024-03-18,MSFT,d_rate,0.02471193820947861
2024-03-18,MSFT,d_credit,0.05399541012052194
2024-03-18,MSFT,r_vix,-0.032090057014417805
2024-03-18,MSFT,GSPC,0.9305206496298272
2024-03-25,MSFT,d_rate,0.02714570668883312
2024-03-25,MSFT,d_credit,0.047867700573363293
2024-03-25,MSFT,r_vix,-0.032584699277732165
2024-03-25,MSFT,GSPC,0.9563096520380205
2024-04-01,MSFT,d_rate,0.03135711727038944
2024-04-01,MSFT,d_credit,0.04438487994064522
2024-04-01,MSFT,r_vix,-0.020057264217616583
2024-04-01,MSFT,GSPC,1.0149131255707176
2024-04-08,MSFT,d_rate,0.03701046038904754
2024-04-08,MSFT,d_credit,0.036136869646255836
2024-04-08,MSFT,r_vix,-0.03054763966516981
2024-04-08,MSFT,GSPC,0.9896665495307373
2024-04-15,MSFT,d_rate,0.03903387680277792
2024-04-15,MSFT,d_credit,0.0363804111549245
2024-04-15,MSFT,r_vix,-0.022172106817671084
2024-04-15,MSFT,GSPC,1.1074245317930305
2024-04-22,MSFT,d_rate,0.044927673816933696
2024-04-22,MSFT,d_credit,0.014201396806449917
2024-04-22,MSFT,r_vix,-0.005521704708379898
2024-04-22,MSFT,GSPC,1.1495476156003712
2024-04-29,MSFT,d_rate,0.04469584320923366
2024-04-29,MSFT,d_credit,-0.0042524080067852625
2024-04-29,MSFT,r_vix,-0.008666466296879404
2024-04-29,MSFT,GSPC,1.1423663841274247
2024-05-06,MSFT,d_rate,0.044534868480385806
2024-05-06,MSFT,d_credit,-0.0040514956778882364
2024-05-06,MSFT,r_vix,-0.008992363495860772
2024-05-06,MSFT,GSPC,1.1375159902506278
2024-05-13,MSFT,d_rate,0.043149052436497366
2024-05-13,MSFT,d_credit,-0.004468416805889391
2024-05-13,MSFT,r_vix,-0.009375538193615513
2024-05-13,MSFT,GSPC,1.1277935059632702
2024-05-20,MSFT,d_rate,0.04074143364076516
2024-05-20,MSFT,d_credit,0.012458988562395861
2024-05-20,MSFT,r_vix,-0.01965266529850519
2024-05-20,MSFT,GSPC,1.0712371013171245
2024-05-27,MSFT,d_rate,0.03999172947163931
2024-05-27,MSFT,d_credit,0.012407550889384037
2024-05-27,MSFT,r_vix,-0.030562587664762466
2024-05-27,MSFT,GSPC,1.046842660885483
2024-06-03,MSFT,d_rate,0.040441133533733714
2024-06-03,MSFT,d_credit,6.724422615352524e-4
2024-06-03,MSFT,r_vix,-0.038066367814837465
2024-06-03,MSFT,GSPC,1.0145348272483363
2024-06-10,MSFT,d_rate,0.03005771698297235
2024-06-10,MSFT,d_credit,0.029765362964987455
2024-06-10,MSFT,r_vix,-0.03246532543304765
2024-06-10,MSFT,GSPC,0.9993556049500537
2024-06-17,MSFT,d_rate,0.029210328524058107
2024-06-17,MSFT,d_credit,0.03159803035987115
2024-06-17,MSFT,r_vix,-0.03402493680284415
2024-06-17,MSFT,GSPC,0.9788193730973698
2024-06-24,MSFT,d_rate,0.0294959246116037
2024-06-24,MSFT,d_credit,0.025713767372448047
2024-06-24,MSFT,r_vix,-0.026377582615057512
2024-06-24,MSFT,GSPC,1.0309089666171614
2024-07-01,MSFT,d_rate,0.030459013767223528
2024-07-01,MSFT,d_credit,0.027031399605332747
2024-07-01,MSFT,r_vix,-0.01806230759546691
2024-07-01,MSFT,GSPC,1.100905877302963
2024-07-08,MSFT,d_rate,0.03541190168142442
2024-07-08,MSFT,d_credit,0.020602934767539004
2024-07-08,MSFT,r_vix,-0.01961976970576417
2024-07-08,MSFT,GSPC,1.104283434327735
2024-07-15,MSFT,d_rate,0.036258678503608435
2024-07-15,MSFT,d_credit,0.02160867921299353
2024-07-15,MSFT,r_vix,-0.02524283817051618
2024-07-15,MSFT,GSPC,1.1030812011957405
2024-07-22,MSFT,d_rate,0.047041184753479404
2024-07-22,MSFT,d_credit,-5.125167734928907e-4
2024-07-22,MSFT,r_vix,-0.01595750794022152
2024-07-22,MSFT,GSPC,1.2244526611500492
2024-07-29,MSFT,d_rate,0.04580048184384087
2024-07-29,MSFT,d_credit,0.006093246306423016
2024-07-29,MSFT,r_vix,-0.0123829419961174
2024-07-29,MSFT,GSPC,1.2237041581559278
2024-08-05,MSFT,d_rate,0.044599938312746286
2024-08-05,MSFT,d_credit,0.004789943562054117
2024-08-05,MSFT,r_vix,-0.019474541547264797
2024-08-05,MSFT,GSPC,1.1740133476195336
2024-08-12,MSFT,d_rate,0.044494042123126416
2024-08-12,MSFT,d_credit,0.009764799050607821
2024-08-12,MSFT,r_vix,-0.013789005323446325
2024-08-12,MSFT,GSPC,1.1850975129168817
2024-08-19,MSFT,d_rate,0.04600308378694202
2024-08-19,MSFT,d_credit,0.02193796249186063
2024-08-19,MSFT,r_vix,-0.01796692695861049
2024-08-19,MSFT,GSPC,1.159785803176578
2024-08-26,MSFT,d_rate,0.04612100116157718
2024-08-26,MSFT,d_credit,0.03164975580021716
2024-08-26,MSFT,r_vix,-0.02047755250783819
2024-08-26,MSFT,GSPC,1.170461806507993
2024-09-02,MSFT,d_rate,0.03654242794346667
2024-09-02,MSFT,d_credit,0.03238505889161894
2024-09-02,MSFT,r_vix,-0.012500881593116459
2024-09-02,MSFT,GSPC,1.1386138959952452
2024-09-09,MSFT,d_rate,0.03733558633220945
2024-09-09,MSFT,d_credit,0.037292669652570776
2024-09-09,MSFT,r_vix,-0.020243083190890902
2024-09-09,MSFT,GSPC,1.1393535687127492
2024-09-16,MSFT,d_rate,0.036400949298598564
2024-09-16,MSFT,d_credit,0.035327912294762974
2024-09-16,MSFT,r_vix,-0.02079788704196231
2024-09-16,MSFT,GSPC,1.1174978107861895
2024-09-23,MSFT,d_rate,0.035229183116788056
2024-09-23,MSFT,d_credit,0.03913510716288819
2024-09-23,MSFT,r_vix,-0.02594946026797483
2024-09-23,MSFT,GSPC,1.0830146163396104
2024-09-30,MSFT,d_rate,0.017499832437030217
2024-09-30,MSFT,d_credit,0.033136519875840445
2024-09-30,MSFT,r_vix,-0.04219584098971328
2024-09-30,MSFT,GSPC,0.9451155859848462
2024-10-07,MSFT,d_rate,0.017046255233114472
2024-10-07,MSFT,d_credit,0.0358529577578637
2024-10-07,MSFT,r_vix,-0.0458289947394806
2024-10-07,MSFT,GSPC,0.9219605337983184
2024-10-14,MSFT,d_rate,0.007560823273617322
2024-10-14,MSFT,d_credit,0.011687260327405146
2024-10-14,MSFT,r_vix,-0.041264238458262825
2024-10-14,MSFT,GSPC,0.9495413921833598
2024-10-21,MSFT,d_rate,0.03367354210468831
2024-10-21,MSFT,d_credit,0.03784256647951553
2024-10-21,MSFT,r_vix,-0.005021402998566953
2024-10-21,MSFT,GSPC,1.304270410036162
2024-10-28,MSFT,d_rate,0.035675117697864606
2024-10-28,MSFT,d_credit,0.050215098754808216
2024-10-28,MSFT,r_vix,-0.0011651780407864842
2024-10-28,MSFT,GSPC,1.3591949003699761
2024-11-04,MSFT,d_rate,0.04039060900007855
2024-11-04,MSFT,d_credit,0.07822191275492088
2024-11-04,MSFT,r_vix,0.0053744498322329335
2024-11-04,MSFT,GSPC,1.3509695779916313
2024-11-11,MSFT,d_rate,0.0381236367406754
2024-11-11,MSFT,d_credit,0.07549075760820322
2024-11-11,MSFT,r_vix,0.006052132438156039
2024-11-11,MSFT,GSPC,1.353483362787466
2024-11-18,MSFT,d_rate,0.038543914049321344
2024-11-18,MSFT,d_credit,0.07838311154840694
2024-11-18,MSFT,r_vix,0.00852938621075513
2024-11-18,MSFT,GSPC,1.3583902328166175
2024-11-25,MSFT,d_rate,0.03023772411767953
2024-11-25,MSFT,d_credit,0.06958995611855548
2024-11-25,MSFT,r_vix,0.0026940383161246748
2024-11-25,MSFT,GSPC,1.3020948350977646
2024-12-02,MSFT,d_rate,0.02840070468786809
2024-12-02,MSFT,d_credit,0.06918074346405956
2024-12-02,MSFT,r_vix,-4.072980215111884e-4
2024-12-02,MSFT,GSPC,1.290424190645417
2024-12-09,MSFT,d_rate,0.015544677993810744
2024-12-09,MSFT,d_credit,0.035454704463922904
2024-12-09,MSFT,r_vix,0.00896436386465962
2024-12-09,MSFT,GSPC,1.334301272903834
2024-12-16,MSFT,d_rate,0.01570103010708176
2024-12-16,MSFT,d_credit,0.03580064818221985
2024-12-16,MSFT,r_vix,0.009190792667659353
2024-12-16,MSFT,GSPC,1.3355363520529608
2024-12-23,MSFT,d_rate,0.016058910569898954
2024-12-23,MSFT,d_credit,0.040842095551085325
2024-12-23,MSFT,r_vix,0.016538949996805982
2024-12-23,MSFT,GSPC,1.3892946120202394
2024-12-30,MSFT,d_rate,0.017101218088165122
2024-12-30,MSFT,d_credit,0.040281556906726475
2024-12-30,MSFT,r_vix,0.01761590621669766
2024-12-30,MSFT,GSPC,1.3995252925634167
2025-01-06,MSFT,d_rate,0.025961395027050256
2025-01-06,MSFT,d_credit,0.05317299363833206
2025-01-06,MSFT,r_vix,0.014965250843945834
2025-01-06,MSFT,GSPC,1.346855859529737
2025-01-13,MSFT,d_rate,0.022114783727570714
2025-01-13,MSFT,d_credit,0.048226157686136424
2025-01-13,MSFT,r_vix,0.011425361041508734
2025-01-13,MSFT,GSPC,1.2951184411083458
2025-01-20,MSFT,d_rate,0.02211688779782768
2025-01-20,MSFT,d_credit,0.04434754885164153
2025-01-20,MSFT,r_vix,0.0124094944574159
2025-01-20,MSFT,GSPC,1.3134924699385355
2025-01-27,MSFT,d_rate,0.03227409956063489
2025-01-27,MSFT,d_credit,0.05562299533809898
2025-01-27,MSFT,r_vix,0.013396222898400438
2025-01-27,MSFT,GSPC,1.3892508291704226
2025-02-03,MSFT,d_rate,0.030121462211852905
2025-02-03,MSFT,d_credit,0.050801169418317194
2025-02-03,MSFT,r_vix,0.013369081883621254
2025-02-03,MSFT,GSPC,1.3791227477588568
2025-02-10,MSFT,d_rate,0.027491169484875313
2025-02-10,MSFT,d_credit,0.019697238259064106
2025-02-10,MSFT,r_vix,0.020498062858070737
2025-02-10,MSFT,GSPC,1.3818636588270148
2025-02-17,MSFT,d_rate,0.02363635995054137
2025-02-17,MSFT,d_credit,0.015635361802898876
2025-02-17,MSFT,r_vix,0.02386949187911528
2025-02-17,MSFT,GSPC,1.3646321758675832
2025-02-24,MSFT,d_rate,0.022725308005274544
2025-02-24,MSFT,d_credit,5.079672292495027e-4
2025-02-24,MSFT,r_vix,0.025967082344866232
2025-02-24,MSFT,GSPC,1.3729318558791137
2025-03-03,MSFT,d_rate,0.023723999808332306
2025-03-03,MSFT,d_credit,0.012891265273892274
2025-03-03,MSFT,r_vix,0.020568384809547053
2025-03-03,MSFT,GSPC,1.2764804234454783
2025-03-10,MSFT,d_rate,0.023970197494862865
2025-03-10,MSFT,d_credit,0.05727744304781801
2025-03-10,MSFT,r_vix,0.007867211178920933
2025-03-10,MSFT,GSPC,1.1965604746931686
2025-03-17,MSFT,d_rate,0.02267368187446522
2025-03-17,MSFT,d_credit,0.05225584623204352
2025-03-17,MSFT,r_vix,0.0058829367799563825
2025-03-17,MSFT,GSPC,1.169834351932028
2025-03-24,MSFT,d_rate,0.019663391259778295
2025-03-24,MSFT,d_credit,0.039037900946166514
2025-03-24,MSFT,r_vix,0.006709812251261568
2025-03-24,MSFT,GSPC,1.1762779821387643
2025-03-31,MSFT,d_rate,-0.004052145575661982
2025-03-31,MSFT,d_credit,0.04507303756246935
2025-03-31,MSFT,r_vix,-0.021738550833719318
2025-03-31,MSFT,GSPC,0.8062723866901458
2025-04-07,MSFT,d_rate,0.019033944836775656
2025-04-07,MSFT,d_credit,0.1150166379936775
2025-04-07,MSFT,r_vix,-0.014064369342449897
2025-04-07,MSFT,GSPC,0.9899038211347113
2025-04-14,MSFT,d_rate,0.02633860513098182
2025-04-14,MSFT,d_credit,0.13314364863962802
2025-04-14,MSFT,r_vix,-0.012867139344361449
2025-04-14,MSFT,GSPC,1.0077311419442085
2025-04-21,MSFT,d_rate,0.015780010760118722
2025-04-21,MSFT,d_credit,0.10744280345152213
2025-04-21,MSFT,r_vix,-0.021542464375151053
2025-04-21,MSFT,GSPC,0.9752984950110458
2025-04-28,MSFT,d_rate,0.041444286644932236
2025-04-28,MSFT,d_credit,0.23340128121293832
2025-04-28,MSFT,r_vix,-0.021249666228474656
2025-04-28,MSFT,GSPC,1.1773394816468536
2025-05-05,MSFT,d_rate,0.0418627464201362
2025-05-05,MSFT,d_credit,0.23022873890583512
2025-05-05,MSFT,r_vix,-0.023855480523636483
2025-05-05,MSFT,GSPC,1.1537636369587478
2025-05-12,MSFT,d_rate,0.042302738729586876
2025-05-12,MSFT,d_credit,0.23390859165846
2025-05-12,MSFT,r_vix,-0.025649167400059073
2025-05-12,MSFT,GSPC,1.1274725032682817
2025-05-19,MSFT,d_rate,0.045596814123742536
2025-05-19,MSFT,d_credit,0.2523989411481576
2025-05-19,MSFT,r_vix,-0.023714390415475555
2025-05-19,MSFT,GSPC,1.1515016386003636
2025-05-26,MSFT,d_rate,0.04297473580833792
2025-05-26,MSFT,d_credit,0.23758531666114427
2025-05-26,MSFT,r_vix,-0.02306339941739765
2025-05-26,MSFT,GSPC,1.1389041911868867
2025-06-02,MSFT,d_rate,0.04028652947371231
2025-06-02,MSFT,d_credit,0.20418177279223929
2025-06-02,MSFT,r_vix,-0.02229010782383182
2025-06-02,MSFT,GSPC,1.1084045473965056
2025-06-09,MSFT,d_rate,0.040681003721396485
2025-06-09,MSFT,d_credit,0.18380086567589232
2025-06-09,MSFT,r_vix,-0.01979239274760992
2025-06-09,MSFT,GSPC,1.0838486204788746
2025-06-16,MSFT,d_rate,0.03966017451651978
2025-06-16,MSFT,d_credit,0.1808948093401308
2025-06-16,MSFT,r_vix,-0.020783192623613264
2025-06-16,MSFT,GSPC,1.0730215728469323
2025-06-23,MSFT,d_rate,0.04179510134877258
2025-06-23,MSFT,d_credit,0.18117975151523746
2025-06-23,MSFT,r_vix,-0.022509753722993797
2025-06-23,MSFT,GSPC,1.0572439725924285
2025-06-30,MSFT,d_rate,0.04566442545084574
2025-06-30,MSFT,d_credit,0.17917709652745312
2025-06-30,MSFT,r_vix,-0.03219038453785444
2025-06-30,MSFT,GSPC,0.9749700514940004
2025-07-07,MSFT,d_rate,0.04154022054832137
2025-07-07,MSFT,d_credit,0.16756548100556234
2025-07-07,MSFT,r_vix,-0.031486745616663966
2025-07-07,MSFT,GSPC,0.9710960467669122
2025-07-14,MSFT,d_rate,0.041192101393134666
2025-07-14,MSFT,d_credit,0.16238567546065097
2025-07-14,MSFT,r_vix,-0.027842226530774943
2025-07-14,MSFT,GSPC,0.9811129492312295
2025-07-21,MSFT,d_rate,0.04683485050821455
2025-07-21,MSFT,d_credit,0.1971078232177214
2025-07-21,MSFT,r_vix,-0.0354397170078512
2025-07-21,MSFT,GSPC,0.9650787463914509
2025-07-28,MSFT,d_rate,0.023948054658922916
2025-07-28,MSFT,d_credit,0.21272175305457186
2025-07-28,MSFT,r_vix,-0.0020520547187609568
2025-07-28,MSFT,GSPC,1.1436178370253995
2025-08-04,MSFT,d_rate,0.018813563856516544
2025-08-04,MSFT,d_credit,0.1954961890379502
2025-08-04,MSFT,r_vix,0.009162791171171851
2025-08-04,MSFT,GSPC,1.1753149506661038
2025-08-11,MSFT,d_rate,0.02028367654773653
2025-08-11,MSFT,d_credit,0.2042649914267566
2025-08-11,MSFT,r_vix,0.009204604526558437
2025-08-11,MSFT,GSPC,1.178326803776137
2025-08-18,MSFT,d_rate,0.015335861775742528
2025-08-18,MSFT,d_credit,0.18736035477903876
2025-08-18,MSFT,r_vix,0.02241277762387562
2025-08-18,MSFT,GSPC,1.2508199026179079
2025-08-25,MSFT,d_rate,0.014172275053418181
2025-08-25,MSFT,d_credit,0.17347112139302046
2025-08-25,MSFT,r_vix,0.02045975398665084
2025-08-25,MSFT,GSPC,1.224544975157969
2025-09-01,MSFT,d_rate,0.023761226581551692
2025-09-01,MSFT,d_credit,0.19407827177599568
2025-09-01,MSFT,r_vix,0.015924203231031567
2025-09-01,MSFT,GSPC,1.22270446794613
2025-09-08,MSFT,d_rate,0.01468218444026631
2025-09-08,MSFT,d_credit,0.1481828213358634
2025-09-08,MSFT,r_vix,0.028187134660370282
2025-09-08,MSFT,GSPC,1.2158042576731154
2025-09-15,MSFT,d_rate,0.014759111538662826
2025-09-15,MSFT,d_credit,0.14879710416195358
2025-09-15,MSFT,r_vix,0.028363639924300566
2025-09-15,MSFT,GSPC,1.2175047638567582
2025-09-22,MSFT,d_rate,0.01337265274352263
2025-09-22,MSFT,d_credit,0.14765690308608248
2025-09-22,MSFT,r_vix,0.03376720708356816
2025-09-22,MSFT,GSPC,1.2520780880664126
2025-09-29,MSFT,d_rate,0.017887805875526124
2025-09-29,MSFT,d_credit,0.12021539883616425
2025-09-29,MSFT,r_vix,0.0390974108790116
2025-09-29,MSFT,GSPC,1.2443596441446487
2025-10-06,MSFT,d_rate,0.018733797298593386
2025-10-06,MSFT,d_credit,0.11646568682220035
2025-10-06,MSFT,r_vix,0.04349919445494468
2025-10-06,MSFT,GSPC,1.2683666053369007
2025-10-13,MSFT,d_rate,0.020109096202149363
2025-10-13,MSFT,d_credit,0.11935308645617732
2025-10-13,MSFT,r_vix,0.04145950933454172
2025-10-13,MSFT,GSPC,1.2536509045590412
2025-10-20,MSFT,d_rate,0.01284495642907134
2025-10-20,MSFT,d_credit,0.12288380239471428
2025-10-20,MSFT,r_vix,0.03602149053941863
2025-10-20,MSFT,GSPC,1.246797920515046
2025-10-27,MSFT,d_rate,0.008702019484015345
2025-10-27,MSFT,d_credit,0.07771515434791405
2025-10-27,MSFT,r_vix,0.03253776871671443
2025-10-27,MSFT,GSPC,1.1509828575365357
2025-11-03,MSFT,d_rate,0.004053941971414479
2025-11-03,MSFT,d_credit,0.05780786262682067
2025-11-03,MSFT,r_vix,0.03438915553913795
2025-11-03,MSFT,GSPC,1.1651221489900518
2025-11-10,MSFT,d_rate,0.005797065208447599
2025-11-10,MSFT,d_credit,0.06300432366754208
2025-11-10,MSFT,r_vix,0.035420092579498075
2025-11-10,MSFT,GSPC,1.1761539816805215
2025-11-17,MSFT,d_rate,0.01217111177779544
2025-11-17,MSFT,d_credit,0.06576127277659007
2025-11-17,MSFT,r_vix,0.029068395702964392
2025-11-17,MSFT,GSPC,1.189371311617849
2025-11-24,MSFT,d_rate,0.015594199370626963
2025-11-24,MSFT,d_credit,0.06865912458487969
2025-11-24,MSFT,r_vix,0.02561059782137529
2025-11-24,MSFT,GSPC,1.180181755780998
2025-12-01,MSFT,d_rate,0.01613433381824775
2025-12-01,MSFT,d_credit,0.08878701334144103
2025-12-01,MSFT,r_vix,0.027566654027572576
2025-12-01,MSFT,GSPC,1.2091017043331598
2025-12-08,MSFT,d_rate,0.008248733987013153
2025-12-08,MSFT,d_credit,0.08296180138815412
2025-12-08,MSFT,r_vix,0.028825041073124235
2025-12-08,MSFT,GSPC,1.220585872767476
2025-12-15,MSFT,d_rate,0.009505487637956427
2025-12-15,MSFT,d_credit,0.07878277293561398
2025-12-15,MSFT,r_vix,0.029681116705183835
2025-12-15,MSFT,GSPC,1.211371636523064
2025-12-22,MSFT,d_rate,0.01421189232534503
2025-12-22,MSFT,d_credit,0.07831057655267934
2025-12-22,MSFT,r_vix,0.02524437666994509
2025-12-22,MSFT,GSPC,1.178692808780284
2025-12-29,MSFT,d_rate,0.013212176072313486
2025-12-29,MSFT,d_credit,0.09142041505701518
2025-12-29,MSFT,r_vix,0.023925001252971995
2025-12-29,MSFT,GSPC,1.1948551861866454
2026-01-05,MSFT,d_rate,0.009415993873771135
2026-01-05,MSFT,d_credit,0.09671318533809711
2026-01-05,MSFT,r_vix,0.02244838183573101
2026-01-05,MSFT,GSPC,1.2052532881714626
2026-01-12,MSFT,d_rate,0.00654484570722235
2026-01-12,MSFT,d_credit,0.1418968421574228
2026-01-12,MSFT,r_vix,0.014634040781459537
2026-01-12,MSFT,GSPC,1.243493354705971
2026-01-19,MSFT,d_rate,0.006334720766697609
2026-01-19,MSFT,d_credit,0.13557495675049122
2026-01-19,MSFT,r_vix,0.013414120694046286
2026-01-19,MSFT,GSPC,1.2123899300649539
2026-01-26,MSFT,d_rate,-0.00372773751833031
2026-01-26,MSFT,d_credit,0.12231600277490234
2026-01-26,MSFT,r_vix,0.0023582315671933124
2026-01-26,MSFT,GSPC,1.1151526868654693
2026-02-02,MSFT,d_rate,-0.0036046259242191393
2026-02-02,MSFT,d_credit,0.09972403492644061
2026-02-02,MSFT,r_vix,0.003357689063869686
2026-02-02,MSFT,GSPC,1.0955254418065359
2026-02-09,MSFT,d_rate,-0.0073523660057061195
2026-02-09,MSFT,d_credit,0.10879953172451438
2026-02-09,MSFT,r_vix,0.0028449440958683092
2026-02-09,MSFT,GSPC,1.112032096288323
2026-02-16,MSFT,d_rate,-0.006445064156211976
2026-02-16,MSFT,d_credit,0.11596398403957434
2026-02-16,MSFT,r_vix,-0.0017299703892777456
2026-02-16,MSFT,GSPC,1.1047504401079333
2026-02-23,MSFT,d_rate,-0.013490875261416851
2026-02-23,MSFT,d_credit,0.1077394651722065
2026-02-23,MSFT,r_vix,2.4574236052638067e-5
2026-02-23,MSFT,GSPC,1.10546159730342
2026-03-02,MSFT,d_rate,-0.005408037298164535
2026-03-02,MSFT,d_credit,0.03963847614524204
2026-03-02,MSFT,r_vix,0.04078908700174341
2026-03-02,MSFT,GSPC,1.2087449111847972
2026-03-09,MSFT,d_rate,-0.01492381614732511
2026-03-09,MSFT,d_credit,0.027016089119378042
2026-03-09,MSFT,r_vix,0.056141555405119045
2026-03-09,MSFT,GSPC,1.3204444357739047
2026-03-16,MSFT,d_rate,-0.015088281078237243
2026-03-16,MSFT,d_credit,0.025392227155630425
2026-03-16,MSFT,r_vix,0.05903742375883958
2026-03-16,MSFT,GSPC,1.3367198020096345
2026-03-23,MSFT,d_rate,-0.01691108059511844
2026-03-23,MSFT,d_credit,0.04764155117474969
2026-03-23,MSFT,r_vix,0.0583843539740968
2026-03-23,MSFT,GSPC,1.391973328687018
2026-03-30,MSFT,d_rate,0.005137722682781109
2026-03-30,MSFT,d_credit,0.022090872953148877
2026-03-30,MSFT,r_vix,0.07690419184852074
2026-03-30,MSFT,GSPC,1.727334898971731
2026-04-06,MSFT,d_rate,0.0063037126486229595
2026-04-06,MSFT,d_credit,0.025827800788427516
2026-04-06,MSFT,r_vix,0.08599956946614755
2026-04-06,MSFT,GSPC,1.745059888606015
2026-04-13,MSFT,d_rate,0.011047650937577484
2026-04-13,MSFT,d_credit,0.05182166647151287
2026-04-13,MSFT,r_vix,0.10345487497607363
2026-04-13,MSFT,GSPC,2.0178943732519152
2026-04-20,MSFT,d_rate,0.03211332524569827
2026-04-20,MSFT,d_credit,0.07280621998177399
2026-04-20,MSFT,r_vix,0.11180449860628174
2026-04-20,MSFT,GSPC,2.0387511061079477
2026-04-27,MSFT,d_rate,-0.014008281591012835
2026-04-27,MSFT,d_credit,-0.033910130734985736
2026-04-27,MSFT,r_vix,0.10605448153975146
2026-04-27,MSFT,GSPC,1.757442318964659
2026-05-04,MSFT,d_rate,-0.01475872024752727
2026-05-04,MSFT,d_credit,-0.02259140212309055
2026-05-04,MSFT,r_vix,0.10233944707833055
2026-05-04,MSFT,GSPC,1.7277874393477313
2026-05-11,MSFT,d_rate,0.004979439227992965
2026-05-11,MSFT,d_credit,-0.01253706807768608
2026-05-11,MSFT,r_vix,0.10881275228813574
2026-05-11,MSFT,GSPC,1.8569669993645956
2026-05-18,MSFT,d_rate,-0.002291003324073684
2026-05-18,MSFT,d_credit,-0.026269842312924882
2026-05-18,MSFT,r_vix,0.10666045712185827
2026-05-18,MSFT,GSPC,1.8720879084169724
2026-05-25,MSFT,d_rate,-0.018336452140654814
2026-05-25,MSFT,d_credit,-0.028166996284854178
2026-05-25,MSFT,r_vix,0.10447358993248253
2026-05-25,MSFT,GSPC,1.8736314546261716
2026-06-01,MSFT,d_rate,-0.01794931072457197
2026-06-01,MSFT,d_credit,0.03823493811718632
2026-06-01,MSFT,r_vix,0.09118845091199565
2026-06-01,MSFT,GSPC,1.9431356489691891
2026-06-08,MSFT,d_rate,-0.0057656879929044984
2026-06-08,MSFT,d_credit,0.03453497431221746
2026-06-08,MSFT,r_vix,0.10703289177723185
2026-06-08,MSFT,GSPC,2.0551885588433465
2026-06-15,MSFT,d_rate,-0.004599911764944101
2026-06-15,MSFT,d_credit,0.030410779340441063
2026-06-15,MSFT,r_vix,0.10988149614753664
2026-06-15,MSFT,GSPC,2.070519862450652
2026-06-22,MSFT,d_rate,-0.01497762389600494
2026-06-22,MSFT,d_credit,0.019129719440918312
2026-06-22,MSFT,r_vix,0.10686452053378252
2026-06-22,MSFT,GSPC,1.9790402968159875
2026-06-29,MSFT,d_rate,-0.008094431764883132
2026-06-29,MSFT,d_credit,0.03987404164813247
2026-06-29,MSFT,r_vix,0.11021629304069253
2026-06-29,MSFT,GSPC,2.089405422958102
2026-07-06,MSFT,d_rate,-0.03131832320953456
2026-07-06,MSFT,d_credit,0.04602947794067859
2026-07-06,MSFT,r_vix,0.11777077350221282
2026-07-06,MSFT,GSPC,2.140319691877171
2026-07-13,MSFT,d_rate,-0.035569736018453674
2026-07-13,MSFT,d_credit,0.03747831656324514
2026-07-13,MSFT,r_vix,0.12407760587292792
2026-07-13,MSFT,GSPC,2.1169053547004535
2026-07-20,MSFT,d_rate,-0.035498701805174136
2026-07-20,MSFT,d_credit,0.03765681518128109
2026-07-20,MSFT,r_vix,0.12409385493147453
2026-07-20,MSFT,GSPC,2.1169625867503425
2026-07-27,MSFT,d_rate,0.04933023473057033
2026-07-27,MSFT,d_credit,0.2047386802424597
2026-07-27,MSFT,r_vix,0.0817758707851218
2026-07-27,MSFT,GSPC,2.222459820509681
2026-08-03,MSFT,d_rate,0.052128236926491295
2026-08-03,MSFT,d_credit,0.21450144634265625
2026-08-03,MSFT,r_vix,0.07743717367487743
2026-08-03,MSFT,GSPC,2.26915763171592
2026-08-10,MSFT,d_rate,0.04923040867837342
2026-08-10,MSFT,d_credit,0.19740297835815063
2026-08-10,MSFT,r_vix,0.07892778682846441
2026-08-10,MSFT,GSPC,2.265624843261715
2026-08-17,MSFT,d_rate,0.04377393762482927
2026-08-17,MSFT,d_credit,0.18353445956864986
2026-08-17,MSFT,r_vix,0.07359295178111884
2026-08-17,MSFT,GSPC,2.1878750164652607
2015-12-28,NVDA,d_rate,0.01350725397729422
2015-12-28,NVDA,d_credit,-0.09728014566254034
2015-12-28,NVDA,r_vix,-0.00805613275543894
2015-12-28,NVDA,GSPC,1.36213375481455
2016-01-04,NVDA,d_rate,0.01059680118271242
2016-01-04,NVDA,d_credit,-0.10111449848234189
2016-01-04,NVDA,r_vix,0.0030201382485416923
2016-01-04,NVDA,GSPC,1.5072652095477006
2016-01-11,NVDA,d_rate,0.015650274006365424
2016-01-11,NVDA,d_credit,-0.126434170882529
2016-01-11,NVDA,r_vix,0.02365977564879568
2016-01-11,NVDA,GSPC,1.6776763845407912
2016-01-18,NVDA,d_rate,0.01889033426894638
2016-01-18,NVDA,d_credit,-0.11323088900254023
2016-01-18,NVDA,r_vix,0.017923170044299466
2016-01-18,NVDA,GSPC,1.6590830116117963
2016-01-25,NVDA,d_rate,0.007014699047338288
2016-01-25,NVDA,d_credit,-0.1398690366496515
2016-01-25,NVDA,r_vix,0.02650518610527136
2016-01-25,NVDA,GSPC,1.6599123439625518
2016-02-01,NVDA,d_rate,0.015156176787084644
2016-02-01,NVDA,d_credit,-0.1342690485103688
2016-02-01,NVDA,r_vix,0.03540401899664328
2016-02-01,NVDA,GSPC,1.803870087190948
2016-02-08,NVDA,d_rate,0.011338579585094917
2016-02-08,NVDA,d_credit,-0.14463655851622675
2016-02-08,NVDA,r_vix,0.03731584720258398
2016-02-08,NVDA,GSPC,1.7672482738568784
2016-02-15,NVDA,d_rate,0.00230114639812772
2016-02-15,NVDA,d_credit,-0.20675545491433062
2016-02-15,NVDA,r_vix,0.0393975739279761
2016-02-15,NVDA,GSPC,1.897762409282194
2016-02-22,NVDA,d_rate,-0.008611035295285946
2016-02-22,NVDA,d_credit,-0.23239150294762717
2016-02-22,NVDA,r_vix,0.03446780605262854
2016-02-22,NVDA,GSPC,1.8525187224098347
2016-02-29,NVDA,d_rate,-0.02061965771895119
2016-02-29,NVDA,d_credit,-0.1755951098053062
2016-02-29,NVDA,r_vix,0.022554865992324633
2016-02-29,NVDA,GSPC,1.8028434167294856
2016-03-07,NVDA,d_rate,-0.0025023254797161315
2016-03-07,NVDA,d_credit,-0.0774189510157064
2016-03-07,NVDA,r_vix,0.00808669196027242
2016-03-07,NVDA,GSPC,1.762279199711654
2016-03-14,NVDA,d_rate,-0.016361513895293306
2016-03-14,NVDA,d_credit,-0.08700708398171035
2016-03-14,NVDA,r_vix,0.004320987589001078
2016-03-14,NVDA,GSPC,1.774137276623185
2016-03-21,NVDA,d_rate,-0.010038893795517713
2016-03-21,NVDA,d_credit,-0.09241247346681718
2016-03-21,NVDA,r_vix,0.004867571173686365
2016-03-21,NVDA,GSPC,1.693229862312214
2016-03-28,NVDA,d_rate,-0.014398947561547916
2016-03-28,NVDA,d_credit,-0.08780907940475899
2016-03-28,NVDA,r_vix,0.006344077409145556
2016-03-28,NVDA,GSPC,1.717589557539981
2016-04-04,NVDA,d_rate,-0.01778657081233553
2016-04-04,NVDA,d_credit,-0.07863026851664429
2016-04-04,NVDA,r_vix,0.010426314766232356
2016-04-04,NVDA,GSPC,1.7369958783194133
2016-04-11,NVDA,d_rate,-0.022158858084646897
2016-04-11,NVDA,d_credit,-0.08353498257725815
2016-04-11,NVDA,r_vix,0.012926895838259773
2016-04-11,NVDA,GSPC,1.7421343609406794
2016-04-18,NVDA,d_rate,-0.020623099400587024
2016-04-18,NVDA,d_credit,-0.04240436169177664
2016-04-18,NVDA,r_vix,0.0099064437667709
2016-04-18,NVDA,GSPC,1.7981069395713543
2016-04-25,NVDA,d_rate,-0.04195210495733298
2016-04-25,NVDA,d_credit,-0.06304657633274684
2016-04-25,NVDA,r_vix,0.0038704402783140213
2016-04-25,NVDA,GSPC,1.7776185139798115
2016-05-02,NVDA,d_rate,-0.01847765896026629
2016-05-02,NVDA,d_credit,-0.020763836348627253
2016-05-02,NVDA,r_vix,0.02015401685785303
2016-05-02,NVDA,GSPC,1.9230632454832313
2016-05-09,NVDA,d_rate,-0.03995300282321492
2016-05-09,NVDA,d_credit,-0.022914125223363196
2016-05-09,NVDA,r_vix,0.017164274448668554
2016-05-09,NVDA,GSPC,1.9035766396552674
2016-05-16,NVDA,d_rate,-0.011492765978389302
2016-05-16,NVDA,d_credit,-0.009578351250991171
2016-05-16,NVDA,r_vix,0.025100970583506445
2016-05-16,NVDA,GSPC,1.941802856199024
2016-05-23,NVDA,d_rate,0.005411905785721918
2016-05-23,NVDA,d_credit,0.014727935159064665
2016-05-23,NVDA,r_vix,0.011989393243374925
2016-05-23,NVDA,GSPC,1.867980037730456
2016-05-30,NVDA,d_rate,0.003319047953524504
2016-05-30,NVDA,d_credit,0.013713763307260169
2016-05-30,NVDA,r_vix,0.011797950487854673
2016-05-30,NVDA,GSPC,1.8695391306333213
2016-06-06,NVDA,d_rate,0.005767105969228529
2016-06-06,NVDA,d_credit,0.019733865064558556
2016-06-06,NVDA,r_vix,-0.0035258525895140234
2016-06-06,NVDA,GSPC,1.7785232197424572
2016-06-13,NVDA,d_rate,0.0077136235507626215
2016-06-13,NVDA,d_credit,0.018361981801209494
2016-06-13,NVDA,r_vix,-0.0018384388710104799
2016-06-13,NVDA,GSPC,1.7740543627910115
2016-06-20,NVDA,d_rate,0.07277244478065054
2016-06-20,NVDA,d_credit,0.055064474626768986
2016-06-20,NVDA,r_vix,-0.006285129814963326
2016-06-20,NVDA,GSPC,1.6865970657905769
2016-06-27,NVDA,d_rate,0.09998600020190615
2016-06-27,NVDA,d_credit,0.08703410114793574
2016-06-27,NVDA,r_vix,0.0054214907077046225
2016-06-27,NVDA,GSPC,1.719153668838351
2016-07-04,NVDA,d_rate,0.07135658279840199
2016-07-04,NVDA,d_credit,0.07690080202482677
2016-07-04,NVDA,r_vix,0.027201137234090834
2016-07-04,NVDA,GSPC,1.925251837654233
2016-07-11,NVDA,d_rate,0.05243580346805601
2016-07-11,NVDA,d_credit,0.07680306936441154
2016-07-11,NVDA,r_vix,0.011161645979446251
2016-07-11,NVDA,GSPC,1.8693251838489413
2016-07-18,NVDA,d_rate,0.0508044028037885
2016-07-18,NVDA,d_credit,0.07451086921869161
2016-07-18,NVDA,r_vix,0.010846401902749632
2016-07-18,NVDA,GSPC,1.8595425197104267
2016-07-25,NVDA,d_rate,0.04543898091637671
2016-07-25,NVDA,d_credit,0.08851970313430313
2016-07-25,NVDA,r_vix,0.008166974562754233
2016-07-25,NVDA,GSPC,1.8800269726163867
2016-08-01,NVDA,d_rate,0.046755533817907834
2016-08-01,NVDA,d_credit,0.13420632014374098
2016-08-01,NVDA,r_vix,0.0019857740588787288
2016-08-01,NVDA,GSPC,1.9999509120199312
2016-08-08,NVDA,d_rate,0.03402529338545104
2016-08-08,NVDA,d_credit,0.1258437460929295
2016-08-08,NVDA,r_vix,0.005727887849139308
2016-08-08,NVDA,GSPC,2.0349963415805328
2016-08-15,NVDA,d_rate,0.029085631831138707
2016-08-15,NVDA,d_credit,0.1287614627521458
2016-08-15,NVDA,r_vix,0.0069466937060844725
2016-08-15,NVDA,GSPC,2.060411837477009
2016-08-22,NVDA,d_rate,0.02095628698108385
2016-08-22,NVDA,d_credit,0.1187925498722139
2016-08-22,NVDA,r_vix,0.006736719966241523
2016-08-22,NVDA,GSPC,2.0511718213101378
2016-08-29,NVDA,d_rate,0.02109936539740952
2016-08-29,NVDA,d_credit,0.11946548476021757
2016-08-29,NVDA,r_vix,0.014715329846064381
2016-08-29,NVDA,GSPC,2.1204995300250147
2016-09-05,NVDA,d_rate,0.015468957239875491
2016-09-05,NVDA,d_credit,0.11355627159076567
2016-09-05,NVDA,r_vix,0.001904411776984528
2016-09-05,NVDA,GSPC,2.077983545120135
2016-09-12,NVDA,d_rate,0.022037075807681106
2016-09-12,NVDA,d_credit,0.12301020715252817
2016-09-12,NVDA,r_vix,-0.00188868561351977
2016-09-12,NVDA,GSPC,2.0646917315158393
2016-09-19,NVDA,d_rate,0.016879882675438662
2016-09-19,NVDA,d_credit,0.11645443717721765
2016-09-19,NVDA,r_vix,0.0016586799213234372
2016-09-19,NVDA,GSPC,2.1011851907584984
2016-09-26,NVDA,d_rate,0.015666672448860813
2016-09-26,NVDA,d_credit,0.12637064263067166
2016-09-26,NVDA,r_vix,0.007176134930154888
2016-09-26,NVDA,GSPC,2.1613748104911865
2016-10-03,NVDA,d_rate,0.01597631928701909
2016-10-03,NVDA,d_credit,0.13426629087716976
2016-10-03,NVDA,r_vix,0.010363738825798332
2016-10-03,NVDA,GSPC,2.2557184075387915
2016-10-10,NVDA,d_rate,0.01734801228844037
2016-10-10,NVDA,d_credit,0.12457337366019446
2016-10-10,NVDA,r_vix,0.012266982387219494
2016-10-10,NVDA,GSPC,2.244786511116605
2016-10-17,NVDA,d_rate,0.018493559183530354
2016-10-17,NVDA,d_credit,0.12368144607879832
2016-10-17,NVDA,r_vix,0.017045315624518973
2016-10-17,NVDA,GSPC,2.3144643945285166
2016-10-24,NVDA,d_rate,0.035344066491912844
2016-10-24,NVDA,d_credit,0.12869523561333573
2016-10-24,NVDA,r_vix,0.027164749818339204
2016-10-24,NVDA,GSPC,2.3687785324762243
2016-10-31,NVDA,d_rate,-0.0013118312382713407
2016-10-31,NVDA,d_credit,0.08822104238680485
2016-10-31,NVDA,r_vix,0.021179645829384856
2016-10-31,NVDA,GSPC,2.284938384027526
2016-11-07,NVDA,d_rate,0.02443598496265734
2016-11-07,NVDA,d_credit,0.20586579315143286
2016-11-07,NVDA,r_vix,-0.021599679758549133
2016-11-07,NVDA,GSPC,2.4825067161643237
2016-11-14,NVDA,d_rate,0.04888972258361258
2016-11-14,NVDA,d_credit,0.21697897851613815
2016-11-14,NVDA,r_vix,-0.028097768754889015
2016-11-14,NVDA,GSPC,2.5376335176267397
2016-11-21,NVDA,d_rate,0.04860625677915553
2016-11-21,NVDA,d_credit,0.2240606714238674
2016-11-21,NVDA,r_vix,-0.034331783766159224
2016-11-21,NVDA,GSPC,2.467746100087151
2016-11-28,NVDA,d_rate,0.0470863952006327
2016-11-28,NVDA,d_credit,0.26868582403984775
2016-11-28,NVDA,r_vix,-0.03625599985496504
2016-11-28,NVDA,GSPC,2.564177099093659
2016-12-05,NVDA,d_rate,0.03847410975765844
2016-12-05,NVDA,d_credit,0.21466163191706686
2016-12-05,NVDA,r_vix,-0.05101745844282851
2016-12-05,NVDA,GSPC,2.3476799527611902
2016-12-12,NVDA,d_rate,0.05426623220084895
2016-12-12,NVDA,d_credit,0.14575105483066336
2016-12-12,NVDA,r_vix,-0.061523407756487104
2016-12-12,NVDA,GSPC,2.1159431223597527
2016-12-19,NVDA,d_rate,0.0415454598091698
2016-12-19,NVDA,d_credit,0.1492268489063538
2016-12-19,NVDA,r_vix,-0.045884364338258134
2016-12-19,NVDA,GSPC,2.3356376939658747
2016-12-26,NVDA,d_rate,0.045924304098904314
2016-12-26,NVDA,d_credit,0.15053867930342107
2016-12-26,NVDA,r_vix,-0.05131626156334572
2016-12-26,NVDA,GSPC,2.296788997089327
2017-01-02,NVDA,d_rate,0.050744623532343026
2017-01-02,NVDA,d_credit,0.15844487166324606
2017-01-02,NVDA,r_vix,-0.01670763100245914
2017-01-02,NVDA,GSPC,2.634267601512151
2017-01-09,NVDA,d_rate,0.052355125723819
2017-01-09,NVDA,d_credit,0.1767889530290167
2017-01-09,NVDA,r_vix,-0.054850279387652225
2017-01-09,NVDA,GSPC,2.1563198872103384
2017-01-16,NVDA,d_rate,0.05829837253228418
2017-01-16,NVDA,d_credit,0.19555047347611207
2017-01-16,NVDA,r_vix,-0.06115609282550814
2017-01-16,NVDA,GSPC,2.151794349327165
2017-01-23,NVDA,d_rate,0.051699857295494214
2017-01-23,NVDA,d_credit,0.22654692625711842
2017-01-23,NVDA,r_vix,-0.05453479522058911
2017-01-23,NVDA,GSPC,2.3554581768553904
2017-01-30,NVDA,d_rate,0.04740016022619801
2017-01-30,NVDA,d_credit,0.2154602056290118
2017-01-30,NVDA,r_vix,-0.09070364406299923
2017-01-30,NVDA,GSPC,1.7677607509008495
2017-02-06,NVDA,d_rate,0.05180771353142342
2017-02-06,NVDA,d_credit,0.23826641556490202
2017-02-06,NVDA,r_vix,-0.10338473741162854
2017-02-06,NVDA,GSPC,1.5979471208587046
2017-02-13,NVDA,d_rate,0.052604977917137016
2017-02-13,NVDA,d_credit,0.2036463090895116
2017-02-13,NVDA,r_vix,-0.1705122572078458
2017-02-13,NVDA,GSPC,0.46128592584676686
2017-02-20,NVDA,d_rate,0.07237273943687889
2017-02-20,NVDA,d_credit,0.18968544770461368
2017-02-20,NVDA,r_vix,-0.18371186037029727
2017-02-20,NVDA,GSPC,0.2526937925471196
2017-02-27,NVDA,d_rate,0.04796580354073955
2017-02-27,NVDA,d_credit,0.1798914411668796
2017-02-27,NVDA,r_vix,-0.17432053701241154
2017-02-27,NVDA,GSPC,0.3583921355096153
2017-03-06,NVDA,d_rate,0.04231306198804429
2017-03-06,NVDA,d_credit,0.15247092331752976
2017-03-06,NVDA,r_vix,-0.16752146883376498
2017-03-06,NVDA,GSPC,0.41364088863619636
2017-03-13,NVDA,d_rate,0.044602324340300974
2017-03-13,NVDA,d_credit,0.1777978663212794
2017-03-13,NVDA,r_vix,-0.171995563302419
2017-03-13,NVDA,GSPC,0.38960447093329653
2017-03-20,NVDA,d_rate,0.03819294627886558
2017-03-20,NVDA,d_credit,0.17029406661920557
2017-03-20,NVDA,r_vix,-0.17543304031918835
2017-03-20,NVDA,GSPC,0.2913721078250522
2017-03-27,NVDA,d_rate,0.04613740940525872
2017-03-27,NVDA,d_credit,0.17560552718849903
2017-03-27,NVDA,r_vix,-0.18568371512717002
2017-03-27,NVDA,GSPC,0.12232530858886241
2017-04-03,NVDA,d_rate,0.050375679451256775
2017-04-03,NVDA,d_credit,0.17345923056192283
2017-04-03,NVDA,r_vix,-0.17777003181162265
2017-04-03,NVDA,GSPC,0.28084769224075234
2017-04-10,NVDA,d_rate,0.04466293193000872
2017-04-10,NVDA,d_credit,0.16658122457872732
2017-04-10,NVDA,r_vix,-0.143835531375003
2017-04-10,NVDA,GSPC,0.7551318255156944
2017-04-17,NVDA,d_rate,0.03257800586209223
2017-04-17,NVDA,d_credit,0.1477753299307477
2017-04-17,NVDA,r_vix,-0.11229318256937154
2017-04-17,NVDA,GSPC,1.1307632316753184
2017-04-24,NVDA,d_rate,0.020248719248885078
2017-04-24,NVDA,d_credit,0.12015518003593718
2017-04-24,NVDA,r_vix,-0.08979805231591217
2017-04-24,NVDA,GSPC,1.269790745089734
2017-05-01,NVDA,d_rate,0.01601546676617286
2017-05-01,NVDA,d_credit,0.12788128290604514
2017-05-01,NVDA,r_vix,-0.10156466075038391
2017-05-01,NVDA,GSPC,1.1152268084239372
2017-05-08,NVDA,d_rate,0.02802343375130996
2017-05-08,NVDA,d_credit,0.13232308988129388
2017-05-08,NVDA,r_vix,-0.12282015258181797
2017-05-08,NVDA,GSPC,0.8632310254810583
2017-05-15,NVDA,d_rate,-0.01071887924942165
2017-05-15,NVDA,d_credit,0.10993715299819061
2017-05-15,NVDA,r_vix,-0.10969374363381681
2017-05-15,NVDA,GSPC,0.9323258104475368
2017-05-22,NVDA,d_rate,-0.010744037038675498
2017-05-22,NVDA,d_credit,0.11257375778393199
2017-05-22,NVDA,r_vix,-0.10336875324783562
2017-05-22,NVDA,GSPC,1.0419413304632128
2017-05-29,NVDA,d_rate,-0.008419803508667363
2017-05-29,NVDA,d_credit,0.11356615010523656
2017-05-29,NVDA,r_vix,-0.10729313739400613
2017-05-29,NVDA,GSPC,0.9779641394646762
2017-06-05,NVDA,d_rate,-0.005720584024470346
2017-06-05,NVDA,d_credit,0.10624748896679903
2017-06-05,NVDA,r_vix,-0.10305028387598342
2017-06-05,NVDA,GSPC,0.9862344901114994
2017-06-12,NVDA,d_rate,-0.004075056013567783
2017-06-12,NVDA,d_credit,0.10551548765339515
2017-06-12,NVDA,r_vix,-0.10040056786107066
2017-06-12,NVDA,GSPC,1.044188953189622
2017-06-19,NVDA,d_rate,-0.002809793660888718
2017-06-19,NVDA,d_credit,0.11261707232057688
2017-06-19,NVDA,r_vix,-0.09906257192977803
2017-06-19,NVDA,GSPC,1.0532983469443629
2017-06-26,NVDA,d_rate,-0.06804104774044842
2017-06-26,NVDA,d_credit,0.01574182956757155
2017-06-26,NVDA,r_vix,-0.1118623020748434
2017-06-26,NVDA,GSPC,1.2140644269370786
2017-07-03,NVDA,d_rate,-0.042258815934135455
2017-07-03,NVDA,d_credit,0.07163278719180183
2017-07-03,NVDA,r_vix,-0.11616356400116064
2017-07-03,NVDA,GSPC,1.1413674594518095
2017-07-10,NVDA,d_rate,-0.05413841757161253
2017-07-10,NVDA,d_credit,0.0942352375867674
2017-07-10,NVDA,r_vix,-0.12886092696848728
2017-07-10,NVDA,GSPC,1.0927487924478276
2017-07-17,NVDA,d_rate,-0.04886645666158685
2017-07-17,NVDA,d_credit,0.10396732734351821
2017-07-17,NVDA,r_vix,-0.13014284096445236
2017-07-17,NVDA,GSPC,1.078761780334485
2017-07-24,NVDA,d_rate,-0.052650001150684786
2017-07-24,NVDA,d_credit,0.08854704666689152
2017-07-24,NVDA,r_vix,-0.1326613826573387
2017-07-24,NVDA,GSPC,1.0600431713579277
2017-07-31,NVDA,d_rate,-0.048308616256951195
2017-07-31,NVDA,d_credit,0.09450709580533095
2017-07-31,NVDA,r_vix,-0.1325240491456038
2017-07-31,NVDA,GSPC,1.0683671567769966
2017-08-07,NVDA,d_rate,-0.020289505864796477
2017-08-07,NVDA,d_credit,0.12447273189427
2017-08-07,NVDA,r_vix,-0.14793874060542658
2017-08-07,NVDA,GSPC,0.993463339930007
2017-08-14,NVDA,d_rate,-0.016619730690896888
2017-08-14,NVDA,d_credit,0.12474978522678508
2017-08-14,NVDA,r_vix,-0.15576646777716538
2017-08-14,NVDA,GSPC,0.8798907662806968
2017-08-21,NVDA,d_rate,-0.01588338872731728
2017-08-21,NVDA,d_credit,0.11782886887450879
2017-08-21,NVDA,r_vix,-0.13986503676695808
2017-08-21,NVDA,GSPC,1.0521898040853885
2017-08-28,NVDA,d_rate,-0.018493686275406457
2017-08-28,NVDA,d_credit,0.11807238778326283
2017-08-28,NVDA,r_vix,-0.14828070103379468
2017-08-28,NVDA,GSPC,0.9498029139277235
2017-09-04,NVDA,d_rate,-0.013535071457971184
2017-09-04,NVDA,d_credit,0.11662553611081806
2017-09-04,NVDA,r_vix,-0.15500275474822334
2017-09-04,NVDA,GSPC,0.9568322281151692
2017-09-11,NVDA,d_rate,-0.004844261870179224
2017-09-11,NVDA,d_credit,0.09648280844556391
2017-09-11,NVDA,r_vix,-0.15216426301426708
2017-09-11,NVDA,GSPC,1.0653660419342486
2017-09-18,NVDA,d_rate,-0.019540498130249117
2017-09-18,NVDA,d_credit,0.08680973223744885
2017-09-18,NVDA,r_vix,-0.15597446893873546
2017-09-18,NVDA,GSPC,1.080356551675232
2017-09-25,NVDA,d_rate,-0.020426235245783114
2017-09-25,NVDA,d_credit,0.08873721744692727
2017-09-25,NVDA,r_vix,-0.16625933614035565
2017-09-25,NVDA,GSPC,0.9631303016205569
2017-10-02,NVDA,d_rate,-0.013811082318980093
2017-10-02,NVDA,d_credit,0.08688151439368806
2017-10-02,NVDA,r_vix,-0.17290627580979298
2017-10-02,NVDA,GSPC,0.8283513802054767
2017-10-09,NVDA,d_rate,-0.040155434310359187
2017-10-09,NVDA,d_credit,0.05241558110406169
2017-10-09,NVDA,r_vix,-0.17480722637888296
2017-10-09,NVDA,GSPC,0.8196972945362083
2017-10-16,NVDA,d_rate,-0.053016189857268345
2017-10-16,NVDA,d_credit,0.03598906933521512
2017-10-16,NVDA,r_vix,-0.1889262905248875
2017-10-16,NVDA,GSPC,0.6717135603662784
2017-10-23,NVDA,d_rate,-0.10547347895283317
2017-10-23,NVDA,d_credit,-0.032588507619393886
2017-10-23,NVDA,r_vix,-0.20597761894172745
2017-10-23,NVDA,GSPC,0.6549915706023574
2017-10-30,NVDA,d_rate,-0.10686255164246192
2017-10-30,NVDA,d_credit,-0.04747413238996374
2017-10-30,NVDA,r_vix,-0.20737650476795016
2017-10-30,NVDA,GSPC,0.713062675813687
2017-11-06,NVDA,d_rate,-0.07683415522772691
2017-11-06,NVDA,d_credit,-0.08914387742659095
2017-11-06,NVDA,r_vix,-0.1486611288486436
2017-11-06,NVDA,GSPC,-0.026662711960966395
2017-11-13,NVDA,d_rate,-0.09761371900097912
2017-11-13,NVDA,d_credit,-0.05575218814636121
2017-11-13,NVDA,r_vix,-0.14589974370933775
2017-11-13,NVDA,GSPC,0.04846977646703433
2017-11-20,NVDA,d_rate,-0.09676206682242192
2017-11-20,NVDA,d_credit,-0.05898693446974114
2017-11-20,NVDA,r_vix,-0.13946942026475762
2017-11-20,NVDA,GSPC,0.12160805744246335
2017-11-27,NVDA,d_rate,-0.09449096252030374
2017-11-27,NVDA,d_credit,-0.06779063700934801
2017-11-27,NVDA,r_vix,-0.18561022950409908
2017-11-27,NVDA,GSPC,-0.7699824147472831
2017-12-04,NVDA,d_rate,-0.11643042518680956
2017-12-04,NVDA,d_credit,-0.1389030313450254
2017-12-04,NVDA,r_vix,-0.16021049137233337
2017-12-04,NVDA,GSPC,-0.7200859207458352
2017-12-11,NVDA,d_rate,-0.07949360603813438
2017-12-11,NVDA,d_credit,0.21226099062987186
2017-12-11,NVDA,r_vix,-0.18089276545060393
2017-12-11,NVDA,GSPC,-0.44782077146196386
2017-12-18,NVDA,d_rate,-0.036914317873291067
2017-12-18,NVDA,d_credit,0.300208553004667
2017-12-18,NVDA,r_vix,-0.17186538260946707
2017-12-18,NVDA,GSPC,-0.2875297589713394
2017-12-25,NVDA,d_rate,-0.04142154321352475
2017-12-25,NVDA,d_credit,0.30572567252062577
2017-12-25,NVDA,r_vix,-0.16959303110804813
2017-12-25,NVDA,GSPC,-0.35667232557036244
2018-01-01,NVDA,d_rate,-0.045020161365641236
2018-01-01,NVDA,d_credit,0.31720379470026466
2018-01-01,NVDA,r_vix,-0.17835855335054374
2018-01-01,NVDA,GSPC,0.3647340684758542
2018-01-08,NVDA,d_rate,-0.050996212323606356
2018-01-08,NVDA,d_credit,0.22876223901875573
2018-01-08,NVDA,r_vix,-0.15536759462654912
2018-01-08,NVDA,GSPC,0.6528198969458567
2018-01-15,NVDA,d_rate,-0.04371321993720065
2018-01-15,NVDA,d_credit,0.21679461857939708
2018-01-15,NVDA,r_vix,-0.14457719399658697
2018-01-15,NVDA,GSPC,0.7739979097711244
2018-01-22,NVDA,d_rate,-0.04659179090459763
2018-01-22,NVDA,d_credit,0.20813747568591012
2018-01-22,NVDA,r_vix,-0.13506673054468005
2018-01-22,NVDA,GSPC,0.9244386770914567
2018-01-29,NVDA,d_rate,-0.02108938567340129
2018-01-29,NVDA,d_credit,0.19521252565951133
2018-01-29,NVDA,r_vix,-0.128827558413692
2018-01-29,NVDA,GSPC,0.5517947179229957
2018-02-05,NVDA,d_rate,-0.020547432467300456
2018-02-05,NVDA,d_credit,0.23780458330609833
2018-02-05,NVDA,r_vix,-0.13014985564170883
2018-02-05,NVDA,GSPC,0.30233489630605187
2018-02-12,NVDA,d_rate,-0.031163249075517367
2018-02-12,NVDA,d_credit,0.20240927743700815
2018-02-12,NVDA,r_vix,-0.10809056133238973
2018-02-12,NVDA,GSPC,0.42900121642451544
2018-02-19,NVDA,d_rate,-0.06576545774278991
2018-02-19,NVDA,d_credit,0.19357810897860026
2018-02-19,NVDA,r_vix,-0.09531746136909768
2018-02-19,NVDA,GSPC,0.5690587524575659
2018-02-26,NVDA,d_rate,-0.05258182828056083
2018-02-26,NVDA,d_credit,0.15007161098916383
2018-02-26,NVDA,r_vix,-0.09476242329188732
2018-02-26,NVDA,GSPC,0.6218027541790766
2018-03-05,NVDA,d_rate,-0.0702108096545488
2018-03-05,NVDA,d_credit,0.07633607604800959
2018-03-05,NVDA,r_vix,-0.09462020935804027
2018-03-05,NVDA,GSPC,0.47521585883392276
2018-03-12,NVDA,d_rate,-0.0656085668451693
2018-03-12,NVDA,d_credit,0.05014033046098312
2018-03-12,NVDA,r_vix,-0.09371967630364425
2018-03-12,NVDA,GSPC,0.4469694244535134
2018-03-19,NVDA,d_rate,-0.06260839424605277
2018-03-19,NVDA,d_credit,0.04244358737740877
2018-03-19,NVDA,r_vix,-0.09034698954672819
2018-03-19,NVDA,GSPC,0.5787477914992062
2018-03-26,NVDA,d_rate,-0.0626301173857727
2018-03-26,NVDA,d_credit,0.0334074463141021
2018-03-26,NVDA,r_vix,-0.09782917538507616
2018-03-26,NVDA,GSPC,0.47622630563856877
2018-04-02,NVDA,d_rate,-0.035856381733375776
2018-04-02,NVDA,d_credit,0.13434465369968163
2018-04-02,NVDA,r_vix,-0.05944999955828852
2018-04-02,NVDA,GSPC,0.9279644821473715
2018-04-09,NVDA,d_rate,-0.03398739744507442
2018-04-09,NVDA,d_credit,0.11384453235998584
2018-04-09,NVDA,r_vix,-0.07279878403936643
2018-04-09,NVDA,GSPC,0.7979078393006953
2018-04-16,NVDA,d_rate,-0.03135279419791256
2018-04-16,NVDA,d_credit,0.06297680354285362
2018-04-16,NVDA,r_vix,-0.0831840711520703
2018-04-16,NVDA,GSPC,0.6453891481146994
2018-04-23,NVDA,d_rate,-0.028777102398855944
2018-04-23,NVDA,d_credit,0.05159761065124688
2018-04-23,NVDA,r_vix,-0.0845830833026721
2018-04-23,NVDA,GSPC,0.6448194997622287
2018-04-30,NVDA,d_rate,-0.019535383353759934
2018-04-30,NVDA,d_credit,0.08712550814262396
2018-04-30,NVDA,r_vix,-0.08889919518970608
2018-04-30,NVDA,GSPC,0.6362535241486755
2018-05-07,NVDA,d_rate,0.001247382078559282
2018-05-07,NVDA,d_credit,0.05988266733269783
2018-05-07,NVDA,r_vix,-0.07113477515381296
2018-05-07,NVDA,GSPC,0.8377889288950263
2018-05-14,NVDA,d_rate,0.02003243710884579
2018-05-14,NVDA,d_credit,0.04933807136984504
2018-05-14,NVDA,r_vix,-0.08275041390471032
2018-05-14,NVDA,GSPC,0.7709529527055328
2018-05-21,NVDA,d_rate,0.018460984692505424
2018-05-21,NVDA,d_credit,0.049678589829144484
2018-05-21,NVDA,r_vix,-0.08167094193663067
2018-05-21,NVDA,GSPC,0.7767819214327213
2018-05-28,NVDA,d_rate,0.015718325181963172
2018-05-28,NVDA,d_credit,0.06826633737489894
2018-05-28,NVDA,r_vix,-0.07965728594998374
2018-05-28,NVDA,GSPC,0.8163425239314327
2018-06-04,NVDA,d_rate,0.009328284227850855
2018-06-04,NVDA,d_credit,0.0793525839070877
2018-06-04,NVDA,r_vix,-0.08206046007289271
2018-06-04,NVDA,GSPC,0.8139804210943044
2018-06-11,NVDA,d_rate,0.010032251091109307
2018-06-11,NVDA,d_credit,0.07949122670530465
2018-06-11,NVDA,r_vix,-0.08205352339740606
2018-06-11,NVDA,GSPC,0.8138135609854178
2018-06-18,NVDA,d_rate,0.0041403919326531745
2018-06-18,NVDA,d_credit,0.001406462225001087
2018-06-18,NVDA,r_vix,-0.08628162292661017
2018-06-18,NVDA,GSPC,0.740036491967713
2018-06-25,NVDA,d_rate,0.04514717884504346
2018-06-25,NVDA,d_credit,-0.03758522899228564
2018-06-25,NVDA,r_vix,-0.08890041331646757
2018-06-25,NVDA,GSPC,0.6628092732796022
2018-07-02,NVDA,d_rate,0.042178881689081175
2018-07-02,NVDA,d_credit,-0.04115855965115378
2018-07-02,NVDA,r_vix,-0.08979162452056035
2018-07-02,NVDA,GSPC,0.6605230789071942
2018-07-09,NVDA,d_rate,0.07015858080247282
2018-07-09,NVDA,d_credit,-0.04702644490443342
2018-07-09,NVDA,r_vix,-0.08162896816605807
2018-07-09,NVDA,GSPC,0.6249678104066774
2018-07-16,NVDA,d_rate,0.07926907545865447
2018-07-16,NVDA,d_credit,-0.03389851371751641
2018-07-16,NVDA,r_vix,-0.08244568327161049
2018-07-16,NVDA,GSPC,0.624860722141336
2018-07-23,NVDA,d_rate,0.08448342048815237
2018-07-23,NVDA,d_credit,-0.018848373933022237
2018-07-23,NVDA,r_vix,-0.08070018103912074
2018-07-23,NVDA,GSPC,0.6457074967201625
2018-07-30,NVDA,d_rate,0.0880445714765156
2018-07-30,NVDA,d_credit,-0.019529043019317408
2018-07-30,NVDA,r_vix,-0.07822908185041905
2018-07-30,NVDA,GSPC,0.6569649514777125
2018-08-06,NVDA,d_rate,0.06639987120169272
2018-08-06,NVDA,d_credit,0.004391736453435427
2018-08-06,NVDA,r_vix,-0.05713744695593617
2018-08-06,NVDA,GSPC,0.8247558575582133
2018-08-13,NVDA,d_rate,0.06399105633119069
2018-08-13,NVDA,d_credit,-0.013965546864874974
2018-08-13,NVDA,r_vix,-0.04714554384936814
2018-08-13,NVDA,GSPC,0.8908235325119035
2018-08-20,NVDA,d_rate,0.03709637907972021
2018-08-20,NVDA,d_credit,-0.001532965691948478
2018-08-20,NVDA,r_vix,-0.047251473969689685
2018-08-20,NVDA,GSPC,0.9518839695987502
2018-08-27,NVDA,d_rate,0.03955972862493095
2018-08-27,NVDA,d_credit,-0.0014845163037582722
2018-08-27,NVDA,r_vix,-0.04240355404116166
2018-08-27,NVDA,GSPC,0.9836630116722742
2018-09-03,NVDA,d_rate,0.01048602707371443
2018-09-03,NVDA,d_credit,-0.010433765270486202
2018-09-03,NVDA,r_vix,-0.03309469417619503
2018-09-03,NVDA,GSPC,1.0628032341293543
2018-09-10,NVDA,d_rate,-0.03297060653365508
2018-09-10,NVDA,d_credit,0.031767595510925596
2018-09-10,NVDA,r_vix,-0.009988484907773794
2018-09-10,NVDA,GSPC,1.2462283787259978
2018-09-17,NVDA,d_rate,-0.04561858524907514
2018-09-17,NVDA,d_credit,0.05679769068277789
2018-09-17,NVDA,r_vix,-0.00874852196387643
2018-09-17,NVDA,GSPC,1.267691234561488
2018-09-24,NVDA,d_rate,-0.053159209384309486
2018-09-24,NVDA,d_credit,0.050481475455504084
2018-09-24,NVDA,r_vix,-0.01099654408113774
2018-09-24,NVDA,GSPC,1.2173591713914482
2018-10-01,NVDA,d_rate,-0.07143420262400503
2018-10-01,NVDA,d_credit,0.040081810050552946
2018-10-01,NVDA,r_vix,-0.011597199125489292
2018-10-01,NVDA,GSPC,1.2265221441535414
2018-10-08,NVDA,d_rate,-0.01704048093780154
2018-10-08,NVDA,d_credit,0.08551965335386232
2018-10-08,NVDA,r_vix,-0.02103695766418909
2018-10-08,NVDA,GSPC,1.2843937395516916
2018-10-15,NVDA,d_rate,-0.047344800993768685
2018-10-15,NVDA,d_credit,0.0256021121792574
2018-10-15,NVDA,r_vix,-0.0031997150260523652
2018-10-15,NVDA,GSPC,1.3787327886906362
2018-10-22,NVDA,d_rate,-0.02007674614345805
2018-10-22,NVDA,d_credit,-0.029319446812697433
2018-10-22,NVDA,r_vix,0.013061012959711035
2018-10-22,NVDA,GSPC,1.613730898443422
2018-10-29,NVDA,d_rate,0.0245127167222288
2018-10-29,NVDA,d_credit,0.018523884531377356
2018-10-29,NVDA,r_vix,0.006012005568430614
2018-10-29,NVDA,GSPC,1.6282486186669156
2018-11-05,NVDA,d_rate,0.048144796423757144
2018-11-05,NVDA,d_credit,0.04643244425235375
2018-11-05,NVDA,r_vix,-0.014190262407113132
2018-11-05,NVDA,GSPC,1.4281741340890786
2018-11-12,NVDA,d_rate,0.07692289212712083
2018-11-12,NVDA,d_credit,-0.2416201596038971
2018-11-12,NVDA,r_vix,-0.007788148838516262
2018-11-12,NVDA,GSPC,1.251041297322956
2018-11-19,NVDA,d_rate,0.07653737508526674
2018-11-19,NVDA,d_credit,-0.22491105513616866
2018-11-19,NVDA,r_vix,0.01091548356027466
2018-11-19,NVDA,GSPC,1.493059226550381
2018-11-26,NVDA,d_rate,0.032936799757091066
2018-11-26,NVDA,d_credit,-0.1497413522571779
2018-11-26,NVDA,r_vix,0.11988293993063509
2018-11-26,NVDA,GSPC,2.580407590681648
2018-12-03,NVDA,d_rate,0.03107073946917391
2018-12-03,NVDA,d_credit,-0.15379567444245792
2018-12-03,NVDA,r_vix,0.11306050396341927
2018-12-03,NVDA,GSPC,2.521945341479968
2018-12-10,NVDA,d_rate,0.021614234545067893
2018-12-10,NVDA,d_credit,-0.20000984270650168
2018-12-10,NVDA,r_vix,0.10628402238730476
2018-12-10,NVDA,GSPC,2.44215508807669
2018-12-17,NVDA,d_rate,0.016017623508281356
2018-12-17,NVDA,d_credit,-0.20647053181312527
2018-12-17,NVDA,r_vix,0.0946348160617789
2018-12-17,NVDA,GSPC,2.2819996489539816
2018-12-24,NVDA,d_rate,0.008179074274216637
2018-12-24,NVDA,d_credit,-0.21139271735750628
2018-12-24,NVDA,r_vix,0.09874131416178558
2018-12-24,NVDA,GSPC,2.313898492405979
2018-12-31,NVDA,d_rate,-0.009417162682323807
2018-12-31,NVDA,d_credit,-0.22059596773485945
2018-12-31,NVDA,r_vix,0.10205343082895828
2018-12-31,NVDA,GSPC,2.29486808608409
2019-01-07,NVDA,d_rate,-0.016184504980522894
2019-01-07,NVDA,d_credit,-0.2577848239677841
2019-01-07,NVDA,r_vix,0.11591070185901482
2019-01-07,NVDA,GSPC,2.4126690919794425
2019-01-14,NVDA,d_rate,-0.014965830447447936
2019-01-14,NVDA,d_credit,-0.25308739296794286
2019-01-14,NVDA,r_vix,0.11146301119602015
2019-01-14,NVDA,GSPC,2.371940482269597
2019-01-21,NVDA,d_rate,-0.022483240062815362
2019-01-21,NVDA,d_credit,-0.2689284001070079
2019-01-21,NVDA,r_vix,0.11331207006584043
2019-01-21,NVDA,GSPC,2.3807095450189344
2019-01-28,NVDA,d_rate,0.052903664240396116
2019-01-28,NVDA,d_credit,-0.17581793285497613
2019-01-28,NVDA,r_vix,0.08594393113631889
2019-01-28,NVDA,GSPC,2.1357634126168317
2019-02-04,NVDA,d_rate,0.008507831351192438
2019-02-04,NVDA,d_credit,-0.22869014958624817
2019-02-04,NVDA,r_vix,0.06092086725580781
2019-02-04,NVDA,GSPC,2.1640519978359505
2019-02-11,NVDA,d_rate,0.009206722333820387
2019-02-11,NVDA,d_credit,-0.22754128057196318
2019-02-11,NVDA,r_vix,0.05781339515264323
2019-02-11,NVDA,GSPC,2.1760056463930986
2019-02-18,NVDA,d_rate,0.00510412638708402
2019-02-18,NVDA,d_credit,-0.23606330002498166
2019-02-18,NVDA,r_vix,0.0649883651445232
2019-02-18,NVDA,GSPC,2.212753578516393
2019-02-25,NVDA,d_rate,-0.007135589141977509
2019-02-25,NVDA,d_credit,-0.23374135593393616
2019-02-25,NVDA,r_vix,0.06177911154860241
2019-02-25,NVDA,GSPC,2.216430479393923
2019-03-04,NVDA,d_rate,-0.015359645247499411
2019-03-04,NVDA,d_credit,-0.2333158458686609
2019-03-04,NVDA,r_vix,0.0636599305092686
2019-03-04,NVDA,GSPC,2.2283010788215036
2019-03-11,NVDA,d_rate,-0.01955366181246682
2019-03-11,NVDA,d_credit,-0.21034100012533585
2019-03-11,NVDA,r_vix,0.046385376671052796
2019-03-11,NVDA,GSPC,2.259040843833312
2019-03-18,NVDA,d_rate,-0.08190470624506462
2019-03-18,NVDA,d_credit,-0.2705630191716923
2019-03-18,NVDA,r_vix,0.06326594512500908
2019-03-18,NVDA,GSPC,2.5448405936077685
2019-03-25,NVDA,d_rate,-0.08467296736584005
2019-03-25,NVDA,d_credit,-0.2742409649764874
2019-03-25,NVDA,r_vix,0.08267601963133132
2019-03-25,NVDA,GSPC,2.686206876368861
2019-04-01,NVDA,d_rate,-0.08735383836132264
2019-04-01,NVDA,d_credit,-0.2890959525753586
2019-04-01,NVDA,r_vix,0.06370638478730954
2019-04-01,NVDA,GSPC,2.559732191906961
2019-04-08,NVDA,d_rate,-0.09069235342674856
2019-04-08,NVDA,d_credit,-0.2658617270076215
2019-04-08,NVDA,r_vix,0.07459630619901006
2019-04-08,NVDA,GSPC,2.6133094163618042
2019-04-15,NVDA,d_rate,-0.08622859464821281
2019-04-15,NVDA,d_credit,-0.2629501761684884
2019-04-15,NVDA,r_vix,0.07431819167303023
2019-04-15,NVDA,GSPC,2.6101516847869894
2019-04-22,NVDA,d_rate,-0.05597961169381078
2019-04-22,NVDA,d_credit,-0.21945110019007932
2019-04-22,NVDA,r_vix,0.042519102146854997
2019-04-22,NVDA,GSPC,2.3944333826534248
2019-04-29,NVDA,d_rate,-0.07151342222813711
2019-04-29,NVDA,d_credit,-0.2855925836238614
2019-04-29,NVDA,r_vix,0.06818559447944189
2019-04-29,NVDA,GSPC,2.5197660885080526
2019-05-06,NVDA,d_rate,-0.0707651270144192
2019-05-06,NVDA,d_credit,-0.28745132213740554
2019-05-06,NVDA,r_vix,0.06694366130687118
2019-05-06,NVDA,GSPC,2.508833009802905
2019-05-13,NVDA,d_rate,-0.06012682457738943
2019-05-13,NVDA,d_credit,-0.2932192652417329
2019-05-13,NVDA,r_vix,0.074879197405737
2019-05-13,NVDA,GSPC,2.5458887695460932
2019-05-20,NVDA,d_rate,-0.05031917576225906
2019-05-20,NVDA,d_credit,-0.2989893034194264
2019-05-20,NVDA,r_vix,0.08009954935542858
2019-05-20,NVDA,GSPC,2.563471669411862
2019-05-27,NVDA,d_rate,-0.05254112574741126
2019-05-27,NVDA,d_credit,-0.3149639785728235
2019-05-27,NVDA,r_vix,0.07765598743150517
2019-05-27,NVDA,GSPC,2.5243618447812533
2019-06-03,NVDA,d_rate,-0.05153124828825696
2019-06-03,NVDA,d_credit,-0.3155354304296558
2019-06-03,NVDA,r_vix,0.07704260748893421
2019-06-03,NVDA,GSPC,2.5162015455845124
2019-06-10,NVDA,d_rate,-0.05083523101076456
2019-06-10,NVDA,d_credit,-0.31043453785413455
2019-06-10,NVDA,r_vix,0.0775206892463566
2019-06-10,NVDA,GSPC,2.52174444807056
2019-06-17,NVDA,d_rate,-0.04233827018266426
2019-06-17,NVDA,d_credit,-0.29045094515867004
2019-06-17,NVDA,r_vix,0.0707345541148762
2019-06-17,NVDA,GSPC,2.4747212749453307
2019-06-24,NVDA,d_rate,-0.07725852774412134
2019-06-24,NVDA,d_credit,-0.34868835117025737
2019-06-24,NVDA,r_vix,0.070116984833552
2019-06-24,NVDA,GSPC,2.4485968976369823
2019-07-01,NVDA,d_rate,-0.07496895770909881
2019-07-01,NVDA,d_credit,-0.3249928460173469
2019-07-01,NVDA,r_vix,0.08168859358960572
2019-07-01,NVDA,GSPC,2.482079329396517
2019-07-08,NVDA,d_rate,-0.06269763937308659
2019-07-08,NVDA,d_credit,-0.3335265788115709
2019-07-08,NVDA,r_vix,0.07646995911368508
2019-07-08,NVDA,GSPC,2.4563634517244113
2019-07-15,NVDA,d_rate,-0.07633681140758757
2019-07-15,NVDA,d_credit,-0.3469359894314434
2019-07-15,NVDA,r_vix,0.08173059678335344
2019-07-15,NVDA,GSPC,2.477717960551004
2019-07-22,NVDA,d_rate,-0.06720256984551905
2019-07-22,NVDA,d_credit,-0.3351711883727477
2019-07-22,NVDA,r_vix,0.08854680153884276
2019-07-22,NVDA,GSPC,2.50165432888799
2019-07-29,NVDA,d_rate,-0.05304362386552899
2019-07-29,NVDA,d_credit,-0.3248410715306277
2019-07-29,NVDA,r_vix,0.07739762871175475
2019-07-29,NVDA,GSPC,2.4549760441995305
2019-08-05,NVDA,d_rate,-0.0449653830780881
2019-08-05,NVDA,d_credit,-0.32631302785294064
2019-08-05,NVDA,r_vix,0.07341138084441907
2019-08-05,NVDA,GSPC,2.4237729228013047
2019-08-12,NVDA,d_rate,-0.08072999926857245
2019-08-12,NVDA,d_credit,-0.3333091492252653
2019-08-12,NVDA,r_vix,0.0617737456516304
2019-08-12,NVDA,GSPC,2.3969117139380156
2019-08-19,NVDA,d_rate,-0.0638970538040542
2019-08-19,NVDA,d_credit,-0.33600050799366876
2019-08-19,NVDA,r_vix,0.06578746401812909
2019-08-19,NVDA,GSPC,2.3274746032895917
2019-08-26,NVDA,d_rate,-0.06812997032077109
2019-08-26,NVDA,d_credit,-0.3392313744046798
2019-08-26,NVDA,r_vix,0.05263574363554604
2019-08-26,NVDA,GSPC,2.2301214237391482
2019-09-02,NVDA,d_rate,-0.061311169672003604
2019-09-02,NVDA,d_credit,-0.3240365796780464
2019-09-02,NVDA,r_vix,0.03314619317928709
2019-09-02,NVDA,GSPC,2.1563142517601985
2019-09-09,NVDA,d_rate,-0.05157506961716173
2019-09-09,NVDA,d_credit,-0.32233448052203567
2019-09-09,NVDA,r_vix,0.031569603444619655
2019-09-09,NVDA,GSPC,2.1370506083156595
2019-09-16,NVDA,d_rate,-0.015879002302326972
2019-09-16,NVDA,d_credit,-0.31139217534710495
2019-09-16,NVDA,r_vix,0.029793317259944812
2019-09-16,NVDA,GSPC,2.100847024047856
2019-09-23,NVDA,d_rate,-0.020830160209941554
2019-09-23,NVDA,d_credit,-0.3168840965296761
2019-09-23,NVDA,r_vix,0.031995108298778545
2019-09-23,NVDA,GSPC,2.127008123934669
2019-09-30,NVDA,d_rate,-0.04206092174741457
2019-09-30,NVDA,d_credit,-0.2607971506485101
2019-09-30,NVDA,r_vix,0.014362708917882555
2019-09-30,NVDA,GSPC,2.1034417483106926
2019-10-07,NVDA,d_rate,-0.03671023788586713
2019-10-07,NVDA,d_credit,-0.2603595401886148
2019-10-07,NVDA,r_vix,0.012802707926361491
2019-10-07,NVDA,GSPC,2.0942382393086
2019-10-14,NVDA,d_rate,-0.019880625428801497
2019-10-14,NVDA,d_credit,-0.23075816547518432
2019-10-14,NVDA,r_vix,0.001385805029890022
2019-10-14,NVDA,GSPC,2.027440234594261
2019-10-21,NVDA,d_rate,-0.015397769441504512
2019-10-21,NVDA,d_credit,-0.22042336377060973
2019-10-21,NVDA,r_vix,-0.006786123739702001
2019-10-21,NVDA,GSPC,1.9373399396062438
2019-10-28,NVDA,d_rate,-0.02678327807576912
2019-10-28,NVDA,d_credit,-0.2386707233856429
2019-10-28,NVDA,r_vix,-0.0020901861597718767
2019-10-28,NVDA,GSPC,1.9172668555704022
2019-11-04,NVDA,d_rate,-0.04299716643450476
2019-11-04,NVDA,d_credit,-0.27391131792510737
2019-11-04,NVDA,r_vix,-0.005490424053676016
2019-11-04,NVDA,GSPC,1.9745896222212782
2019-11-11,NVDA,d_rate,0.0032366223191816978
2019-11-11,NVDA,d_credit,-0.03586554815868295
2019-11-11,NVDA,r_vix,-0.050444718861313985
2019-11-11,NVDA,GSPC,1.6970900318440376
2019-11-18,NVDA,d_rate,0.017178306289870094
2019-11-18,NVDA,d_credit,-0.006224755605631172
2019-11-18,NVDA,r_vix,-0.05539059040722103
2019-11-18,NVDA,GSPC,1.5598744578334294
2019-11-25,NVDA,d_rate,0.01153509309021887
2019-11-25,NVDA,d_credit,-0.06455136882669074
2019-11-25,NVDA,r_vix,-0.05477515102664844
2019-11-25,NVDA,GSPC,1.4472860806558114
2019-12-02,NVDA,d_rate,0.0026490183429372497
2019-12-02,NVDA,d_credit,-0.07052858140161
2019-12-02,NVDA,r_vix,-0.06212052388762982
2019-12-02,NVDA,GSPC,1.377576761651472
2019-12-09,NVDA,d_rate,-0.0042534524140812645
2019-12-09,NVDA,d_credit,-0.09104993510865811
2019-12-09,NVDA,r_vix,-0.06703937699770691
2019-12-09,NVDA,GSPC,1.3518317126007084
2019-12-16,NVDA,d_rate,0.0015788381532947293
2019-12-16,NVDA,d_credit,-0.10199395919894552
2019-12-16,NVDA,r_vix,-0.055843667655685686
2019-12-16,NVDA,GSPC,1.431852581213538
2019-12-23,NVDA,d_rate,0.0021401194843062637
2019-12-23,NVDA,d_credit,-0.09870042718157376
2019-12-23,NVDA,r_vix,-0.060150008907347605
2019-12-23,NVDA,GSPC,1.410936313743062
2019-12-30,NVDA,d_rate,-0.00415465068249542
2019-12-30,NVDA,d_credit,-0.08578120321462968
2019-12-30,NVDA,r_vix,-0.07981250193966871
2019-12-30,NVDA,GSPC,1.3649499089382104
2020-01-06,NVDA,d_rate,-0.0018320906365104073
2020-01-06,NVDA,d_credit,-0.08644153049501833
2020-01-06,NVDA,r_vix,-0.07751027460810983
2020-01-06,NVDA,GSPC,1.3057590523304912
2020-01-13,NVDA,d_rate,-0.004094746464572024
2020-01-13,NVDA,d_credit,-0.09062883421107941
2020-01-13,NVDA,r_vix,-0.08450694161643602
2020-01-13,NVDA,GSPC,1.2288043052659325
2020-01-20,NVDA,d_rate,-0.008026764181363655
2020-01-20,NVDA,d_credit,-0.09626512961047068
2020-01-20,NVDA,r_vix,-0.071954066867588
2020-01-20,NVDA,GSPC,1.2809911488351904
2020-01-27,NVDA,d_rate,-0.050071736288699945
2020-01-27,NVDA,d_credit,-0.14956962702933974
2020-01-27,NVDA,r_vix,-0.0814670991407328
2020-01-27,NVDA,GSPC,1.4260540661795231
2020-02-03,NVDA,d_rate,-0.046249727900087405
2020-02-03,NVDA,d_credit,-0.14201552104446097
2020-02-03,NVDA,r_vix,-0.07823922528259278
2020-02-03,NVDA,GSPC,1.4288293253656457
2020-02-10,NVDA,d_rate,-0.053299691433535634
2020-02-10,NVDA,d_credit,-0.12636863331524106
2020-02-10,NVDA,r_vix,-0.1025087601655083
2020-02-10,NVDA,GSPC,1.39815852162625
2020-02-17,NVDA,d_rate,-0.05450539450294693
2020-02-17,NVDA,d_credit,-0.12316997768509044
2020-02-17,NVDA,r_vix,-0.08959098178539467
2020-02-17,NVDA,GSPC,1.434502237475795
2020-02-24,NVDA,d_rate,-0.038159643817274276
2020-02-24,NVDA,d_credit,-0.1220397810974512
2020-02-24,NVDA,r_vix,-0.1461073537318121
2020-02-24,NVDA,GSPC,0.5230600089334168
2020-03-02,NVDA,d_rate,-0.03552095252103916
2020-03-02,NVDA,d_credit,-0.13859660664446613
2020-03-02,NVDA,r_vix,-0.14353418012629407
2020-03-02,NVDA,GSPC,0.4891270445060468
2020-03-09,NVDA,d_rate,-0.019565122472354885
2020-03-09,NVDA,d_credit,-0.15901837279813033
2020-03-09,NVDA,r_vix,-0.1163696515971758
2020-03-09,NVDA,GSPC,0.4639317523162149
2020-03-16,NVDA,d_rate,-0.010264442129340336
2020-03-16,NVDA,d_credit,-0.1294263865241692
2020-03-16,NVDA,r_vix,-0.11233963012656416
2020-03-16,NVDA,GSPC,0.6422509803462354
2020-03-23,NVDA,d_rate,-0.05291350951164728
2020-03-23,NVDA,d_credit,-0.22942699974480318
2020-03-23,NVDA,r_vix,-0.09361107782544209
2020-03-23,NVDA,GSPC,0.7205046941067327
2020-03-30,NVDA,d_rate,-0.01885407815602651
2020-03-30,NVDA,d_credit,-0.17767692260316692
2020-03-30,NVDA,r_vix,-0.041433804229040645
2020-03-30,NVDA,GSPC,0.9140528609062903
2020-04-06,NVDA,d_rate,-0.026063444072883492
2020-04-06,NVDA,d_credit,-0.2263691656512029
2020-04-06,NVDA,r_vix,-0.04875175402909926
2020-04-06,NVDA,GSPC,0.7927964299014544
2020-04-13,NVDA,d_rate,-0.027788467030002484
2020-04-13,NVDA,d_credit,-0.24709169881472406
2020-04-13,NVDA,r_vix,-0.050429873000824986
2020-04-13,NVDA,GSPC,0.7717833260920695
2020-04-20,NVDA,d_rate,-0.026453805678455043
2020-04-20,NVDA,d_credit,-0.25499762966805467
2020-04-20,NVDA,r_vix,-0.040078230613162937
2020-04-20,NVDA,GSPC,0.7948386938136416
2020-04-27,NVDA,d_rate,-0.03166146536550503
2020-04-27,NVDA,d_credit,-0.25374714832072703
2020-04-27,NVDA,r_vix,-0.04315845865896987
2020-04-27,NVDA,GSPC,0.7927556962806319
2020-05-04,NVDA,d_rate,-0.01782087557593454
2020-05-04,NVDA,d_credit,-0.1512219849491061
2020-05-04,NVDA,r_vix,-0.06573961114226931
2020-05-04,NVDA,GSPC,0.883899423010154
2020-05-11,NVDA,d_rate,-0.01911467171977466
2020-05-11,NVDA,d_credit,-0.14150710317206916
2020-05-11,NVDA,r_vix,-0.06043277881186492
2020-05-11,NVDA,GSPC,0.8724369260119479
2020-05-18,NVDA,d_rate,-0.020950212889467607
2020-05-18,NVDA,d_credit,-0.10957585034053909
2020-05-18,NVDA,r_vix,-0.0685006209235814
2020-05-18,NVDA,GSPC,0.8802307497537287
2020-05-25,NVDA,d_rate,-0.027612828762107945
2020-05-25,NVDA,d_credit,-0.08458942980914423
2020-05-25,NVDA,r_vix,-0.07199741900659265
2020-05-25,NVDA,GSPC,0.8688061751182693
2020-06-01,NVDA,d_rate,-0.04900272933630405
2020-06-01,NVDA,d_credit,-0.0649408977224548
2020-06-01,NVDA,r_vix,-0.08142518692660729
2020-06-01,NVDA,GSPC,0.8479455815524487
2020-06-08,NVDA,d_rate,-0.053672961687503545
2020-06-08,NVDA,d_credit,-0.07854331815367857
2020-06-08,NVDA,r_vix,-0.06739819647385892
2020-06-08,NVDA,GSPC,0.8350596651395659
2020-06-15,NVDA,d_rate,-0.05350883706448665
2020-06-15,NVDA,d_credit,-0.07655358819800455
2020-06-15,NVDA,r_vix,-0.06807644335638711
2020-06-15,NVDA,GSPC,0.8341310764813031
2020-06-22,NVDA,d_rate,-0.046118715116772735
2020-06-22,NVDA,d_credit,-0.06249798658830106
2020-06-22,NVDA,r_vix,-0.06455666139741108
2020-06-22,NVDA,GSPC,0.8589058660591244
2020-06-29,NVDA,d_rate,-0.04524919959076902
2020-06-29,NVDA,d_credit,-0.06534385517235826
2020-06-29,NVDA,r_vix,-0.07100976367338178
2020-06-29,NVDA,GSPC,0.8514616501789969
2020-07-06,NVDA,d_rate,-0.052909576850266635
2020-07-06,NVDA,d_credit,-0.08522082580895576
2020-07-06,NVDA,r_vix,-0.07523162077820618
2020-07-06,NVDA,GSPC,0.8238201832244199
2020-07-13,NVDA,d_rate,-0.05087803574117526
2020-07-13,NVDA,d_credit,-0.07425210292553931
2020-07-13,NVDA,r_vix,-0.0748331894132632
2020-07-13,NVDA,GSPC,0.8321482080042325
2020-07-20,NVDA,d_rate,-0.04928250826146199
2020-07-20,NVDA,d_credit,-0.06726672278911212
2020-07-20,NVDA,r_vix,-0.07687060606029096
2020-07-20,NVDA,GSPC,0.8387423539389691
2020-07-27,NVDA,d_rate,-0.05621785297483982
2020-07-27,NVDA,d_credit,-0.07872478624818667
2020-07-27,NVDA,r_vix,-0.05916967905913001
2020-07-27,NVDA,GSPC,0.8469350424056207
2020-08-03,NVDA,d_rate,-0.06252489450931284
2020-08-03,NVDA,d_credit,-0.06772668433585123
2020-08-03,NVDA,r_vix,-0.06354209731783779
2020-08-03,NVDA,GSPC,0.8545043685299641
2020-08-10,NVDA,d_rate,-0.05159657359910993
2020-08-10,NVDA,d_credit,-0.06027504407322952
2020-08-10,NVDA,r_vix,-0.060961642533926136
2020-08-10,NVDA,GSPC,0.8667600786172275
2020-08-17,NVDA,d_rate,-0.05515829620617373
2020-08-17,NVDA,d_credit,-0.04871982909797463
2020-08-17,NVDA,r_vix,-0.062348935038322256
2020-08-17,NVDA,GSPC,0.8876619706332411
2020-08-24,NVDA,d_rate,-0.05535916069097283
2020-08-24,NVDA,d_credit,-0.04699733280920662
2020-08-24,NVDA,r_vix,-0.06261832126757964
2020-08-24,NVDA,GSPC,0.8933540429584237
2020-08-31,NVDA,d_rate,-0.057430863191594544
2020-08-31,NVDA,d_credit,-0.043880232989131296
2020-08-31,NVDA,r_vix,-0.06503053586189021
2020-08-31,NVDA,GSPC,0.8966297689470335
2020-09-07,NVDA,d_rate,-0.053545787005402405
2020-09-07,NVDA,d_credit,-0.045480059670273194
2020-09-07,NVDA,r_vix,-0.05404685875651316
2020-09-07,NVDA,GSPC,0.9266983137029396
2020-09-14,NVDA,d_rate,-0.06904034391817396
2020-09-14,NVDA,d_credit,-0.061190419942703404
2020-09-14,NVDA,r_vix,-0.04762853676119226
2020-09-14,NVDA,GSPC,0.9242087247772242
2020-09-21,NVDA,d_rate,-0.06854327709864513
2020-09-21,NVDA,d_credit,-0.04760562646151376
2020-09-21,NVDA,r_vix,-0.04868516516080476
2020-09-21,NVDA,GSPC,0.9334855952730337
2020-09-28,NVDA,d_rate,-0.061505738974126374
2020-09-28,NVDA,d_credit,-0.06361820068074936
2020-09-28,NVDA,r_vix,-0.04361603532779808
2020-09-28,NVDA,GSPC,0.9197819244701113
2020-10-05,NVDA,d_rate,-0.06453956624941791
2020-10-05,NVDA,d_credit,-0.06265498498932871
2020-10-05,NVDA,r_vix,-0.043862113939207754
2020-10-05,NVDA,GSPC,0.9206910468334888
2020-10-12,NVDA,d_rate,-0.06456113492089596
2020-10-12,NVDA,d_credit,-0.05987437474068351
2020-10-12,NVDA,r_vix,-0.04608440068169263
2020-10-12,NVDA,GSPC,0.9200964946728047
2020-10-19,NVDA,d_rate,-0.07056767341456209
2020-10-19,NVDA,d_credit,-0.05530227357227118
2020-10-19,NVDA,r_vix,-0.043150757492749256
2020-10-19,NVDA,GSPC,0.93339315055494
2020-10-26,NVDA,d_rate,-0.08014861551852995
2020-10-26,NVDA,d_credit,-0.04371801818680357
2020-10-26,NVDA,r_vix,-0.05330643591441862
2020-10-26,NVDA,GSPC,0.9534875286248929
2020-11-02,NVDA,d_rate,-0.09458123757640019
2020-11-02,NVDA,d_credit,-0.040297114593814375
2020-11-02,NVDA,r_vix,-0.06648868804363268
2020-11-02,NVDA,GSPC,0.9584987785895802
2020-11-09,NVDA,d_rate,-0.11611104768514015
2020-11-09,NVDA,d_credit,-0.020895125046431907
2020-11-09,NVDA,r_vix,-0.06833832123184294
2020-11-09,NVDA,GSPC,0.9685530240538922
2020-11-16,NVDA,d_rate,-0.11097432748256866
2020-11-16,NVDA,d_credit,-0.009400281353212405
2020-11-16,NVDA,r_vix,-0.06915922949495336
2020-11-16,NVDA,GSPC,0.9822422013998421
2020-11-23,NVDA,d_rate,-0.11150928868785959
2020-11-23,NVDA,d_credit,-0.010481785946838445
2020-11-23,NVDA,r_vix,-0.0666493246841737
2020-11-23,NVDA,GSPC,0.9805929295182609
2020-11-30,NVDA,d_rate,-0.10562615668269536
2020-11-30,NVDA,d_credit,-0.011795969590656891
2020-11-30,NVDA,r_vix,-0.06331685165159262
2020-11-30,NVDA,GSPC,0.9840782154171547
2020-12-07,NVDA,d_rate,-0.10097155778575191
2020-12-07,NVDA,d_credit,-0.005105255983597139
2020-12-07,NVDA,r_vix,-0.06533678312847518
2020-12-07,NVDA,GSPC,0.989645141662784
2020-12-14,NVDA,d_rate,-0.1116004446134149
2020-12-14,NVDA,d_credit,-0.0015512565580767417
2020-12-14,NVDA,r_vix,-0.06866023407523897
2020-12-14,NVDA,GSPC,0.9850902220260052
2020-12-21,NVDA,d_rate,-0.11320697534891562
2020-12-21,NVDA,d_credit,-0.002463804855520547
2020-12-21,NVDA,r_vix,-0.06632569173767804
2020-12-21,NVDA,GSPC,0.9923098238498802
2020-12-28,NVDA,d_rate,-0.11588683034438463
2020-12-28,NVDA,d_credit,-0.0024809613623116293
2020-12-28,NVDA,r_vix,-0.0667655866527283
2020-12-28,NVDA,GSPC,0.9895873910636434
2021-01-04,NVDA,d_rate,-0.11336404721486965
2021-01-04,NVDA,d_credit,-0.004171680026515533
2021-01-04,NVDA,r_vix,-0.06466419490494951
2021-01-04,NVDA,GSPC,0.9916048336571617
2021-01-11,NVDA,d_rate,-0.11275759455310724
2021-01-11,NVDA,d_credit,0.004264668112973868
2021-01-11,NVDA,r_vix,-0.06761799397528034
2021-01-11,NVDA,GSPC,1.0005244160121622
2021-01-18,NVDA,d_rate,-0.11286536376859974
2021-01-18,NVDA,d_credit,0.009708534848137126
2021-01-18,NVDA,r_vix,-0.07051381665414946
2021-01-18,NVDA,GSPC,1.0048500310676876
2021-01-25,NVDA,d_rate,-0.1258747609700323
2021-01-25,NVDA,d_credit,0.031451204052297
2021-01-25,NVDA,r_vix,-0.06465859456235265
2021-01-25,NVDA,GSPC,1.0390280908203862
2021-02-01,NVDA,d_rate,-0.13068558241033992
2021-02-01,NVDA,d_credit,0.020467632774214033
2021-02-01,NVDA,r_vix,-0.05350106589803214
2021-02-01,NVDA,GSPC,1.0387732583891824
2021-02-08,NVDA,d_rate,-0.12710057962595891
2021-02-08,NVDA,d_credit,0.020656648175246973
2021-02-08,NVDA,r_vix,-0.04527280293711143
2021-02-08,NVDA,GSPC,1.0506706963123984
2021-02-15,NVDA,d_rate,-0.12031980791416713
2021-02-15,NVDA,d_credit,0.01713609567747811
2021-02-15,NVDA,r_vix,-0.04487612272554622
2021-02-15,NVDA,GSPC,1.0443445492696841
2021-02-22,NVDA,d_rate,-0.12146439981355155
2021-02-22,NVDA,d_credit,0.02190327945028741
2021-02-22,NVDA,r_vix,-0.05498454503978657
2021-02-22,NVDA,GSPC,1.0599300232437556
2021-03-01,NVDA,d_rate,-0.21047003244793677
2021-03-01,NVDA,d_credit,0.06913469291466524
2021-03-01,NVDA,r_vix,-0.04435835043908124
2021-03-01,NVDA,GSPC,1.1361727452960748
2021-03-08,NVDA,d_rate,-0.23618510343102195
2021-03-08,NVDA,d_credit,0.04824719513036764
2021-03-08,NVDA,r_vix,-0.04944121481284096
2021-03-08,NVDA,GSPC,1.1605045065911623
2021-03-15,NVDA,d_rate,-0.22974761935150959
2021-03-15,NVDA,d_credit,0.033235145379085694
2021-03-15,NVDA,r_vix,-0.04400659591401475
2021-03-15,NVDA,GSPC,1.2025492423765467
2021-03-22,NVDA,d_rate,-0.16888784057063289
2021-03-22,NVDA,d_credit,0.06302598956224063
2021-03-22,NVDA,r_vix,-0.05902278588239523
2021-03-22,NVDA,GSPC,1.0280367385519744
2021-03-29,NVDA,d_rate,-0.1834733461947405
2021-03-29,NVDA,d_credit,0.0600952129158666
2021-03-29,NVDA,r_vix,-0.08999035494303054
2021-03-29,NVDA,GSPC,0.8851878248725769
2021-04-05,NVDA,d_rate,-0.2065469533921967
2021-04-05,NVDA,d_credit,0.08306034568707911
2021-04-05,NVDA,r_vix,-0.043750642918360304
2021-04-05,NVDA,GSPC,1.292430396871319
2021-04-12,NVDA,d_rate,-0.22014752434274748
2021-04-12,NVDA,d_credit,0.1411564089982387
2021-04-12,NVDA,r_vix,-0.02812427283944803
2021-04-12,NVDA,GSPC,1.3936761427380975
2021-04-19,NVDA,d_rate,-0.21835811416329592
2021-04-19,NVDA,d_credit,0.12996963316665686
2021-04-19,NVDA,r_vix,-0.03658311503931665
2021-04-19,NVDA,GSPC,1.3456578164160555
2021-04-26,NVDA,d_rate,-0.21695384072727253
2021-04-26,NVDA,d_credit,0.13223751361864497
2021-04-26,NVDA,r_vix,-0.03743172950806334
2021-04-26,NVDA,GSPC,1.3362608853500595
2021-05-03,NVDA,d_rate,-0.21063729221181762
2021-05-03,NVDA,d_credit,0.09210814250042378
2021-05-03,NVDA,r_vix,-0.020309449972318584
2021-05-03,NVDA,GSPC,1.3449221775410487
2021-05-10,NVDA,d_rate,-0.2033537905082712
2021-05-10,NVDA,d_credit,0.06409051628342075
2021-05-10,NVDA,r_vix,-0.01867007535778143
2021-05-10,NVDA,GSPC,1.4338014320881576
2021-05-17,NVDA,d_rate,-0.2010040582272193
2021-05-17,NVDA,d_credit,0.0833816681155176
2021-05-17,NVDA,r_vix,-0.017593337076929994
2021-05-17,NVDA,GSPC,1.4118410231404546
2021-05-24,NVDA,d_rate,-0.22725926320721218
2021-05-24,NVDA,d_credit,0.05417778856806107
2021-05-24,NVDA,r_vix,-0.014113247275553879
2021-05-24,NVDA,GSPC,1.489830776548541
2021-05-31,NVDA,d_rate,-0.22968273701128233
2021-05-31,NVDA,d_credit,0.05055415048133615
2021-05-31,NVDA,r_vix,-0.013234574386636439
2021-05-31,NVDA,GSPC,1.505659764432427
2021-06-07,NVDA,d_rate,-0.19686498586062354
2021-06-07,NVDA,d_credit,0.044728477498749454
2021-06-07,NVDA,r_vix,-0.021387791103526486
2021-06-07,NVDA,GSPC,1.5076751496112912
2021-06-14,NVDA,d_rate,-0.2132249622063589
2021-06-14,NVDA,d_credit,-0.013190505026223773
2021-06-14,NVDA,r_vix,0.00611827295736392
2021-06-14,NVDA,GSPC,1.5624715915998248
2021-06-21,NVDA,d_rate,-0.2122511662319703
2021-06-21,NVDA,d_credit,-0.02339474128297898
2021-06-21,NVDA,r_vix,0.015248509925792849
2021-06-21,NVDA,GSPC,1.6288821980251962
2021-06-28,NVDA,d_rate,-0.22639275398313943
2021-06-28,NVDA,d_credit,-0.01896915825498446
2021-06-28,NVDA,r_vix,0.030367133770976787
2021-06-28,NVDA,GSPC,1.7675513788409059
2021-07-05,NVDA,d_rate,-0.20986755999152976
2021-07-05,NVDA,d_credit,0.030484841012266825
2021-07-05,NVDA,r_vix,0.04576852036003165
2021-07-05,NVDA,GSPC,1.843919123547926
2021-07-12,NVDA,d_rate,-0.18420842113541486
2021-07-12,NVDA,d_credit,-0.01787571744053513
2021-07-12,NVDA,r_vix,0.027760873869517186
2021-07-12,NVDA,GSPC,1.8034055830699134
2021-07-19,NVDA,d_rate,-0.19081896284047054
2021-07-19,NVDA,d_credit,-0.020783057779875953
2021-07-19,NVDA,r_vix,0.028600944322594014
2021-07-19,NVDA,GSPC,1.8270164046370283
2021-07-26,NVDA,d_rate,-0.18730714414685884
2021-07-26,NVDA,d_credit,-0.023941599324755567
2021-07-26,NVDA,r_vix,0.028005615087387314
2021-07-26,NVDA,GSPC,1.8269603859010977
2021-08-02,NVDA,d_rate,-0.1779412347882725
2021-08-02,NVDA,d_credit,-0.023317237339152218
2021-08-02,NVDA,r_vix,0.0176147182630718
2021-08-02,NVDA,GSPC,1.757255206601882
2021-08-09,NVDA,d_rate,-0.1991987669184664
2021-08-09,NVDA,d_credit,-0.057405485951460056
2021-08-09,NVDA,r_vix,0.018074686049601225
2021-08-09,NVDA,GSPC,1.754525966575892
2021-08-16,NVDA,d_rate,-0.18172226245075293
2021-08-16,NVDA,d_credit,-0.08322151411985412
2021-08-16,NVDA,r_vix,0.017535657144771188
2021-08-16,NVDA,GSPC,1.7185944450021784
2021-08-23,NVDA,d_rate,-0.173776070513533
2021-08-23,NVDA,d_credit,-0.10243271776721719
2021-08-23,NVDA,r_vix,0.004698298819471971
2021-08-23,NVDA,GSPC,1.6529614238303902
2021-08-30,NVDA,d_rate,-0.17542672874084567
2021-08-30,NVDA,d_credit,-0.10440726994721866
2021-08-30,NVDA,r_vix,0.00875848021208294
2021-08-30,NVDA,GSPC,1.660806277581768
2021-09-06,NVDA,d_rate,-0.1766297068975229
2021-09-06,NVDA,d_credit,-0.10704300253274739
2021-09-06,NVDA,r_vix,0.0050367579136391845
2021-09-06,NVDA,GSPC,1.6193816379500494
2021-09-13,NVDA,d_rate,-0.1765778256999824
2021-09-13,NVDA,d_credit,-0.09166218988971472
2021-09-13,NVDA,r_vix,0.020118498340137552
2021-09-13,NVDA,GSPC,1.7485432638227802
2021-09-20,NVDA,d_rate,-0.15971738818356315
2021-09-20,NVDA,d_credit,-0.15240620365569915
2021-09-20,NVDA,r_vix,0.019313226841773234
2021-09-20,NVDA,GSPC,1.7594405729035936
2021-09-27,NVDA,d_rate,-0.1595649243377124
2021-09-27,NVDA,d_credit,-0.16037218842944959
2021-09-27,NVDA,r_vix,0.02067757673980599
2021-09-27,NVDA,GSPC,1.7903006863567965
2021-10-04,NVDA,d_rate,-0.14875047483451523
2021-10-04,NVDA,d_credit,-0.16556782959567232
2021-10-04,NVDA,r_vix,0.025280814944426855
2021-10-04,NVDA,GSPC,1.8453989985348358
2021-10-11,NVDA,d_rate,-0.15099380847666594
2021-10-11,NVDA,d_credit,-0.16833539334156994
2021-10-11,NVDA,r_vix,0.027871372316737707
2021-10-11,NVDA,GSPC,1.8634815128789366
2021-10-18,NVDA,d_rate,-0.1475615517189872
2021-10-18,NVDA,d_credit,-0.16982706736418834
2021-10-18,NVDA,r_vix,0.03053745056750901
2021-10-18,NVDA,GSPC,1.8902598146764196
2021-10-25,NVDA,d_rate,-0.1749706503768857
2021-10-25,NVDA,d_credit,-0.1656618336115551
2021-10-25,NVDA,r_vix,0.07856228128677299
2021-10-25,NVDA,GSPC,2.3968661799395274
2021-11-01,NVDA,d_rate,-0.20599501749098817
2021-11-01,NVDA,d_credit,-0.12123095305850771
2021-11-01,NVDA,r_vix,0.1323355409251257
2021-11-01,NVDA,GSPC,3.010534298922142
2021-11-08,NVDA,d_rate,-0.15571813257494452
2021-11-08,NVDA,d_credit,-0.20881866637826932
2021-11-08,NVDA,r_vix,0.1647673110114887
2021-11-08,NVDA,GSPC,3.4301285240015362
2021-11-15,NVDA,d_rate,-0.16885648216594312
2021-11-15,NVDA,d_credit,-0.1950899592752601
2021-11-15,NVDA,r_vix,0.1744924213841763
2021-11-15,NVDA,GSPC,3.4781065246921075
2021-11-22,NVDA,d_rate,-0.17492838055486717
2021-11-22,NVDA,d_credit,-0.23976723111000342
2021-11-22,NVDA,r_vix,0.14884344775965183
2021-11-22,NVDA,GSPC,3.404688679662543
2021-11-29,NVDA,d_rate,-0.14329505059631545
2021-11-29,NVDA,d_credit,-0.2657113844420548
2021-11-29,NVDA,r_vix,0.17821939366355893
2021-11-29,NVDA,GSPC,3.7097030780324607
2021-12-06,NVDA,d_rate,-0.17018930277491523
2021-12-06,NVDA,d_credit,-0.2870805884710257
2021-12-06,NVDA,r_vix,0.18929132834155996
2021-12-06,NVDA,GSPC,3.646283336556462
2021-12-13,NVDA,d_rate,-0.1583113552463595
2021-12-13,NVDA,d_credit,-0.3038948178291778
2021-12-13,NVDA,r_vix,0.20297109849196984
2021-12-13,NVDA,GSPC,3.8242273280076455
2021-12-20,NVDA,d_rate,-0.1617440693046303
2021-12-20,NVDA,d_credit,-0.303561122473358
2021-12-20,NVDA,r_vix,0.190923658768799
2021-12-20,NVDA,GSPC,3.6911775672219593
2021-12-27,NVDA,d_rate,-0.15575721622568658
2021-12-27,NVDA,d_credit,-0.2966491913562514
2021-12-27,NVDA,r_vix,0.19106901179782704
2021-12-27,NVDA,GSPC,3.7273999403860993
2022-01-03,NVDA,d_rate,-0.12954549947662966
2022-01-03,NVDA,d_credit,-0.30310368945416066
2022-01-03,NVDA,r_vix,0.22024516326358437
2022-01-03,NVDA,GSPC,4.0355897192183425
2022-01-10,NVDA,d_rate,-0.1345650756586269
2022-01-10,NVDA,d_credit,-0.31214760393439456
2022-01-10,NVDA,r_vix,0.21590461466093896
2022-01-10,NVDA,GSPC,3.972335248853616
2022-01-17,NVDA,d_rate,-0.13849321318430902
2022-01-17,NVDA,d_credit,-0.3080564742466931
2022-01-17,NVDA,r_vix,0.2081514870831851
2022-01-17,NVDA,GSPC,3.8408296556564148
2022-01-24,NVDA,d_rate,-0.14138167943805868
2022-01-24,NVDA,d_credit,-0.3211808370455481
2022-01-24,NVDA,r_vix,0.20722809064155007
2022-01-24,NVDA,GSPC,3.8311402575025304
2022-01-31,NVDA,d_rate,-0.1103673127502851
2022-01-31,NVDA,d_credit,-0.29376645183482764
2022-01-31,NVDA,r_vix,0.20129814824360323
2022-01-31,NVDA,GSPC,3.9193390780660606
2022-02-07,NVDA,d_rate,-0.11404359636077074
2022-02-07,NVDA,d_credit,-0.2707066588290457
2022-02-07,NVDA,r_vix,0.19247791734018735
2022-02-07,NVDA,GSPC,3.7499701148483693
2022-02-14,NVDA,d_rate,-0.13113438380983883
2022-02-14,NVDA,d_credit,-0.19513358724188312
2022-02-14,NVDA,r_vix,0.15643128649929783
2022-02-14,NVDA,GSPC,3.417013030187227
2022-02-21,NVDA,d_rate,-0.11290634051581239
2022-02-21,NVDA,d_credit,-0.1930555240809962
2022-02-21,NVDA,r_vix,0.1678686198443792
2022-02-21,NVDA,GSPC,3.4454254897293737
2022-02-28,NVDA,d_rate,-0.0576648665848787
2022-02-28,NVDA,d_credit,-0.19481996724321388
2022-02-28,NVDA,r_vix,0.17013309785606973
2022-02-28,NVDA,GSPC,3.5011007839187247
2022-03-07,NVDA,d_rate,-0.01237271451748229
2022-03-07,NVDA,d_credit,-0.15848056272630845
2022-03-07,NVDA,r_vix,0.140624676918667
2022-03-07,NVDA,GSPC,3.1584726734573194
2022-03-14,NVDA,d_rate,-0.014959790362033721
2022-03-14,NVDA,d_credit,-0.15316782881060886
2022-03-14,NVDA,r_vix,0.13840972082755384
2022-03-14,NVDA,GSPC,3.13481697365823
2022-03-21,NVDA,d_rate,-0.03877247690484567
2022-03-21,NVDA,d_credit,-0.14707637390176467
2022-03-21,NVDA,r_vix,0.12628781369985995
2022-03-21,NVDA,GSPC,3.093887096070986
2022-03-28,NVDA,d_rate,-0.007767823305718787
2022-03-28,NVDA,d_credit,-0.08590552961104227
2022-03-28,NVDA,r_vix,0.14788736771968344
2022-03-28,NVDA,GSPC,3.2903287352350974
2022-04-04,NVDA,d_rate,-0.0938098615100089
2022-04-04,NVDA,d_credit,-0.1299996784436676
2022-04-04,NVDA,r_vix,0.11577280471483826
2022-04-04,NVDA,GSPC,3.2312397204123435
2022-04-11,NVDA,d_rate,-0.08102433208546403
2022-04-11,NVDA,d_credit,-0.12797697660581817
2022-04-11,NVDA,r_vix,0.12270312690783575
2022-04-11,NVDA,GSPC,3.260191271942263
2022-04-18,NVDA,d_rate,-0.07944184602612021
2022-04-18,NVDA,d_credit,-0.12041890588050129
2022-04-18,NVDA,r_vix,0.12792329076816042
2022-04-18,NVDA,GSPC,3.2945447523341618
2022-04-25,NVDA,d_rate,-0.07834048722756518
2022-04-25,NVDA,d_credit,-0.11608640904726203
2022-04-25,NVDA,r_vix,0.126301519274921
2022-04-25,NVDA,GSPC,3.219082623224224
2022-05-02,NVDA,d_rate,-0.07336980031266299
2022-05-02,NVDA,d_credit,-0.10028930192727349
2022-05-02,NVDA,r_vix,0.11438729606076843
2022-05-02,NVDA,GSPC,3.1876878254676773
2022-05-09,NVDA,d_rate,-0.08265948641047485
2022-05-09,NVDA,d_credit,-0.09170249832743395
2022-05-09,NVDA,r_vix,0.10278276106931099
2022-05-09,NVDA,GSPC,3.10237308036819
2022-05-16,NVDA,d_rate,-0.08845852949578639
2022-05-16,NVDA,d_credit,-0.08094988419289166
2022-05-16,NVDA,r_vix,0.0905640192930045
2022-05-16,NVDA,GSPC,3.022449312348893
2022-05-23,NVDA,d_rate,-0.07293568586440798
2022-05-23,NVDA,d_credit,-0.07473620931280256
2022-05-23,NVDA,r_vix,0.08027934208799127
2022-05-23,NVDA,GSPC,2.740880813098426
2022-05-30,NVDA,d_rate,-0.06508509599666625
2022-05-30,NVDA,d_credit,-0.0926587236154225
2022-05-30,NVDA,r_vix,0.07745505213965999
2022-05-30,NVDA,GSPC,2.6636823555719746
2022-06-06,NVDA,d_rate,-0.06314040777138137
2022-06-06,NVDA,d_credit,-0.1070405466480021
2022-06-06,NVDA,r_vix,0.07017493219692383
2022-06-06,NVDA,GSPC,2.5435669616359675
2022-06-13,NVDA,d_rate,-0.05351545814763477
2022-06-13,NVDA,d_credit,-0.05998080850071556
2022-06-13,NVDA,r_vix,0.033440142378435574
2022-06-13,NVDA,GSPC,2.308467557743294
2022-06-20,NVDA,d_rate,-0.052061648958178115
2022-06-20,NVDA,d_credit,-0.08703803487438681
2022-06-20,NVDA,r_vix,0.016602350108736105
2022-06-20,NVDA,GSPC,2.0999677283027705
2022-06-27,NVDA,d_rate,-0.0042983254317526766
2022-06-27,NVDA,d_credit,-0.11311050544628004
2022-06-27,NVDA,r_vix,0.056068879597790645
2022-06-27,NVDA,GSPC,2.2829723521886955
2022-07-04,NVDA,d_rate,-1.062018959304372e-4
2022-07-04,NVDA,d_credit,-0.11755888032030709
2022-07-04,NVDA,r_vix,0.06194913772402693
2022-07-04,NVDA,GSPC,2.3284198209043674
2022-07-11,NVDA,d_rate,-0.01381561313459932
2022-07-11,NVDA,d_credit,-0.13125446311518954
2022-07-11,NVDA,r_vix,0.06935632553169499
2022-07-11,NVDA,GSPC,2.321166345464924
2022-07-18,NVDA,d_rate,-0.020832943067577412
2022-07-18,NVDA,d_credit,-0.13845396631387552
2022-07-18,NVDA,r_vix,0.06964884818351784
2022-07-18,NVDA,GSPC,2.318368833783964
2022-07-25,NVDA,d_rate,-0.020880911581933857
2022-07-25,NVDA,d_credit,-0.15265648695749343
2022-07-25,NVDA,r_vix,0.06606995194761914
2022-07-25,NVDA,GSPC,2.2428964265854408
2022-08-01,NVDA,d_rate,-0.018463043731471143
2022-08-01,NVDA,d_credit,-0.15741040095008912
2022-08-01,NVDA,r_vix,0.07133420196255333
2022-08-01,NVDA,GSPC,2.25382013663614
2022-08-08,NVDA,d_rate,-0.02005777182566956
2022-08-08,NVDA,d_credit,-0.15833637582130447
2022-08-08,NVDA,r_vix,0.06464328176268658
2022-08-08,NVDA,GSPC,2.1546148084191343
2022-08-15,NVDA,d_rate,-0.02121493017462943
2022-08-15,NVDA,d_credit,-0.1514180051961296
2022-08-15,NVDA,r_vix,0.05629633741919254
2022-08-15,NVDA,GSPC,2.141437918196996
2022-08-22,NVDA,d_rate,-0.01792116625689589
2022-08-22,NVDA,d_credit,-0.13660858538950316
2022-08-22,NVDA,r_vix,0.05933995942806862
2022-08-22,NVDA,GSPC,2.1717531168344273
2022-08-29,NVDA,d_rate,-0.029976073874487537
2022-08-29,NVDA,d_credit,-0.1533429935479158
2022-08-29,NVDA,r_vix,0.0753651548363784
2022-08-29,NVDA,GSPC,2.2817669370565246
2022-09-05,NVDA,d_rate,-0.03300406934259079
2022-09-05,NVDA,d_credit,-0.15450942770622253
2022-09-05,NVDA,r_vix,0.07270040606291066
2022-09-05,NVDA,GSPC,2.2526101192679024
2022-09-12,NVDA,d_rate,-0.034859898900464
2022-09-12,NVDA,d_credit,-0.16277771423585766
2022-09-12,NVDA,r_vix,0.07149791388602657
2022-09-12,NVDA,GSPC,2.220075249076576
2022-09-19,NVDA,d_rate,-0.03171646279689574
2022-09-19,NVDA,d_credit,-0.17492065989667938
2022-09-19,NVDA,r_vix,0.07378952549173486
2022-09-19,NVDA,GSPC,2.179817298494884
2022-09-26,NVDA,d_rate,-0.017644990453691178
2022-09-26,NVDA,d_credit,-0.14150030484028125
2022-09-26,NVDA,r_vix,0.07312850034696991
2022-09-26,NVDA,GSPC,2.1744514515690763
2022-10-03,NVDA,d_rate,-0.01720704933404185
2022-10-03,NVDA,d_credit,-0.1329235574958572
2022-10-03,NVDA,r_vix,0.0683565839242591
2022-10-03,NVDA,GSPC,2.1484737702847996
2022-10-10,NVDA,d_rate,-0.019030071946329625
2022-10-10,NVDA,d_credit,-0.13834311942222088
2022-10-10,NVDA,r_vix,0.07087058837477013
2022-10-10,NVDA,GSPC,2.1517221093740444
2022-10-17,NVDA,d_rate,-0.00933290414610334
2022-10-17,NVDA,d_credit,-0.12382917395487113
2022-10-17,NVDA,r_vix,0.07644663928476506
2022-10-17,NVDA,GSPC,2.2124731036382763
2022-10-24,NVDA,d_rate,-0.0019133703513089537
2022-10-24,NVDA,d_credit,-0.11189331996333757
2022-10-24,NVDA,r_vix,0.06288870513400067
2022-10-24,NVDA,GSPC,2.171595103690998
2022-10-31,NVDA,d_rate,0.00727933672178146
2022-10-31,NVDA,d_credit,-0.13971226900110406
2022-10-31,NVDA,r_vix,0.028072354033914823
2022-10-31,NVDA,GSPC,1.92436365350703
2022-11-07,NVDA,d_rate,0.007216380221074419
2022-11-07,NVDA,d_credit,-0.13441143376342782
2022-11-07,NVDA,r_vix,0.034859385503565384
2022-11-07,NVDA,GSPC,1.9956968701805513
2022-11-14,NVDA,d_rate,0.030167177674419357
2022-11-14,NVDA,d_credit,-0.1135060171395207
2022-11-14,NVDA,r_vix,0.023108356753705234
2022-11-14,NVDA,GSPC,1.9772706825652984
2022-11-21,NVDA,d_rate,0.023363528143934168
2022-11-21,NVDA,d_credit,-0.12159256907837805
2022-11-21,NVDA,r_vix,0.010291295179872739
2022-11-21,NVDA,GSPC,1.9412583490835489
2022-11-28,NVDA,d_rate,0.01957995561541312
2022-11-28,NVDA,d_credit,-0.12426974184936873
2022-11-28,NVDA,r_vix,0.007574336764574864
2022-11-28,NVDA,GSPC,1.9357227078193118
2022-12-05,NVDA,d_rate,0.022970216601956233
2022-12-05,NVDA,d_credit,-0.12935789809363918
2022-12-05,NVDA,r_vix,-0.03964994122712364
2022-12-05,NVDA,GSPC,1.8197829403085533
2022-12-12,NVDA,d_rate,0.017037973870272418
2022-12-12,NVDA,d_credit,-0.12613279320814857
2022-12-12,NVDA,r_vix,-0.03861040592813222
2022-12-12,NVDA,GSPC,1.801672567047045
2022-12-19,NVDA,d_rate,2.3892321813059425e-4
2022-12-19,NVDA,d_credit,-0.14083888305448783
2022-12-19,NVDA,r_vix,-0.02904321885627815
2022-12-19,NVDA,GSPC,1.7901401909405217
2022-12-26,NVDA,d_rate,-0.0010911944167181563
2022-12-26,NVDA,d_credit,-0.13776137225329946
2022-12-26,NVDA,r_vix,-0.04845061216010835
2022-12-26,NVDA,GSPC,1.7394093378888018
2023-01-02,NVDA,d_rate,0.002958759806275356
2023-01-02,NVDA,d_credit,-0.14719073112510767
2023-01-02,NVDA,r_vix,-0.039461465774829126
2023-01-02,NVDA,GSPC,1.750555394909851
2023-01-09,NVDA,d_rate,-0.0037753277666130584
2023-01-09,NVDA,d_credit,-0.164333827721042
2023-01-09,NVDA,r_vix,-0.04845009706313712
2023-01-09,NVDA,GSPC,1.741332367637432
2023-01-16,NVDA,d_rate,-0.006494320679285507
2023-01-16,NVDA,d_credit,-0.16634774375518055
2023-01-16,NVDA,r_vix,-0.01758719236001781
2023-01-16,NVDA,GSPC,1.8006008105403815
2023-01-23,NVDA,d_rate,-0.006063086444044154
2023-01-23,NVDA,d_credit,-0.1752708783637139
2023-01-23,NVDA,r_vix,-0.014449453931348421
2023-01-23,NVDA,GSPC,1.8437532040628317
2023-01-30,NVDA,d_rate,-0.010357105288418437
2023-01-30,NVDA,d_credit,-0.18218513970712769
2023-01-30,NVDA,r_vix,0.0033716927591814186
2023-01-30,NVDA,GSPC,1.8667578136317367
2023-02-06,NVDA,d_rate,-0.004705773213418658
2023-02-06,NVDA,d_credit,-0.18280702756594322
2023-02-06,NVDA,r_vix,-3.267797549042274e-5
2023-02-06,NVDA,GSPC,1.8678848144291111
2023-02-13,NVDA,d_rate,-0.0041841464360743265
2023-02-13,NVDA,d_credit,-0.19322194746619595
2023-02-13,NVDA,r_vix,0.0038581336142059545
2023-02-13,NVDA,GSPC,1.881527219712838
2023-02-20,NVDA,d_rate,-9.989164112958176e-4
2023-02-20,NVDA,d_credit,-0.2114271846744363
2023-02-20,NVDA,r_vix,0.017046069798262994
2023-02-20,NVDA,GSPC,1.835540316918869
2023-02-27,NVDA,d_rate,-0.0030484190823449504
2023-02-27,NVDA,d_credit,-0.20911276815141058
2023-02-27,NVDA,r_vix,0.03101019043558741
2023-02-27,NVDA,GSPC,1.8597736459317993
2023-03-06,NVDA,d_rate,-0.024641829371976297
2023-03-06,NVDA,d_credit,-0.21077581566668901
2023-03-06,NVDA,r_vix,0.08881182595931529
2023-03-06,NVDA,GSPC,1.9556505841949008
2023-03-13,NVDA,d_rate,-0.0461282215892496
2023-03-13,NVDA,d_credit,-0.16806511422426013
2023-03-13,NVDA,r_vix,0.1192977498847909
2023-03-13,NVDA,GSPC,2.0189927077960608
2023-03-20,NVDA,d_rate,-0.04610658760823043
2023-03-20,NVDA,d_credit,-0.16150275769907613
2023-03-20,NVDA,r_vix,0.10532062406846716
2023-03-20,NVDA,GSPC,1.9941562577773235
2023-03-27,NVDA,d_rate,-0.05961973954596835
2023-03-27,NVDA,d_credit,-0.1846484201161513
2023-03-27,NVDA,r_vix,0.10507222944672111
2023-03-27,NVDA,GSPC,1.9395466112649584
2023-04-03,NVDA,d_rate,-0.029877173847201257
2023-04-03,NVDA,d_credit,-0.1821721608889516
2023-04-03,NVDA,r_vix,0.12962220031600255
2023-04-03,NVDA,GSPC,2.00999352811631
2023-04-10,NVDA,d_rate,-0.034298460062542085
2023-04-10,NVDA,d_credit,-0.18239838132473168
2023-04-10,NVDA,r_vix,0.12651262417982773
2023-04-10,NVDA,GSPC,1.9712999160013436
2023-04-17,NVDA,d_rate,-0.02310587184172909
2023-04-17,NVDA,d_credit,-0.16184007059074848
2023-04-17,NVDA,r_vix,0.16558977265162403
2023-04-17,NVDA,GSPC,2.0749582867983585
2023-04-24,NVDA,d_rate,-0.02390281580315657
2023-04-24,NVDA,d_credit,-0.16043830497199604
2023-04-24,NVDA,r_vix,0.166524274984548
2023-04-24,NVDA,GSPC,2.0753146684835695
2023-05-01,NVDA,d_rate,-0.02778687019227954
2023-05-01,NVDA,d_credit,-0.15597326899909578
2023-05-01,NVDA,r_vix,0.1960306043284148
2023-05-01,NVDA,GSPC,2.1431402914888165
2023-05-08,NVDA,d_rate,-0.02563629099965883
2023-05-08,NVDA,d_credit,-0.1621506513125421
2023-05-08,NVDA,r_vix,0.20690842136618548
2023-05-08,NVDA,GSPC,2.1800013672909975
2023-05-15,NVDA,d_rate,-0.011312828222488696
2023-05-15,NVDA,d_credit,-0.16122497294233012
2023-05-15,NVDA,r_vix,0.22556232156625647
2023-05-15,NVDA,GSPC,2.271557126368974
2023-05-22,NVDA,d_rate,-0.00524698135961224
2023-05-22,NVDA,d_credit,-0.21194262827895316
2023-05-22,NVDA,r_vix,0.31860095085994306
2023-05-22,NVDA,GSPC,2.5592048827331637
2023-05-29,NVDA,d_rate,-0.0059335316970097135
2023-05-29,NVDA,d_credit,-0.21619936339206292
2023-05-29,NVDA,r_vix,0.3047133248162769
2023-05-29,NVDA,GSPC,2.521375212997449
2023-06-05,NVDA,d_rate,-0.004376139719564771
2023-06-05,NVDA,d_credit,-0.215092865639037
2023-06-05,NVDA,r_vix,0.3075464767700384
2023-06-05,NVDA,GSPC,2.494145860060796
2023-06-12,NVDA,d_rate,-0.008405131410927122
2023-06-12,NVDA,d_credit,-0.2320678130636764
2023-06-12,NVDA,r_vix,0.3231026479674077
2023-06-12,NVDA,GSPC,2.6212296237314088
2023-06-19,NVDA,d_rate,-0.008979773606688729
2023-06-19,NVDA,d_credit,-0.2165476242136735
2023-06-19,NVDA,r_vix,0.32832348548245854
2023-06-19,NVDA,GSPC,2.7102545099044146
2023-06-26,NVDA,d_rate,-0.028317920250381615
2023-06-26,NVDA,d_credit,-0.1488645149658437
2023-06-26,NVDA,r_vix,0.2463962009723999
2023-06-26,NVDA,GSPC,2.3680147801976323
2023-07-03,NVDA,d_rate,-0.03531970144990818
2023-07-03,NVDA,d_credit,-0.13946014826747893
2023-07-03,NVDA,r_vix,0.2454343204981174
2023-07-03,NVDA,GSPC,2.34656936359758
2023-07-10,NVDA,d_rate,-0.0394363315864999
2023-07-10,NVDA,d_credit,-0.13550484800567697
2023-07-10,NVDA,r_vix,0.24091478663464858
2023-07-10,NVDA,GSPC,2.3428645305469
2023-07-17,NVDA,d_rate,-0.034914905019367344
2023-07-17,NVDA,d_credit,-0.12875173436602097
2023-07-17,NVDA,r_vix,0.22509433798857706
2023-07-17,NVDA,GSPC,2.2797240109406256
2023-07-24,NVDA,d_rate,-0.033677855664830975
2023-07-24,NVDA,d_credit,-0.11593504572776965
2023-07-24,NVDA,r_vix,0.23399228328414007
2023-07-24,NVDA,GSPC,2.3675940234446755
2023-07-31,NVDA,d_rate,-0.03987342282530771
2023-07-31,NVDA,d_credit,-0.1266238505382902
2023-07-31,NVDA,r_vix,0.2005024292013319
2023-07-31,NVDA,GSPC,2.2842746564123733
2023-08-07,NVDA,d_rate,-0.04240453980014935
2023-08-07,NVDA,d_credit,-0.12778140490855983
2023-08-07,NVDA,r_vix,0.24575395798632108
2023-08-07,NVDA,GSPC,2.522868720454811
2023-08-14,NVDA,d_rate,-0.035129826499696086
2023-08-14,NVDA,d_credit,-0.12683817337698036
2023-08-14,NVDA,r_vix,0.268848711460996
2023-08-14,NVDA,GSPC,2.5431183535040978
2023-08-21,NVDA,d_rate,-0.043325702860505175
2023-08-21,NVDA,d_credit,-0.16927883705875904
2023-08-21,NVDA,r_vix,0.2925470393077722
2023-08-21,NVDA,GSPC,2.4832745938137717
2023-08-28,NVDA,d_rate,-0.0299425027651963
2023-08-28,NVDA,d_credit,-0.12892420388009243
2023-08-28,NVDA,r_vix,0.23360326871055148
2023-08-28,NVDA,GSPC,2.2342102876228647
2023-09-04,NVDA,d_rate,-0.027726139623635
2023-09-04,NVDA,d_credit,-0.1205976273588045
2023-09-04,NVDA,r_vix,0.22896000271023256
2023-09-04,NVDA,GSPC,2.2917163193708534
2023-09-11,NVDA,d_rate,-0.029992523413133212
2023-09-11,NVDA,d_credit,-0.1253890939284848
2023-09-11,NVDA,r_vix,0.22921500424244082
2023-09-11,NVDA,GSPC,2.2417556606087152
2023-09-18,NVDA,d_rate,-0.030347615734765646
2023-09-18,NVDA,d_credit,-0.1062973713625061
2023-09-18,NVDA,r_vix,0.2025252787132519
2023-09-18,NVDA,GSPC,2.2455141066328315
2023-09-25,NVDA,d_rate,-0.02732403989378351
2023-09-25,NVDA,d_credit,-0.10924960345800024
2023-09-25,NVDA,r_vix,0.2063428568912158
2023-09-25,NVDA,GSPC,2.2760161878260474
2023-10-02,NVDA,d_rate,-0.018957842637552385
2023-10-02,NVDA,d_credit,-0.11101699685207955
2023-10-02,NVDA,r_vix,0.2181076428919625
2023-10-02,NVDA,GSPC,2.3618437485374963
2023-10-09,NVDA,d_rate,2.4213700056690152e-4
2023-10-09,NVDA,d_credit,-0.06911429594427189
2023-10-09,NVDA,r_vix,0.1775609948591094
2023-10-09,NVDA,GSPC,2.2087414326433983
2023-10-16,NVDA,d_rate,-0.021473128909968022
2023-10-16,NVDA,d_credit,-0.09906284012934857
2023-10-16,NVDA,r_vix,0.17598567619106903
2023-10-16,NVDA,GSPC,2.2320150437670723
2023-10-23,NVDA,d_rate,-0.021583420010331086
2023-10-23,NVDA,d_credit,-0.09737464005275467
2023-10-23,NVDA,r_vix,0.16784255446768173
2023-10-23,NVDA,GSPC,2.150710214361934
2023-10-30,NVDA,d_rate,-0.027826477471824717
2023-10-30,NVDA,d_credit,-0.0690763829756243
2023-10-30,NVDA,r_vix,0.21987029850439802
2023-10-30,NVDA,GSPC,2.575111618199007
2023-11-06,NVDA,d_rate,-0.026844771926958517
2023-11-06,NVDA,d_credit,-0.07248830510696913
2023-11-06,NVDA,r_vix,0.22377154755921136
2023-11-06,NVDA,GSPC,2.617466755737908
2023-11-13,NVDA,d_rate,-0.05869799335879284
2023-11-13,NVDA,d_credit,-0.1348207692027495
2023-11-13,NVDA,r_vix,0.20757936601047244
2023-11-13,NVDA,GSPC,2.3038471040654684
2023-11-20,NVDA,d_rate,-0.05625170333310244
2023-11-20,NVDA,d_credit,-0.12053285539147049
2023-11-20,NVDA,r_vix,0.22128970401135442
2023-11-20,NVDA,GSPC,2.363541057938285
2023-11-27,NVDA,d_rate,-0.033796257171522515
2023-11-27,NVDA,d_credit,-0.09933957588346742
2023-11-27,NVDA,r_vix,0.206818670871113
2023-11-27,NVDA,GSPC,2.3448524447706425
2023-12-04,NVDA,d_rate,-0.02536400575030122
2023-12-04,NVDA,d_credit,-0.06506933408129653
2023-12-04,NVDA,r_vix,0.2043419451744241
2023-12-04,NVDA,GSPC,2.4514521180436355
2023-12-11,NVDA,d_rate,-0.006288053881650208
2023-12-11,NVDA,d_credit,-0.04721830094763808
2023-12-11,NVDA,r_vix,0.1912990972417343
2023-12-11,NVDA,GSPC,2.422027196800602
2023-12-18,NVDA,d_rate,0.015839214556235333
2023-12-18,NVDA,d_credit,-0.027615985634895056
2023-12-18,NVDA,r_vix,0.14693654101079745
2023-12-18,NVDA,GSPC,2.256447751789039
2023-12-25,NVDA,d_rate,0.024192867827833184
2023-12-25,NVDA,d_credit,-0.022176647787268813
2023-12-25,NVDA,r_vix,0.15274485037163404
2023-12-25,NVDA,GSPC,2.295213582433329
2024-01-01,NVDA,d_rate,0.01889574794767245
2024-01-01,NVDA,d_credit,-0.01801071743088723
2024-01-01,NVDA,r_vix,0.1544452876694318
2024-01-01,NVDA,GSPC,2.3100303328028984
2024-01-08,NVDA,d_rate,0.024156378810581785
2024-01-08,NVDA,d_credit,0.020995484564442248
2024-01-08,NVDA,r_vix,0.1643218848485344
2024-01-08,NVDA,GSPC,2.378176291265029
2024-01-15,NVDA,d_rate,0.03178873999452428
2024-01-15,NVDA,d_credit,0.018038635252569914
2024-01-15,NVDA,r_vix,0.16961601691454833
2024-01-15,NVDA,GSPC,2.4560212499173666
2024-01-22,NVDA,d_rate,0.03032358279461378
2024-01-22,NVDA,d_credit,0.04255660721778965
2024-01-22,NVDA,r_vix,0.1547686787886902
2024-01-22,NVDA,GSPC,2.321123619290153
2024-01-29,NVDA,d_rate,0.027278688008050098
2024-01-29,NVDA,d_credit,0.03986084752725609
2024-01-29,NVDA,r_vix,0.1691958736014401
2024-01-29,NVDA,GSPC,2.406213109070921
2024-02-05,NVDA,d_rate,0.03900667940857817
2024-02-05,NVDA,d_credit,0.056200461661935666
2024-02-05,NVDA,r_vix,0.16735066080782848
2024-02-05,NVDA,GSPC,2.467329440869684
2024-02-12,NVDA,d_rate,0.038673567679722166
2024-02-12,NVDA,d_credit,0.06246760937743761
2024-02-12,NVDA,r_vix,0.16189440964553392
2024-02-12,NVDA,GSPC,2.4537587022167235
2024-02-19,NVDA,d_rate,0.03942031668371988
2024-02-19,NVDA,d_credit,0.0942727676858757
2024-02-19,NVDA,r_vix,0.19478195046436275
2024-02-19,NVDA,GSPC,2.9187068938142815
2024-02-26,NVDA,d_rate,0.03974780183496063
2024-02-26,NVDA,d_credit,0.09748723758398975
2024-02-26,NVDA,r_vix,0.1924733101316323
2024-02-26,NVDA,GSPC,2.9187217217008112
2024-03-04,NVDA,d_rate,0.04529023998578025
2024-03-04,NVDA,d_credit,0.08902257188074346
2024-03-04,NVDA,r_vix,0.20073734558873912
2024-03-04,NVDA,GSPC,3.036196374659374
2024-03-11,NVDA,d_rate,0.05693964398693219
2024-03-11,NVDA,d_credit,0.031356612710761254
2024-03-11,NVDA,r_vix,0.18453833629900968
2024-03-11,NVDA,GSPC,2.921982376178727
2024-03-18,NVDA,d_rate,0.05576608367369989
2024-03-18,NVDA,d_credit,0.031207615143632395
2024-03-18,NVDA,r_vix,0.19280516439788045
2024-03-18,NVDA,GSPC,2.96501091049056
2024-03-25,NVDA,d_rate,0.068040251158669
2024-03-25,NVDA,d_credit,0.001542819833418321
2024-03-25,NVDA,r_vix,0.19089980007324217
2024-03-25,NVDA,GSPC,3.1057460619095183
2024-04-01,NVDA,d_rate,0.05818467576357772
2024-04-01,NVDA,d_credit,0.0108072490169788
2024-04-01,NVDA,r_vix,0.15906227157243522
2024-04-01,NVDA,GSPC,2.9634693811690775
2024-04-08,NVDA,d_rate,0.06368207184193363
2024-04-08,NVDA,d_credit,-0.0025420614059735885
2024-04-08,NVDA,r_vix,0.14683871296449266
2024-04-08,NVDA,GSPC,2.9022791009294484
2024-04-15,NVDA,d_rate,0.06879813592072946
2024-04-15,NVDA,d_credit,-0.0019978203021032343
2024-04-15,NVDA,r_vix,0.1735687515718023
2024-04-15,NVDA,GSPC,3.249747148077085
2024-04-22,NVDA,d_rate,0.0875810338497046
2024-04-22,NVDA,d_credit,0.012622898094275423
2024-04-22,NVDA,r_vix,0.1390861075735152
2024-04-22,NVDA,GSPC,3.294876182671954
2024-04-29,NVDA,d_rate,0.08406207071995833
2024-04-29,NVDA,d_credit,-0.021477519242818023
2024-04-29,NVDA,r_vix,0.12828598633418956
2024-04-29,NVDA,GSPC,3.249391012633137
2024-05-06,NVDA,d_rate,0.08084612241725712
2024-05-06,NVDA,d_credit,-0.024967284333330095
2024-05-06,NVDA,r_vix,0.12749731274827036
2024-05-06,NVDA,GSPC,3.1846500467816847
2024-05-13,NVDA,d_rate,0.07209061953660165
2024-05-13,NVDA,d_credit,-0.030105171629041395
2024-05-13,NVDA,r_vix,0.12360454415192973
2024-05-13,NVDA,GSPC,3.098334470242412
2024-05-20,NVDA,d_rate,0.06028915960402966
2024-05-20,NVDA,d_credit,0.05246480563307408
2024-05-20,NVDA,r_vix,0.07097455236459511
2024-05-20,NVDA,GSPC,2.8035235747889535
2024-05-27,NVDA,d_rate,0.05808263915568931
2024-05-27,NVDA,d_credit,0.05939192926557729
2024-05-27,NVDA,r_vix,0.060302913451137585
2024-05-27,NVDA,GSPC,2.756012596430778
2024-06-03,NVDA,d_rate,0.054421585662980526
2024-06-03,NVDA,d_credit,0.05258018716036104
2024-06-03,NVDA,r_vix,0.05108222983549458
2024-06-03,NVDA,GSPC,2.730100121805947
2024-06-10,NVDA,d_rate,0.04305131627677281
2024-06-10,NVDA,d_credit,0.08464530827760136
2024-06-10,NVDA,r_vix,0.056888809962679046
2024-06-10,NVDA,GSPC,2.7108088573297113
2024-06-17,NVDA,d_rate,0.03828337589684262
2024-06-17,NVDA,d_credit,0.06534267345219903
2024-06-17,NVDA,r_vix,0.04883473233096481
2024-06-17,NVDA,GSPC,2.658694604453395
2024-06-24,NVDA,d_rate,0.05068332433390739
2024-06-24,NVDA,d_credit,0.022358717479558855
2024-06-24,NVDA,r_vix,0.09516223474587328
2024-06-24,NVDA,GSPC,3.048704499608372
2024-07-01,NVDA,d_rate,0.04687447097468886
2024-07-01,NVDA,d_credit,0.024289340344678032
2024-07-01,NVDA,r_vix,0.07945550827476973
2024-07-01,NVDA,GSPC,2.9208922445688414
2024-07-08,NVDA,d_rate,0.04876024950182475
2024-07-08,NVDA,d_credit,0.019700584445211698
2024-07-08,NVDA,r_vix,0.08045367299563616
2024-07-08,NVDA,GSPC,2.9221700495578964
2024-07-15,NVDA,d_rate,0.05304460178135163
2024-07-15,NVDA,d_credit,0.026565674413104624
2024-07-15,NVDA,r_vix,0.04848367352398792
2024-07-15,NVDA,GSPC,2.9054260032061072
2024-07-22,NVDA,d_rate,0.054130237386676
2024-07-22,NVDA,d_credit,0.014292496911721186
2024-07-22,NVDA,r_vix,0.05516537100953654
2024-07-22,NVDA,GSPC,2.9549412105238755
2024-07-29,NVDA,d_rate,0.05569977936145382
2024-07-29,NVDA,d_credit,0.015319844573418697
2024-07-29,NVDA,r_vix,0.0551249712040024
2024-07-29,NVDA,GSPC,2.9587334207176204
2024-08-05,NVDA,d_rate,0.052815347516060616
2024-08-05,NVDA,d_credit,0.010220305062245088
2024-08-05,NVDA,r_vix,0.020389642744401526
2024-08-05,NVDA,GSPC,2.732417770972875
2024-08-12,NVDA,d_rate,0.04866289799363483
2024-08-12,NVDA,d_credit,-0.02346049955258521
2024-08-12,NVDA,r_vix,-0.007515704267818656
2024-08-12,NVDA,GSPC,2.882157402865598
2024-08-19,NVDA,d_rate,0.05385588262587333
2024-08-19,NVDA,d_credit,0.008520771215332956
2024-08-19,NVDA,r_vix,-0.004654302873731479
2024-08-19,NVDA,GSPC,2.920620597929724
2024-08-26,NVDA,d_rate,0.04530221656763024
2024-08-26,NVDA,d_credit,0.01902087023672716
2024-08-26,NVDA,r_vix,0.004374519216550373
2024-08-26,NVDA,GSPC,2.987105328026728
2024-09-02,NVDA,d_rate,0.05102552374124638
2024-09-02,NVDA,d_credit,0.01451961850149346
2024-09-02,NVDA,r_vix,-0.001994457131948672
2024-09-02,NVDA,GSPC,2.983191637675083
2024-09-09,NVDA,d_rate,0.053224769602533376
2024-09-09,NVDA,d_credit,0.019436988102232988
2024-09-09,NVDA,r_vix,-0.013231470181599241
2024-09-09,NVDA,GSPC,2.9637383730727542
2024-09-16,NVDA,d_rate,0.045627621412986825
2024-09-16,NVDA,d_credit,0.06589772816782631
2024-09-16,NVDA,r_vix,-0.02946095277297299
2024-09-16,NVDA,GSPC,2.9006692343355334
2024-09-23,NVDA,d_rate,0.03613913801441447
2024-09-23,NVDA,d_credit,0.02782895304339755
2024-09-23,NVDA,r_vix,-0.01819023075614006
2024-09-23,NVDA,GSPC,2.9600482322316175
2024-09-30,NVDA,d_rate,0.02896425781785959
2024-09-30,NVDA,d_credit,-0.009729721198345646
2024-09-30,NVDA,r_vix,-0.013179428066349324
2024-09-30,NVDA,GSPC,2.944471817647681
2024-10-07,NVDA,d_rate,0.032323048687262886
2024-10-07,NVDA,d_credit,-0.019864799088903595
2024-10-07,NVDA,r_vix,0.003064017257516103
2024-10-07,NVDA,GSPC,3.053744238387065
2024-10-14,NVDA,d_rate,0.05005061817627458
2024-10-14,NVDA,d_credit,0.02294785606781088
2024-10-14,NVDA,r_vix,0.0012759247248401396
2024-10-14,NVDA,GSPC,3.0399376902797637
2024-10-21,NVDA,d_rate,0.08789243679482439
2024-10-21,NVDA,d_credit,0.0632301799835922
2024-10-21,NVDA,r_vix,0.05682209608037047
2024-10-21,NVDA,GSPC,3.602005544416537
2024-10-28,NVDA,d_rate,0.0713460482783066
2024-10-28,NVDA,d_credit,0.05460039477341526
2024-10-28,NVDA,r_vix,0.04523973228558516
2024-10-28,NVDA,GSPC,3.7328375032325187
2024-11-04,NVDA,d_rate,0.08203368995309367
2024-11-04,NVDA,d_credit,0.09629514097768285
2024-11-04,NVDA,r_vix,0.06444485915302403
2024-11-04,NVDA,GSPC,3.7367056284794495
2024-11-11,NVDA,d_rate,0.07459125907775298
2024-11-11,NVDA,d_credit,0.08689558002055818
2024-11-11,NVDA,r_vix,0.06699096932155726
2024-11-11,NVDA,GSPC,3.7489193666036176
2024-11-18,NVDA,d_rate,0.060324823857273356
2024-11-18,NVDA,d_credit,0.02366082266104408
2024-11-18,NVDA,r_vix,0.05172433322479786
2024-11-18,NVDA,GSPC,3.5453917946433973
2024-11-25,NVDA,d_rate,0.06238177608357719
2024-11-25,NVDA,d_credit,0.012304457565217005
2024-11-25,NVDA,r_vix,0.06796834409666842
2024-11-25,NVDA,GSPC,3.6398451868926545
2024-12-02,NVDA,d_rate,0.0656792732988102
2024-12-02,NVDA,d_credit,0.026048904289161057
2024-12-02,NVDA,r_vix,0.06911609332843345
2024-12-02,NVDA,GSPC,3.6661084153300787
2024-12-09,NVDA,d_rate,0.0059129719478531835
2024-12-09,NVDA,d_credit,-0.09313907711211067
2024-12-09,NVDA,r_vix,0.07816793232927112
2024-12-09,NVDA,GSPC,3.6387305522933473
2024-12-16,NVDA,d_rate,0.025628727952882166
2024-12-16,NVDA,d_credit,-0.03898327129364613
2024-12-16,NVDA,r_vix,0.10142477325739568
2024-12-16,NVDA,GSPC,3.799835163896085
2024-12-23,NVDA,d_rate,0.026652011393293783
2024-12-23,NVDA,d_credit,-0.03579044645979944
2024-12-23,NVDA,r_vix,0.1020852592042947
2024-12-23,NVDA,GSPC,3.8090210503840938
2024-12-30,NVDA,d_rate,0.01224194418508449
2024-12-30,NVDA,d_credit,-0.04704905770534785
2024-12-30,NVDA,r_vix,0.09517440827327002
2024-12-30,NVDA,GSPC,3.7329989042253984
2025-01-06,NVDA,d_rate,0.018669122015102128
2025-01-06,NVDA,d_credit,-0.029409990443255984
2025-01-06,NVDA,r_vix,0.08945450780322776
2025-01-06,NVDA,GSPC,3.6932912376916636
2025-01-13,NVDA,d_rate,0.010494390495491319
2025-01-13,NVDA,d_credit,-0.07446293072465288
2025-01-13,NVDA,r_vix,0.08806235746553104
2025-01-13,NVDA,GSPC,3.5115627384944976
2025-01-20,NVDA,d_rate,0.01051523568834861
2025-01-20,NVDA,d_credit,-0.0701029428928679
2025-01-20,NVDA,r_vix,0.08779771814827031
2025-01-20,NVDA,GSPC,3.49822795310016
2025-01-27,NVDA,d_rate,0.041746295930157384
2025-01-27,NVDA,d_credit,-0.034284323736332264
2025-01-27,NVDA,r_vix,0.08589584481738155
2025-01-27,NVDA,GSPC,3.674532299524728
2025-02-03,NVDA,d_rate,-0.0119627076696669
2025-02-03,NVDA,d_credit,-0.14204489042744306
2025-02-03,NVDA,r_vix,0.06821087289120191
2025-02-03,NVDA,GSPC,3.3119715799191027
2025-02-10,NVDA,d_rate,-0.009215044839469964
2025-02-10,NVDA,d_credit,-0.12389997675166499
2025-02-10,NVDA,r_vix,0.06348720619311936
2025-02-10,NVDA,GSPC,3.3168025674862602
2025-02-17,NVDA,d_rate,-0.005192773037979308
2025-02-17,NVDA,d_credit,-0.10301263712931379
2025-02-17,NVDA,r_vix,0.06035638233909254
2025-02-17,NVDA,GSPC,3.2756265863560463
2025-02-24,NVDA,d_rate,-0.008526224025622323
2025-02-24,NVDA,d_credit,-0.16593816808911105
2025-02-24,NVDA,r_vix,0.06935333362101316
2025-02-24,NVDA,GSPC,3.3144878681308803
2025-03-03,NVDA,d_rate,0.00704833796620739
2025-03-03,NVDA,d_credit,-0.13946484045830024
2025-03-03,NVDA,r_vix,0.05730741357344013
2025-03-03,NVDA,GSPC,3.29463441721136
2025-03-10,NVDA,d_rate,-0.0069424846481407915
2025-03-10,NVDA,d_credit,-0.1086918124295927
2025-03-10,NVDA,r_vix,-0.05092886172255536
2025-03-10,NVDA,GSPC,2.3141278839822457
2025-03-17,NVDA,d_rate,-0.010798809747216248
2025-03-17,NVDA,d_credit,-0.14999622502025883
2025-03-17,NVDA,r_vix,-0.038438728505050736
2025-03-17,NVDA,GSPC,2.33376127839873
2025-03-24,NVDA,d_rate,-0.015899636116785597
2025-03-24,NVDA,d_credit,-0.17267281027672607
2025-03-24,NVDA,r_vix,-0.036605521723282075
2025-03-24,NVDA,GSPC,2.3499899336829517
2025-03-31,NVDA,d_rate,-0.05661633389256631
2025-03-31,NVDA,d_credit,-0.1852434887394067
2025-03-31,NVDA,r_vix,-0.07583859372568008
2025-03-31,NVDA,GSPC,1.6875702387096092
2025-04-07,NVDA,d_rate,-0.015128431213895666
2025-04-07,NVDA,d_credit,-0.05155315492943734
2025-04-07,NVDA,r_vix,-0.06190917385709197
2025-04-07,NVDA,GSPC,2.0311684982277725
2025-04-14,NVDA,d_rate,0.004145420757040757
2025-04-14,NVDA,d_credit,-0.022976275999163485
2025-04-14,NVDA,r_vix,-0.07114057155268078
2025-04-14,NVDA,GSPC,1.9430092804805112
2025-04-21,NVDA,d_rate,0.002891358834986743
2025-04-21,NVDA,d_credit,-0.037156585517417906
2025-04-21,NVDA,r_vix,-0.049468307718465596
2025-04-21,NVDA,GSPC,1.955441943269509
2025-04-28,NVDA,d_rate,-0.008869963619488573
2025-04-28,NVDA,d_credit,-0.0888844383424995
2025-04-28,NVDA,r_vix,-0.05086190066140753
2025-04-28,NVDA,GSPC,1.865333363734879
2025-05-05,NVDA,d_rate,-0.008436719610539736
2025-05-05,NVDA,d_credit,-0.09341645208780884
2025-05-05,NVDA,r_vix,-0.05309449192927655
2025-05-05,NVDA,GSPC,1.8572668334869569
2025-05-12,NVDA,d_rate,-0.00989165221996994
2025-05-12,NVDA,d_credit,-0.10301860291073527
2025-05-12,NVDA,r_vix,-0.048409242669918764
2025-05-12,NVDA,GSPC,1.924522764896829
2025-05-19,NVDA,d_rate,0.0011050361057399222
2025-05-19,NVDA,d_credit,-0.027869697669005506
2025-05-19,NVDA,r_vix,-0.0416157593880002
2025-05-19,NVDA,GSPC,2.0289763161118173
2025-05-26,NVDA,d_rate,0.004404935336276716
2025-05-26,NVDA,d_credit,-0.00734374772101796
2025-05-26,NVDA,r_vix,-0.04289853086594601
2025-05-26,NVDA,GSPC,2.045526934353835
2025-06-02,NVDA,d_rate,0.011638009239368264
2025-06-02,NVDA,d_credit,-0.013169368881186501
2025-06-02,NVDA,r_vix,-0.045703382541741486
2025-06-02,NVDA,GSPC,1.9996821304926589
2025-06-09,NVDA,d_rate,0.020206538237685756
2025-06-09,NVDA,d_credit,-0.056272178886977414
2025-06-09,NVDA,r_vix,-0.05217638420475182
2025-06-09,NVDA,GSPC,1.868220143440244
2025-06-16,NVDA,d_rate,0.026097366589423045
2025-06-16,NVDA,d_credit,-0.03362427504494918
2025-06-16,NVDA,r_vix,-0.048690411206685894
2025-06-16,NVDA,GSPC,1.9208842899416614
2025-06-23,NVDA,d_rate,0.03335684578995349
2025-06-23,NVDA,d_credit,-0.007813397328636187
2025-06-23,NVDA,r_vix,-0.05689747068104245
2025-06-23,NVDA,GSPC,1.9142375870086001
2025-06-30,NVDA,d_rate,0.03204433625377394
2025-06-30,NVDA,d_credit,-0.007846827615841217
2025-06-30,NVDA,r_vix,-0.0592304180583619
2025-06-30,NVDA,GSPC,1.9001959347886335
2025-07-07,NVDA,d_rate,0.03551131117172801
2025-07-07,NVDA,d_credit,-0.030134455081172747
2025-07-07,NVDA,r_vix,-0.06585314602185396
2025-07-07,NVDA,GSPC,1.8218619499919229
2025-07-14,NVDA,d_rate,0.03436955501841015
2025-07-14,NVDA,d_credit,-0.05040616231325002
2025-07-14,NVDA,r_vix,-0.050229515023412975
2025-07-14,NVDA,GSPC,1.8683859120959465
2025-07-21,NVDA,d_rate,0.043492420608468994
2025-07-21,NVDA,d_credit,-0.007455048759435114
2025-07-21,NVDA,r_vix,-0.056971842876321975
2025-07-21,NVDA,GSPC,1.8594389977236363
2025-07-28,NVDA,d_rate,0.027988275774036394
2025-07-28,NVDA,d_credit,-0.03856617194605108
2025-07-28,NVDA,r_vix,-0.03786820779565422
2025-07-28,NVDA,GSPC,1.9046043759275104
2025-08-04,NVDA,d_rate,0.03529538802929141
2025-08-04,NVDA,d_credit,-0.04554285972819877
2025-08-04,NVDA,r_vix,-0.04804671151770171
2025-08-04,NVDA,GSPC,1.818569932353213
2025-08-11,NVDA,d_rate,0.05534375504791682
2025-08-11,NVDA,d_credit,0.04837322236703726
2025-08-11,NVDA,r_vix,-0.039155203051829277
2025-08-11,NVDA,GSPC,1.876588785514598
2025-08-18,NVDA,d_rate,0.05856581365509907
2025-08-18,NVDA,d_credit,0.037335674562406045
2025-08-18,NVDA,r_vix,-0.043538439216572224
2025-08-18,NVDA,GSPC,1.8288329651993231
2025-08-25,NVDA,d_rate,0.07563630356187562
2025-08-25,NVDA,d_credit,0.03426939687585525
2025-08-25,NVDA,r_vix,-0.06288812257913548
2025-08-25,NVDA,GSPC,1.69669013110841
2025-09-01,NVDA,d_rate,0.06787776295908489
2025-09-01,NVDA,d_credit,0.024721725040187686
2025-09-01,NVDA,r_vix,-0.047337860523460194
2025-09-01,NVDA,GSPC,1.7218111134890148
2025-09-08,NVDA,d_rate,0.05570667729588548
2025-09-08,NVDA,d_credit,-0.04870176595424358
2025-09-08,NVDA,r_vix,-0.025855460546205977
2025-09-08,NVDA,GSPC,1.693866029461948
2025-09-15,NVDA,d_rate,0.053617785657739676
2025-09-15,NVDA,d_credit,-0.07404184381101506
2025-09-15,NVDA,r_vix,-0.0275725346705933
2025-09-15,NVDA,GSPC,1.6628018773230322
2025-09-22,NVDA,d_rate,0.05537564439516442
2025-09-22,NVDA,d_credit,-0.07214612846587527
2025-09-22,NVDA,r_vix,-0.03449212633233367
2025-09-22,NVDA,GSPC,1.6192215355161983
2025-09-29,NVDA,d_rate,0.04669742202960043
2025-09-29,NVDA,d_credit,-0.06641606623786217
2025-09-29,NVDA,r_vix,-0.02166323961959835
2025-09-29,NVDA,GSPC,1.7151980419581245
2025-10-06,NVDA,d_rate,0.03934025991750558
2025-10-06,NVDA,d_credit,-0.05186422388437104
2025-10-06,NVDA,r_vix,-0.027016552782418723
2025-10-06,NVDA,GSPC,1.6660395234364722
2025-10-13,NVDA,d_rate,0.04247237920927122
2025-10-13,NVDA,d_credit,-0.045034227770239986
2025-10-13,NVDA,r_vix,-0.030868976324700252
2025-10-13,NVDA,GSPC,1.6355844923375498
2025-10-20,NVDA,d_rate,0.03378241226297874
2025-10-20,NVDA,d_credit,-0.02817605607869337
2025-10-20,NVDA,r_vix,-0.026319674133265646
2025-10-20,NVDA,GSPC,1.6903099660978624
2025-10-27,NVDA,d_rate,0.053324767866885524
2025-10-27,NVDA,d_credit,0.0036670181027882837
2025-10-27,NVDA,r_vix,-0.01872939022926429
2025-10-27,NVDA,GSPC,1.7613190444664495
2025-11-03,NVDA,d_rate,0.04805629592552571
2025-11-03,NVDA,d_credit,-0.02108643886195762
2025-11-03,NVDA,r_vix,-0.014115911633313808
2025-11-03,NVDA,GSPC,1.7857101662120614
2025-11-10,NVDA,d_rate,0.05140787035689323
2025-11-10,NVDA,d_credit,-0.016656596347311464
2025-11-10,NVDA,r_vix,-0.015636303284669233
2025-11-10,NVDA,GSPC,1.7736046303930824
2025-11-17,NVDA,d_rate,0.05394913933805322
2025-11-17,NVDA,d_credit,-0.003071516400227044
2025-11-17,NVDA,r_vix,-0.01685684346552567
2025-11-17,NVDA,GSPC,1.8133327310029195
2025-11-24,NVDA,d_rate,0.041261574819830824
2025-11-24,NVDA,d_credit,-0.017576124890776198
2025-11-24,NVDA,r_vix,0.009112376578715872
2025-11-24,NVDA,GSPC,1.8774853501671807
2025-12-01,NVDA,d_rate,0.04637599282109747
2025-12-01,NVDA,d_credit,-0.019723108270836308
2025-12-01,NVDA,r_vix,0.006340158200142772
2025-12-01,NVDA,GSPC,1.8507246975055334
2025-12-08,NVDA,d_rate,0.07783455599001157
2025-12-08,NVDA,d_credit,-0.003270606372144601
2025-12-08,NVDA,r_vix,0.00558943989369166
2025-12-08,NVDA,GSPC,1.83051128235845
2025-12-15,NVDA,d_rate,0.06967852517591246
2025-12-15,NVDA,d_credit,0.0016190473656389212
2025-12-15,NVDA,r_vix,-0.00825774335420178
2025-12-15,NVDA,GSPC,1.7840614272042012
2025-12-22,NVDA,d_rate,0.06986931324143279
2025-12-22,NVDA,d_credit,3.775817171829393e-4
2025-12-22,NVDA,r_vix,-0.010571572192034577
2025-12-22,NVDA,GSPC,1.7787014318976397
2025-12-29,NVDA,d_rate,0.06516734030836493
2025-12-29,NVDA,d_credit,-0.030028529716670745
2025-12-29,NVDA,r_vix,-0.004049052631151401
2025-12-29,NVDA,GSPC,1.793651865818489
2026-01-05,NVDA,d_rate,0.08842967345859398
2026-01-05,NVDA,d_credit,-0.01887565373172423
2026-01-05,NVDA,r_vix,-0.011349733676727926
2026-01-05,NVDA,GSPC,1.6894121834942408
2026-01-12,NVDA,d_rate,0.08019667786752976
2026-01-12,NVDA,d_credit,-0.006308576660757348
2026-01-12,NVDA,r_vix,-0.012966944412204657
2026-01-12,NVDA,GSPC,1.7292458023186268
2026-01-19,NVDA,d_rate,0.08007854000892382
2026-01-19,NVDA,d_credit,-0.011597245043632394
2026-01-19,NVDA,r_vix,-0.013074837001772149
2026-01-19,NVDA,GSPC,1.7182780044563906
2026-01-26,NVDA,d_rate,0.06675375676770931
2026-01-26,NVDA,d_credit,-0.028971989826186074
2026-01-26,NVDA,r_vix,0.0035241588403723823
2026-01-26,NVDA,GSPC,1.7387965000833705
2026-02-02,NVDA,d_rate,0.08793287121529116
2026-02-02,NVDA,d_credit,-0.010072908215719614
2026-02-02,NVDA,r_vix,0.0031756678775653013
2026-02-02,NVDA,GSPC,1.7560133594657572
2026-02-09,NVDA,d_rate,0.0794659120944449
2026-02-09,NVDA,d_credit,-0.02074536021408722
2026-02-09,NVDA,r_vix,0.011899445984137792
2026-02-09,NVDA,GSPC,1.7711468770132823
2026-02-16,NVDA,d_rate,0.08012809693025412
2026-02-16,NVDA,d_credit,-0.024257558765254972
2026-02-16,NVDA,r_vix,0.012055553447662803
2026-02-16,NVDA,GSPC,1.7675048765683607
2026-02-23,NVDA,d_rate,0.06819465604719849
2026-02-23,NVDA,d_credit,-0.0674651746991769
2026-02-23,NVDA,r_vix,0.01722842388553054
2026-02-23,NVDA,GSPC,1.7425072769085663
2026-03-02,NVDA,d_rate,0.09408205055787393
2026-03-02,NVDA,d_credit,-0.06591369581677184
2026-03-02,NVDA,r_vix,0.015475700130619678
2026-03-02,NVDA,GSPC,1.617841693623827
2026-03-09,NVDA,d_rate,0.09255098621837342
2026-03-09,NVDA,d_credit,-0.04952268822977785
2026-03-09,NVDA,r_vix,0.05841245288719902
2026-03-09,NVDA,GSPC,1.9910910277241096
2026-03-16,NVDA,d_rate,0.08652266331972912
2026-03-16,NVDA,d_credit,-0.029731617599016616
2026-03-16,NVDA,r_vix,0.056880005646495084
2026-03-16,NVDA,GSPC,2.033550292329346
2026-03-23,NVDA,d_rate,0.09388369150458226
2026-03-23,NVDA,d_credit,-0.009665360143409187
2026-03-23,NVDA,r_vix,0.05631152209967796
2026-03-23,NVDA,GSPC,2.0204791460176796
2026-03-30,NVDA,d_rate,0.11383148681636915
2026-03-30,NVDA,d_credit,-0.03164971367619819
2026-03-30,NVDA,r_vix,0.06954818641588914
2026-03-30,NVDA,GSPC,2.27821383450505
2026-04-06,NVDA,d_rate,0.09403008393784547
2026-04-06,NVDA,d_credit,-0.05115746720318836
2026-04-06,NVDA,r_vix,0.05960878316864317
2026-04-06,NVDA,GSPC,2.1496656091906776
2026-04-13,NVDA,d_rate,0.08536088009980972
2026-04-13,NVDA,d_credit,-0.07107506525476058
2026-04-13,NVDA,r_vix,0.03967985490158281
2026-04-13,NVDA,GSPC,1.880579114483405
2026-04-20,NVDA,d_rate,0.11126738076218695
2026-04-20,NVDA,d_credit,-0.04973801099938905
2026-04-20,NVDA,r_vix,0.05178348764743388
2026-04-20,NVDA,GSPC,1.92277490545864
2026-04-27,NVDA,d_rate,0.10287778072619674
2026-04-27,NVDA,d_credit,-0.03559473570279661
2026-04-27,NVDA,r_vix,0.06215867496320773
2026-04-27,NVDA,GSPC,2.018742861134199
2026-05-04,NVDA,d_rate,0.10137292862436033
2026-05-04,NVDA,d_credit,-0.04096968264450711
2026-05-04,NVDA,r_vix,0.07483726680300559
2026-05-04,NVDA,GSPC,2.143162239355953
2026-05-11,NVDA,d_rate,0.09491656684878814
2026-05-11,NVDA,d_credit,-0.044755555742536826
2026-05-11,NVDA,r_vix,0.06862214714320705
2026-05-11,NVDA,GSPC,1.9354042255954524
2026-05-18,NVDA,d_rate,0.1123524560378298
2026-05-18,NVDA,d_credit,-0.0023984628258110993
2026-05-18,NVDA,r_vix,0.07642813602745255
2026-05-18,NVDA,GSPC,2.0234297634716127
2026-05-25,NVDA,d_rate,0.13090382287649868
2026-05-25,NVDA,d_credit,0.014844692301881545
2026-05-25,NVDA,r_vix,0.08231666975885928
2026-05-25,NVDA,GSPC,2.0566140346341153
2026-06-01,NVDA,d_rate,0.1307720208508665
2026-06-01,NVDA,d_credit,0.043989025400699724
2026-06-01,NVDA,r_vix,0.07967709147619677
2026-06-01,NVDA,GSPC,2.078102443642
2026-06-08,NVDA,d_rate,0.13039643845593232
2026-06-08,NVDA,d_credit,0.046118195521219714
2026-06-08,NVDA,r_vix,0.07353561837336493
2026-06-08,NVDA,GSPC,2.0434045161801313
2026-06-15,NVDA,d_rate,0.13366562166342563
2026-06-15,NVDA,d_credit,0.04829257232582011
2026-06-15,NVDA,r_vix,0.07523652940212826
2026-06-15,NVDA,GSPC,2.0734893170648068
2026-06-22,NVDA,d_rate,0.15236227597018032
2026-06-22,NVDA,d_credit,0.021908507938418538
2026-06-22,NVDA,r_vix,0.08466816054300046
2026-06-22,NVDA,GSPC,2.0812999460929023
2026-06-29,NVDA,d_rate,0.15536899977120572
2026-06-29,NVDA,d_credit,0.029379248658277186
2026-06-29,NVDA,r_vix,0.09439770557836816
2026-06-29,NVDA,GSPC,2.1763652402468496
2026-07-06,NVDA,d_rate,0.17201639338866578
2026-07-06,NVDA,d_credit,0.08781533475261138
2026-07-06,NVDA,r_vix,0.10304128058937216
2026-07-06,NVDA,GSPC,2.335773286260828
2026-07-13,NVDA,d_rate,0.1710680314258836
2026-07-13,NVDA,d_credit,0.08160554355806693
2026-07-13,NVDA,r_vix,0.09846037408620131
2026-07-13,NVDA,GSPC,2.3190332103158546
2026-07-20,NVDA,d_rate,0.17652462164508353
2026-07-20,NVDA,d_credit,0.08423196031626251
2026-07-20,NVDA,r_vix,0.09623285869355895
2026-07-20,NVDA,GSPC,2.3013127243388585
2026-07-27,NVDA,d_rate,0.19277070338534236
2026-07-27,NVDA,d_credit,0.038083981817418865
2026-07-27,NVDA,r_vix,0.09006069938513037
2026-07-27,NVDA,GSPC,2.323421437411226
2026-08-03,NVDA,d_rate,0.18115828589848235
2026-08-03,NVDA,d_credit,0.05666065647537584
2026-08-03,NVDA,r_vix,0.11217885686696162
2026-08-03,NVDA,GSPC,2.564472850490018
2026-08-10,NVDA,d_rate,0.18419087198709833
2026-08-10,NVDA,d_credit,0.0381411564586451
2026-08-10,NVDA,r_vix,0.11407329517262886
2026-08-10,NVDA,GSPC,2.5813477067251758
2026-08-17,NVDA,d_rate,0.18653551271154947
2026-08-17,NVDA,d_credit,0.05440984632596187
2026-08-17,NVDA,r_vix,0.11688824102434663
2026-08-17,NVDA,GSPC,2.6362023971358135
2015-12-28,UNH,d_rate,-0.058996376920867115
2015-12-28,UNH,d_credit,-0.003056467243035269
2015-12-28,UNH,r_vix,-0.02033797819398931
2015-12-28,UNH,GSPC,0.7404453475309904
2016-01-04,UNH,d_rate,-0.05564576218347733
2016-01-04,UNH,d_credit,-0.005882427037045689
2016-01-04,UNH,r_vix,-0.006219028942037765
2016-01-04,UNH,GSPC,0.8942185178180929
2016-01-11,UNH,d_rate,-0.051764429832552535
2016-01-11,UNH,d_credit,-0.007001103989819633
2016-01-11,UNH,r_vix,-0.014203596502131202
2016-01-11,UNH,GSPC,0.8405025714225324
2016-01-18,UNH,d_rate,-0.04261228160257356
2016-01-18,UNH,d_credit,0.02033389313161623
2016-01-18,UNH,r_vix,-0.0110843617822497
2016-01-18,UNH,GSPC,0.8627838169882811
2016-01-25,UNH,d_rate,-0.04917100056840341
2016-01-25,UNH,d_credit,-0.006828916192996989
2016-01-25,UNH,r_vix,-0.004941564529149647
2016-01-25,UNH,GSPC,0.833175506965307
2016-02-01,UNH,d_rate,-0.04709701643426657
2016-02-01,UNH,d_credit,-0.00604301404097749
2016-02-01,UNH,r_vix,-0.003388709996636214
2016-02-01,UNH,GSPC,0.8590670949974251
2016-02-08,UNH,d_rate,-0.04714320626209153
2016-02-08,UNH,d_credit,-0.005876692024749179
2016-02-08,UNH,r_vix,-0.003344801580752629
2016-02-08,UNH,GSPC,0.8594178158530464
2016-02-15,UNH,d_rate,-0.05141840310535209
2016-02-15,UNH,d_credit,-0.003222423694513553
2016-02-15,UNH,r_vix,-0.007007367546586634
2016-02-15,UNH,GSPC,0.8652520614421637
2016-02-22,UNH,d_rate,-0.05145688475786576
2016-02-22,UNH,d_credit,-0.004110934865613316
2016-02-22,UNH,r_vix,-0.0032726816245277866
2016-02-22,UNH,GSPC,0.8999323832109352
2016-02-29,UNH,d_rate,-0.05974551652203182
2016-02-29,UNH,d_credit,0.011381236108208454
2016-02-29,UNH,r_vix,-0.008127220154204607
2016-02-29,UNH,GSPC,0.8860291086364371
2016-03-07,UNH,d_rate,-0.0593464517723219
2016-03-07,UNH,d_credit,-0.01875138860258664
2016-03-07,UNH,r_vix,-0.0025032249608196193
2016-03-07,UNH,GSPC,0.9108223344971605
2016-03-14,UNH,d_rate,-0.0567789244169803
2016-03-14,UNH,d_credit,-0.009726967589691103
2016-03-14,UNH,r_vix,-0.0012942194327217433
2016-03-14,UNH,GSPC,0.925175727995435
2016-03-21,UNH,d_rate,-0.058241006847914646
2016-03-21,UNH,d_credit,-0.011696740637000998
2016-03-21,UNH,r_vix,-0.00345919200912496
2016-03-21,UNH,GSPC,0.9165275157497453
2016-03-28,UNH,d_rate,-0.05527434926034408
2016-03-28,UNH,d_credit,2.259122382780371e-4
2016-03-28,UNH,r_vix,-0.004925012724114725
2016-03-28,UNH,GSPC,0.9082201960933147
2016-04-04,UNH,d_rate,-0.05004714046940484
2016-04-04,UNH,d_credit,0.013904319600955256
2016-04-04,UNH,r_vix,-0.011465323738549959
2016-04-04,UNH,GSPC,0.8882784701453118
2016-04-11,UNH,d_rate,-0.04962249756844927
2016-04-11,UNH,d_credit,0.014794161305739763
2016-04-11,UNH,r_vix,-0.011641580044964265
2016-04-11,UNH,GSPC,0.8877723880254252
2016-04-18,UNH,d_rate,-0.03988982043376532
2016-04-18,UNH,d_credit,-0.004627321582047317
2016-04-18,UNH,r_vix,-0.008936335963309424
2016-04-18,UNH,GSPC,0.8907564736366782
2016-04-25,UNH,d_rate,-0.011939429467751487
2016-04-25,UNH,d_credit,0.028830094082645433
2016-04-25,UNH,r_vix,-0.00890164526457171
2016-04-25,UNH,GSPC,0.8917184070728766
2016-05-02,UNH,d_rate,-0.015348990867709238
2016-05-02,UNH,d_credit,0.022716753265512136
2016-05-02,UNH,r_vix,-0.011310678645652942
2016-05-02,UNH,GSPC,0.8703292993045172
2016-05-09,UNH,d_rate,-0.014646508647804804
2016-05-09,UNH,d_credit,0.010541181191761994
2016-05-09,UNH,r_vix,-0.01029313732584165
2016-05-09,UNH,GSPC,0.8604540961429228
2016-05-16,UNH,d_rate,-0.010259720704779103
2016-05-16,UNH,d_credit,0.011447711713465404
2016-05-16,UNH,r_vix,-0.008727873439202337
2016-05-16,UNH,GSPC,0.8671111202173978
2016-05-23,UNH,d_rate,-0.007128304321202645
2016-05-23,UNH,d_credit,0.016388264597189582
2016-05-23,UNH,r_vix,-0.011211975673867879
2016-05-23,UNH,GSPC,0.8571322075806264
2016-05-30,UNH,d_rate,0.009895105741246784
2016-05-30,UNH,d_credit,0.024380248985156252
2016-05-30,UNH,r_vix,-0.009346725214854799
2016-05-30,UNH,GSPC,0.8456049250131796
2016-06-06,UNH,d_rate,0.0073188946277026575
2016-06-06,UNH,d_credit,0.021135776923035927
2016-06-06,UNH,r_vix,0.0012974355593669768
2016-06-06,UNH,GSPC,0.9121714954752476
2016-06-13,UNH,d_rate,0.008277901939504992
2016-06-13,UNH,d_credit,0.012708292677922063
2016-06-13,UNH,r_vix,-4.3660133459518284e-4
2016-06-13,UNH,GSPC,0.8840699610125913
2016-06-20,UNH,d_rate,-0.013929152163063297
2016-06-20,UNH,d_credit,0.002209295877725458
2016-06-20,UNH,r_vix,0.0030233742607044113
2016-06-20,UNH,GSPC,0.9264925887395794
2016-06-27,UNH,d_rate,-0.009318359529762897
2016-06-27,UNH,d_credit,0.007411881361055816
2016-06-27,UNH,r_vix,0.004716218543918597
2016-06-27,UNH,GSPC,0.9293226360510621
2016-07-04,UNH,d_rate,-0.004393124918876308
2016-07-04,UNH,d_credit,0.015822544425859706
2016-07-04,UNH,r_vix,0.00575563190835133
2016-07-04,UNH,GSPC,0.9368932814842224
2016-07-11,UNH,d_rate,-0.013843918662033525
2016-07-11,UNH,d_credit,0.0174333777699497
2016-07-11,UNH,r_vix,2.390442693068658e-4
2016-07-11,UNH,GSPC,0.9193100662544221
2016-07-18,UNH,d_rate,-0.018827191113108422
2016-07-18,UNH,d_credit,0.007787894292641971
2016-07-18,UNH,r_vix,-4.4246374577615723e-4
2016-07-18,UNH,GSPC,0.877012385161984
2016-07-25,UNH,d_rate,-0.01697189324818006
2016-07-25,UNH,d_credit,-0.00196585624470557
2016-07-25,UNH,r_vix,0.0015093671614422551
2016-07-25,UNH,GSPC,0.8642155210027558
2016-08-01,UNH,d_rate,-0.01896281665861317
2016-08-01,UNH,d_credit,-7.896101567306195e-4
2016-08-01,UNH,r_vix,0.0012737411789399452
2016-08-01,UNH,GSPC,0.8737594222539943
2016-08-08,UNH,d_rate,-0.014314009259997054
2016-08-08,UNH,d_credit,0.010297714972995293
2016-08-08,UNH,r_vix,8.874965434516179e-4
2016-08-08,UNH,GSPC,0.8864843019327049
2016-08-15,UNH,d_rate,-0.015172343537982075
2016-08-15,UNH,d_credit,0.009853394638976961
2016-08-15,UNH,r_vix,1.2933416432077708e-4
2016-08-15,UNH,GSPC,0.9025105376704737
2016-08-22,UNH,d_rate,-0.017506923856421698
2016-08-22,UNH,d_credit,0.01795197285476772
2016-08-22,UNH,r_vix,-0.01105461755803486
2016-08-22,UNH,GSPC,0.861194681755568
2016-08-29,UNH,d_rate,-0.018184151801068547
2016-08-29,UNH,d_credit,0.012745975566272633
2016-08-29,UNH,r_vix,-0.015998775666696382
2016-08-29,UNH,GSPC,0.7863032633344949
2016-09-05,UNH,d_rate,-0.024244355457444897
2016-09-05,UNH,d_credit,0.00828097981842588
2016-09-05,UNH,r_vix,-0.008643440283671795
2016-09-05,UNH,GSPC,0.788652168808003
2016-09-12,UNH,d_rate,-0.014412209588223661
2016-09-12,UNH,d_credit,0.017920254610235668
2016-09-12,UNH,r_vix,-0.012149852062956852
2016-09-12,UNH,GSPC,0.778216101134702
2016-09-19,UNH,d_rate,-0.0019101264519455472
2016-09-19,UNH,d_credit,0.03337892384582675
2016-09-19,UNH,r_vix,-0.017857309596041253
2016-09-19,UNH,GSPC,0.710900553579814
2016-09-26,UNH,d_rate,-0.0011425822789298714
2016-09-26,UNH,d_credit,0.02740605711565247
2016-09-26,UNH,r_vix,-0.01865247101408305
2016-09-26,UNH,GSPC,0.6919561674830681
2016-10-03,UNH,d_rate,-0.0014640608865010836
2016-10-03,UNH,d_credit,0.03435334952866857
2016-10-03,UNH,r_vix,-0.015817552196537087
2016-10-03,UNH,GSPC,0.7735371619565797
2016-10-10,UNH,d_rate,-0.005110518286958192
2016-10-10,UNH,d_credit,0.03482660135030469
2016-10-10,UNH,r_vix,-0.018868865086041665
2016-10-10,UNH,GSPC,0.766408439542209
2016-10-17,UNH,d_rate,-0.012696963084719046
2016-10-17,UNH,d_credit,0.02112828266717226
2016-10-17,UNH,r_vix,-0.031465630142968284
2016-10-17,UNH,GSPC,0.7304179640443831
2016-10-24,UNH,d_rate,-0.02396966174931402
2016-10-24,UNH,d_credit,0.016791976163051975
2016-10-24,UNH,r_vix,-0.0382905653344675
2016-10-24,UNH,GSPC,0.6932612241071426
2016-10-31,UNH,d_rate,-0.003233203563929548
2016-10-31,UNH,d_credit,0.03408957635680956
2016-10-31,UNH,r_vix,-0.03999054566893133
2016-10-31,UNH,GSPC,0.7084326881459965
2016-11-07,UNH,d_rate,-6.884330482064872e-4
2016-11-07,UNH,d_credit,0.04458208486295366
2016-11-07,UNH,r_vix,-0.04373748335727969
2016-11-07,UNH,GSPC,0.7311253906341882
2016-11-14,UNH,d_rate,0.007142206019694506
2016-11-14,UNH,d_credit,0.054247804167468466
2016-11-14,UNH,r_vix,-0.0461215827909014
2016-11-14,UNH,GSPC,0.7768229401140316
2016-11-21,UNH,d_rate,0.0071874158203391915
2016-11-21,UNH,d_credit,0.05316536415843895
2016-11-21,UNH,r_vix,-0.04526570929023535
2016-11-21,UNH,GSPC,0.7860466941486081
2016-11-28,UNH,d_rate,0.003858857783326782
2016-11-28,UNH,d_credit,0.030765389181735776
2016-11-28,UNH,r_vix,-0.03759840413932823
2016-11-28,UNH,GSPC,0.7679808219988453
2016-12-05,UNH,d_rate,-5.467168439051806e-4
2016-12-05,UNH,d_credit,8.05122692520792e-4
2016-12-05,UNH,r_vix,-0.046167255296496
2016-12-05,UNH,GSPC,0.6476890844303743
2016-12-12,UNH,d_rate,0.004355504565441141
2016-12-12,UNH,d_credit,-0.011536414625600894
2016-12-12,UNH,r_vix,-0.05042781107701756
2016-12-12,UNH,GSPC,0.5840043151876503
2016-12-19,UNH,d_rate,0.006826388001447147
2016-12-19,UNH,d_credit,-0.00868040963121774
2016-12-19,UNH,r_vix,-0.04941872568630897
2016-12-19,UNH,GSPC,0.5929697243495551
2016-12-26,UNH,d_rate,0.008752920361988992
2016-12-26,UNH,d_credit,-0.007968106318761206
2016-12-26,UNH,r_vix,-0.05201725474906094
2016-12-26,UNH,GSPC,0.5724420523885192
2017-01-02,UNH,d_rate,0.011768549302994272
2017-01-02,UNH,d_credit,-0.011911603337150845
2017-01-02,UNH,r_vix,-0.06796196442728798
2017-01-02,UNH,GSPC,0.2813540095557028
2017-01-09,UNH,d_rate,0.012102288767909352
2017-01-09,UNH,d_credit,-0.010129977040402768
2017-01-09,UNH,r_vix,-0.07082868387609575
2017-01-09,UNH,GSPC,0.24636059462195684
2017-01-16,UNH,d_rate,-0.002518628997236387
2017-01-16,UNH,d_credit,-0.03538660164502715
2017-01-16,UNH,r_vix,-0.061358721314925806
2017-01-16,UNH,GSPC,0.29282447610885554
2017-01-23,UNH,d_rate,-0.0031013586865939738
2017-01-23,UNH,d_credit,-0.028675185071146556
2017-01-23,UNH,r_vix,-0.06063700001311358
2017-01-23,UNH,GSPC,0.3314261899482347
2017-01-30,UNH,d_rate,-0.0051225478224631
2017-01-30,UNH,d_credit,-0.03493016571095572
2017-01-30,UNH,r_vix,-0.07177382287994133
2017-01-30,UNH,GSPC,0.1471724631502761
2017-02-06,UNH,d_rate,-7.352515523565407e-4
2017-02-06,UNH,d_credit,-0.03690931136153973
2017-02-06,UNH,r_vix,-0.07422181889896447
2017-02-06,UNH,GSPC,0.11533112008178059
2017-02-13,UNH,d_rate,-8.964661346645501e-4
2017-02-13,UNH,d_credit,-0.04668424325558555
2017-02-13,UNH,r_vix,-0.09066944370899659
2017-02-13,UNH,GSPC,-0.17842810838765544
2017-02-20,UNH,d_rate,-0.009365264058780833
2017-02-20,UNH,d_credit,-0.051147283693977454
2017-02-20,UNH,r_vix,-0.09323225640794974
2017-02-20,UNH,GSPC,-0.23493252909769013
2017-02-27,UNH,d_rate,6.720489801039071e-4
2017-02-27,UNH,d_credit,-0.05655933877768095
2017-02-27,UNH,r_vix,-0.09000545649518009
2017-02-27,UNH,GSPC,-0.15860167053979418
2017-03-06,UNH,d_rate,0.007236097488202918
2017-03-06,UNH,d_credit,-0.027469608482406555
2017-03-06,UNH,r_vix,-0.09721760067016326
2017-03-06,UNH,GSPC,-0.21836180865679097
2017-03-13,UNH,d_rate,0.004269434683207025
2017-03-13,UNH,d_credit,-0.03836362899000632
2017-03-13,UNH,r_vix,-0.09638342921637992
2017-03-13,UNH,GSPC,-0.21567229628863116
2017-03-20,UNH,d_rate,0.010298303764389652
2017-03-20,UNH,d_credit,-0.031692580552097706
2017-03-20,UNH,r_vix,-0.09080470490544273
2017-03-20,UNH,GSPC,-0.0884913183080414
2017-03-27,UNH,d_rate,0.008646088981448719
2017-03-27,UNH,d_credit,-0.038785741539973766
2017-03-27,UNH,r_vix,-0.09039895046701846
2017-03-27,UNH,GSPC,-0.10231516361088659
2017-04-03,UNH,d_rate,-4.833359272570186e-4
2017-04-03,UNH,d_credit,-0.055792852209697943
2017-04-03,UNH,r_vix,-0.08930139878177848
2017-04-03,UNH,GSPC,-0.1693727686647297
2017-04-10,UNH,d_rate,-0.002113143166545345
2017-04-10,UNH,d_credit,-0.06000597759240487
2017-04-10,UNH,r_vix,-0.08169567588001349
2017-04-10,UNH,GSPC,-0.059591223413142165
2017-04-17,UNH,d_rate,-0.02070472558619427
2017-04-17,UNH,d_credit,-0.028596864012292427
2017-04-17,UNH,r_vix,-0.05844374795685407
2017-04-17,UNH,GSPC,0.26367269129028786
2017-04-24,UNH,d_rate,-0.025583328998003578
2017-04-24,UNH,d_credit,-0.0396175818552056
2017-04-24,UNH,r_vix,-0.055499636702034796
2017-04-24,UNH,GSPC,0.25201758890655657
2017-05-01,UNH,d_rate,-0.027067318387693766
2017-05-01,UNH,d_credit,-0.037479497461150015
2017-05-01,UNH,r_vix,-0.0581631508161265
2017-05-01,UNH,GSPC,0.21615294885493574
2017-05-08,UNH,d_rate,-0.0300661031681403
2017-05-08,UNH,d_credit,-0.035295964497688154
2017-05-08,UNH,r_vix,-0.05877359287029095
2017-05-08,UNH,GSPC,0.20062547799336747
2017-05-15,UNH,d_rate,-0.03630580765724949
2017-05-15,UNH,d_credit,-0.03807977496735113
2017-05-15,UNH,r_vix,-0.05762648547037382
2017-05-15,UNH,GSPC,0.2055701962823427
2017-05-22,UNH,d_rate,-0.035765716906077126
2017-05-22,UNH,d_credit,-0.037373178862702416
2017-05-22,UNH,r_vix,-0.06048755110920417
2017-05-22,UNH,GSPC,0.1735358630073755
2017-05-29,UNH,d_rate,-0.03060649938847303
2017-05-29,UNH,d_credit,-0.03410536127304023
2017-05-29,UNH,r_vix,-0.0604779688827033
2017-05-29,UNH,GSPC,0.18295508721630646
2017-06-05,UNH,d_rate,-0.021986183546120284
2017-06-05,UNH,d_credit,-0.025694229727045707
2017-06-05,UNH,r_vix,-0.07443275311467634
2017-06-05,UNH,GSPC,0.03913555608873456
2017-06-12,UNH,d_rate,-0.021293091277021402
2017-06-12,UNH,d_credit,-0.02458470803862586
2017-06-12,UNH,r_vix,-0.07410335384062693
2017-06-12,UNH,GSPC,0.04399503203403822
2017-06-19,UNH,d_rate,-0.023660533494160075
2017-06-19,UNH,d_credit,-0.04082544813109825
2017-06-19,UNH,r_vix,-0.07712362250680765
2017-06-19,UNH,GSPC,0.031528565070501245
2017-06-26,UNH,d_rate,-0.03668119931076579
2017-06-26,UNH,d_credit,-0.07491266279346115
2017-06-26,UNH,r_vix,-0.07963990060624761
2017-06-26,UNH,GSPC,0.05791276026617906
2017-07-03,UNH,d_rate,-0.048834466118397514
2017-07-03,UNH,d_credit,-0.10356131379032095
2017-07-03,UNH,r_vix,-0.0780203226744002
2017-07-03,UNH,GSPC,0.09007235827711259
2017-07-10,UNH,d_rate,-0.04221217094820599
2017-07-10,UNH,d_credit,-0.11712935787580793
2017-07-10,UNH,r_vix,-0.07069057874943481
2017-07-10,UNH,GSPC,0.13818471496376933
2017-07-17,UNH,d_rate,-0.047345217187355695
2017-07-17,UNH,d_credit,-0.12829125277516015
2017-07-17,UNH,r_vix,-0.06900695230515085
2017-07-17,UNH,GSPC,0.1516610095549706
2017-07-24,UNH,d_rate,-0.04813133468484582
2017-07-24,UNH,d_credit,-0.12346872752869477
2017-07-24,UNH,r_vix,-0.07016253388882716
2017-07-24,UNH,GSPC,0.13610160969928373
2017-07-31,UNH,d_rate,-0.04864190299936634
2017-07-31,UNH,d_credit,-0.12160720212504722
2017-07-31,UNH,r_vix,-0.07149069797435138
2017-07-31,UNH,GSPC,0.12109337083703449
2017-08-07,UNH,d_rate,-0.05506667182387488
2017-08-07,UNH,d_credit,-0.12024467406535622
2017-08-07,UNH,r_vix,-0.05839079433955804
2017-08-07,UNH,GSPC,0.2128048417167343
2017-08-14,UNH,d_rate,-0.054536102151621614
2017-08-14,UNH,d_credit,-0.13000986114079213
2017-08-14,UNH,r_vix,-0.04953093269273477
2017-08-14,UNH,GSPC,0.33152237513390925
2017-08-21,UNH,d_rate,-0.05758456728218219
2017-08-21,UNH,d_credit,-0.15396553856199915
2017-08-21,UNH,r_vix,-0.03994501798656465
2017-08-21,UNH,GSPC,0.3743409175643427
2017-08-28,UNH,d_rate,-0.0547098034901958
2017-08-28,UNH,d_credit,-0.13792415023325033
2017-08-28,UNH,r_vix,-0.043750297564322735
2017-08-28,UNH,GSPC,0.3757315630753803
2017-09-04,UNH,d_rate,-0.059591498022209644
2017-09-04,UNH,d_credit,-0.14873869095342368
2017-09-04,UNH,r_vix,-0.04604668880490491
2017-09-04,UNH,GSPC,0.40732911640448827
2017-09-11,UNH,d_rate,-0.07961990830843718
2017-09-11,UNH,d_credit,-0.1906128736014221
2017-09-11,UNH,r_vix,-0.03464434134059684
2017-09-11,UNH,GSPC,0.4683298370199401
2017-09-18,UNH,d_rate,-0.08734438203208524
2017-09-18,UNH,d_credit,-0.18814348903774059
2017-09-18,UNH,r_vix,-0.03342117153455845
2017-09-18,UNH,GSPC,0.5238386893605955
2017-09-25,UNH,d_rate,-0.08718200468002414
2017-09-25,UNH,d_credit,-0.18913195002827743
2017-09-25,UNH,r_vix,-0.032004675815806016
2017-09-25,UNH,GSPC,0.5405728429464384
2017-10-02,UNH,d_rate,-0.08000836453440645
2017-10-02,UNH,d_credit,-0.19173972933105998
2017-10-02,UNH,r_vix,-0.035513708179653034
2017-10-02,UNH,GSPC,0.45550814509239584
2017-10-09,UNH,d_rate,-0.05860247474781551
2017-10-09,UNH,d_credit,-0.163738114975221
2017-10-09,UNH,r_vix,-0.033995058692393776
2017-10-09,UNH,GSPC,0.4632812200524097
2017-10-16,UNH,d_rate,-0.008326307467502196
2017-10-16,UNH,d_credit,-0.11706206100851534
2017-10-16,UNH,r_vix,0.012649990141230812
2017-10-16,UNH,GSPC,0.9992364682243471
2017-10-23,UNH,d_rate,0.01781291855170231
2017-10-23,UNH,d_credit,-0.08140038858836911
2017-10-23,UNH,r_vix,0.018628208419440496
2017-10-23,UNH,GSPC,0.9846996590275934
2017-10-30,UNH,d_rate,0.020439116830628837
2017-10-30,UNH,d_credit,-0.07564947651651112
2017-10-30,UNH,r_vix,0.01974383947886491
2017-10-30,UNH,GSPC,0.9844596504571081
2017-11-06,UNH,d_rate,0.015900851636702042
2017-11-06,UNH,d_credit,-0.09773873072362518
2017-11-06,UNH,r_vix,0.020337182107497614
2017-11-06,UNH,GSPC,0.7589496554798991
2017-11-13,UNH,d_rate,0.01963986198017335
2017-11-13,UNH,d_credit,-0.10859021303475884
2017-11-13,UNH,r_vix,0.02130160406529514
2017-11-13,UNH,GSPC,0.7704161304228014
2017-11-20,UNH,d_rate,0.01982118381341075
2017-11-20,UNH,d_credit,-0.10653463189212081
2017-11-20,UNH,r_vix,0.019633644678559194
2017-11-20,UNH,GSPC,0.7462133743846701
2017-11-27,UNH,d_rate,0.019923357615571832
2017-11-27,UNH,d_credit,-0.08227946927077706
2017-11-27,UNH,r_vix,0.043159465658887675
2017-11-27,UNH,GSPC,1.2917033355284062
2017-12-04,UNH,d_rate,0.038058113742181515
2017-12-04,UNH,d_credit,-0.033756528687865536
2017-12-04,UNH,r_vix,0.051891340191005865
2017-12-04,UNH,GSPC,1.7273813083006826
2017-12-11,UNH,d_rate,0.0567302222293835
2017-12-11,UNH,d_credit,0.06912049041424662
2017-12-11,UNH,r_vix,0.04458562942942511
2017-12-11,UNH,GSPC,1.7327741287732863
2017-12-18,UNH,d_rate,0.04041699327185792
2017-12-18,UNH,d_credit,0.046678461443854104
2017-12-18,UNH,r_vix,0.04219377314468169
2017-12-18,UNH,GSPC,1.704597183064563
2017-12-25,UNH,d_rate,0.03565334458545931
2017-12-25,UNH,d_credit,0.039671479172369115
2017-12-25,UNH,r_vix,0.04376778705480675
2017-12-25,UNH,GSPC,1.6696366049592453
2018-01-01,UNH,d_rate,0.03417267998030314
2018-01-01,UNH,d_credit,0.03602413958958002
2018-01-01,UNH,r_vix,0.04328488149393667
2018-01-01,UNH,GSPC,1.6644484597386096
2018-01-08,UNH,d_rate,0.03657829826052092
2018-01-08,UNH,d_credit,0.08115413366468312
2018-01-08,UNH,r_vix,0.03043808655123389
2018-01-08,UNH,GSPC,1.4944458250997108
2018-01-15,UNH,d_rate,0.053181411094319175
2018-01-15,UNH,d_credit,0.07053242975948366
2018-01-15,UNH,r_vix,0.04123772487855044
2018-01-15,UNH,GSPC,1.5589706213074077
2018-01-22,UNH,d_rate,0.05542983616125462
2018-01-22,UNH,d_credit,0.07580680645180639
2018-01-22,UNH,r_vix,0.03928461761767174
2018-01-22,UNH,GSPC,1.4604762100117845
2018-01-29,UNH,d_rate,0.04229525015859905
2018-01-29,UNH,d_credit,0.11411938918192205
2018-01-29,UNH,r_vix,0.03451584966537672
2018-01-29,UNH,GSPC,1.7526024082222613
2018-02-05,UNH,d_rate,0.03960845203091831
2018-02-05,UNH,d_credit,0.1263698177267802
2018-02-05,UNH,r_vix,0.03436989574644696
2018-02-05,UNH,GSPC,1.6677221114740541
2018-02-12,UNH,d_rate,0.03183349569559416
2018-02-12,UNH,d_credit,0.10028709385202879
2018-02-12,UNH,r_vix,0.049862348985303985
2018-02-12,UNH,GSPC,1.7514275606375105
2018-02-19,UNH,d_rate,0.038290703089453905
2018-02-19,UNH,d_credit,0.09227860528772286
2018-02-19,UNH,r_vix,0.04940660518704722
2018-02-19,UNH,GSPC,1.7283870326723139
2018-02-26,UNH,d_rate,0.029187129160422272
2018-02-26,UNH,d_credit,0.1048488897228844
2018-02-26,UNH,r_vix,0.05042064661994757
2018-02-26,UNH,GSPC,1.7449263835439177
2018-03-05,UNH,d_rate,-0.001914822589280415
2018-03-05,UNH,d_credit,-0.009689501919532386
2018-03-05,UNH,r_vix,0.05076993236530345
2018-03-05,UNH,GSPC,1.5453774830996405
2018-03-12,UNH,d_rate,-0.006322619397947149
2018-03-12,UNH,d_credit,-0.0028294946198519685
2018-03-12,UNH,r_vix,0.04803223477315793
2018-03-12,UNH,GSPC,1.4957775206216029
2018-03-19,UNH,d_rate,-0.014582995095674503
2018-03-19,UNH,d_credit,-0.014484706746648956
2018-03-19,UNH,r_vix,0.04794418942669876
2018-03-19,UNH,GSPC,1.4756795641164027
2018-03-26,UNH,d_rate,-0.013636312954268169
2018-03-26,UNH,d_credit,-0.015051964759418225
2018-03-26,UNH,r_vix,0.04229497388997739
2018-03-26,UNH,GSPC,1.4070782903496692
2018-04-02,UNH,d_rate,-0.03642661050745784
2018-04-02,UNH,d_credit,-0.08377852557771107
2018-04-02,UNH,r_vix,0.016560771589561193
2018-04-02,UNH,GSPC,1.0908113430217583
2018-04-09,UNH,d_rate,-0.03760389110733653
2018-04-09,UNH,d_credit,-0.07435489609056836
2018-04-09,UNH,r_vix,0.019449915773345188
2018-04-09,UNH,GSPC,1.1017896049417955
2018-04-16,UNH,d_rate,-0.001495232364059859
2018-04-16,UNH,d_credit,-0.06919426364814212
2018-04-16,UNH,r_vix,0.010698726499666992
2018-04-16,UNH,GSPC,1.015606787974082
2018-04-23,UNH,d_rate,-9.834638975932672e-4
2018-04-23,UNH,d_credit,-0.05921493446252838
2018-04-23,UNH,r_vix,0.008884790700024214
2018-04-23,UNH,GSPC,1.0030005101093047
2018-04-30,UNH,d_rate,-0.001083798920765945
2018-04-30,UNH,d_credit,-0.085397747627032
2018-04-30,UNH,r_vix,0.010416835417009041
2018-04-30,UNH,GSPC,0.9985381701367141
2018-05-07,UNH,d_rate,-0.0014016771891591487
2018-05-07,UNH,d_credit,-0.07931628016020228
2018-05-07,UNH,r_vix,0.008959576088740637
2018-05-07,UNH,GSPC,0.9640073253421283
2018-05-14,UNH,d_rate,0.012400475119682702
2018-05-14,UNH,d_credit,-0.06462082123933087
2018-05-14,UNH,r_vix,0.007019685518668884
2018-05-14,UNH,GSPC,0.9451806919103131
2018-05-21,UNH,d_rate,0.01316857873305143
2018-05-21,UNH,d_credit,-0.06457609328461437
2018-05-21,UNH,r_vix,0.008981416252683987
2018-05-21,UNH,GSPC,0.9523458326096222
2018-05-28,UNH,d_rate,0.013424411152537098
2018-05-28,UNH,d_credit,-0.07579751630308292
2018-05-28,UNH,r_vix,0.008150268288820421
2018-05-28,UNH,GSPC,0.9333594850217996
2018-06-04,UNH,d_rate,0.014528210492043232
2018-06-04,UNH,d_credit,-0.06759650679068928
2018-06-04,UNH,r_vix,0.007712837156235985
2018-06-04,UNH,GSPC,0.9491822466041918
2018-06-11,UNH,d_rate,0.012025791071134674
2018-06-11,UNH,d_credit,-0.07809063605687375
2018-06-11,UNH,r_vix,0.0067291331287857095
2018-06-11,UNH,GSPC,0.9300410078128789
2018-06-18,UNH,d_rate,0.015304438002331704
2018-06-18,UNH,d_credit,-0.06151499904185303
2018-06-18,UNH,r_vix,0.007787901857248835
2018-06-18,UNH,GSPC,0.950140271208898
2018-06-25,UNH,d_rate,0.02392391210657246
2018-06-25,UNH,d_credit,-0.06257285436458611
2018-06-25,UNH,r_vix,0.006010593728020528
2018-06-25,UNH,GSPC,0.9520629456039533
2018-07-02,UNH,d_rate,0.020442294043982446
2018-07-02,UNH,d_credit,-0.06465704194648574
2018-07-02,UNH,r_vix,0.005926025865942019
2018-07-02,UNH,GSPC,0.9551751659634401
2018-07-09,UNH,d_rate,0.013368844885218997
2018-07-09,UNH,d_credit,-0.06772063376887012
2018-07-09,UNH,r_vix,0.004205404733019469
2018-07-09,UNH,GSPC,0.9633396014408692
2018-07-16,UNH,d_rate,0.016073764049114123
2018-07-16,UNH,d_credit,-0.06211389294752705
2018-07-16,UNH,r_vix,0.0024721718630275583
2018-07-16,UNH,GSPC,0.9551354334105091
2018-07-23,UNH,d_rate,0.017716437811402596
2018-07-23,UNH,d_credit,-0.059543315371831565
2018-07-23,UNH,r_vix,0.003077456858774382
2018-07-23,UNH,GSPC,0.9602377114154816
2018-07-30,UNH,d_rate,0.021214604704264714
2018-07-30,UNH,d_credit,-0.05858013502328116
2018-07-30,UNH,r_vix,0.004141381849535671
2018-07-30,UNH,GSPC,0.9665688951279353
2018-08-06,UNH,d_rate,0.017153180432338978
2018-08-06,UNH,d_credit,-0.05968112506614401
2018-08-06,UNH,r_vix,0.003731778836881037
2018-08-06,UNH,GSPC,0.96601377701689
2018-08-13,UNH,d_rate,0.017487414636235075
2018-08-13,UNH,d_credit,-0.060817746224599234
2018-08-13,UNH,r_vix,0.0013225159324678655
2018-08-13,UNH,GSPC,0.9417756161021636
2018-08-20,UNH,d_rate,0.01834622069498108
2018-08-20,UNH,d_credit,-0.06092390897010624
2018-08-20,UNH,r_vix,0.005253619379948853
2018-08-20,UNH,GSPC,0.9681493982243298
2018-08-27,UNH,d_rate,0.01879221758983966
2018-08-27,UNH,d_credit,-0.0684642322146481
2018-08-27,UNH,r_vix,0.006832676229131431
2018-08-27,UNH,GSPC,0.9641331650067574
2018-09-03,UNH,d_rate,0.021270306660518105
2018-09-03,UNH,d_credit,-0.06656331002831137
2018-09-03,UNH,r_vix,0.0073959795036826256
2018-09-03,UNH,GSPC,0.9620593743631255
2018-09-10,UNH,d_rate,0.02905731403448014
2018-09-10,UNH,d_credit,-0.0634482249641176
2018-09-10,UNH,r_vix,0.010695031121023123
2018-09-10,UNH,GSPC,0.9892609331712454
2018-09-17,UNH,d_rate,0.03342270022202688
2018-09-17,UNH,d_credit,-0.08296687541054827
2018-09-17,UNH,r_vix,0.0034767379496806867
2018-09-17,UNH,GSPC,0.9035070557289762
2018-09-24,UNH,d_rate,0.03346066345001381
2018-09-24,UNH,d_credit,-0.0835956007518327
2018-09-24,UNH,r_vix,0.003424408047817468
2018-09-24,UNH,GSPC,0.9021627520344927
2018-10-01,UNH,d_rate,0.04267092182389573
2018-10-01,UNH,d_credit,-0.07888170009945898
2018-10-01,UNH,r_vix,0.004865412269264689
2018-10-01,UNH,GSPC,0.9096956408743242
2018-10-08,UNH,d_rate,0.024216567620451924
2018-10-08,UNH,d_credit,-0.0929603656401611
2018-10-08,UNH,r_vix,0.007323483951766524
2018-10-08,UNH,GSPC,0.9169024112621833
2018-10-15,UNH,d_rate,0.010903293773501084
2018-10-15,UNH,d_credit,-0.06814884274916287
2018-10-15,UNH,r_vix,-0.0022020973139324786
2018-10-15,UNH,GSPC,0.8518614206419503
2018-10-22,UNH,d_rate,0.005925554210558512
2018-10-22,UNH,d_credit,-0.058668463456354555
2018-10-22,UNH,r_vix,-0.0028215219906244917
2018-10-22,UNH,GSPC,0.8361727973353253
2018-10-29,UNH,d_rate,-0.0055751885551267805
2018-10-29,UNH,d_credit,-0.07071032158904496
2018-10-29,UNH,r_vix,-5.271300968754337e-4
2018-10-29,UNH,GSPC,0.834438821686183
2018-11-05,UNH,d_rate,-0.016794239727842324
2018-11-05,UNH,d_credit,-0.0841941234541323
2018-11-05,UNH,r_vix,0.006018849236188227
2018-11-05,UNH,GSPC,0.9060978932923712
2018-11-12,UNH,d_rate,-0.019077813771823854
2018-11-12,UNH,d_credit,-0.0827294488648887
2018-11-12,UNH,r_vix,0.006222205176459131
2018-11-12,UNH,GSPC,0.9097845593715409
2018-11-19,UNH,d_rate,-0.019472735772353287
2018-11-19,UNH,d_credit,-0.08348600798498283
2018-11-19,UNH,r_vix,0.006343546674476466
2018-11-19,UNH,GSPC,0.9154313040221779
2018-11-26,UNH,d_rate,-0.014683730096611437
2018-11-26,UNH,d_credit,-0.02496655613156376
2018-11-26,UNH,r_vix,-0.00806274541771995
2018-11-26,UNH,GSPC,0.9066020340499065
2018-12-03,UNH,d_rate,-0.009328739628593777
2018-12-03,UNH,d_credit,-0.02405585037059828
2018-12-03,UNH,r_vix,-0.016734742996283664
2018-12-03,UNH,GSPC,0.8546046325507386
2018-12-10,UNH,d_rate,-0.022313284710808946
2018-12-10,UNH,d_credit,-0.04000613261399087
2018-12-10,UNH,r_vix,-0.00820130843553701
2018-12-10,UNH,GSPC,0.9242817925067898
2018-12-17,UNH,d_rate,-0.013227887828722027
2018-12-17,UNH,d_credit,-0.032303458173345026
2018-12-17,UNH,r_vix,0.004170590401532731
2018-12-17,UNH,GSPC,1.0909989890272476
2018-12-24,UNH,d_rate,-0.013670187787885054
2018-12-24,UNH,d_credit,-0.03153058732112045
2018-12-24,UNH,r_vix,0.004528323475164134
2018-12-24,UNH,GSPC,1.095111217783733
2018-12-31,UNH,d_rate,-0.007382172449074138
2018-12-31,UNH,d_credit,-0.03385901546158398
2018-12-31,UNH,r_vix,0.020891585945605248
2018-12-31,UNH,GSPC,1.156504561050232
2019-01-07,UNH,d_rate,-0.013536233909203122
2019-01-07,UNH,d_credit,-0.061878196832157735
2019-01-07,UNH,r_vix,0.034718162651674295
2019-01-07,UNH,GSPC,1.2476281306853758
2019-01-14,UNH,d_rate,-0.01697589505133264
2019-01-14,UNH,d_credit,-0.053412321081161306
2019-01-14,UNH,r_vix,0.03022465498477661
2019-01-14,UNH,GSPC,1.2411798846967534
2019-01-21,UNH,d_rate,-0.023120431612858098
2019-01-21,UNH,d_credit,-0.06636344894324706
2019-01-21,UNH,r_vix,0.03520481191267892
2019-01-21,UNH,GSPC,1.277754035800164
2019-01-28,UNH,d_rate,0.021795525882066274
2019-01-28,UNH,d_credit,-0.06402968381836549
2019-01-28,UNH,r_vix,0.0480486194056821
2019-01-28,UNH,GSPC,1.2569188801420428
2019-02-04,UNH,d_rate,0.03509610555312511
2019-02-04,UNH,d_credit,-0.05008769522222663
2019-02-04,UNH,r_vix,0.04734339911470129
2019-02-04,UNH,GSPC,1.2433161455796733
2019-02-11,UNH,d_rate,0.03531776776912747
2019-02-11,UNH,d_credit,-0.04951993203950384
2019-02-11,UNH,r_vix,0.046517947371652484
2019-02-11,UNH,GSPC,1.2419501825058767
2019-02-18,UNH,d_rate,0.03829097438548138
2019-02-18,UNH,d_credit,-0.0416501195538126
2019-02-18,UNH,r_vix,0.04943206113547893
2019-02-18,UNH,GSPC,1.2557744589805842
2019-02-25,UNH,d_rate,-0.003861089275063292
2019-02-25,UNH,d_credit,-0.029222615427924276
2019-02-25,UNH,r_vix,0.04471010303678904
2019-02-25,UNH,GSPC,1.2730673615482333
2019-03-04,UNH,d_rate,0.01260742621910101
2019-03-04,UNH,d_credit,0.003249818327712246
2019-03-04,UNH,r_vix,0.029154680288724165
2019-03-04,UNH,GSPC,1.2376477541806228
2019-03-11,UNH,d_rate,0.011771464048124531
2019-03-11,UNH,d_credit,0.01178352542190533
2019-03-11,UNH,r_vix,0.022886011119188834
2019-03-11,UNH,GSPC,1.2486706663228393
2019-03-18,UNH,d_rate,0.022722814412907168
2019-03-18,UNH,d_credit,0.022537352137585287
2019-03-18,UNH,r_vix,0.01621546211641916
2019-03-18,UNH,GSPC,1.1965362164250368
2019-03-25,UNH,d_rate,0.022979270206559054
2019-03-25,UNH,d_credit,0.023240544434256574
2019-03-25,UNH,r_vix,0.024728105472729044
2019-03-25,UNH,GSPC,1.25368789045591
2019-04-01,UNH,d_rate,0.029850191994975173
2019-04-01,UNH,d_credit,0.049690589038651936
2019-04-01,UNH,r_vix,0.0625161243588567
2019-04-01,UNH,GSPC,1.5065291400554104
2019-04-08,UNH,d_rate,0.02345220075704204
2019-04-08,UNH,d_credit,0.11400208868318112
2019-04-08,UNH,r_vix,0.06316078631845908
2019-04-08,UNH,GSPC,1.5654576292568883
2019-04-15,UNH,d_rate,-0.004934507759448037
2019-04-15,UNH,d_credit,0.10083161042228339
2019-04-15,UNH,r_vix,0.06575486683795156
2019-04-15,UNH,GSPC,1.6024510888343426
2019-04-22,UNH,d_rate,-0.027150840673181874
2019-04-22,UNH,d_credit,0.06457919143433144
2019-04-22,UNH,r_vix,0.09565115094301811
2019-04-22,UNH,GSPC,1.7911047325725822
2019-04-29,UNH,d_rate,-0.026968129092499578
2019-04-29,UNH,d_credit,0.07591885667414622
2019-04-29,UNH,r_vix,0.09138002649634432
2019-04-29,UNH,GSPC,1.7744264538330439
2019-05-06,UNH,d_rate,-0.026197934752386097
2019-05-06,UNH,d_credit,0.09865131011026836
2019-05-06,UNH,r_vix,0.09999600343428419
2019-05-06,UNH,GSPC,1.8014531061370094
2019-05-13,UNH,d_rate,-0.048415043342723986
2019-05-13,UNH,d_credit,0.08999766036522007
2019-05-13,UNH,r_vix,0.09665787693824132
2019-05-13,UNH,GSPC,1.8116180485070765
2019-05-20,UNH,d_rate,-0.05322194710429132
2019-05-20,UNH,d_credit,0.11050367237978502
2019-05-20,UNH,r_vix,0.08461883679931566
2019-05-20,UNH,GSPC,1.7494682768682974
2019-05-27,UNH,d_rate,-0.05105300604701062
2019-05-27,UNH,d_credit,0.11891497733354486
2019-05-27,UNH,r_vix,0.08576603794018302
2019-05-27,UNH,GSPC,1.769423511399702
2019-06-03,UNH,d_rate,-0.041131799905800945
2019-06-03,UNH,d_credit,0.09796184233706672
2019-06-03,UNH,r_vix,0.07793853350339237
2019-06-03,UNH,GSPC,1.6075937102263418
2019-06-10,UNH,d_rate,-0.039346302692291314
2019-06-10,UNH,d_credit,0.10992129872499129
2019-06-10,UNH,r_vix,0.07855259573688832
2019-06-10,UNH,GSPC,1.6182080590672545
2019-06-17,UNH,d_rate,-0.03721232024901596
2019-06-17,UNH,d_credit,0.11723923822370672
2019-06-17,UNH,r_vix,0.0813037984108151
2019-06-17,UNH,GSPC,1.6333710033139668
2019-06-24,UNH,d_rate,-0.030934936128886294
2019-06-24,UNH,d_credit,0.12836744624943724
2019-06-24,UNH,r_vix,0.08894451304936077
2019-06-24,UNH,GSPC,1.6612103118539758
2019-07-01,UNH,d_rate,-0.025938561668109043
2019-07-01,UNH,d_credit,0.1314894368510922
2019-07-01,UNH,r_vix,0.09422531663124774
2019-07-01,UNH,GSPC,1.6779066524287352
2019-07-08,UNH,d_rate,0.006813305074728913
2019-07-08,UNH,d_credit,0.16183422924798316
2019-07-08,UNH,r_vix,0.08691021094655199
2019-07-08,UNH,GSPC,1.6202927927721562
2019-07-15,UNH,d_rate,0.023339966475381176
2019-07-15,UNH,d_credit,0.17640012572326774
2019-07-15,UNH,r_vix,0.08413424639515607
2019-07-15,UNH,GSPC,1.6056310667520826
2019-07-22,UNH,d_rate,0.021127673373217724
2019-07-22,UNH,d_credit,0.18642933370882925
2019-07-22,UNH,r_vix,0.08146074434511376
2019-07-22,UNH,GSPC,1.599489686830223
2019-07-29,UNH,d_rate,0.0174840889033258
2019-07-29,UNH,d_credit,0.1833277582670739
2019-07-29,UNH,r_vix,0.08554527248743636
2019-07-29,UNH,GSPC,1.6162322252442187
2019-08-05,UNH,d_rate,0.019457745323577663
2019-08-05,UNH,d_credit,0.18283948709804085
2019-08-05,UNH,r_vix,0.08490799256631805
2019-08-05,UNH,GSPC,1.6103222362759468
2019-08-12,UNH,d_rate,0.017382595672248258
2019-08-12,UNH,d_credit,0.18192102003100344
2019-08-12,UNH,r_vix,0.0844622574202245
2019-08-12,UNH,GSPC,1.6092240103334845
2019-08-19,UNH,d_rate,0.014984187021945773
2019-08-19,UNH,d_credit,0.18317389274648951
2019-08-19,UNH,r_vix,0.08566453360388131
2019-08-19,UNH,GSPC,1.6436527864670765
2019-08-26,UNH,d_rate,0.019360957526441378
2019-08-26,UNH,d_credit,0.1871953952351253
2019-08-26,UNH,r_vix,0.0824374836660139
2019-08-26,UNH,GSPC,1.6044438832058638
2019-09-02,UNH,d_rate,0.01021269301492456
2019-09-02,UNH,d_credit,0.17675828093553414
2019-09-02,UNH,r_vix,0.090266875407557165
2019-09-02,UNH,GSPC,1.6406676666157443
2019-09-09,UNH,d_rate,0.034500888492023964
2019-09-09,UNH,d_credit,0.18474226716923617
2019-09-09,UNH,r_vix,0.09215810948356427
2019-09-09,UNH,GSPC,1.6214583159179774
2019-09-16,UNH,d_rate,0.029985986095884862
2019-09-16,UNH,d_credit,0.18113312965332223
2019-09-16,UNH,r_vix,0.09302381706717389
2019-09-16,UNH,GSPC,1.6283897048048477
2019-09-23,UNH,d_rate,0.030761720333369977
2019-09-23,UNH,d_credit,0.19330455271102226
2019-09-23,UNH,r_vix,0.08254368623979644
2019-09-23,UNH,GSPC,1.6059196254689387
2019-09-30,UNH,d_rate,0.01546346216898916
2019-09-30,UNH,d_credit,0.1974372990842663
2019-09-30,UNH,r_vix,0.07211920962724383
2019-09-30,UNH,GSPC,1.5834657262542446
2019-10-07,UNH,d_rate,0.029511484677874945
2019-10-07,UNH,d_credit,0.198074525172884
2019-10-07,UNH,r_vix,0.07170033533696568
2019-10-07,UNH,GSPC,1.565300513609818
2019-10-14,UNH,d_rate,0.020186365164466362
2019-10-14,UNH,d_credit,0.18080964484455464
2019-10-14,UNH,r_vix,0.055867914977067966
2019-10-14,UNH,GSPC,1.5029580655433104
2019-10-21,UNH,d_rate,0.018783701570755065
2019-10-21,UNH,d_credit,0.1750181980932971
2019-10-21,UNH,r_vix,0.05687488916218348
2019-10-21,UNH,GSPC,1.5229419719850463
2019-10-28,UNH,d_rate,0.0218751448430876
2019-10-28,UNH,d_credit,0.18038160352410504
2019-10-28,UNH,r_vix,0.05562141064052114
2019-10-28,UNH,GSPC,1.5324246690752699
2019-11-04,UNH,d_rate,0.041344958549567816
2019-11-04,UNH,d_credit,0.20081808777161042
2019-11-04,UNH,r_vix,0.062026933891996094
2019-11-04,UNH,GSPC,1.5136195690380223
2019-11-11,UNH,d_rate,0.03974861848686346
2019-11-11,UNH,d_credit,0.23192023932595313
2019-11-11,UNH,r_vix,0.05784124846526194
2019-11-11,UNH,GSPC,1.5107801627530941
2019-11-18,UNH,d_rate,0.03525297506952088
2019-11-18,UNH,d_credit,0.22804621003067366
2019-11-18,UNH,r_vix,0.05741797797116317
2019-11-18,UNH,GSPC,1.514326307878796
2019-11-25,UNH,d_rate,0.034964945705328584
2019-11-25,UNH,d_credit,0.22587826789402632
2019-11-25,UNH,r_vix,0.060197275571166185
2019-11-25,UNH,GSPC,1.5378158533734565
2019-12-02,UNH,d_rate,0.036090781862568
2019-12-02,UNH,d_credit,0.2273452346954436
2019-12-02,UNH,r_vix,0.06056599739126805
2019-12-02,UNH,GSPC,1.5697807140133186
2019-12-09,UNH,d_rate,0.031068810158668827
2019-12-09,UNH,d_credit,0.225233326254219
2019-12-09,UNH,r_vix,0.06615839343726211
2019-12-09,UNH,GSPC,1.6355882653486622
2019-12-16,UNH,d_rate,0.03987714717379363
2019-12-16,UNH,d_credit,0.22749302070204455
2019-12-16,UNH,r_vix,0.06429017346357571
2019-12-16,UNH,GSPC,1.501615092237069
2019-12-23,UNH,d_rate,0.0504794378454307
2019-12-23,UNH,d_credit,0.3116999167403379
2019-12-23,UNH,r_vix,0.07170146587228662
2019-12-23,UNH,GSPC,1.6992046376912389
2019-12-30,UNH,d_rate,0.041216969732643445
2019-12-30,UNH,d_credit,0.32021968910284665
2019-12-30,UNH,r_vix,0.04088655461541132
2019-12-30,UNH,GSPC,1.623849124228329
2020-01-06,UNH,d_rate,0.04227541290491796
2020-01-06,UNH,d_credit,0.3223355339973333
2020-01-06,UNH,r_vix,0.04002929794855763
2020-01-06,UNH,GSPC,1.6090919294039245
2020-01-13,UNH,d_rate,0.0349459694426257
2020-01-13,UNH,d_credit,0.313912253844345
2020-01-13,UNH,r_vix,0.01873130778972632
2020-01-13,UNH,GSPC,1.3922267681456013
2020-01-20,UNH,d_rate,0.040480982030936946
2020-01-20,UNH,d_credit,0.3354271131327684
2020-01-20,UNH,r_vix,0.023286397239104736
2020-01-20,UNH,GSPC,1.4541376939613953
2020-01-27,UNH,d_rate,0.01809501588004799
2020-01-27,UNH,d_credit,0.206359520952482
2020-01-27,UNH,r_vix,9.223150256390077e-4
2020-01-27,UNH,GSPC,1.3633757071266965
2020-02-03,UNH,d_rate,0.00962183488438858
2020-02-03,UNH,d_credit,0.18633015189024962
2020-02-03,UNH,r_vix,-0.005593213012125888
2020-02-03,UNH,GSPC,1.389154521611888
2020-02-10,UNH,d_rate,0.008416417345245446
2020-02-10,UNH,d_credit,0.187563138931142
2020-02-10,UNH,r_vix,-0.009930672471889043
2020-02-10,UNH,GSPC,1.3710665459784406
2020-02-17,UNH,d_rate,0.006436714859145322
2020-02-17,UNH,d_credit,0.1859299526494092
2020-02-17,UNH,r_vix,-0.007200043895411376
2020-02-17,UNH,GSPC,1.368627156026542
2020-02-24,UNH,d_rate,0.038943354043283876
2020-02-24,UNH,d_credit,0.19527413995887552
2020-02-24,UNH,r_vix,0.01871832055712229
2020-02-24,UNH,GSPC,1.548979118455322
2020-03-02,UNH,d_rate,0.019588381390541438
2020-03-02,UNH,d_credit,0.2848426943762811
2020-03-02,UNH,r_vix,0.010966769308385792
2020-03-02,UNH,GSPC,1.7160369040202277
2020-03-09,UNH,d_rate,0.06847501736394804
2020-03-09,UNH,d_credit,0.3458912430325327
2020-03-09,UNH,r_vix,0.015839539503137687
2020-03-09,UNH,GSPC,1.5992884013387452
2020-03-16,UNH,d_rate,0.07458307370474493
2020-03-16,UNH,d_credit,0.35286131324205167
2020-03-16,UNH,r_vix,0.07214052878165982
2020-03-16,UNH,GSPC,1.977252655044935
2020-03-23,UNH,d_rate,0.06163460122059138
2020-03-23,UNH,d_credit,0.3167888814654345
2020-03-23,UNH,r_vix,0.08704138437160351
2020-03-23,UNH,GSPC,2.027833160082885
2020-03-30,UNH,d_rate,0.04682210340085421
2020-03-30,UNH,d_credit,0.29202250537868674
2020-03-30,UNH,r_vix,0.06153242469517795
2020-03-30,UNH,GSPC,1.936817651730231
2020-04-06,UNH,d_rate,0.032323777456659084
2020-04-06,UNH,d_credit,0.17211767112853552
2020-04-06,UNH,r_vix,0.04549917319201941
2020-04-06,UNH,GSPC,1.6552319614284423
2020-04-13,UNH,d_rate,0.022061010010605717
2020-04-13,UNH,d_credit,0.10009824902579807
2020-04-13,UNH,r_vix,0.03993961811464553
2020-04-13,UNH,GSPC,1.5849046657299872
2020-04-20,UNH,d_rate,0.020005064575611683
2020-04-20,UNH,d_credit,0.10272976482121884
2020-04-20,UNH,r_vix,0.03195804194655616
2020-04-20,UNH,GSPC,1.5631649943188213
2020-04-27,UNH,d_rate,0.0189674775075165
2020-04-27,UNH,d_credit,0.09963698396105283
2020-04-27,UNH,r_vix,0.031682264554324116
2020-04-27,UNH,GSPC,1.5605050949523265
2020-05-04,UNH,d_rate,0.007609789396895839
2020-05-04,UNH,d_credit,0.02726293978953541
2020-05-04,UNH,r_vix,0.04156454708803763
2020-05-04,UNH,GSPC,1.4915616854709222
2020-05-11,UNH,d_rate,0.009923883994694899
2020-05-11,UNH,d_credit,0.025492527650539273
2020-05-11,UNH,r_vix,0.04665144023988954
2020-05-11,UNH,GSPC,1.4897575897638016
2020-05-18,UNH,d_rate,0.014787253895677803
2020-05-18,UNH,d_credit,0.045939584484950405
2020-05-18,UNH,r_vix,0.05028223817338682
2020-05-18,UNH,GSPC,1.5104791041593486
2020-05-25,UNH,d_rate,0.015558344492138377
2020-05-25,UNH,d_credit,0.04282194577989
2020-05-25,UNH,r_vix,0.05074152850480678
2020-05-25,UNH,GSPC,1.5118546788857103
2020-06-01,UNH,d_rate,0.0011931455700520688
2020-06-01,UNH,d_credit,0.08530159904643307
2020-06-01,UNH,r_vix,0.03626054916701255
2020-06-01,UNH,GSPC,1.5459239212640163
2020-06-08,UNH,d_rate,0.004462988950570928
2020-06-08,UNH,d_credit,0.09699119173285273
2020-06-08,UNH,r_vix,0.02503740397264465
2020-06-08,UNH,GSPC,1.5540380818833905
2020-06-15,UNH,d_rate,0.00443693758035335
2020-06-15,UNH,d_credit,0.09669987895513217
2020-06-15,UNH,r_vix,0.025141411938498885
2020-06-15,UNH,GSPC,1.554105192873547
2020-06-22,UNH,d_rate,-1.890979434390065e-4
2020-06-22,UNH,d_credit,0.09274751092357095
2020-06-22,UNH,r_vix,0.020555984517521077
2020-06-22,UNH,GSPC,1.5331100512591442
2020-06-29,UNH,d_rate,-0.002092456866375596
2020-06-29,UNH,d_credit,0.08593005167319132
2020-06-29,UNH,r_vix,0.017836647950635533
2020-06-29,UNH,GSPC,1.5106282797946702
2020-07-06,UNH,d_rate,-0.00508901964603707
2020-07-06,UNH,d_credit,0.09761048035558502
2020-07-06,UNH,r_vix,0.02617711289247733
2020-07-06,UNH,GSPC,1.536453173790565
2020-07-13,UNH,d_rate,-0.006308983991032823
2020-07-13,UNH,d_credit,0.08885878863271715
2020-07-13,UNH,r_vix,0.02853254328603059
2020-07-13,UNH,GSPC,1.5316590344620804
2020-07-20,UNH,d_rate,-0.007163234034918463
2020-07-20,UNH,d_credit,0.0831136565407236
2020-07-20,UNH,r_vix,0.02526123872642938
2020-07-20,UNH,GSPC,1.5219462333143978
2020-07-27,UNH,d_rate,-0.004119230878232755
2020-07-27,UNH,d_credit,0.08310736706189602
2020-07-27,UNH,r_vix,0.019821941774440507
2020-07-27,UNH,GSPC,1.512418555242727
2020-08-03,UNH,d_rate,-0.004353763034115885
2020-08-03,UNH,d_credit,0.08513520239331193
2020-08-03,UNH,r_vix,0.01867754089533849
2020-08-03,UNH,GSPC,1.5154446364593306
2020-08-10,UNH,d_rate,-0.0029205100045598
2020-08-10,UNH,d_credit,0.08748086736219403
2020-08-10,UNH,r_vix,0.01880522876349689
2020-08-10,UNH,GSPC,1.517940718413726
2020-08-17,UNH,d_rate,-1.7874212440671436e-4
2020-08-17,UNH,d_credit,0.07789000822172268
2020-08-17,UNH,r_vix,0.02194003356173157
2020-08-17,UNH,GSPC,1.499187731597313
2020-08-24,UNH,d_rate,-0.013843478253822178
2020-08-24,UNH,d_credit,0.052966804888231286
2020-08-24,UNH,r_vix,0.016881884881757337
2020-08-24,UNH,GSPC,1.4550249885058513
2020-08-31,UNH,d_rate,-0.011445593164077684
2020-08-31,UNH,d_credit,0.056866625953629485
2020-08-31,UNH,r_vix,0.011935350483300362
2020-08-31,UNH,GSPC,1.4493528673663656
2020-09-07,UNH,d_rate,-0.019365118086276053
2020-09-07,UNH,d_credit,0.056107937943350825
2020-09-07,UNH,r_vix,0.010159579124677019
2020-09-07,UNH,GSPC,1.4469261737071537
2020-09-14,UNH,d_rate,-0.017970228859176565
2020-09-14,UNH,d_credit,0.05318818382967267
2020-09-14,UNH,r_vix,0.0090650692076275
2020-09-14,UNH,GSPC,1.437284834033493
2020-09-21,UNH,d_rate,-0.01930211043494082
2020-09-21,UNH,d_credit,0.03919142907225001
2020-09-21,UNH,r_vix,0.018654584255682317
2020-09-21,UNH,GSPC,1.4314668779277944
2020-09-28,UNH,d_rate,-0.015105220386148657
2020-09-28,UNH,d_credit,0.03405918174131283
2020-09-28,UNH,r_vix,0.02158296651598709
2020-09-28,UNH,GSPC,1.429880610440628
2020-10-05,UNH,d_rate,-0.01785820382158732
2020-10-05,UNH,d_credit,0.03474200580829153
2020-10-05,UNH,r_vix,0.021379213901791077
2020-10-05,UNH,GSPC,1.4313081594142405
2020-10-12,UNH,d_rate,-0.01728716669113834
2020-10-12,UNH,d_credit,0.0283211799897595
2020-10-12,UNH,r_vix,0.03209397174561562
2020-10-12,UNH,GSPC,1.4415893792056356
2020-10-19,UNH,d_rate,-0.014679959273455081
2020-10-19,UNH,d_credit,0.026354117037156344
2020-10-19,UNH,r_vix,0.03101313650290547
2020-10-19,UNH,GSPC,1.4360274143663436
2020-10-26,UNH,d_rate,-0.015524374406874144
2020-10-26,UNH,d_credit,0.028645461374255526
2020-10-26,UNH,r_vix,0.028729846372723935
2020-10-26,UNH,GSPC,1.4390005643090915
2020-11-02,UNH,d_rate,-0.028417052077000175
2020-11-02,UNH,d_credit,0.032263681938848966
2020-11-02,UNH,r_vix,0.01471169484634164
2020-11-02,UNH,GSPC,1.4444470078007325
2020-11-09,UNH,d_rate,-0.02442765679763083
2020-11-09,UNH,d_credit,0.029541676956743992
2020-11-09,UNH,r_vix,0.01584626211685561
2020-11-09,UNH,GSPC,1.4390460038225965
2020-11-16,UNH,d_rate,-0.015446075532150758
2020-11-16,UNH,d_credit,0.049071495418535276
2020-11-16,UNH,r_vix,0.014486469385853361
2020-11-16,UNH,GSPC,1.4624145843273484
2020-11-23,UNH,d_rate,-0.015580347901990874
2020-11-23,UNH,d_credit,0.04728975332511497
2020-11-23,UNH,r_vix,0.016577308114285046
2020-11-23,UNH,GSPC,1.4612769245777748
2020-11-30,UNH,d_rate,-0.0109147161534169
2020-11-30,UNH,d_credit,0.04322818715419317
2020-11-30,UNH,r_vix,0.018485767441216227
2020-11-30,UNH,GSPC,1.4609013992747815
2020-12-07,UNH,d_rate,-0.008409966662420013
2020-12-07,UNH,d_credit,0.04669764669853568
2020-12-07,UNH,r_vix,0.017007615729822925
2020-12-07,UNH,GSPC,1.4632411406298813
2020-12-14,UNH,d_rate,-0.010958217812537165
2020-12-14,UNH,d_credit,0.04463592342936349
2020-12-14,UNH,r_vix,0.017486161906471537
2020-12-14,UNH,GSPC,1.46126904730459
2020-12-21,UNH,d_rate,-0.010559496141395472
2020-12-21,UNH,d_credit,0.044979309046515197
2020-12-21,UNH,r_vix,0.017235227625257917
2020-12-21,UNH,GSPC,1.460417355716085
2020-12-28,UNH,d_rate,-0.01250356746706596
2020-12-28,UNH,d_credit,0.04795397103798847
2020-12-28,UNH,r_vix,0.017360159488631042
2020-12-28,UNH,GSPC,1.465325987273503
2021-01-04,UNH,d_rate,-0.008142525891416985
2021-01-04,UNH,d_credit,0.046643427587925515
2021-01-04,UNH,r_vix,0.01961991773005461
2021-01-04,UNH,GSPC,1.4680662062898242
2021-01-11,UNH,d_rate,-0.007462131299073195
2021-01-11,UNH,d_credit,0.052188470678957044
2021-01-11,UNH,r_vix,0.017925498312062044
2021-01-11,UNH,GSPC,1.47533743883441
2021-01-18,UNH,d_rate,-0.00872248016460658
2021-01-18,UNH,d_credit,0.04307704301016237
2021-01-18,UNH,r_vix,0.023250630499531688
2021-01-18,UNH,GSPC,1.469915768801318
2021-01-25,UNH,d_rate,-0.022333238831071463
2021-01-25,UNH,d_credit,0.06579262071928081
2021-01-25,UNH,r_vix,0.02923880554691389
2021-01-25,UNH,GSPC,1.5054672192299108
2021-02-01,UNH,d_rate,-0.03299949494390004
2021-02-01,UNH,d_credit,0.0346610928089334
2021-02-01,UNH,r_vix,0.057016982170564924
2021-02-01,UNH,GSPC,1.5023530352177734
2021-02-08,UNH,d_rate,-0.032848796939629735
2021-02-08,UNH,d_credit,0.03257354741023087
2021-02-08,UNH,r_vix,0.05880955105817363
2021-02-08,UNH,GSPC,1.501817146199011
2021-02-15,UNH,d_rate,-0.03020852159402664
2021-02-15,UNH,d_credit,0.03128447693412848
2021-02-15,UNH,r_vix,0.05734412094674858
2021-02-15,UNH,GSPC,1.497061672353491
2021-02-22,UNH,d_rate,-0.0345987363191624
2021-02-22,UNH,d_credit,0.026718182897813907
2021-02-22,UNH,r_vix,0.07004551938850843
2021-02-22,UNH,GSPC,1.4706322035226413
2021-03-01,UNH,d_rate,0.04843007459155992
2021-03-01,UNH,d_credit,-0.04050119460990088
2021-03-01,UNH,r_vix,0.06575264530151098
2021-03-01,UNH,GSPC,1.385802733216037
2021-03-08,UNH,d_rate,0.0038453962666364244
2021-03-08,UNH,d_credit,-0.07206611616630283
2021-03-08,UNH,r_vix,0.05497540225005758
2021-03-08,UNH,GSPC,1.4352902099465201
2021-03-15,UNH,d_rate,0.0134155322215718
2021-03-15,UNH,d_credit,-0.06987050969252966
2021-03-15,UNH,r_vix,0.04386025816430049
2021-03-15,UNH,GSPC,1.2841341468274654
2021-03-22,UNH,d_rate,0.04110880565913308
2021-03-22,UNH,d_credit,-0.04548616741980473
2021-03-22,UNH,r_vix,0.029953804882747934
2021-03-22,UNH,GSPC,1.1706467239996146
2021-03-29,UNH,d_rate,0.030098781659758
2021-03-29,UNH,d_credit,-0.054112946613198
2021-03-29,UNH,r_vix,0.019254258875200096
2021-03-29,UNH,GSPC,1.1205261316730974
2021-04-05,UNH,d_rate,0.042450058330348484
2021-04-05,UNH,d_credit,-0.05989830267008892
2021-04-05,UNH,r_vix,2.504955336793116e-4
2021-04-05,UNH,GSPC,0.9490645502880785
2021-04-12,UNH,d_rate,0.03559858065912863
2021-04-12,UNH,d_credit,-0.012927059188165925
2021-04-12,UNH,r_vix,0.012342126531410752
2021-04-12,UNH,GSPC,1.019970266884552
2021-04-19,UNH,d_rate,0.03665138857472202
2021-04-19,UNH,d_credit,-0.005771854132886888
2021-04-19,UNH,r_vix,0.021145839051518806
2021-04-19,UNH,GSPC,1.076856036038349
2021-04-26,UNH,d_rate,0.03802999925510605
2021-04-26,UNH,d_credit,-0.003562805440433384
2021-04-26,UNH,r_vix,0.020322776042766978
2021-04-26,UNH,GSPC,1.0676943639371592
2021-05-03,UNH,d_rate,0.03438204076485273
2021-05-03,UNH,d_credit,0.02755768082408285
2021-05-03,UNH,r_vix,0.007464476509956838
2021-05-03,UNH,GSPC,1.0618818053151282
2021-05-10,UNH,d_rate,0.03764021276043344
2021-05-10,UNH,d_credit,0.017346066479836497
2021-05-10,UNH,r_vix,0.008171380922310678
2021-05-10,UNH,GSPC,1.096482509299212
2021-05-17,UNH,d_rate,0.030719874944469573
2021-05-17,UNH,d_credit,-0.014396162511788437
2021-05-17,UNH,r_vix,0.010570372879151862
2021-05-17,UNH,GSPC,1.113601324966998
2021-05-24,UNH,d_rate,0.037406101097888916
2021-05-24,UNH,d_credit,-0.005706638975216941
2021-05-24,UNH,r_vix,0.007835377714934609
2021-05-24,UNH,GSPC,1.08374060483528
2021-05-31,UNH,d_rate,0.07004631801074712
2021-05-31,UNH,d_credit,-0.04561107233206003
2021-05-31,UNH,r_vix,0.018272139652787945
2021-05-31,UNH,GSPC,1.1549050747206784
2021-06-07,UNH,d_rate,0.05549991716943761
2021-06-07,UNH,d_credit,-0.041965395148349585
2021-06-07,UNH,r_vix,0.02710801961957815
2021-06-07,UNH,GSPC,1.1584323653315616
2021-06-14,UNH,d_rate,0.05759442421049261
2021-06-14,UNH,d_credit,-0.03717534225160947
2021-06-14,UNH,r_vix,0.024388116443608183
2021-06-14,UNH,GSPC,1.147407206047365
2021-06-21,UNH,d_rate,0.06854852192029581
2021-06-21,UNH,d_credit,-0.041953642160589395
2021-06-21,UNH,r_vix,0.030889248047510007
2021-06-21,UNH,GSPC,1.232935550940681
2021-06-28,UNH,d_rate,0.067173282335978
2021-06-28,UNH,d_credit,-0.040539240371324725
2021-06-28,UNH,r_vix,0.034622593283457015
2021-06-28,UNH,GSPC,1.266502833212606
2021-07-05,UNH,d_rate,0.06657100674008129
2021-07-05,UNH,d_credit,-0.09502837399347652
2021-07-05,UNH,r_vix,0.01515390726258664
2021-07-05,UNH,GSPC,1.1581757557166956
2021-07-12,UNH,d_rate,0.05945337810398164
2021-07-12,UNH,d_credit,-0.07223894754321948
2021-07-12,UNH,r_vix,0.022143683095545093
2021-07-12,UNH,GSPC,1.1728707874701263
2021-07-19,UNH,d_rate,0.05764884321611164
2021-07-19,UNH,d_credit,-0.09020459901191266
2021-07-19,UNH,r_vix,0.018184289397889793
2021-07-19,UNH,GSPC,1.1240735919762712
2021-07-26,UNH,d_rate,0.05714773607572259
2021-07-26,UNH,d_credit,-0.089176702667063
2021-07-26,UNH,r_vix,0.018519634910970625
2021-07-26,UNH,GSPC,1.1305162057480596
2021-08-02,UNH,d_rate,0.056333396850144636
2021-08-02,UNH,d_credit,-0.08722569897592007
2021-08-02,UNH,r_vix,0.018531794598411745
2021-08-02,UNH,GSPC,1.1148888565330852
2021-08-09,UNH,d_rate,0.05106603526693351
2021-08-09,UNH,d_credit,-0.09916631950155995
2021-08-09,UNH,r_vix,0.01888118950124297
2021-08-09,UNH,GSPC,1.1142101086766414
2021-08-16,UNH,d_rate,0.0306389256148386
2021-08-16,UNH,d_credit,-0.08937949487409914
2021-08-16,UNH,r_vix,0.038656601868226476
2021-08-16,UNH,GSPC,1.223171905630092
2021-08-23,UNH,d_rate,0.04003874552676888
2021-08-23,UNH,d_credit,-0.034469919078417156
2021-08-23,UNH,r_vix,0.07005523998329308
2021-08-23,UNH,GSPC,1.4677553123737224
2021-08-30,UNH,d_rate,0.04113714389363607
2021-08-30,UNH,d_credit,-0.03311833397902218
2021-08-30,UNH,r_vix,0.06757961679827248
2021-08-30,UNH,GSPC,1.4633526974108293
2021-09-06,UNH,d_rate,0.046822367678452964
2021-09-06,UNH,d_credit,-0.020878531905421438
2021-09-06,UNH,r_vix,0.08533907333896527
2021-09-06,UNH,GSPC,1.6582953185867018
2021-09-13,UNH,d_rate,0.04463031839402227
2021-09-13,UNH,d_credit,-0.03364951427231632
2021-09-13,UNH,r_vix,0.08426195010591618
2021-09-13,UNH,GSPC,1.640036448015311
2021-09-20,UNH,d_rate,0.03628065797463931
2021-09-20,UNH,d_credit,-0.02487965889072232
2021-09-20,UNH,r_vix,0.10060602021460939
2021-09-20,UNH,GSPC,1.758086710616666
2021-09-27,UNH,d_rate,0.03517531571275232
2021-09-27,UNH,d_credit,-0.03276706140332251
2021-09-27,UNH,r_vix,0.09825614613327718
2021-09-27,UNH,GSPC,1.7494821171733015
2021-10-04,UNH,d_rate,0.0548617995964635
2021-10-04,UNH,d_credit,-0.03498387537023681
2021-10-04,UNH,r_vix,0.09263061601457198
2021-10-04,UNH,GSPC,1.7270901174618654
2021-10-11,UNH,d_rate,0.047612626715731764
2021-10-11,UNH,d_credit,-0.056315760344144025
2021-10-11,UNH,r_vix,0.08457086554744489
2021-10-11,UNH,GSPC,1.6817331697649995
2021-10-18,UNH,d_rate,0.051559208626734555
2021-10-18,UNH,d_credit,-0.05666566148378833
2021-10-18,UNH,r_vix,0.09068806033462576
2021-10-18,UNH,GSPC,1.742956404376029
2021-10-25,UNH,d_rate,0.049200186743305056
2021-10-25,UNH,d_credit,-0.05761033971543161
2021-10-25,UNH,r_vix,0.08875156482084642
2021-10-25,UNH,GSPC,1.7081311248234106
2021-11-01,UNH,d_rate,0.07313219725512124
2021-11-01,UNH,d_credit,-0.03620745388418566
2021-11-01,UNH,r_vix,0.05241382480652346
2021-11-01,UNH,GSPC,1.1165837353959074
2021-11-08,UNH,d_rate,0.0742177805831001
2021-11-08,UNH,d_credit,-0.0375417259785736
2021-11-08,UNH,r_vix,0.05256896837957385
2021-11-08,UNH,GSPC,1.11887424331529
2021-11-15,UNH,d_rate,0.04828964432469726
2021-11-15,UNH,d_credit,-0.11765675268220613
2021-11-15,UNH,r_vix,0.009673812397671674
2021-11-15,UNH,GSPC,0.7219223227636472
2021-11-22,UNH,d_rate,0.051259269775254995
2021-11-22,UNH,d_credit,-0.09685674354082788
2021-11-22,UNH,r_vix,0.02886206510435335
2021-11-22,UNH,GSPC,0.8506935595005994
2021-11-29,UNH,d_rate,0.020291212564348758
2021-11-29,UNH,d_credit,-0.09255009893804539
2021-11-29,UNH,r_vix,0.004109287181257066
2021-11-29,UNH,GSPC,0.5832062799124892
2021-12-06,UNH,d_rate,0.020576066774970786
2021-12-06,UNH,d_credit,-0.07512438619769679
2021-12-06,UNH,r_vix,-0.01337471312478396
2021-12-06,UNH,GSPC,0.48608755336122733
2021-12-13,UNH,d_rate,0.011831055156912865
2021-12-13,UNH,d_credit,-0.06014938640947403
2021-12-13,UNH,r_vix,-0.024371150275586773
2021-12-13,UNH,GSPC,0.34563698453701225
2021-12-20,UNH,d_rate,0.012513106706477348
2021-12-20,UNH,d_credit,-0.06022264818478587
2021-12-20,UNH,r_vix,-0.021987701132883862
2021-12-20,UNH,GSPC,0.3719516176126438
2021-12-27,UNH,d_rate,0.011300422947397996
2021-12-27,UNH,d_credit,-0.06144530075409282
2021-12-27,UNH,r_vix,-0.026187291758280322
2021-12-27,UNH,GSPC,0.32240405412348105
2022-01-03,UNH,d_rate,-0.07215267079089412
2022-01-03,UNH,d_credit,-0.0013703719571349963
2022-01-03,UNH,r_vix,-0.047596933299744126
2022-01-03,UNH,GSPC,0.2678080653226379
2022-01-10,UNH,d_rate,-0.08145915416472226
2022-01-10,UNH,d_credit,-0.014918931604266907
2022-01-10,UNH,r_vix,-0.05711463680643426
2022-01-10,UNH,GSPC,0.13252325054845404
2022-01-17,UNH,d_rate,-0.08439658325983532
2022-01-17,UNH,d_credit,-0.00775774649390993
2022-01-17,UNH,r_vix,-0.059078030858519134
2022-01-17,UNH,GSPC,0.11810494757202812
2022-01-24,UNH,d_rate,-0.07875393192295492
2022-01-24,UNH,d_credit,7.76752152956398e-4
2022-01-24,UNH,r_vix,-0.05115018777518262
2022-01-24,UNH,GSPC,0.1410360433160788
2022-01-31,UNH,d_rate,-0.05955608181359451
2022-01-31,UNH,d_credit,0.024715139214531768
2022-01-31,UNH,r_vix,-0.06072997088366238
2022-01-31,UNH,GSPC,0.25431739168447287
2022-02-07,UNH,d_rate,-0.05935922848074979
2022-02-07,UNH,d_credit,0.020347934038138293
2022-02-07,UNH,r_vix,-0.06009709611850565
2022-02-07,UNH,GSPC,0.2691948576385537
2022-02-14,UNH,d_rate,-0.05373336198970968
2022-02-14,UNH,d_credit,-0.005744227213125525
2022-02-14,UNH,r_vix,-0.04775159662687721
2022-02-14,UNH,GSPC,0.3839724443963332
2022-02-21,UNH,d_rate,-0.07101476825866701
2022-02-21,UNH,d_credit,0.007239906468022603
2022-02-21,UNH,r_vix,-0.05746218952308374
2022-02-21,UNH,GSPC,0.40645380620074667
2022-02-28,UNH,d_rate,-0.10744813816603188
2022-02-28,UNH,d_credit,0.017563625060890205
2022-02-28,UNH,r_vix,-0.06410600960577376
2022-02-28,UNH,GSPC,0.33401031937255027
2022-03-07,UNH,d_rate,-0.1117494274555011
2022-03-07,UNH,d_credit,0.010510702359274477
2022-03-07,UNH,r_vix,-0.06520061152979463
2022-03-07,UNH,GSPC,0.30930908927345224
2022-03-14,UNH,d_rate,-0.10445883678341114
2022-03-14,UNH,d_credit,0.024128445557269163
2022-03-14,UNH,r_vix,-0.05034046840741602
2022-03-14,UNH,GSPC,0.512988035632058
2022-03-21,UNH,d_rate,-0.09121739922184202
2022-03-21,UNH,d_credit,0.007675455532654656
2022-03-21,UNH,r_vix,-0.04617647911737327
2022-03-21,UNH,GSPC,0.5276031778852799
2022-03-28,UNH,d_rate,-0.07423918051094942
2022-03-28,UNH,d_credit,0.03243838620600979
2022-03-28,UNH,r_vix,-0.03069403706359077
2022-03-28,UNH,GSPC,0.6715329255479721
2022-04-04,UNH,d_rate,-0.019680684170129036
2022-04-04,UNH,d_credit,0.04023988682019469
2022-04-04,UNH,r_vix,-0.00849799916436298
2022-04-04,UNH,GSPC,0.7279191358554973
2022-04-11,UNH,d_rate,-0.013590495055584597
2022-04-11,UNH,d_credit,0.04209791882397507
2022-04-11,UNH,r_vix,-0.003982412010594332
2022-04-11,UNH,GSPC,0.7566067312086062
2022-04-18,UNH,d_rate,-0.021387859010265416
2022-04-18,UNH,d_credit,0.027534162923179385
2022-04-18,UNH,r_vix,-0.011038028228423433
2022-04-18,UNH,GSPC,0.7158798278805426
2022-04-25,UNH,d_rate,-0.02008586432172273
2022-04-25,UNH,d_credit,0.025554522116399015
2022-04-25,UNH,r_vix,-0.008762948535169658
2022-04-25,UNH,GSPC,0.7386549790051888
2022-05-02,UNH,d_rate,-0.02052500668453841
2022-05-02,UNH,d_credit,0.017993949981179556
2022-05-02,UNH,r_vix,-0.0020919395831104533
2022-05-02,UNH,GSPC,0.7545276034888414
2022-05-09,UNH,d_rate,-0.01055497884814586
2022-05-09,UNH,d_credit,0.014033974060529985
2022-05-09,UNH,r_vix,0.010052257635579556
2022-05-09,UNH,GSPC,0.8345614648200387
2022-05-16,UNH,d_rate,-0.01584861026998377
2022-05-16,UNH,d_credit,0.01677913062612814
2022-05-16,UNH,r_vix,0.0028545894955606436
2022-05-16,UNH,GSPC,0.7745940304259713
2022-05-23,UNH,d_rate,-0.018224475765162142
2022-05-23,UNH,d_credit,0.014466935168745802
2022-05-23,UNH,r_vix,-0.0037673036492610608
2022-05-23,UNH,GSPC,0.7185057391813998
2022-05-30,UNH,d_rate,-0.02366075930107662
2022-05-30,UNH,d_credit,0.036446863369503035
2022-05-30,UNH,r_vix,2.1397656291057647e-4
2022-05-30,UNH,GSPC,0.7999223424094879
2022-06-06,UNH,d_rate,-0.027539702443294584
2022-06-06,UNH,d_credit,0.015990016124876803
2022-06-06,UNH,r_vix,-0.011745186029272613
2022-06-06,UNH,GSPC,0.644860402299892
2022-06-13,UNH,d_rate,-0.029275264802141956
2022-06-13,UNH,d_credit,0.008839407142355626
2022-06-13,UNH,r_vix,-0.0025041807037209135
2022-06-13,UNH,GSPC,0.7305344332254694
2022-06-20,UNH,d_rate,-0.030057534317766716
2022-06-20,UNH,d_credit,0.02268279761922565
2022-06-20,UNH,r_vix,0.0062809452570616485
2022-06-20,UNH,GSPC,0.8381919676639559
2022-06-27,UNH,d_rate,-0.048003168609988885
2022-06-27,UNH,d_credit,0.03212518541093865
2022-06-27,UNH,r_vix,-0.008380650531258155
2022-06-27,UNH,GSPC,0.7704530902407252
2022-07-04,UNH,d_rate,-0.049900250420524456
2022-07-04,UNH,d_credit,0.03370079989070257
2022-07-04,UNH,r_vix,-0.008126504161744848
2022-07-04,UNH,GSPC,0.77087449520239
2022-07-11,UNH,d_rate,-0.0529575222866114
2022-07-11,UNH,d_credit,0.03068709938298835
2022-07-11,UNH,r_vix,-0.01215999273835878
2022-07-11,UNH,GSPC,0.7514341393807348
2022-07-18,UNH,d_rate,-0.040921945753932376
2022-07-18,UNH,d_credit,0.04135757205236788
2022-07-18,UNH,r_vix,-0.012676016958448427
2022-07-18,UNH,GSPC,0.7411513192164388
2022-07-25,UNH,d_rate,-0.0429637113008504
2022-07-25,UNH,d_credit,0.03748340718167068
2022-07-25,UNH,r_vix,-0.012561568317740666
2022-07-25,UNH,GSPC,0.7273836659251135
2022-08-01,UNH,d_rate,-0.04447301414914631
2022-08-01,UNH,d_credit,0.03960774893021437
2022-08-01,UNH,r_vix,-0.014123396586968682
2022-08-01,UNH,GSPC,0.7232007365017958
2022-08-08,UNH,d_rate,-0.04540754891811017
2022-08-08,UNH,d_credit,0.0427305246563418
2022-08-08,UNH,r_vix,-0.01658890599973139
2022-08-08,UNH,GSPC,0.7108473366274587
2022-08-15,UNH,d_rate,-0.04001914401765224
2022-08-15,UNH,d_credit,0.052784625506113576
2022-08-15,UNH,r_vix,-0.027876595138096205
2022-08-15,UNH,GSPC,0.6809008772847883
2022-08-22,UNH,d_rate,-0.04093122879145104
2022-08-22,UNH,d_credit,0.05031239717277744
2022-08-22,UNH,r_vix,-0.032665480515207
2022-08-22,UNH,GSPC,0.6802133749243301
2022-08-29,UNH,d_rate,-0.04165749628924261
2022-08-29,UNH,d_credit,0.04930185881775821
2022-08-29,UNH,r_vix,-0.03169838468027414
2022-08-29,UNH,GSPC,0.6868579211030199
2022-09-05,UNH,d_rate,-0.04356320091187343
2022-09-05,UNH,d_credit,0.04121548540081805
2022-09-05,UNH,r_vix,-0.023273664557116765
2022-09-05,UNH,GSPC,0.6897602832790252
2022-09-12,UNH,d_rate,-0.039380290615048885
2022-09-12,UNH,d_credit,0.045154880828876
2022-09-12,UNH,r_vix,-0.022221460955139886
2022-09-12,UNH,GSPC,0.6708723655287336
2022-09-19,UNH,d_rate,-0.037151169587515624
2022-09-19,UNH,d_credit,0.03572170565317343
2022-09-19,UNH,r_vix,-0.03147290382261849
2022-09-19,UNH,GSPC,0.6124653958936671
2022-09-26,UNH,d_rate,-0.03821527268958114
2022-09-26,UNH,d_credit,0.033847932321661285
2022-09-26,UNH,r_vix,-0.026486822496817997
2022-09-26,UNH,GSPC,0.6198740408872107
2022-10-03,UNH,d_rate,-0.04068267845833069
2022-10-03,UNH,d_credit,0.03412893193911277
2022-10-03,UNH,r_vix,-0.02416604191696256
2022-10-03,UNH,GSPC,0.6140700814141228
2022-10-10,UNH,d_rate,-0.03281709307679392
2022-10-10,UNH,d_credit,0.04934233858195225
2022-10-10,UNH,r_vix,-0.02021125191762318
2022-10-10,UNH,GSPC,0.6288722359709519
2022-10-17,UNH,d_rate,-0.031627411505857836
2022-10-17,UNH,d_credit,0.05449311548972053
2022-10-17,UNH,r_vix,-0.01977894152688152
2022-10-17,UNH,GSPC,0.6251283611528431
2022-10-24,UNH,d_rate,-0.028829647580121097
2022-10-24,UNH,d_credit,0.05778236862095766
2022-10-24,UNH,r_vix,-0.02069759055530498
2022-10-24,UNH,GSPC,0.6193677829888835
2022-10-31,UNH,d_rate,-0.032334696543184806
2022-10-31,UNH,d_credit,0.05911969427392619
2022-10-31,UNH,r_vix,-0.01679030371002106
2022-10-31,UNH,GSPC,0.6490839964303432
2022-11-07,UNH,d_rate,-0.03538909520411951
2022-11-07,UNH,d_credit,0.05439594457386043
2022-11-07,UNH,r_vix,-0.02966900039893247
2022-11-07,UNH,GSPC,0.5160245121408433
2022-11-14,UNH,d_rate,-0.040223010150341694
2022-11-14,UNH,d_credit,0.052472813562734616
2022-11-14,UNH,r_vix,-0.02146567348790681
2022-11-14,UNH,GSPC,0.5444507962460892
2022-11-21,UNH,d_rate,-0.039187147485840075
2022-11-21,UNH,d_credit,0.053505387495638886
2022-11-21,UNH,r_vix,-0.02725202685282352
2022-11-21,UNH,GSPC,0.5286534964251214
2022-11-28,UNH,d_rate,-0.031542603469711966
2022-11-28,UNH,d_credit,0.05998396329148494
2022-11-28,UNH,r_vix,-0.027215875591641264
2022-11-28,UNH,GSPC,0.5379148704182234
2022-12-05,UNH,d_rate,-0.03615487294602109
2022-12-05,UNH,d_credit,0.03711137209122623
2022-12-05,UNH,r_vix,0.0066667662727797694
2022-12-05,UNH,GSPC,0.5773963256101562
2022-12-12,UNH,d_rate,-0.03128206346819
2022-12-12,UNH,d_credit,0.0337978120518035
2022-12-12,UNH,r_vix,0.008073534466065298
2022-12-12,UNH,GSPC,0.5982279105991465
2022-12-19,UNH,d_rate,-0.027415969093323122
2022-12-19,UNH,d_credit,0.037133872075361785
2022-12-19,UNH,r_vix,0.004840033396566029
2022-12-19,UNH,GSPC,0.5953625467958756
2022-12-26,UNH,d_rate,-0.027989544886490424
2022-12-26,UNH,d_credit,0.0362223775435318
2022-12-26,UNH,r_vix,0.009050113777303496
2022-12-26,UNH,GSPC,0.6044913508785239
2023-01-02,UNH,d_rate,0.005589112714864857
2023-01-02,UNH,d_credit,0.011869575762875353
2023-01-02,UNH,r_vix,0.0239249978141573
2023-01-02,UNH,GSPC,0.5991228997252919
2023-01-09,UNH,d_rate,0.007246225896596499
2023-01-09,UNH,d_credit,0.01580423582146919
2023-01-09,UNH,r_vix,0.024621392660428128
2023-01-09,UNH,GSPC,0.5973248918233715
2023-01-16,UNH,d_rate,0.007871067593400397
2023-01-16,UNH,d_credit,0.016932796706628818
2023-01-16,UNH,r_vix,0.016931024694557793
2023-01-16,UNH,GSPC,0.5855324489480846
2023-01-23,UNH,d_rate,0.007861927808837082
2023-01-23,UNH,d_credit,0.019294439132272412
2023-01-23,UNH,r_vix,0.01607668292958364
2023-01-23,UNH,GSPC,0.5767224391735406
2023-01-30,UNH,d_rate,0.005103739591671822
2023-01-30,UNH,d_credit,0.018131263836853383
2023-01-30,UNH,r_vix,0.02326186921751569
2023-01-30,UNH,GSPC,0.568611473118221
2023-02-06,UNH,d_rate,0.011508118849374263
2023-02-06,UNH,d_credit,0.020929086970291774
2023-02-06,UNH,r_vix,0.04447191378209719
2023-02-06,UNH,GSPC,0.6202544525413832
2023-02-13,UNH,d_rate,0.012234618848908458
2023-02-13,UNH,d_credit,0.027911714779309194
2023-02-13,UNH,r_vix,0.04061279445344268
2023-02-13,UNH,GSPC,0.6113583032155759
2023-02-20,UNH,d_rate,0.011172189423687992
2023-02-20,UNH,d_credit,0.02827239179836807
2023-02-20,UNH,r_vix,0.03815240828242914
2023-02-20,UNH,GSPC,0.6124714957631697
2023-02-27,UNH,d_rate,0.02178744292845643
2023-02-27,UNH,d_credit,0.024637659408956333
2023-02-27,UNH,r_vix,0.019529585675882664
2023-02-27,UNH,GSPC,0.5777604793662365
2023-03-06,UNH,d_rate,0.028156634029383485
2023-03-06,UNH,d_credit,0.028543671498662992
2023-03-06,UNH,r_vix,0.0028752782619152527
2023-03-06,UNH,GSPC,0.5404781429806325
2023-03-13,UNH,d_rate,0.024197293487361913
2023-03-13,UNH,d_credit,0.03687665974988836
2023-03-13,UNH,r_vix,0.010045009512381702
2023-03-13,UNH,GSPC,0.5444198412151642
2023-03-20,UNH,d_rate,0.023450183138658022
2023-03-20,UNH,d_credit,0.03964103820503599
2023-03-20,UNH,r_vix,0.007747989415953035
2023-03-20,UNH,GSPC,0.5392663322228761
2023-03-27,UNH,d_rate,0.02394507065123965
2023-03-27,UNH,d_credit,0.048134827196594794
2023-03-27,UNH,r_vix,0.01139610052609513
2023-03-27,UNH,GSPC,0.5392643904754251
2023-04-03,UNH,d_rate,0.0018782140814743574
2023-04-03,UNH,d_credit,0.041818865929780076
2023-04-03,UNH,r_vix,7.785202368501993e-5
2023-04-03,UNH,GSPC,0.49753099538774975
2023-04-10,UNH,d_rate,0.0012019512304756322
2023-04-10,UNH,d_credit,0.04163918431231763
2023-04-10,UNH,r_vix,-0.0010598131173773814
2023-04-10,UNH,GSPC,0.48904142972354353
2023-04-17,UNH,d_rate,0.0057483760794722
2023-04-17,UNH,d_credit,0.053068718961724
2023-04-17,UNH,r_vix,0.0220728062754345
2023-04-17,UNH,GSPC,0.5494688659158208
2023-04-24,UNH,d_rate,0.004726538130759829
2023-04-24,UNH,d_credit,0.056216918042905864
2023-04-24,UNH,r_vix,0.02635821380653814
2023-04-24,UNH,GSPC,0.5537340961235591
2023-05-01,UNH,d_rate,0.008936048859137635
2023-05-01,UNH,d_credit,0.06195844433021475
2023-05-01,UNH,r_vix,0.017980474492702736
2023-05-01,UNH,GSPC,0.5388523904219651
2023-05-08,UNH,d_rate,0.005510684948083675
2023-05-08,UNH,d_credit,0.07000888023369968
2023-05-08,UNH,r_vix,0.003162361991552962
2023-05-08,UNH,GSPC,0.48863454827673614
2023-05-15,UNH,d_rate,-0.0010011843872652234
2023-05-15,UNH,d_credit,0.06556260271907528
2023-05-15,UNH,r_vix,-0.0019936810196893064
2023-05-15,UNH,GSPC,0.46037497373894154
2023-05-22,UNH,d_rate,7.548510806171095e-5
2023-05-22,UNH,d_credit,0.06869554936596507
2023-05-22,UNH,r_vix,-0.0028789942613589377
2023-05-22,UNH,GSPC,0.43043959813037636
2023-05-29,UNH,d_rate,-8.060227057682634e-4
2023-05-29,UNH,d_credit,0.05893239765446672
2023-05-29,UNH,r_vix,-0.028436261023751373
2023-05-29,UNH,GSPC,0.3589263866487998
2023-06-05,UNH,d_rate,-0.0025639653765688677
2023-06-05,UNH,d_credit,0.0644099362857291
2023-06-05,UNH,r_vix,-0.02523168940277958
2023-06-05,UNH,GSPC,0.3986135398899241
2023-06-12,UNH,d_rate,0.0024535284954175134
2023-06-12,UNH,d_credit,0.09901941528910216
2023-06-12,UNH,r_vix,-0.06057158123419443
2023-06-12,UNH,GSPC,0.19346221252876172
2023-06-19,UNH,d_rate,-2.7042100023521535e-4
2023-06-19,UNH,d_credit,0.0718345131444588
2023-06-19,UNH,r_vix,-0.0814249673843181
2023-06-19,UNH,GSPC,-0.023425680498597463
2023-06-26,UNH,d_rate,0.006184852444986305
2023-06-26,UNH,d_credit,0.05112752029361573
2023-06-26,UNH,r_vix,-0.059399437881615176
2023-06-26,UNH,GSPC,0.0688807982424062
2023-07-03,UNH,d_rate,3.3241135955841637e-4
2023-07-03,UNH,d_credit,0.05675335915130168
2023-07-03,UNH,r_vix,-0.06860155101196394
2023-07-03,UNH,GSPC,0.04946667390841327
2023-07-10,UNH,d_rate,-1.6079548400242463e-4
2023-07-10,UNH,d_credit,0.06503181507630759
2023-07-10,UNH,r_vix,-0.06983610022621982
2023-07-10,UNH,GSPC,0.07585928566506635
2023-07-17,UNH,d_rate,-0.003823193332719536
2023-07-17,UNH,d_credit,0.059286029362864825
2023-07-17,UNH,r_vix,-0.056001615359203415
2023-07-17,UNH,GSPC,0.13034002089539717
2023-07-24,UNH,d_rate,-0.004054184456103598
2023-07-24,UNH,d_credit,0.050156009540070594
2023-07-24,UNH,r_vix,-0.06142300652776343
2023-07-24,UNH,GSPC,0.07532900179990681
2023-07-31,UNH,d_rate,-0.0020221356533992995
2023-07-31,UNH,d_credit,0.0524413941257373
2023-07-31,UNH,r_vix,-0.05235593995919643
2023-07-31,UNH,GSPC,0.09834960066534829
2023-08-07,UNH,d_rate,-0.0018719601516838887
2023-08-07,UNH,d_credit,0.052467397251798435
2023-08-07,UNH,r_vix,-0.05659144184946428
2023-08-07,UNH,GSPC,0.07356161571537823
2023-08-14,UNH,d_rate,-0.003656910068642577
2023-08-14,UNH,d_credit,0.05260445942811788
2023-08-14,UNH,r_vix,-0.060224819429739146
2023-08-14,UNH,GSPC,0.07190774254948028
2023-08-21,UNH,d_rate,-0.003212818246987893
2023-08-21,UNH,d_credit,0.053545280106556306
2023-08-21,UNH,r_vix,-0.051235895211588535
2023-08-21,UNH,GSPC,0.07582871455586239
2023-08-28,UNH,d_rate,9.978032513852092e-5
2023-08-28,UNH,d_credit,0.045830718083111795
2023-08-28,UNH,r_vix,-0.045261968444209946
2023-08-28,UNH,GSPC,0.03448670519106492
2023-09-04,UNH,d_rate,-0.0019985188432238947
2023-09-04,UNH,d_credit,0.043011241183027314
2023-09-04,UNH,r_vix,-0.04428841808755049
2023-09-04,UNH,GSPC,0.003660194508038145
2023-09-11,UNH,d_rate,-0.0013487481067364455
2023-09-11,UNH,d_credit,0.043670278080528625
2023-09-11,UNH,r_vix,-0.04453873141450227
2023-09-11,UNH,GSPC,0.007195391606845102
2023-09-18,UNH,d_rate,-7.785398229626513e-4
2023-09-18,UNH,d_credit,0.026105440686162534
2023-09-18,UNH,r_vix,-0.021348431184944727
2023-09-18,UNH,GSPC,-0.0022059353143209395
2023-09-25,UNH,d_rate,0.002436171895930379
2023-09-25,UNH,d_credit,0.038238013935242184
2023-09-25,UNH,r_vix,-0.027524214894013434
2023-09-25,UNH,GSPC,-0.03984002574772597
2023-10-02,UNH,d_rate,0.010500331230399009
2023-10-02,UNH,d_credit,0.05271266362894096
2023-10-02,UNH,r_vix,-0.029569200221223342
2023-10-02,UNH,GSPC,-0.028342643954290807
2023-10-09,UNH,d_rate,0.0031384419926320187
2023-10-09,UNH,d_credit,0.039999862714905535
2023-10-09,UNH,r_vix,-0.013068840098907632
2023-10-09,UNH,GSPC,0.0281393351939384
2023-10-16,UNH,d_rate,-0.01602030454488418
2023-10-16,UNH,d_credit,0.007196408148447486
2023-10-16,UNH,r_vix,-0.022341819100189442
2023-10-16,UNH,GSPC,-0.10596528844315845
2023-10-23,UNH,d_rate,-0.009072828497122886
2023-10-23,UNH,d_credit,0.014393392119225887
2023-10-23,UNH,r_vix,-0.020327203055985676
2023-10-23,UNH,GSPC,-0.12662662021523435
2023-10-30,UNH,d_rate,-0.009257152359438092
2023-10-30,UNH,d_credit,0.006608568225332507
2023-10-30,UNH,r_vix,-0.0428701478681461
2023-10-30,UNH,GSPC,-0.2546905240751122
2023-11-06,UNH,d_rate,-0.006280469912779838
2023-11-06,UNH,d_credit,0.010451460253606474
2023-11-06,UNH,r_vix,-0.026037099986730237
2023-11-06,UNH,GSPC,-0.09175111719462428
2023-11-13,UNH,d_rate,0.0023302031522271067
2023-11-13,UNH,d_credit,0.023422550063881446
2023-11-13,UNH,r_vix,-0.029679046228630764
2023-11-13,UNH,GSPC,-0.07941111782637886
2023-11-20,UNH,d_rate,0.0051052989223530475
2023-11-20,UNH,d_credit,0.025420330205164585
2023-11-20,UNH,r_vix,-0.03135424990394164
2023-11-20,UNH,GSPC,-0.08106991369202685
2023-11-27,UNH,d_rate,0.003402359841325669
2023-11-27,UNH,d_credit,0.023796503613290228
2023-11-27,UNH,r_vix,-0.030325524773962526
2023-11-27,UNH,GSPC,-0.0799210626122951
2023-12-04,UNH,d_rate,0.005683864288654385
2023-12-04,UNH,d_credit,0.03270061605523786
2023-12-04,UNH,r_vix,-0.031669053506985685
2023-12-04,UNH,GSPC,-0.04695009630350881
2023-12-11,UNH,d_rate,0.009861432596563895
2023-12-11,UNH,d_credit,0.04964666362387177
2023-12-11,UNH,r_vix,-0.061312444515780044
2023-12-11,UNH,GSPC,-0.23911946046377308
2023-12-18,UNH,d_rate,0.005929330339607099
2023-12-18,UNH,d_credit,0.037037383710398386
2023-12-18,UNH,r_vix,-0.0654120053482938
2023-12-18,UNH,GSPC,-0.2888434879965534
2023-12-25,UNH,d_rate,0.00530600883169563
2023-12-25,UNH,d_credit,0.03496190603364149
2023-12-25,UNH,r_vix,-0.06680153318228385
2023-12-25,UNH,GSPC,-0.3009846103235027
2024-01-01,UNH,d_rate,-0.01190293576655019
2024-01-01,UNH,d_credit,0.06050878031860376
2024-01-01,UNH,r_vix,-0.061595894085373096
2024-01-01,UNH,GSPC,-0.2536413598626436
2024-01-08,UNH,d_rate,-0.009907274881398264
2024-01-08,UNH,d_credit,0.06042008091282617
2024-01-08,UNH,r_vix,-0.06496649176210895
2024-01-08,UNH,GSPC,-0.2924268824096352
2024-01-15,UNH,d_rate,-0.015704194363226797
2024-01-15,UNH,d_credit,0.06083816006469035
2024-01-15,UNH,r_vix,-0.07367060977489594
2024-01-15,UNH,GSPC,-0.3637051385130707
2024-01-22,UNH,d_rate,-0.015811063969271753
2024-01-22,UNH,d_credit,0.06317822242622201
2024-01-22,UNH,r_vix,-0.07472132271597473
2024-01-22,UNH,GSPC,-0.3736049448844209
2024-01-29,UNH,d_rate,-0.01739736093504854
2024-01-29,UNH,d_credit,0.05869644946153436
2024-01-29,UNH,r_vix,-0.06292285598171476
2024-01-29,UNH,GSPC,-0.29980979987502127
2024-02-05,UNH,d_rate,-0.025207261074275737
2024-02-05,UNH,d_credit,0.052035785588266804
2024-02-05,UNH,r_vix,-0.07366038521844545
2024-02-05,UNH,GSPC,-0.3255423343876603
2024-02-12,UNH,d_rate,-0.02496638837472593
2024-02-12,UNH,d_credit,0.04546821412751676
2024-02-12,UNH,r_vix,-0.068014543568381
2024-02-12,UNH,GSPC,-0.311367644316377
2024-02-19,UNH,d_rate,-0.02612309681647342
2024-02-19,UNH,d_credit,0.03411981421674137
2024-02-19,UNH,r_vix,-0.07370330118771203
2024-02-19,UNH,GSPC,-0.408434771004493
2024-02-26,UNH,d_rate,-0.029130547270456567
2024-02-26,UNH,d_credit,-0.010735588467272085
2024-02-26,UNH,r_vix,-0.07009575070844663
2024-02-26,UNH,GSPC,-0.46212434880397013
2024-03-04,UNH,d_rate,-0.0500822193015146
2024-03-04,UNH,d_credit,0.0034980814851582297
2024-03-04,UNH,r_vix,-0.06808882801727212
2024-03-04,UNH,GSPC,-0.6845345797030356
2024-03-11,UNH,d_rate,-0.04167378759108735
2024-03-11,UNH,d_credit,-0.024868182853379838
2024-03-11,UNH,r_vix,-0.07725032846926416
2024-03-11,UNH,GSPC,-0.7429219982136942
2024-03-18,UNH,d_rate,-0.04222282100870972
2024-03-18,UNH,d_credit,-0.02765559345073824
2024-03-18,UNH,r_vix,-0.07370134672193773
2024-03-18,UNH,GSPC,-0.7349398332819511
2024-03-25,UNH,d_rate,-0.04311302772831041
2024-03-25,UNH,d_credit,-0.025443473536448817
2024-03-25,UNH,r_vix,-0.07353432235908795
2024-03-25,UNH,GSPC,-0.7446245895333382
2024-04-01,UNH,d_rate,-0.03456853640692942
2024-04-01,UNH,d_credit,-0.006532433107759948
2024-04-01,UNH,r_vix,-0.10690323915563896
2024-04-01,UNH,GSPC,-0.7454164157422433
2024-04-08,UNH,d_rate,-0.03278641543101958
2024-04-08,UNH,d_credit,0.0032893399491197538
2024-04-08,UNH,r_vix,-0.10549543887797913
2024-04-08,UNH,GSPC,-0.6679645103216579
2024-04-15,UNH,d_rate,-0.039002443417402485
2024-04-15,UNH,d_credit,0.0028069562361903123
2024-04-15,UNH,r_vix,-0.15185754965899917
2024-04-15,UNH,GSPC,-1.2144730128520307
2024-04-22,UNH,d_rate,-0.041567814824456685
2024-04-22,UNH,d_credit,-0.0026032688606897098
2024-04-22,UNH,r_vix,-0.14364483424594146
2024-04-22,UNH,GSPC,-1.2170709709967245
2024-04-29,UNH,d_rate,-0.035572435266707544
2024-04-29,UNH,d_credit,-0.011111044963559026
2024-04-29,UNH,r_vix,-0.13524403382919986
2024-04-29,UNH,GSPC,-1.1567736812298632
2024-05-06,UNH,d_rate,-0.03279889764292973
2024-05-06,UNH,d_credit,-0.003986190165831641
2024-05-06,UNH,r_vix,-0.13770200526311338
2024-05-06,UNH,GSPC,-1.1185764255566653
2024-05-13,UNH,d_rate,-0.030998327764102423
2024-05-13,UNH,d_credit,-2.6490872764807906e-4
2024-05-13,UNH,r_vix,-0.1353349938359635
2024-05-13,UNH,GSPC,-1.0743369623126764
2024-05-20,UNH,d_rate,-0.032278501332909715
2024-05-20,UNH,d_credit,0.009518669176924878
2024-05-20,UNH,r_vix,-0.13642301659963943
2024-05-20,UNH,GSPC,-1.0702667199473594
2024-05-27,UNH,d_rate,-0.03075217621950298
2024-05-27,UNH,d_credit,0.004431324737173368
2024-05-27,UNH,r_vix,-0.1299364034147903
2024-05-27,UNH,GSPC,-1.0384160306166705
2024-06-03,UNH,d_rate,-0.02935578614321616
2024-06-03,UNH,d_credit,-0.002929024209330704
2024-06-03,UNH,r_vix,-0.13326029196128114
2024-06-03,UNH,GSPC,-1.0566452855948818
2024-06-10,UNH,d_rate,-0.028636728541453993
2024-06-10,UNH,d_credit,-0.02101333919795836
2024-06-10,UNH,r_vix,-0.10830014642173628
2024-06-10,UNH,GSPC,-0.8485398047786614
2024-06-17,UNH,d_rate,-0.026086438673242333
2024-06-17,UNH,d_credit,-0.025060421143760524
2024-06-17,UNH,r_vix,-0.10364212528445486
2024-06-17,UNH,GSPC,-0.7898797976842722
2024-06-24,UNH,d_rate,-0.026386341984172255
2024-06-24,UNH,d_credit,-0.004828758576631174
2024-06-24,UNH,r_vix,-0.13056636460775134
2024-06-24,UNH,GSPC,-0.9683494056874077
2024-07-01,UNH,d_rate,-0.01702032878507151
2024-07-01,UNH,d_credit,-0.02712289593962118
2024-07-01,UNH,r_vix,-0.13415090798083096
2024-07-01,UNH,GSPC,-1.0201781852123013
2024-07-08,UNH,d_rate,-0.014364782882318915
2024-07-08,UNH,d_credit,-0.04219286185321603
2024-07-08,UNH,r_vix,-0.1263483743778489
2024-07-08,UNH,GSPC,-1.0184116590819465
2024-07-15,UNH,d_rate,-0.020301495458165595
2024-07-15,UNH,d_credit,-0.05818976803509958
2024-07-15,UNH,r_vix,-0.06920178759674053
2024-07-15,UNH,GSPC,-0.9562953043428095
2024-07-22,UNH,d_rate,-0.01842342923463942
2024-07-22,UNH,d_credit,-0.06202321232715245
2024-07-22,UNH,r_vix,-0.06759568610399992
2024-07-22,UNH,GSPC,-0.9352277944117229
2024-07-29,UNH,d_rate,-0.031090038596609304
2024-07-29,UNH,d_credit,-0.03425012079950875
2024-07-29,UNH,r_vix,-0.05004615528702546
2024-07-29,UNH,GSPC,-0.9548968372177637
2024-08-05,UNH,d_rate,-0.03546293029257099
2024-08-05,UNH,d_credit,-0.032858944782233446
2024-08-05,UNH,r_vix,-0.02068438664788657
2024-08-05,UNH,GSPC,-0.8024104766010949
2024-08-12,UNH,d_rate,-0.03501751607456841
2024-08-12,UNH,d_credit,-0.04595117084167749
2024-08-12,UNH,r_vix,-0.03600939593689204
2024-08-12,UNH,GSPC,-0.839277044803453
2024-08-19,UNH,d_rate,-0.040100594149902934
2024-08-19,UNH,d_credit,-0.07941888680883769
2024-08-19,UNH,r_vix,-0.0350469550935854
2024-08-19,UNH,GSPC,-0.8495143023878876
2024-08-26,UNH,d_rate,-0.03831268481272117
2024-08-26,UNH,d_credit,-0.06430651509646357
2024-08-26,UNH,r_vix,-0.04112404339419279
2024-08-26,UNH,GSPC,-0.8430557508360109
2024-09-02,UNH,d_rate,-0.030725927108731153
2024-09-02,UNH,d_credit,-0.058106680965746296
2024-09-02,UNH,r_vix,-0.0447657388924404
2024-09-02,UNH,GSPC,-0.7795217648890671
2024-09-09,UNH,d_rate,-0.030944663714647706
2024-09-09,UNH,d_credit,-0.05725616225461474
2024-09-09,UNH,r_vix,-0.045225099859393214
2024-09-09,UNH,GSPC,-0.7742721012244728
2024-09-16,UNH,d_rate,-0.03339714174697283
2024-09-16,UNH,d_credit,-0.03249434775193749
2024-09-16,UNH,r_vix,-0.05229707892327204
2024-09-16,UNH,GSPC,-0.7767120616447418
2024-09-23,UNH,d_rate,-0.030511129481101743
2024-09-23,UNH,d_credit,-0.027407282963209035
2024-09-23,UNH,r_vix,-0.05073255609398337
2024-09-23,UNH,GSPC,-0.7628671820773494
2024-09-30,UNH,d_rate,-0.04480681292491155
2024-09-30,UNH,d_credit,-0.09281659864319305
2024-09-30,UNH,r_vix,-0.0438568791853781
2024-09-30,UNH,GSPC,-0.8046954557481703
2024-10-07,UNH,d_rate,-0.036545708942652924
2024-10-07,UNH,d_credit,-0.08211114764346851
2024-10-07,UNH,r_vix,-0.04196637736297262
2024-10-07,UNH,GSPC,-0.7579834234489959
2024-10-14,UNH,d_rate,-0.020913755965435297
2024-10-14,UNH,d_credit,-0.04949251957832536
2024-10-14,UNH,r_vix,-0.02882210105137341
2024-10-14,UNH,GSPC,-0.6877668443995766
2024-10-21,UNH,d_rate,-0.03961379705366615
2024-10-21,UNH,d_credit,-0.07043759927094698
2024-10-21,UNH,r_vix,-0.05759186826557587
2024-10-21,UNH,GSPC,-0.9864880736146414
2024-10-28,UNH,d_rate,-0.030836653948087375
2024-10-28,UNH,d_credit,-0.05919337165412163
2024-10-28,UNH,r_vix,-0.05000316213137766
2024-10-28,UNH,GSPC,-1.0142542685638052
2024-11-04,UNH,d_rate,-0.04690595020367849
2024-11-04,UNH,d_credit,-0.09887657103302638
2024-11-04,UNH,r_vix,-0.0835082047032729
2024-11-04,UNH,GSPC,-1.0438457853789254
2024-11-11,UNH,d_rate,-0.05574369743251274
2024-11-11,UNH,d_credit,-0.12711024614224328
2024-11-11,UNH,r_vix,-0.06782386368579484
2024-11-11,UNH,GSPC,-0.8732523454738645
2024-11-18,UNH,d_rate,-0.05412868192230238
2024-11-18,UNH,d_credit,-0.11972197676254183
2024-11-18,UNH,r_vix,-0.0656429547936909
2024-11-18,UNH,GSPC,-0.8504553455248629
2024-11-25,UNH,d_rate,-0.0662065038959422
2024-11-25,UNH,d_credit,-0.13422447701537052
2024-11-25,UNH,r_vix,-0.07225094145235426
2024-11-25,UNH,GSPC,-0.9221011621053045
2024-12-02,UNH,d_rate,-0.0590673437510564
2024-12-02,UNH,d_credit,-0.12433496775423346
2024-12-02,UNH,r_vix,-0.06301738814647508
2024-12-02,UNH,GSPC,-0.8733558923868449
2024-12-09,UNH,d_rate,-0.1096444596321042
2024-12-09,UNH,d_credit,-0.22794028137253522
2024-12-09,UNH,r_vix,-0.05283958252115226
2024-12-09,UNH,GSPC,-0.879648410617761
2024-12-16,UNH,d_rate,-0.11564153527639706
2024-12-16,UNH,d_credit,-0.23629869402307574
2024-12-16,UNH,r_vix,-0.0639934198665811
2024-12-16,UNH,GSPC,-0.9245209757685243
2024-12-23,UNH,d_rate,-0.11612364069842909
2024-12-23,UNH,d_credit,-0.24117008675951587
2024-12-23,UNH,r_vix,-0.0704105108028051
2024-12-23,UNH,GSPC,-0.9722125677739782
2024-12-30,UNH,d_rate,-0.13286094445820643
2024-12-30,UNH,d_credit,-0.2871341819281375
2024-12-30,UNH,r_vix,-0.06463380637091204
2024-12-30,UNH,GSPC,-0.9473273791831365
2025-01-06,UNH,d_rate,-0.13674093912762442
2025-01-06,UNH,d_credit,-0.30265490712629595
2025-01-06,UNH,r_vix,-0.058948467447390365
2025-01-06,UNH,GSPC,-0.9224738636117663
2025-01-13,UNH,d_rate,-0.1301558324420316
2025-01-13,UNH,d_credit,-0.31251532008684324
2025-01-13,UNH,r_vix,-0.049635103384833894
2025-01-13,UNH,GSPC,-0.8719926843816513
2025-01-20,UNH,d_rate,-0.13012274062514712
2025-01-20,UNH,d_credit,-0.3226891650599484
2025-01-20,UNH,r_vix,-0.046053838760866446
2025-01-20,UNH,GSPC,-0.8151010345844767
2025-01-27,UNH,d_rate,-0.130151312490277
2025-01-27,UNH,d_credit,-0.3219402743571977
2025-01-27,UNH,r_vix,-0.0494092005860036
2025-01-27,UNH,GSPC,-0.8537825351091448
2025-02-03,UNH,d_rate,-0.1320258230268301
2025-02-03,UNH,d_credit,-0.33063646086473863
2025-02-03,UNH,r_vix,-0.04333585209239651
2025-02-03,UNH,GSPC,-0.823218602164505
2025-02-10,UNH,d_rate,-0.13223593608685005
2025-02-10,UNH,d_credit,-0.3312644819075292
2025-02-10,UNH,r_vix,-0.043118810507330886
2025-02-10,UNH,GSPC,-0.8239953513891666
2025-02-17,UNH,d_rate,-0.11392240351762505
2025-02-17,UNH,d_credit,-0.31040095175159704
2025-02-17,UNH,r_vix,-0.05909947244457013
2025-02-17,UNH,GSPC,-0.7476966761620709
2025-02-24,UNH,d_rate,-0.0953836826051157
2025-02-24,UNH,d_credit,-0.20026438736389854
2025-02-24,UNH,r_vix,-0.06728428155551151
2025-02-24,UNH,GSPC,-0.694951499636514
2025-03-03,UNH,d_rate,-0.09549252978567653
2025-03-03,UNH,d_credit,-0.18686882685399614
2025-03-03,UNH,r_vix,-0.07307965586520841
2025-03-03,UNH,GSPC,-0.8157755329597377
2025-03-10,UNH,d_rate,-0.0912937662498346
2025-03-10,UNH,d_credit,-0.15559739179066784
2025-03-10,UNH,r_vix,-0.05376560164155333
2025-03-10,UNH,GSPC,-0.6091290802875989
2025-03-17,UNH,d_rate,-0.09111079451204605
2025-03-17,UNH,d_credit,-0.13500721232195292
2025-03-17,UNH,r_vix,-0.06735308798652567
2025-03-17,UNH,GSPC,-0.6800983257028173
2025-03-24,UNH,d_rate,-0.09089515401581537
2025-03-24,UNH,d_credit,-0.13395878439362924
2025-03-24,UNH,r_vix,-0.06756947310359687
2025-03-24,UNH,GSPC,-0.6824912019276931
2025-03-31,UNH,d_rate,-0.0764551102149832
2025-03-31,UNH,d_credit,-0.16709171319729507
2025-03-31,UNH,r_vix,-0.03790379840462201
2025-03-31,UNH,GSPC,-0.492095681790972
2025-04-07,UNH,d_rate,0.028896961728334284
2025-04-07,UNH,d_credit,0.07197927270005593
2025-04-07,UNH,r_vix,-0.004267761749629705
2025-04-07,UNH,GSPC,0.20966890773875368
2025-04-14,UNH,d_rate,0.028823431637658506
2025-04-14,UNH,d_credit,0.22680467445299954
2025-04-14,UNH,r_vix,0.09547896103777061
2025-04-14,UNH,GSPC,1.2980096928353893
2025-04-21,UNH,d_rate,0.06416591959735304
2025-04-21,UNH,d_credit,0.31999483635980847
2025-04-21,UNH,r_vix,0.10990497956401604
2025-04-21,UNH,GSPC,1.3960888424170832
2025-04-28,UNH,d_rate,0.03067823992965509
2025-04-28,UNH,d_credit,0.1591358638981117
2025-04-28,UNH,r_vix,0.10878855989027301
2025-04-28,UNH,GSPC,1.133905661177773
2025-05-05,UNH,d_rate,0.03004738387692064
2025-05-05,UNH,d_credit,0.16552520484210903
2025-05-05,UNH,r_vix,0.11211775080535238
2025-05-05,UNH,GSPC,1.148400448353673
2025-05-12,UNH,d_rate,0.03824791551943083
2025-05-12,UNH,d_credit,0.24380412104556512
2025-05-12,UNH,r_vix,0.07398016157707256
2025-05-12,UNH,GSPC,0.5840361738173788
2025-05-19,UNH,d_rate,0.03896496688187557
2025-05-19,UNH,d_credit,0.24104370977418152
2025-05-19,UNH,r_vix,0.07423218376330969
2025-05-19,UNH,GSPC,0.5770143795500531
2025-05-26,UNH,d_rate,0.026767122556408746
2025-05-26,UNH,d_credit,0.1997326457626193
2025-05-26,UNH,r_vix,0.0704662556733785
2025-05-26,UNH,GSPC,0.5286236772011645
2025-06-02,UNH,d_rate,0.021618271830445172
2025-06-02,UNH,d_credit,0.15315896116238978
2025-06-02,UNH,r_vix,0.07207908578395968
2025-06-02,UNH,GSPC,0.49346927537420465
2025-06-09,UNH,d_rate,0.01646167801938316
2025-06-09,UNH,d_credit,0.13739779908235003
2025-06-09,UNH,r_vix,0.08231181402887593
2025-06-09,UNH,GSPC,0.5306402655682566
2025-06-16,UNH,d_rate,0.02047020619653151
2025-06-16,UNH,d_credit,0.14968069282902985
2025-06-16,UNH,r_vix,0.08587154132858456
2025-06-16,UNH,GSPC,0.571699965345326
2025-06-23,UNH,d_rate,0.006288961003689554
2025-06-23,UNH,d_credit,0.15283593318609498
2025-06-23,UNH,r_vix,0.09686550267032752
2025-06-23,UNH,GSPC,0.6860536880431576
2025-06-30,UNH,d_rate,7.546784640787542e-4
2025-06-30,UNH,d_credit,0.1549781413174896
2025-06-30,UNH,r_vix,0.10502062920775913
2025-06-30,UNH,GSPC,0.761224851155349
2025-07-07,UNH,d_rate,0.008306681564150707
2025-07-07,UNH,d_credit,0.14257756563447685
2025-07-07,UNH,r_vix,0.09739716070730252
2025-07-07,UNH,GSPC,0.6826184447961833
2025-07-14,UNH,d_rate,0.011560930842249613
2025-07-14,UNH,d_credit,0.1940550951918914
2025-07-14,UNH,r_vix,0.05991105322384367
2025-07-14,UNH,GSPC,0.5762533305998497
2025-07-21,UNH,d_rate,0.006764341315394747
2025-07-21,UNH,d_credit,0.17126840176892472
2025-07-21,UNH,r_vix,0.06354173705451947
2025-07-21,UNH,GSPC,0.58122005756443
2025-07-28,UNH,d_rate,0.06377486944017528
2025-07-28,UNH,d_credit,0.18394517356146262
2025-07-28,UNH,r_vix,-0.015279123479102909
2025-07-28,UNH,GSPC,0.23022907524861763
2025-08-04,UNH,d_rate,0.08642312022097937
2025-08-04,UNH,d_credit,0.21458063093152024
2025-08-04,UNH,r_vix,-0.056422135811488375
2025-08-04,UNH,GSPC,0.031481999072662074
2025-08-11,UNH,d_rate,0.08643792483255053
2025-08-11,UNH,d_credit,0.12360333420741057
2025-08-11,UNH,r_vix,-0.026897741270858103
2025-08-11,UNH,GSPC,0.0916343852730035
2025-08-18,UNH,d_rate,0.0929259340586064
2025-08-18,UNH,d_credit,0.13473941792193203
2025-08-18,UNH,r_vix,-0.042106953290040626
2025-08-18,UNH,GSPC,-0.003698977125838937
2025-08-25,UNH,d_rate,0.092143168793204
2025-08-25,UNH,d_credit,0.14934311728328506
2025-08-25,UNH,r_vix,-0.03786303093913664
2025-08-25,UNH,GSPC,0.038555763191849446
2025-09-01,UNH,d_rate,0.1053816588468452
2025-09-01,UNH,d_credit,0.1685215427689196
2025-09-01,UNH,r_vix,-0.05958309850922162
2025-09-01,UNH,GSPC,0.005266253323819302
2025-09-08,UNH,d_rate,0.05921879679244045
2025-09-08,UNH,d_credit,0.001196510422136795
2025-09-08,UNH,r_vix,-0.025221535274423678
2025-09-08,UNH,GSPC,0.0739412913571031
2025-09-15,UNH,d_rate,0.05749580128162646
2025-09-15,UNH,d_credit,-0.009030775391811456
2025-09-15,UNH,r_vix,-0.030429105835601704
2025-09-15,UNH,GSPC,0.02969147878609653
2025-09-22,UNH,d_rate,0.05978762976484098
2025-09-22,UNH,d_credit,-0.01696865834303046
2025-09-22,UNH,r_vix,-0.03786552958844467
2025-09-22,UNH,GSPC,-0.03300991583896497
2025-09-29,UNH,d_rate,0.045309048742926704
2025-09-29,UNH,d_credit,-0.004374935497495998
2025-09-29,UNH,r_vix,-0.01795102191461857
2025-09-29,UNH,GSPC,0.12187933068096116
2025-10-06,UNH,d_rate,0.04346180546010194
2025-10-06,UNH,d_credit,1.7931968590924585e-4
2025-10-06,UNH,r_vix,-0.020937261885151173
2025-10-06,UNH,GSPC,0.10157609470730244
2025-10-13,UNH,d_rate,0.04385788842497277
2025-10-13,UNH,d_credit,-0.001159357358230448
2025-10-13,UNH,r_vix,-0.028292937010642973
2025-10-13,UNH,GSPC,0.07122504377188504
2025-10-20,UNH,d_rate,0.04470947949693938
2025-10-20,UNH,d_credit,-0.007530366230411278
2025-10-20,UNH,r_vix,-0.032867686436147965
2025-10-20,UNH,GSPC,0.04236017136717932
2025-10-27,UNH,d_rate,0.030937757166741207
2025-10-27,UNH,d_credit,-0.038984581958868676
2025-10-27,UNH,r_vix,-0.03865648475783661
2025-10-27,UNH,GSPC,-0.026629813581423235
2025-11-03,UNH,d_rate,0.04072845407806368
2025-11-03,UNH,d_credit,-0.019302163774130323
2025-11-03,UNH,r_vix,-0.016993388081252014
2025-11-03,UNH,GSPC,0.028607086834265803
2025-11-10,UNH,d_rate,0.05221525275950738
2025-11-10,UNH,d_credit,-0.007522699690863658
2025-11-10,UNH,r_vix,-0.024347276887954086
2025-11-10,UNH,GSPC,-0.03326695169435577
2025-11-17,UNH,d_rate,0.05078992991527199
2025-11-17,UNH,d_credit,-0.011030621613122965
2025-11-17,UNH,r_vix,-0.023230736653744012
2025-11-17,UNH,GSPC,-0.04420226439019283
2025-11-24,UNH,d_rate,0.07299092871325172
2025-11-24,UNH,d_credit,0.004081293291350022
2025-11-24,UNH,r_vix,-0.032787728011639324
2025-11-24,UNH,GSPC,-0.07436027894837609
2025-12-01,UNH,d_rate,0.06334719984279269
2025-12-01,UNH,d_credit,-0.029322959665591876
2025-12-01,UNH,r_vix,-0.03169829917954101
2025-12-01,UNH,GSPC,-0.08231350812042175
2025-12-08,UNH,d_rate,0.10747153791306668
2025-12-08,UNH,d_credit,0.006725101135288749
2025-12-08,UNH,r_vix,-0.04091185933833709
2025-12-08,UNH,GSPC,-0.15959902870932016
2025-12-15,UNH,d_rate,0.11822174864084826
2025-12-15,UNH,d_credit,-9.150815595262662e-4
2025-12-15,UNH,r_vix,-0.023106114867944654
2025-12-15,UNH,GSPC,-0.10408743692394656
2025-12-22,UNH,d_rate,0.11405598571776396
2025-12-22,UNH,d_credit,-0.001157951109916105
2025-12-22,UNH,r_vix,-0.02033272548074113
2025-12-22,UNH,GSPC,-0.07734412215061841
2025-12-29,UNH,d_rate,0.11448001750648047
2025-12-29,UNH,d_credit,-0.013156263157997157
2025-12-29,UNH,r_vix,-0.018883100769949413
2025-12-29,UNH,GSPC,-0.0884695167574143
2026-01-05,UNH,d_rate,0.10874059255194338
2026-01-05,UNH,d_credit,-0.030592957440226783
2026-01-05,UNH,r_vix,-0.011573485678233984
2026-01-05,UNH,GSPC,-0.04909822675194826
2026-01-12,UNH,d_rate,0.1089758182786429
2026-01-12,UNH,d_credit,0.018128531351206338
2026-01-12,UNH,r_vix,-0.02024890817272121
2026-01-12,UNH,GSPC,-0.020946792753379816
2026-01-19,UNH,d_rate,0.10820628315501693
2026-01-19,UNH,d_credit,-0.0093445285509120065
2026-01-19,UNH,r_vix,-0.023276726220521574
2026-01-19,UNH,GSPC,-0.11861495763885004
2026-01-26,UNH,d_rate,0.09900956039332749
2026-01-26,UNH,d_credit,-0.02166363086228716
2026-01-26,UNH,r_vix,-0.0677018732481593
2026-01-26,UNH,GSPC,-0.3714908494612007
2026-02-02,UNH,d_rate,0.09710347391869939
2026-02-02,UNH,d_credit,-0.031008874548539
2026-02-02,UNH,r_vix,-0.06733328146228028
2026-02-02,UNH,GSPC,-0.37968309583702997
2026-02-09,UNH,d_rate,0.0649734716898969
2026-02-09,UNH,d_credit,-0.010958529977313275
2026-02-09,UNH,r_vix,-0.05342178195895687
2026-02-09,UNH,GSPC,-0.279218961309434
2026-02-16,UNH,d_rate,0.05524446852382423
2026-02-16,UNH,d_credit,-0.03238971733280216
2026-02-16,UNH,r_vix,-0.02651352146893911
2026-02-16,UNH,GSPC,-0.21173615308576346
2026-02-23,UNH,d_rate,0.06653699003931614
2026-02-23,UNH,d_credit,-0.01605371711924712
2026-02-23,UNH,r_vix,-0.02956273382797899
2026-02-23,UNH,GSPC,-0.2100529868007368
2026-03-02,UNH,d_rate,0.045581702011560546
2026-03-02,UNH,d_credit,-0.0076339712096056365
2026-03-02,UNH,r_vix,-0.03397196799786878
2026-03-02,UNH,GSPC,-0.1292007314440955
2026-03-09,UNH,d_rate,0.0405570132644304
2026-03-09,UNH,d_credit,-0.01617624201486681
2026-03-09,UNH,r_vix,-0.029988794740412123
2026-03-09,UNH,GSPC,-0.10642159871367883
2026-03-16,UNH,d_rate,0.03882533068872423
2026-03-16,UNH,d_credit,-0.026742187457505
2026-03-16,UNH,r_vix,-0.008365793425468405
2026-03-16,UNH,GSPC,0.01931022631526014
2026-03-23,UNH,d_rate,0.031924010357940694
2026-03-23,UNH,d_credit,-0.012546397578636442
2026-03-23,UNH,r_vix,-0.008795541671766088
2026-03-23,UNH,GSPC,0.09464814181786137
2026-03-30,UNH,d_rate,0.04103440300270971
2026-03-30,UNH,d_credit,-0.036759647793398124
2026-03-30,UNH,r_vix,0.0413154682719882
2026-03-30,UNH,GSPC,0.7843473582532721
2026-04-06,UNH,d_rate,-0.09924153536002106
2026-04-06,UNH,d_credit,-0.1759955236987355
2026-04-06,UNH,r_vix,-0.032516820732111075
2026-04-06,UNH,GSPC,-0.1303878850843471
2026-04-13,UNH,d_rate,-0.12261017622185164
2026-04-13,UNH,d_credit,-0.19731872621285285
2026-04-13,UNH,r_vix,-0.07219261313344283
2026-04-13,UNH,GSPC,-0.5864490773268787
2026-04-20,UNH,d_rate,-0.1965781604940651
2026-04-20,UNH,d_credit,-0.29165622974318534
2026-04-20,UNH,r_vix,-0.09302981800421525
2026-04-20,UNH,GSPC,-0.5832233955238055
2026-04-27,UNH,d_rate,-0.173690858728551
2026-04-27,UNH,d_credit,-0.2561870572629403
2026-04-27,UNH,r_vix,-0.09612865496665525
2026-04-27,UNH,GSPC,-0.5203097019427052
2026-05-04,UNH,d_rate,-0.17196031238964132
2026-05-04,UNH,d_credit,-0.26934960147259523
2026-05-04,UNH,r_vix,-0.09683906553621467
2026-05-04,UNH,GSPC,-0.5366800809801623
2026-05-11,UNH,d_rate,-0.027846927630078143
2026-05-11,UNH,d_credit,-0.1943121787681577
2026-05-11,UNH,r_vix,-0.03615457108972114
2026-05-11,UNH,GSPC,0.948567572807508
2026-05-18,UNH,d_rate,-0.03822368560310048
2026-05-18,UNH,d_credit,-0.2086206942003166
2026-05-18,UNH,r_vix,-0.03774149984202735
2026-05-18,UNH,GSPC,1.039942494098817
2026-05-25,UNH,d_rate,-0.030729866723439952
2026-05-25,UNH,d_credit,-0.21169781090535875
2026-05-25,UNH,r_vix,-0.03760500109871056
2026-05-25,UNH,GSPC,1.0300129718752056
2026-06-01,UNH,d_rate,-0.031004872633972835
2026-06-01,UNH,d_credit,-0.3273366385414014
2026-06-01,UNH,r_vix,-0.0186913863358341
2026-06-01,UNH,GSPC,0.9209024323809593
2026-06-08,UNH,d_rate,-0.019562634380794003
2026-06-08,UNH,d_credit,-0.31906465800819744
2026-06-08,UNH,r_vix,-0.036764653141076
2026-06-08,UNH,GSPC,0.8440063250480322
2026-06-15,UNH,d_rate,-0.024033975048801164
2026-06-15,UNH,d_credit,-0.3228776102080819
2026-06-15,UNH,r_vix,-0.03870709740254709
2026-06-15,UNH,GSPC,0.8036468716703786
2026-06-22,UNH,d_rate,-0.061975473004959675
2026-06-22,UNH,d_credit,-0.3443172906454225
2026-06-22,UNH,r_vix,-0.051431737517853
2026-06-22,UNH,GSPC,0.5357614010569692
2026-06-29,UNH,d_rate,-0.06299342192188957
2026-06-29,UNH,d_credit,-0.3486986764502093
2026-06-29,UNH,r_vix,-0.04510272771501358
2026-06-29,UNH,GSPC,0.5581278472018854
2026-07-06,UNH,d_rate,-0.052966344062580446
2026-07-06,UNH,d_credit,-0.3711129489137748
2026-07-06,UNH,r_vix,-0.05278385656094083
2026-07-06,UNH,GSPC,0.4745620075881105
2026-07-13,UNH,d_rate,-0.04853017326296375
2026-07-13,UNH,d_credit,-0.3529455730481287
2026-07-13,UNH,r_vix,-0.046498461696851276
2026-07-13,UNH,GSPC,0.5237413015385237
2026-07-20,UNH,d_rate,-0.060604202032397775
2026-07-20,UNH,d_credit,-0.37788214975532597
2026-07-20,UNH,r_vix,-0.047566090481977234
2026-07-20,UNH,GSPC,0.5247945810226045
2026-07-27,UNH,d_rate,-0.14161265365850337
2026-07-27,UNH,d_credit,-0.3773069875830285
2026-07-27,UNH,r_vix,-0.011113727524376109
2026-07-27,UNH,GSPC,0.4201464910075725
2026-08-03,UNH,d_rate,-0.14098948296017869
2026-08-03,UNH,d_credit,-0.40425785762190364
2026-08-03,UNH,r_vix,-0.014106408658186794
2026-08-03,UNH,GSPC,0.21622340773030396
2026-08-10,UNH,d_rate,-0.15490841543919082
2026-08-10,UNH,d_credit,-0.3204951446074964
2026-08-10,UNH,r_vix,-0.022684047556666607
2026-08-10,UNH,GSPC,0.139219357165449
2026-08-17,UNH,d_rate,-0.1504320436790348
2026-08-17,UNH,d_credit,-0.2840661228033492
2026-08-17,UNH,r_vix,-0.01703762629813851
2026-08-17,UNH,GSPC,0.25511606903433875
