symbol,date,open,high,low,close,volume,adjusted
GOOGL,2015-01-02,26.6299991607666,26.790000915527344,26.393999099731445,26.477500915527344,26480000,26.24478530883789
GOOGL,2015-01-05,26.357500076293945,26.399499893188477,25.887500762939453,25.972999572753906,41182000,25.74471664428711
GOOGL,2015-01-06,26.024999618530273,26.06049919128418,25.27750015258789,25.332000732421875,54456000,25.109352111816406
GOOGL,2015-01-07,25.547500610351563,25.574499130249023,25.1825008392334,25.25749969482422,46918000,25.035505294799805
GOOGL,2015-01-08,25.07550048828125,25.375,24.750999450683594,25.345500946044922,73054000,25.122732162475586
GOOGL,2015-01-09,25.409000396728516,25.43000030517578,24.9325008392334,25.035999298095703,42000000,24.815950393676758
GOOGL,2015-01-12,24.961999893188477,25.013999938964844,24.545499801635742,24.85300064086914,57138000,24.63456153869629
GOOGL,2015-01-13,25.12849998474121,25.43000030517578,24.863000869750977,25.09000015258789,60958000,24.869478225708008
GOOGL,2015-01-14,25.020999908447266,25.413000106811523,24.908000946044922,25.296499252319336,52800000,25.07415771484375
GOOGL,2015-01-15,25.444499969482422,25.487499237060547,25.100500106811523,25.20050048828125,51068000,24.979005813598633
GOOGL,2015-01-16,25.157499313354492,25.542499542236328,25.154499053955078,25.523000717163086,49658000,25.298669815063477
GOOGL,2015-01-20,25.638500213623047,25.780500411987305,25.4685001373291,25.496999740600586,46796000,25.272899627685547
GOOGL,2015-01-21,25.54199981689453,26.092500686645508,25.47949981689453,26.019500732421875,46356000,25.79080581665039
GOOGL,2015-01-22,26.149999618530273,26.941999435424805,26.095500946044922,26.864999771118164,56068000,26.628875732421875
GOOGL,2015-01-23,26.901500701904297,27.27050018310547,26.787500381469727,27.09749984741211,45966000,26.859333038330078
GOOGL,2015-01-26,27.075000762939453,27.075000762939453,26.603500366210938,26.836000442504883,30932000,26.600133895874023
GOOGL,2015-01-27,26.56999969482422,26.638999938964844,26.042999267578125,26.059499740600586,39148000,25.830455780029297
GOOGL,2015-01-28,26.25,26.284500122070313,25.61750030517578,25.62150001525879,35822000,25.396303176879883
GOOGL,2015-01-29,25.645000457763672,25.75950050354004,25.173999786376953,25.661500930786133,79018000,25.435955047607422
GOOGL,2015-01-30,25.950000762939453,27.155000686645508,25.909000396728516,26.877500534057617,121108000,26.641267776489258
GOOGL,2015-02-02,26.715999603271484,26.825000762939453,26.086000442504883,26.610000610351563,75378000,26.376115798950195
GOOGL,2015-02-03,26.496999740600586,26.872499465942383,26.340499877929688,26.665000915527344,47062000,26.430635452270508
GOOGL,2015-02-04,26.656999588012695,26.837499618530273,26.25149917602539,26.30500030517578,33896000,26.073801040649414
GOOGL,2015-02-05,26.396499633789063,26.534500122070313,26.281999588012695,26.491500854492188,33176000,26.25865936279297
GOOGL,2015-02-06,26.550500869750977,27.01099967956543,26.4325008392334,26.694000244140625,42938000,26.459379196166992
GOOGL,2015-02-09,26.55299949645996,26.694000244140625,26.377500534057617,26.464000701904297,30314000,26.231401443481445
GOOGL,2015-02-10,26.607500076293945,27.049999237060547,26.458499908447266,27.007999420166016,47430000,26.770620346069336
GOOGL,2015-02-11,26.986499786376953,27.09749984741211,26.799999237060547,26.899999618530273,38306000,26.663564682006836
GOOGL,2015-02-12,26.982999801635742,27.41699981689453,26.850000381469727,27.300500869750977,48590000,27.060548782348633
GOOGL,2015-02-13,27.375499725341797,27.62700080871582,27.329999923706055,27.558000564575195,47382000,27.315784454345703
GOOGL,2015-02-17,27.558000564575195,27.649999618530273,27.163000106811523,27.250499725341797,39174000,27.010986328125
GOOGL,2015-02-18,27.19099998474121,27.377500534057617,26.977500915527344,27.13249969482422,31164000,26.894025802612305
GOOGL,2015-02-19,27.12350082397461,27.343000411987305,27.037500381469727,27.322500228881836,30834000,27.082355499267578
GOOGL,2015-02-20,27.378999710083008,27.378999710083008,26.905000686645508,27.09000015258789,38234000,26.851898193359375
GOOGL,2015-02-23,26.950000762939453,26.96500015258789,26.600000381469727,26.75,32906000,26.5148868560791
GOOGL,2015-02-24,26.577499389648438,26.969999313354492,26.549999237060547,26.9325008392334,28406000,26.695783615112305
GOOGL,2015-02-25,26.922000885009766,27.478500366210938,26.90049934387207,27.366500854492188,40836000,27.1259708404541
GOOGL,2015-02-26,27.28700065612793,28.006500244140625,27.254499435424805,27.964500427246094,54032000,27.718713760375977
GOOGL,2015-02-27,27.907499313354492,28.47100067138672,27.851499557495117,28.131500244140625,68328000,27.88424301147461
GOOGL,2015-03-02,28.350000381469727,28.79949951171875,28.157499313354492,28.750999450683594,50406000,28.49829864501953
GOOGL,2015-03-03,28.8174991607666,29.042499542236328,28.524999618530273,28.93950080871582,50526000,28.68514633178711
GOOGL,2015-03-04,28.848499298095703,29.081499099731445,28.625999450683594,28.916500091552734,37964000,28.662343978881836
GOOGL,2015-03-05,28.981000900268555,29.15999984741211,28.911500930786133,29.071500778198242,35918000,28.815982818603516
GOOGL,2015-03-06,29.100000381469727,29.138999938964844,28.60300064086914,28.645000457763672,37592000,28.393230438232422
GOOGL,2015-03-09,28.54599952697754,28.772499084472656,28.452499389648438,28.704999923706055,23478000,28.45270347595215
GOOGL,2015-03-10,28.423999786376953,28.488000869750977,27.990999221801758,27.99250030517578,40080000,27.7464656829834
GOOGL,2015-03-11,27.989999771118164,28.208999633789063,27.77050018310547,27.784500122070313,40524000,27.540294647216797
GOOGL,2015-03-12,27.923999786376953,28.091999053955078,27.776500701904297,28.058500289916992,35602000,27.811885833740234
GOOGL,2015-03-13,27.96150016784668,28.218000411987305,27.51650047302246,27.649999618530273,35428000,27.4069766998291
GOOGL,2015-03-16,27.846500396728516,28.1875,27.56599998474121,28.082000732421875,36856000,27.835180282592773
GOOGL,2015-03-17,27.914499282836914,28.031999588012695,27.720500946044922,27.88050079345703,28892000,27.635452270507813
GOOGL,2015-03-18,27.886499404907227,28.32550048828125,27.674999237060547,28.308000564575195,35324000,28.05919647216797
GOOGL,2015-03-19,28.22599983215332,28.347999572753906,28.106000900268555,28.183500289916992,24660000,27.935787200927734
GOOGL,2015-03-20,28.335500717163086,28.354999542236328,28.224000930786133,28.247499465942383,44320000,27.999223709106445
GOOGL,2015-03-23,28.299999237060547,28.48200035095215,28.152999877929688,28.26849937438965,30234000,28.020042419433594
GOOGL,2015-03-24,28.427000045776367,29.0939998626709,28.404499053955078,28.87700080871582,79156000,28.623193740844727
GOOGL,2015-03-25,28.87849998474121,29.00349998474121,28.350000381469727,28.350000381469727,53070000,28.100826263427734
GOOGL,2015-03-26,28.232500076293945,28.359500885009766,27.91550064086914,28.18199920654297,49842000,27.93429946899414
GOOGL,2015-03-27,28.09149932861328,28.203500747680664,27.846500396728516,27.877500534057617,34552000,27.632476806640625
GOOGL,2015-03-30,28.012500762939453,28.107999801635742,27.839500427246094,28.05699920654297,24788000,27.81039810180664
GOOGL,2015-03-31,27.89699935913086,28.122499465942383,27.73349952697754,27.735000610351563,34932000,27.49123191833496
GOOGL,2015-04-01,27.741500854492188,27.924999237060547,27.30150032043457,27.47450065612793,38902000,27.23301887512207
GOOGL,2015-04-02,27.370500564575195,27.399999618530273,27.02199935913086,27.065500259399414,47760000,26.82761573791504
GOOGL,2015-04-06,26.941999435424805,27.277000427246094,26.78499984741211,27.197500228881836,33718000,26.95845603942871
GOOGL,2015-04-07,27.249500274658203,27.507999420166016,27.179500579833984,27.243000030517578,27318000,27.00355339050293
GOOGL,2015-04-08,27.299999237060547,27.575000762939453,27.299999237060547,27.441999435424805,28386000,27.200803756713867
GOOGL,2015-04-09,27.460500717163086,27.4685001373291,27.09749984741211,27.400999069213867,32366000,27.160165786743164
GOOGL,2015-04-10,27.478500366210938,27.49250030517578,27.249000549316406,27.427000045776367,26104000,27.18593406677246
GOOGL,2015-04-13,27.352500915527344,27.66349983215332,27.315000534057617,27.43199920654297,29326000,27.19089126586914
GOOGL,2015-04-14,27.328500747680664,27.328500747680664,26.78700065612793,26.98900032043457,47206000,26.751787185668945
GOOGL,2015-04-15,26.898000717163086,27.159500122070313,26.618499755859375,27.052000045776367,46962000,26.81422996520996
GOOGL,2015-04-16,26.917499542236328,27.261499404907227,26.905000686645508,27.176000595092773,31722000,26.937143325805664
GOOGL,2015-04-17,26.86549949645996,26.989999771118164,26.450000762939453,26.636999130249023,49234000,26.402875900268555
GOOGL,2015-04-20,26.6875,27.290000915527344,26.667499542236328,27.226499557495117,38508000,26.987201690673828
GOOGL,2015-04-21,27.315500259399414,27.388500213623047,27.11050033569336,27.145999908447266,29128000,26.907405853271484
GOOGL,2015-04-22,27.152999877929688,27.549999237060547,27.06599998474121,27.458999633789063,31806000,27.217655181884766
GOOGL,2015-04-23,27.52050018310547,28.058500289916992,27.503999710083008,27.87299919128418,78184000,27.628013610839844
GOOGL,2015-04-24,29.002500534057617,29.235000610351563,28.417499542236328,28.683000564575195,92168000,28.430898666381836
GOOGL,2015-04-27,28.638500213623047,28.775999069213867,28.114999771118164,28.305999755859375,48062000,28.05721092224121
GOOGL,2015-04-28,28.215999603271484,28.39150047302246,28.04800033569336,28.2185001373291,37178000,27.97047996520996
GOOGL,2015-04-29,28.02549934387207,28.29199981689453,27.950000762939453,28.069499969482422,33622000,27.822786331176758
GOOGL,2015-04-30,27.92799949645996,28.055500030517578,27.336000442504883,27.438499450683594,47240000,27.19733428955078
GOOGL,2015-05-01,27.52549934387207,27.56100082397461,27.1924991607666,27.558000564575195,36572000,27.315784454345703
GOOGL,2015-05-04,27.54949951171875,27.83449935913086,27.36949920654297,27.642000198364258,35260000,27.399045944213867
GOOGL,2015-05-05,27.507999420166016,27.63050079345703,27.118499755859375,27.152000427246094,28528000,26.913354873657227
GOOGL,2015-05-06,27.131999969482422,27.196500778198242,26.61199951171875,26.753999710083008,39034000,26.518850326538086
GOOGL,2015-05-07,26.795000076293945,27.260000228881836,26.672500610351563,27.101999282836914,31844000,26.863794326782227
GOOGL,2015-05-08,27.443500518798828,27.639999389648438,27.401500701904297,27.447500228881836,28226000,27.206256866455078
GOOGL,2015-05-11,27.42449951171875,27.668500900268555,27.280000686645508,27.288999557495117,21858000,27.049144744873047
GOOGL,2015-05-12,27.140499114990234,27.148000717163086,26.75,26.936500549316406,35282000,26.699745178222656
GOOGL,2015-05-13,27.023500442504883,27.191999435424805,26.948999404907227,26.97450065612793,24238000,26.737417221069336
GOOGL,2015-05-14,27.19849967956543,27.484500885009766,27.125,27.459999084472656,31736000,27.218643188476563
GOOGL,2015-05-15,27.519500732421875,27.530000686645508,27.125,27.324499130249023,33440000,27.08433723449707
GOOGL,2015-05-18,27.19099998474121,27.41699981689453,27.112499237060547,27.333499908447266,26706000,27.093257904052734
GOOGL,2015-05-19,27.399999618530273,27.670000076293945,27.356000900268555,27.464000701904297,47126000,27.222612380981445
GOOGL,2015-05-20,27.54599952697754,27.803499221801758,27.2549991607666,27.625499725341797,30840000,27.382692337036133
GOOGL,2015-05-21,27.510000228881836,27.88050079345703,27.46500015258789,27.840499877929688,34170000,27.59580421447754
GOOGL,2015-05-22,27.722999572753906,27.91200065612793,27.680999755859375,27.72599983215332,24266000,27.482309341430664
GOOGL,2015-05-26,27.628999710083008,27.666500091552734,27.148500442504883,27.359500885009766,37474000,27.119029998779297
GOOGL,2015-05-27,27.43400001525879,27.76449966430664,27.32900047302246,27.712499618530273,34844000,27.46892547607422
GOOGL,2015-05-28,27.68950080871582,27.788000106811523,27.540000915527344,27.708999633789063,23544000,27.465457916259766
GOOGL,2015-05-29,27.65999984741211,27.69700050354004,27.25200080871582,27.266000747680664,43446000,27.026350021362305
GOOGL,2015-06-01,27.436500549316406,27.528499603271484,27.179000854492188,27.460500717163086,33210000,27.21914291381836
GOOGL,2015-06-02,27.37150001525879,27.93950080871582,27.327499389648438,27.697500228881836,31842000,27.454059600830078
GOOGL,2015-06-03,27.7549991607666,27.899499893188477,27.607500076293945,27.76449966430664,26710000,27.520471572875977
GOOGL,2015-06-04,27.608999252319336,27.79800033569336,27.45599937438965,27.58449935913086,26866000,27.342050552368164
GOOGL,2015-06-05,27.600000381469727,27.666500091552734,27.368999481201172,27.476499557495117,24396000,27.235002517700195
GOOGL,2015-06-08,27.480499267578125,27.493499755859375,27.147499084472656,27.173999786376953,27336000,26.935161590576172
GOOGL,2015-06-09,27.17099952697754,27.242000579833984,26.9424991607666,27.107999801635742,30016000,26.869739532470703
GOOGL,2015-06-10,27.28499984741211,27.73900032043457,27.25550079345703,27.6299991607666,30316000,27.38715171813965
GOOGL,2015-06-11,27.72450065612793,27.741500854492188,27.458499908447266,27.50200080871582,25872000,27.260278701782227
GOOGL,2015-06-12,27.357500076293945,27.4424991607666,27.2814998626709,27.37350082397461,25468000,27.132905960083008
GOOGL,2015-06-15,27.136499404907227,27.202499389648438,26.960500717163086,27.149999618530273,27150000,26.91136932373047
GOOGL,2015-06-16,27.224000930786133,27.33449935913086,27.078500747680664,27.243499755859375,32526000,27.004051208496094
GOOGL,2015-06-17,27.270999908447266,27.417999267578125,27.090499877929688,27.329999923706055,24440000,27.08978843688965
GOOGL,2015-06-18,27.399999618530273,27.862499237060547,27.399999618530273,27.80900001525879,41192000,27.564579010009766
GOOGL,2015-06-19,27.826000213623047,27.89550018310547,27.613000869750977,27.875999450683594,59290000,27.630990982055664
GOOGL,2015-06-22,27.970500946044922,28.280500411987305,27.945499420166016,27.983999252319336,34752000,27.738040924072266
GOOGL,2015-06-23,27.989500045776367,28.2450008392334,27.857500076293945,28.16950035095215,31396000,27.921911239624023
GOOGL,2015-06-24,28.124000549316406,28.131999969482422,27.840499877929688,27.928499221801758,28924000,27.683027267456055
GOOGL,2015-06-25,28.014999389648438,28.156999588012695,27.87299919128418,27.897499084472656,26684000,27.652297973632813
GOOGL,2015-06-26,27.98550033569336,28,27.592500686645508,27.652999877929688,43676000,27.409948348999023
GOOGL,2015-06-29,27.337499618530273,27.545000076293945,27.011999130249023,27.0625,37756000,26.82464027404785
GOOGL,2015-06-30,27.254499435424805,27.295000076293945,26.976999282836914,27.00200080871582,34510000,26.764671325683594
GOOGL,2015-07-01,27.183000564575195,27.29050064086914,26.988000869750977,27.165000915527344,30760000,26.926239013671875
GOOGL,2015-07-02,27.23699951171875,27.399999618530273,27.178499221801758,27.367000579833984,28124000,27.126462936401367
GOOGL,2015-07-06,27.112499237060547,27.429000854492188,27.104999542236328,27.2810001373291,25614000,27.04121971130371
GOOGL,2015-07-07,27.37150001525879,27.549999237060547,26.99250030517578,27.50149917602539,33578000,27.259780883789063
GOOGL,2015-07-08,27.280000686645508,27.413999557495117,27.059999465942383,27.084999084472656,27662000,26.846940994262695
GOOGL,2015-07-09,27.4325008392334,27.444000244140625,27.231000900268555,27.232500076293945,29766000,26.993146896362305
GOOGL,2015-07-10,27.68549919128418,27.964500427246094,27.600000381469727,27.805500030517578,43436000,27.561111450195313
GOOGL,2015-07-13,27.975500106811523,28.642499923706055,27.934999465942383,28.58650016784668,41792000,28.335248947143555
GOOGL,2015-07-14,28.725000381469727,29.48550033569336,28.708499908447266,29.208999633789063,74832000,28.952272415161133
GOOGL,2015-07-15,29.187000274658203,29.434499740600586,29.010499954223633,29.197999954223633,41466000,28.94137191772461
GOOGL,2015-07-16,29.475000381469727,30.225000381469727,29.395999908447266,30.089000701904297,112642000,29.824542999267578
GOOGL,2015-07-17,34,35.150001525878906,33.900001525878906,34.98099899291992,257162000,34.67353820800781
GOOGL,2015-07-20,34.44900131225586,34.88999938964844,34.0885009765625,34.641998291015625,102436000,34.3375129699707
GOOGL,2015-07-21,34.24399948120117,35.279998779296875,34.20750045776367,34.76750183105469,75604000,34.46192169189453
GOOGL,2015-07-22,34.70100021362305,35.666500091552734,34.58100128173828,34.755001068115234,83100000,34.44953155517578
GOOGL,2015-07-23,34.592498779296875,34.80350112915039,33.579498291015625,33.73649978637695,76232000,33.439979553222656
GOOGL,2015-07-24,33.8385009765625,33.88949966430664,32.659000396728516,32.73849868774414,82622000,32.45075225830078
GOOGL,2015-07-27,32.57849884033203,33.35350036621094,32.57749938964844,32.91350173950195,58382000,32.62421798706055
GOOGL,2015-07-28,33.0880012512207,33.20500183105469,32.670501708984375,32.983001708984375,34364000,32.693111419677734
GOOGL,2015-07-29,33.112998962402344,33.166500091552734,32.641998291015625,33.07149887084961,36756000,32.780826568603516
GOOGL,2015-07-30,32.87200164794922,33.40250015258789,32.58449935913086,33.22800064086914,39606000,32.935951232910156
GOOGL,2015-07-31,33.23500061035156,33.25,32.86000061035156,32.875,34922000,32.5860481262207
GOOGL,2015-08-03,32.882999420166016,33.333499908447266,32.882999420166016,33.236000061035156,31348000,32.943878173828125
GOOGL,2015-08-04,33.21699905395508,33.400001525878906,33.0255012512207,33.06399917602539,26188000,32.77339172363281
GOOGL,2015-08-05,33.287498474121094,33.99549865722656,33.27899932861328,33.66450119018555,36448000,33.368614196777344
GOOGL,2015-08-06,33.699501037597656,33.73749923706055,33.0364990234375,33.50749969482422,40660000,33.21299362182617
GOOGL,2015-08-07,33.388999938964844,33.439998626708984,32.94350051879883,33.21950149536133,27544000,32.927528381347656
GOOGL,2015-08-10,33.35449981689453,33.58100128173828,33.01150131225586,33.15700149536133,34458000,32.86557388305664
GOOGL,2015-08-11,34.979000091552734,35.20000076293945,34.215999603271484,34.51499938964844,109880000,34.211639404296875
GOOGL,2015-08-12,34.7244987487793,34.79999923706055,34.0255012512207,34.57350158691406,58498000,34.269622802734375
GOOGL,2015-08-13,34.459999084472656,34.701499938964844,34.10900115966797,34.32550048828125,36354000,34.023807525634766
GOOGL,2015-08-14,34.20199966430664,34.612998962402344,34.14500045776367,34.46849822998047,27598000,34.16554641723633
GOOGL,2015-08-17,34.402000427246094,34.73699951171875,34.15299987792969,34.705501556396484,24680000,34.40046691894531
GOOGL,2015-08-18,34.55350112915039,34.78799819946289,34.26599884033203,34.436500549316406,27710000,34.133827209472656
GOOGL,2015-08-19,34.50550079345703,35.0099983215332,34.34000015258789,34.70199966430664,50194000,34.396995544433594
GOOGL,2015-08-20,34.45500183105469,34.80799865722656,33.763999938964844,33.9739990234375,57798000,33.67539978027344
GOOGL,2015-08-21,33.551998138427734,33.644500732421875,32.154998779296875,32.201499938964844,91880000,31.918474197387695
GOOGL,2015-08-24,30.030000686645508,31.384000778198242,29.654499053955078,30.905500411987305,129788000,30.63386344909668
GOOGL,2015-08-25,32.32350158691406,32.349998474121094,30.583499908447266,30.62350082397461,71430000,30.354339599609375
GOOGL,2015-08-26,32.154998779296875,33.124000549316406,31.51849937438965,32.98699951171875,87740000,32.69706726074219
GOOGL,2015-08-27,33.5994987487793,33.69900131225586,32.55500030517578,33.39799880981445,58974000,33.104454040527344
GOOGL,2015-08-28,33.28799819946289,33.349998474121094,32.6875,32.984500885009766,38836000,32.69458770751953
GOOGL,2015-08-31,32.71699905395508,33.22050094604492,32.317501068115234,32.39099884033203,38936000,32.10630416870117
GOOGL,2015-09-01,31.690500259399414,32.22200012207031,31.253000259399414,31.47800064086914,51458000,31.201332092285156
GOOGL,2015-09-02,31.899999618530273,32.25299835205078,31.531999588012695,32.24549865722656,37630000,31.962087631225586
GOOGL,2015-09-03,32.39649963378906,32.5625,31.690500259399414,31.852500915527344,34572000,31.572538375854492
GOOGL,2015-09-04,31.485000610351563,31.725000381469727,31.325000762939453,31.447999954223633,40478000,31.17159652709961
GOOGL,2015-09-08,32.04999923706055,32.25199890136719,31.645000457763672,32.194000244140625,39092000,31.91103744506836
GOOGL,2015-09-09,32.59400177001953,32.86800003051758,32.04499816894531,32.170501708984375,40978000,31.88775062561035
GOOGL,2015-09-10,32.19499969482422,32.744998931884766,32.084999084472656,32.55400085449219,27850000,32.26787567138672
GOOGL,2015-09-11,32.510501861572266,32.765499114990234,32.37049865722656,32.76499938964844,34892000,32.477020263671875
GOOGL,2015-09-14,32.78150177001953,32.79600143432617,32.474998474121094,32.62350082397461,29942000,32.336761474609375
GOOGL,2015-09-15,32.83549880981445,33.442501068115234,32.66699981689453,33.253501892089844,35546000,32.96122360229492
GOOGL,2015-09-16,33.27750015258789,33.403499603271484,33.11000061035156,33.2760009765625,26252000,32.98352813720703
GOOGL,2015-09-17,33.3745002746582,34.0994987487793,33.25,33.583499908447266,47752000,33.28832244873047
GOOGL,2015-09-18,33.25299835205078,33.492000579833984,33.00149917602539,33.04600143432617,72544000,32.755550384521484
GOOGL,2015-09-21,33.2755012512207,33.45000076293945,32.900001525878906,33.3489990234375,39094000,33.05588150024414
GOOGL,2015-09-22,32.87350082397461,32.941001892089844,32.25149917602539,32.65999984741211,54362000,32.37294006347656
GOOGL,2015-09-23,32.64500045776367,33.013999938964844,32.5364990234375,32.66450119018555,29160000,32.377403259277344
GOOGL,2015-09-24,32.44850158691406,32.8385009765625,32.10850143432617,32.74549865722656,38692000,32.45769500732422
GOOGL,2015-09-25,32.92900085449219,32.92900085449219,31.982999801635742,32.00749969482422,48480000,31.72617530822754
GOOGL,2015-09-28,31.952499389648438,32.14250183105469,30.892000198364258,31.212499618530273,47646000,30.93816375732422
GOOGL,2015-09-29,31.274999618530273,31.733999252319336,30.901500701904297,31.13050079345703,42130000,30.856884002685547
GOOGL,2015-09-30,31.59149932861328,31.965499877929688,31.457500457763672,31.918500900268555,52954000,31.637958526611328
GOOGL,2015-10-01,31.89699935913086,32.19200134277344,31.555999755859375,32.099998474121094,42506000,31.817867279052734
GOOGL,2015-10-02,31.90049934387207,32.849998474121094,31.674999237060547,32.8494987487793,48788000,32.56077575683594
GOOGL,2015-10-05,33.08000183105469,33.6515007019043,32.79349899291992,33.58399963378906,37960000,33.288822174072266
GOOGL,2015-10-06,33.467498779296875,33.939998626708984,33.15399932861328,33.582000732421875,42774000,33.28683853149414
GOOGL,2015-10-07,33.869998931884766,33.9370002746582,32.90549850463867,33.5,44354000,33.20555877685547
GOOGL,2015-10-08,33.47249984741211,33.59450149536133,32.7244987487793,33.349998474121094,39308000,33.0568733215332
GOOGL,2015-10-09,33.3745002746582,33.704498291015625,33.11800003051758,33.5620002746582,32124000,33.26701354980469
GOOGL,2015-10-12,33.45949935913086,33.89899826049805,33.36199951171875,33.82149887084961,26684000,33.52423858642578
GOOGL,2015-10-13,33.7130012512207,34.42300033569336,33.65549850463867,34.15850067138672,42446000,33.858272552490234
GOOGL,2015-10-14,34.186500549316406,34.50199890136719,33.94499969482422,34.02050018310547,31292000,33.72148895263672
GOOGL,2015-10-15,34.26250076293945,34.70800018310547,34.21950149536133,34.6510009765625,47156000,34.3464469909668
GOOGL,2015-10-16,34.77000045776367,34.81100082397461,34.45500183105469,34.76599884033203,36316000,34.46043014526367
GOOGL,2015-10-19,34.70000076293945,35.012001037597656,34.61050033569336,34.997501373291016,30172000,34.68989944458008
GOOGL,2015-10-20,34.894500732421875,34.900001525878906,33.683998107910156,34,52434000,33.701168060302734
GOOGL,2015-10-21,34.160499572753906,34.244998931884766,33.53499984741211,33.59000015258789,31952000,33.294769287109375
GOOGL,2015-10-22,33.77199935913086,34.40250015258789,33.584999084472656,34.05699920654297,88632000,33.75766372680664
GOOGL,2015-10-23,37.50299835205078,37.625,35.89699935913086,35.96649932861328,126726000,35.6503791809082
GOOGL,2015-10-26,36.000999450683594,36.747501373291016,36.000999450683594,36.555999755859375,48776000,36.23469543457031
GOOGL,2015-10-27,36.32849884033203,36.79800033569336,36.207000732421875,36.64099884033203,38778000,36.31895065307617
GOOGL,2015-10-28,36.650001525878906,36.868499755859375,36.36349868774414,36.84600067138672,39604000,36.52215576171875
GOOGL,2015-10-29,36.83150100708008,37.339500427246094,36.757999420166016,37.24250030517578,36520000,36.9151611328125
GOOGL,2015-10-30,37.27799987792969,37.31549835205078,36.826499938964844,36.86949920654297,39984000,36.54544448852539
GOOGL,2015-11-02,36.72650146484375,37.409000396728516,36.5724983215332,37.387001037597656,39914000,37.05838394165039
GOOGL,2015-11-03,37.27149963378906,37.584999084472656,37.05799865722656,37.441001892089844,36306000,37.11192321777344
GOOGL,2015-11-04,37.494998931884766,37.994998931884766,37.459999084472656,37.765499114990234,41840000,37.433570861816406
GOOGL,2015-11-05,37.94049835205078,38.317501068115234,37.87350082397461,38.03350067138672,45486000,37.699214935302734
GOOGL,2015-11-06,37.96950149536133,38.1510009765625,37.75149917602539,38.08000183105469,33544000,37.74530792236328
GOOGL,2015-11-09,37.92599868774414,38.165000915527344,37.455501556396484,37.73849868774414,35538000,37.40679931640625
GOOGL,2015-11-10,37.67399978637695,38.029998779296875,37.420501708984375,37.91299819946289,29798000,37.579769134521484
GOOGL,2015-11-11,38.11899948120117,38.45399856567383,37.98749923706055,38.26250076293945,41866000,37.92620086669922
GOOGL,2015-11-12,38.00899887084961,38.290000915527344,37.792999267578125,37.826499938964844,35452000,37.49403762817383
GOOGL,2015-11-13,37.70199966430664,37.76649856567383,36.9734992980957,37.003501892089844,48188000,36.67827224731445
GOOGL,2015-11-16,37.010501861572266,37.58549880981445,36.71649932861328,37.520999908447266,50704000,37.19121170043945
GOOGL,2015-11-17,37.62350082397461,37.747501373291016,37.20249938964844,37.29899978637695,38864000,36.97116470336914
GOOGL,2015-11-18,37.47850036621094,38.05500030517578,37.36949920654297,38.0004997253418,36266000,37.666500091552734
GOOGL,2015-11-19,37.98899841308594,38.1614990234375,37.86149978637695,37.99700164794922,28078000,37.66304397583008
GOOGL,2015-11-20,38.46500015258789,38.965999603271484,38.20500183105469,38.849998474121094,55478000,38.5085334777832
GOOGL,2015-11-23,38.87350082397461,39.14500045776367,38.675498962402344,38.834999084472656,34648000,38.49367141723633
GOOGL,2015-11-24,38.64799880981445,38.79949951171875,37.90549850463867,38.48149871826172,47880000,38.14326858520508
GOOGL,2015-11-25,38.58449935913086,38.650001525878906,38.326499938964844,38.4630012512207,23612000,38.12493896484375
GOOGL,2015-11-27,38.45800018310547,38.70000076293945,38.349998474121094,38.5984992980957,14434000,38.259246826171875
GOOGL,2015-11-30,38.59349822998047,38.75149917602539,38.055999755859375,38.14250183105469,33586000,37.807254791259766
GOOGL,2015-12-01,38.34700012207031,39.25,38.29750061035156,39.18949890136719,40398000,38.84505081176758
GOOGL,2015-12-02,39.26250076293945,39.65250015258789,38.82149887084961,38.89250183105469,46876000,38.550662994384766
GOOGL,2015-12-03,39.02799987792969,39.2239990234375,38.122501373291016,38.40999984741211,41950000,38.0723991394043
GOOGL,2015-12-04,38.48550033569336,39.12099838256836,38.2755012512207,38.96049880981445,49800000,38.61806106567383
GOOGL,2015-12-07,39.00299835205078,39.04999923706055,38.33599853515625,38.64950180053711,36626000,38.3098030090332
GOOGL,2015-12-08,38.224998474121094,38.932498931884766,38.125999450683594,38.75699996948242,31082000,38.41635513305664
GOOGL,2015-12-09,38.55500030517578,38.804500579833984,37.60049819946289,38.127498626708984,46550000,37.792388916015625
GOOGL,2015-12-10,38.179500579833984,38.30350112915039,37.75,38.00199890136719,32458000,37.66798782348633
GOOGL,2015-12-11,37.45000076293945,37.87200164794922,37.432498931884766,37.520999908447266,43184000,37.19121170043945
GOOGL,2015-12-14,37.5629997253418,38.20750045776367,36.8129997253418,38.12699890136719,53864000,37.791893005371094
GOOGL,2015-12-15,38.38949966430664,38.73749923706055,37.900001525878906,38.00450134277344,49386000,37.67046356201172
GOOGL,2015-12-16,38.32849884033203,39.07500076293945,37.852500915527344,38.829498291015625,53120000,38.48822021484375
GOOGL,2015-12-17,39.05799865722656,39.079498291015625,38.46500015258789,38.49150085449219,36510000,38.15319061279297
GOOGL,2015-12-18,38.36149978637695,38.707000732421875,37.829498291015625,37.842498779296875,67794000,37.509891510009766
GOOGL,2015-12-21,38.15250015258789,38.317501068115234,37.70750045776367,38.040000915527344,34848000,37.70566177368164
GOOGL,2015-12-22,38.2135009765625,38.516998291015625,38.060001373291016,38.35649871826172,36338000,38.01937484741211
GOOGL,2015-12-23,38.53450012207031,38.595001220703125,37.88249969482422,38.425498962402344,30594000,38.087764739990234
GOOGL,2015-12-24,38.42599868774414,38.459999084472656,38.21950149536133,38.29199981689453,10412000,37.95545196533203
GOOGL,2015-12-28,38.5,39.14099884033203,38.38650131225586,39.11199951171875,31156000,38.76823425292969
GOOGL,2015-12-29,39.3494987487793,39.93450164794922,39.310001373291016,39.698001861572266,38430000,39.34908676147461
GOOGL,2015-12-30,39.698001861572266,39.823001861572266,39.36000061035156,39.51499938964844,28566000,39.167694091796875
GOOGL,2015-12-31,39.39099884033203,39.416500091552734,38.86600112915039,38.9005012512207,32752000,38.55859375
GOOGL,2016-01-04,38.11000061035156,38.11000061035156,37.37699890136719,37.97200012207031,67382000,37.63825225830078
GOOGL,2016-01-05,38.20500183105469,38.459999084472656,37.782501220703125,38.076499938964844,45216000,37.7418327331543
GOOGL,2016-01-06,37.51850128173828,38.2864990234375,37.400001525878906,37.96649932861328,48206000,37.6328010559082
GOOGL,2016-01-07,37.324501037597656,37.765499114990234,36.763999938964844,37.04999923706055,63132000,36.72435760498047
GOOGL,2016-01-08,37.38999938964844,37.50600051879883,36.44599914550781,36.545501708984375,47506000,36.22428894042969
GOOGL,2016-01-11,36.59749984741211,36.75400161743164,35.97800064086914,36.653499603271484,50896000,36.33134460449219
GOOGL,2016-01-12,37.037498474121094,37.41699981689453,36.82149887084961,37.266998291015625,46816000,36.93944549560547
GOOGL,2016-01-13,37.46699905395508,37.650001525878906,35.8390007019043,35.97850036621094,51728000,35.66227340698242
GOOGL,2016-01-14,36.22200012207031,36.99449920654297,35.25,36.56949996948242,55558000,36.24808120727539
GOOGL,2016-01-15,35.4995002746582,36.20800018310547,35.07550048828125,35.52450180053711,76676000,35.21226501464844
GOOGL,2016-01-19,36.00749969482422,36.26750183105469,35.49250030517578,35.95399856567383,48724000,35.63798522949219
GOOGL,2016-01-20,35.29499816894531,36.34749984741211,34.388999938964844,35.928001403808594,82440000,35.61221694946289
GOOGL,2016-01-21,36.00849914550781,36.88349914550781,35.55550003051758,36.333499908447266,51938000,36.01415252685547
GOOGL,2016-01-22,37.099998474121094,37.428001403808594,37.025001525878906,37.27299880981445,47146000,36.945396423339844
GOOGL,2016-01-25,37.19200134277344,37.62300109863281,36.625,36.680999755859375,45340000,36.358604431152344
GOOGL,2016-01-26,36.760501861572266,36.972999572753906,36.3484992980957,36.68949890136719,30940000,36.36702346801758
GOOGL,2016-01-27,36.794498443603516,36.794498443603516,35.67250061035156,35.87900161743164,42428000,35.56364822387695
GOOGL,2016-01-28,36.90950012207031,37.55799865722656,36.529998779296875,37.415000915527344,62104000,37.08615493774414
GOOGL,2016-01-29,37.448001861572266,38.25550079345703,37.209999084472656,38.067501068115234,75808000,37.732913970947266
GOOGL,2016-02-01,38.5629997253418,38.87950134277344,38.069000244140625,38.53850173950195,111522000,38.199771881103516
GOOGL,2016-02-02,40.025001525878906,40.51750183105469,39.029998779296875,39.045501708984375,135846000,38.70232009887695
GOOGL,2016-02-03,39.31399917602539,39.57149887084961,36.8129997253418,37.46900177001953,131114000,37.139671325683594
GOOGL,2016-02-04,37.22949981689453,37.262001037597656,36.130001068115234,36.50149917602539,104922000,36.18067932128906
GOOGL,2016-02-05,36.275001525878906,36.33599853515625,35.00699996948242,35.1879997253418,109556000,34.878726959228516
GOOGL,2016-02-08,34.38399887084961,35.22600173950195,34.10049819946289,35.20800018310547,89410000,34.89855194091797
GOOGL,2016-02-09,34.647499084472656,36.04800033569336,34.42499923706055,35.05099868774414,84300000,34.74292755126953
GOOGL,2016-02-10,35.589500427246094,36.1609992980957,35.269500732421875,35.342498779296875,60314000,35.031864166259766
GOOGL,2016-02-11,34.81700134277344,35.61600112915039,34.55950164794922,35.31800079345703,65004000,35.0075798034668
GOOGL,2016-02-12,35.61050033569336,35.79999923706055,35.07899856567383,35.34450149536133,46538000,35.03384780883789
GOOGL,2016-02-16,35.932498931884766,36.14400100708008,35.50899887084961,35.88199996948242,43444000,35.56662368774414
GOOGL,2016-02-17,36.349998474121094,36.6879997253418,35.830501556396484,36.5984992980957,49154000,36.276824951171875
GOOGL,2016-02-18,36.698001861572266,36.79999923706055,35.77750015258789,35.8754997253418,47276000,35.560184478759766
GOOGL,2016-02-19,35.79499816894531,36.201499938964844,35.65599822998047,36.105499267578125,34918000,35.78815841674805
GOOGL,2016-02-22,36.47549819946289,36.74250030517578,36.17250061035156,36.45249938964844,37516000,36.13210678100586
GOOGL,2016-02-23,36.30500030517578,36.54499816894531,35.78350067138672,35.864498138427734,41332000,35.54927062988281
GOOGL,2016-02-24,35.53049850463867,36.06100082397461,35.10100173950195,36.04499816894531,37092000,35.728187561035156
GOOGL,2016-02-25,36.14649963378906,36.47549819946289,35.6614990234375,36.45600128173828,36146000,36.13557815551758
GOOGL,2016-02-26,36.68000030517578,36.80799865722656,36.09700012207031,36.24300003051758,42474000,35.9244499206543
GOOGL,2016-02-29,36.04999923706055,36.529998779296875,35.84199905395508,35.861000061035156,45068000,35.54581069946289
GOOGL,2016-03-01,36.064998626708984,37.11650085449219,35.93199920654297,37.10850143432617,60112000,36.78234100341797
GOOGL,2016-03-02,37.14350128173828,37.15599822998047,36.662498474121094,36.9739990234375,36292000,36.649024963378906
GOOGL,2016-03-03,36.9739990234375,37.04999923706055,36.48149871826172,36.579498291015625,40534000,36.25798797607422
GOOGL,2016-03-04,36.7400016784668,36.75,36.28099822998047,36.51100158691406,48516000,36.190093994140625
GOOGL,2016-03-07,36.25749969482422,36.36050033569336,35.25699996948242,35.63999938964844,61690000,35.32674789428711
GOOGL,2016-03-08,35.419498443603516,36.11249923706055,35.20000076293945,35.67649841308594,52530000,35.3629264831543
GOOGL,2016-03-09,35.75849914550781,36.3120002746582,35.632999420166016,36.27050018310547,39544000,35.95170974731445
GOOGL,2016-03-10,36.38949966430664,36.82699966430664,36.16450119018555,36.60850143432617,44616000,36.28673553466797
GOOGL,2016-03-11,36.997501373291016,37.244998931884766,36.834999084472656,37.243499755859375,35380000,36.916160583496094
GOOGL,2016-03-14,37.24850082397461,37.7130012512207,37.18299865722656,37.512001037597656,32824000,37.18230056762695
GOOGL,2016-03-15,37.30099868774414,37.6505012512207,37.141998291015625,37.528499603271484,29832000,37.19865417480469
GOOGL,2016-03-16,37.45249938964844,37.95000076293945,37.32500076293945,37.86800003051758,29306000,37.53516387939453
GOOGL,2016-03-17,37.88249969482422,38.266998291015625,37.86800003051758,37.92399978637695,44564000,37.59067916870117
GOOGL,2016-03-18,38.08150100708008,38.106998443603516,37.590999603271484,37.77050018310547,56222000,37.43852233886719
GOOGL,2016-03-21,37.695499420166016,38.16699981689453,37.563499450683594,38.108001708984375,28774000,37.773067474365234
GOOGL,2016-03-22,37.922000885009766,38.25,37.89400100708008,38.002498626708984,22096000,37.66848373413086
GOOGL,2016-03-23,38.16749954223633,38.269500732421875,37.80149841308594,37.87799835205078,24678000,37.54507827758789
GOOGL,2016-03-24,37.560001373291016,37.87799835205078,37.525001525878906,37.742000579833984,31116000,37.410274505615234
GOOGL,2016-03-28,37.80849838256836,37.915000915527344,37.60200119018555,37.66400146484375,21676000,37.33296585083008
GOOGL,2016-03-29,37.683998107910156,38.35900115966797,37.41450119018555,38.294498443603516,40062000,37.957916259765625
GOOGL,2016-03-30,38.410499572753906,38.865501403808594,38.37900161743164,38.41699981689453,40396000,38.07933807373047
GOOGL,2016-03-31,38.41699981689453,38.45399856567383,37.912498474121094,38.14500045776367,32554000,37.80973434448242
GOOGL,2016-04-01,37.858001708984375,38.50199890136719,37.7599983215332,38.48350143432617,31674000,38.145259857177734
GOOGL,2016-04-04,38.47549819946289,38.62200164794922,38.089500427246094,38.25600051879883,26924000,37.91975021362305
GOOGL,2016-04-05,37.90650177001953,38.14350128173828,37.779998779296875,37.92850112915039,24478000,37.59513473510742
GOOGL,2016-04-06,37.891998291015625,38.42100143432617,37.814998626708984,38.403499603271484,25312000,38.06595993041992
GOOGL,2016-04-07,38.26599884033203,38.46799850463867,37.875,38.00600051879883,25498000,37.67195510864258
GOOGL,2016-04-08,38.29349899291992,38.35649871826172,37.78850173950195,37.9734992980957,23434000,37.63974380493164
GOOGL,2016-04-11,38.272499084472656,38.361000061035156,37.867000579833984,37.87699890136719,31774000,37.54409408569336
GOOGL,2016-04-12,37.92150115966797,38.24599838256836,37.57849884033203,38.215999603271484,27388000,37.88011169433594
GOOGL,2016-04-13,38.515499114990234,38.787498474121094,38.22949981689453,38.59550094604492,35426000,38.25627517700195
GOOGL,2016-04-14,38.768001556396484,38.980499267578125,38.6609992980957,38.769500732421875,26992000,38.42874526977539
GOOGL,2016-04-15,38.775001525878906,39.04650115966797,38.746498107910156,39,31712000,38.65721893310547
GOOGL,2016-04-18,39.009498596191406,39.4275016784668,38.88050079345703,39.38399887084961,33540000,39.037837982177734
GOOGL,2016-04-19,39.525001525878906,39.54750061035156,38.51350021362305,38.8125,43952000,38.471370697021484
GOOGL,2016-04-20,38.95800018310547,38.983001708984375,38.563499450683594,38.74599838256836,34262000,38.405452728271484
GOOGL,2016-04-21,38.865501403808594,39.08399963378906,38.57749938964844,39,77628000,38.65721893310547
GOOGL,2016-04-22,37.195499420166016,37.69599914550781,36.51850128173828,36.88850021362305,140798000,36.56427764892578
GOOGL,2016-04-25,36.76750183105469,37.24399948120117,36.755001068115234,37.11050033569336,49442000,36.78432846069336
GOOGL,2016-04-26,37.22100067138672,37.27949905395508,36.01599884033203,36.26850128173828,55864000,35.94972610473633
GOOGL,2016-04-27,36.26599884033203,36.35749816894531,35.45399856567383,36.073001861572266,66262000,35.75595474243164
GOOGL,2016-04-28,36.16450119018555,36.4630012512207,35.15999984741211,35.25299835205078,62590000,34.94314956665039
GOOGL,2016-04-29,35.20600128173828,35.605499267578125,35.18899917602539,35.39400100708008,58278000,35.082908630371094
GOOGL,2016-05-02,35.59600067138672,35.77050018310547,35.31800079345703,35.72050094604492,33476000,35.40654373168945
GOOGL,2016-05-03,35.625,35.66849899291992,35.36650085449219,35.422000885009766,38620000,35.11066436767578
GOOGL,2016-05-04,35.3385009765625,35.752498626708984,35.20249938964844,35.56850051879883,34172000,35.25587463378906
GOOGL,2016-05-05,35.75,35.877498626708984,35.47249984741211,35.73550033569336,29668000,35.42141342163086
GOOGL,2016-05-06,35.61000061035156,36.29949951171875,35.59749984741211,36.25899887084961,39952000,35.94031524658203
GOOGL,2016-05-09,36.334999084472656,36.714500427246094,36.17499923706055,36.45650100708008,38074000,36.13607406616211
GOOGL,2016-05-10,36.74800109863281,37,36.580501556396484,36.96900177001953,32634000,36.64407730102539
GOOGL,2016-05-11,37.0260009765625,37.040000915527344,36.39500045776367,36.52750015258789,29834000,36.20645523071289
GOOGL,2016-05-12,36.599998474121094,36.76850128173828,36.2135009765625,36.403499603271484,27094000,36.08353805541992
GOOGL,2016-05-13,36.33100128173828,36.56449890136719,36.175498962402344,36.24150085449219,25244000,35.9229621887207
GOOGL,2016-05-16,36.215999603271484,36.63399887084961,36,36.51499938964844,22538000,36.194053649902344
GOOGL,2016-05-17,36.553001403808594,36.79249954223633,35.900001525878906,36.009498596191406,33404000,35.69300842285156
GOOGL,2016-05-18,35.92499923706055,36.278499603271484,35.750999450683594,36.0890007019043,32536000,35.77180480957031
GOOGL,2016-05-19,35.915000915527344,36.025001525878906,35.515499114990234,35.765499114990234,30598000,35.45114517211914
GOOGL,2016-05-20,35.823001861572266,36.3849983215332,35.7504997253418,36.08549880981445,34798000,35.76833724975586
GOOGL,2016-05-23,35.999000549316406,36.17499923706055,35.84700012207031,35.86249923706055,24816000,35.54729461669922
GOOGL,2016-05-24,35.99250030517578,36.709999084472656,35.98249816894531,36.6515007019043,37884000,36.32936096191406
GOOGL,2016-05-25,36.75,36.99449920654297,36.630001068115234,36.904998779296875,32216000,36.58063507080078
GOOGL,2016-05-26,36.79999923706055,37.05500030517578,36.650001525878906,36.846500396728516,27202000,36.522640228271484
GOOGL,2016-05-27,36.8754997253418,37.39550018310547,36.85049819946289,37.380001068115234,34802000,37.05146026611328
GOOGL,2016-05-31,37.4379997253418,37.67399978637695,37.278499603271484,37.442501068115234,42484000,37.113407135009766
GOOGL,2016-06-01,37.423500061035156,37.56850051879883,37.21699905395508,37.42300033569336,20788000,37.09408187866211
GOOGL,2016-06-02,37.30500030517578,37.3650016784668,36.849998474121094,37.2135009765625,33916000,36.886417388916016
GOOGL,2016-06-03,37.074501037597656,37.074501037597656,36.695499420166016,36.792999267578125,24608000,36.46961212158203
GOOGL,2016-06-06,36.92499923706055,36.92499923706055,36.41450119018555,36.50299835205078,29992000,36.182159423828125
GOOGL,2016-06-07,36.66350173950195,36.83549880981445,36.540000915527344,36.554500579833984,24314000,36.23321533203125
GOOGL,2016-06-08,36.974998474121094,37.19049835205078,36.78850173950195,37.14649963378906,32314000,36.82000732421875
GOOGL,2016-06-09,36.85350036621094,37.19649887084961,36.82500076293945,37.125999450683594,19180000,36.799686431884766
GOOGL,2016-06-10,36.79750061035156,36.981998443603516,36.5255012512207,36.65950012207031,29050000,36.33728790283203
GOOGL,2016-06-13,36.49100112915039,36.95000076293945,36.49100112915039,36.59400177001953,23354000,36.272369384765625
GOOGL,2016-06-14,36.46549987792969,36.79999923706055,36.32500076293945,36.662498474121094,26584000,36.34025573730469
GOOGL,2016-06-15,36.74599838256836,36.85749816894531,36.56549835205078,36.609500885009766,23234000,36.28772735595703
GOOGL,2016-06-16,36.39799880981445,36.519500732421875,35.777000427246094,36.212501525878906,45002000,35.894222259521484
GOOGL,2016-06-17,36.06949996948242,36.06949996948242,35.055999755859375,35.212501525878906,82262000,34.90300750732422
GOOGL,2016-06-20,35.515499114990234,35.79349899291992,35.27050018310547,35.30649948120117,45654000,34.99618148803711
GOOGL,2016-06-21,35.502498626708984,35.76900100708008,35.233001708984375,35.444000244140625,30318000,35.13246536254883
GOOGL,2016-06-22,35.70249938964844,35.71049880981445,35.29399871826172,35.52349853515625,29058000,35.211273193359375
GOOGL,2016-06-23,35.52750015258789,35.74399948120117,35.01250076293945,35.743499755859375,42500000,35.42934036254883
GOOGL,2016-06-24,34.50849914550781,35.25,34.24549865722656,34.2599983215332,95436000,33.9588737487793
GOOGL,2016-06-27,34.1245002746582,34.166500091552734,33.632999420166016,34.05699920654297,58146000,33.75766372680664
GOOGL,2016-06-28,34.56850051879883,34.637001037597656,34.24250030517578,34.5629997253418,38246000,34.259220123291016
GOOGL,2016-06-29,34.7130012512207,34.974998474121094,34.63399887084961,34.759498596191406,43124000,34.45398712158203
GOOGL,2016-06-30,34.88249969482422,35.188499450683594,34.744998931884766,35.17649841308594,42250000,34.8673210144043
GOOGL,2016-07-01,35.255001068115234,35.62649917602539,35.186500549316406,35.51250076293945,30984000,35.200374603271484
GOOGL,2016-07-05,35.2504997253418,35.40599822998047,34.95650100708008,35.24449920654297,28440000,34.93471908569336
GOOGL,2016-07-06,34.992000579833984,35.650001525878906,34.95000076293945,35.44850158691406,28902000,35.13693618774414
GOOGL,2016-07-07,35.50550079345703,35.50849914550781,35.03350067138672,35.362998962402344,21174000,35.052188873291016
GOOGL,2016-07-08,35.52799987792969,35.89500045776367,35.40549850463867,35.888999938964844,29946000,35.57356262207031
GOOGL,2016-07-11,35.97100067138672,36.44649887084961,35.94350051879883,36.36000061035156,28822000,36.04042434692383
GOOGL,2016-07-12,36.59600067138672,36.779998779296875,36.375,36.6254997253418,26468000,36.30358123779297
GOOGL,2016-07-13,36.7760009765625,36.7760009765625,36.45100021362305,36.4739990234375,20436000,36.153419494628906
GOOGL,2016-07-14,36.696998596191406,36.80699920654297,36.52949905395508,36.790000915527344,21408000,36.466644287109375
GOOGL,2016-07-15,37.04999923706055,37.04999923706055,36.731998443603516,36.78150177001953,32342000,36.458221435546875
GOOGL,2016-07-18,36.89550018310547,37.75699996948242,36.82550048828125,37.65999984741211,38698000,37.32899475097656
GOOGL,2016-07-19,37.493499755859375,37.829498291015625,37.42449951171875,37.670501708984375,30436000,37.33940505981445
GOOGL,2016-07-20,37.70249938964844,38.03200149536133,37.70249938964844,37.854000091552734,22502000,37.52128601074219
GOOGL,2016-07-21,37.849998474121094,37.907501220703125,37.57600021362305,37.72050094604492,19062000,37.38895797729492
GOOGL,2016-07-22,37.86600112915039,37.97249984741211,37.632999420166016,37.9640007019043,20920000,37.63032150268555
GOOGL,2016-07-25,37.88399887084961,37.99100112915039,37.70349884033203,37.875999450683594,21466000,37.54309844970703
GOOGL,2016-07-26,37.875999450683594,37.9630012512207,37.63750076293945,37.88249969482422,23792000,37.54954528808594
GOOGL,2016-07-27,37.94850158691406,38.22249984741211,37.79650115966797,38.0984992980957,32172000,37.76363754272461
GOOGL,2016-07-28,38.44200134277344,38.44850158691406,37.954498291015625,38.29199981689453,73464000,37.95545196533203
GOOGL,2016-07-29,39.885501861572266,40.196998596191406,39.5,39.56700134277344,101810000,39.21924591064453
GOOGL,2016-08-01,39.333499908447266,40.3745002746582,39.25199890136719,40.047000885009766,60594000,39.69501495361328
GOOGL,2016-08-02,39.86650085449219,40.11600112915039,39.72650146484375,40.00600051879883,39928000,39.65437698364258
GOOGL,2016-08-03,39.82350158691406,39.97700119018555,39.6510009765625,39.94599914550781,29206000,39.59490203857422
GOOGL,2016-08-04,39.9119987487793,40.0099983215332,39.69599914550781,39.86249923706055,21520000,39.51213455200195
GOOGL,2016-08-05,40.00550079345703,40.361000061035156,39.890499114990234,40.346500396728516,36146000,39.99188232421875
GOOGL,2016-08-08,40.29999923706055,40.380001068115234,40.08449935913086,40.26150131225586,24426000,39.907630920410156
GOOGL,2016-08-09,40.2244987487793,40.666500091552734,40.202999114990234,40.374000549316406,32154000,40.01914596557617
GOOGL,2016-08-10,40.352500915527344,40.54399871826172,40.324501037597656,40.42449951171875,18370000,40.069190979003906
GOOGL,2016-08-11,40.52349853515625,40.694000244140625,40.29999923706055,40.40999984741211,25646000,40.05482482910156
GOOGL,2016-08-12,40.25450134277344,40.359500885009766,40.18199920654297,40.352500915527344,17946000,39.997833251953125
GOOGL,2016-08-15,40.36050033569336,40.56800079345703,40.201499938964844,40.29800033569336,18596000,39.94381332397461
GOOGL,2016-08-16,40.17499923706055,40.2130012512207,39.849998474121094,40.05950164794922,21158000,39.7074089050293
GOOGL,2016-08-17,40,40.28150177001953,39.814998626708984,40.270999908447266,21322000,39.91704177856445
GOOGL,2016-08-18,40.268001556396484,40.400001525878906,40.08150100708008,40.13750076293945,17292000,39.78471755981445
GOOGL,2016-08-19,39.989498138427734,40.061500549316406,39.84400177001953,39.98249816894531,22416000,39.63108444213867
GOOGL,2016-08-22,39.925498962402344,39.96500015258789,39.71649932861328,39.84749984741211,17056000,39.49726867675781
GOOGL,2016-08-23,40.02399826049805,40.04999923706055,39.79949951171875,39.829498291015625,18350000,39.479427337646484
GOOGL,2016-08-24,39.84299850463867,39.92300033569336,39.53799819946289,39.68000030517578,25672000,39.331241607666016
GOOGL,2016-08-25,39.599998474121094,39.736000061035156,39.36149978637695,39.564998626708984,24054000,39.217247009277344
GOOGL,2016-08-26,39.6245002746582,39.970001220703125,39.47050094604492,39.6609992980957,24978000,39.31241226196289
GOOGL,2016-08-29,39.65250015258789,39.92599868774414,39.51599884033203,39.79100036621094,15474000,39.44126510620117
GOOGL,2016-08-30,39.64400100708008,39.900001525878906,39.4734992980957,39.59600067138672,23348000,39.247982025146484
GOOGL,2016-08-31,39.47999954223633,39.57849884033203,39.36000061035156,39.49250030517578,21428000,39.1453857421875
GOOGL,2016-09-01,39.5989990234375,39.644500732421875,39.31650161743164,39.56999969482422,26070000,39.22220993041992
GOOGL,2016-09-02,39.76350021362305,39.85499954223633,39.66299819946289,39.84349822998047,26998000,39.4932975769043
GOOGL,2016-09-06,39.919498443603516,40.544498443603516,39.77149963378906,40.4010009765625,39790000,40.045902252197266
GOOGL,2016-09-07,40.39649963378906,40.529998779296875,40.18600082397461,40.39950180053711,22906000,40.04441833496094
GOOGL,2016-09-08,40.26100158691406,40.42100143432617,40.050498962402344,40.141998291015625,23554000,39.78917694091797
GOOGL,2016-09-09,39.938499450683594,40.087501525878906,39.40250015258789,39.42399978637695,37752000,39.07748794555664
GOOGL,2016-09-12,39.22600173950195,40.00849914550781,39.17499923706055,39.941001892089844,37274000,39.58994674682617
GOOGL,2016-09-13,39.70050048828125,39.78950119018555,39.21649932861328,39.43600082397461,36180000,39.08938980102539
GOOGL,2016-09-14,39.37649917602539,39.81650161743164,39.37649917602539,39.52299880981445,25842000,39.175621032714844
GOOGL,2016-09-15,39.5004997253418,40.182498931884766,39.43299865722656,40.061500549316406,31144000,39.709388732910156
GOOGL,2016-09-16,39.95100021362305,39.95100021362305,39.680999755859375,39.89849853515625,42612000,39.547821044921875
GOOGL,2016-09-19,40.05550003051758,40.199501037597656,39.678001403808594,39.769500732421875,22990000,39.41995620727539
GOOGL,2016-09-20,40,40.13750076293945,39.91299819946289,39.98899841308594,20984000,39.63752746582031
GOOGL,2016-09-21,40.0629997253418,40.295501708984375,39.80149841308594,40.25149917602539,26970000,39.89772415161133
GOOGL,2016-09-22,40.5,40.952999114990234,40.385501861572266,40.79750061035156,35186000,40.43891906738281
GOOGL,2016-09-23,40.75699996948242,40.849998474121094,40.63650131225586,40.74800109863281,28234000,40.38985824584961
GOOGL,2016-09-26,40.49100112915039,40.50400161743164,40.022499084472656,40.13249969482422,29454000,39.779762268066406
GOOGL,2016-09-27,40.09149932861328,40.67449951171875,40.09149932861328,40.5364990234375,27346000,40.18021011352539
GOOGL,2016-09-28,40.20399856567383,40.51250076293945,40.138999938964844,40.50299835205078,29406000,40.14700698852539
GOOGL,2016-09-29,40.36149978637695,40.695499420166016,40.042999267578125,40.13199996948242,27000000,39.77926254272461
GOOGL,2016-09-30,40.18000030517578,40.40449905395508,40.07500076293945,40.202999114990234,33204000,39.84964370727539
GOOGL,2016-10-03,40.127498626708984,40.176998138427734,39.811500549316406,40.01900100708008,29784000,39.66726303100586
GOOGL,2016-10-04,40.25,40.32500076293945,39.98350143432617,40.13949966430664,25174000,39.786705017089844
GOOGL,2016-10-05,40.29999923706055,40.42499923706055,40.035499572753906,40.061500549316406,24276000,39.709388732910156
GOOGL,2016-10-06,40.20399856567383,40.34749984741211,40.0255012512207,40.15399932861328,21998000,39.80107116699219
GOOGL,2016-10-07,40.29650115966797,40.297000885009766,39.840999603271484,40.035499572753906,23262000,39.68362045288086
GOOGL,2016-10-10,40.19649887084961,40.86899948120117,40.11199951171875,40.708499908447266,29922000,40.3507080078125
GOOGL,2016-10-11,40.708499908447266,40.99300003051758,40.368499755859375,40.47850036621094,34432000,40.122718811035156
GOOGL,2016-10-12,40.597999572753906,40.724998474121094,40.4275016784668,40.5885009765625,18158000,40.231754302978516
GOOGL,2016-10-13,40.30350112915039,40.327999114990234,39.930999755859375,40.20399856567383,27380000,39.85063552856445
GOOGL,2016-10-14,40.372501373291016,40.50450134277344,40.11600112915039,40.22999954223633,22238000,39.87640380859375
GOOGL,2016-10-17,40.29949951171875,40.67449951171875,40.19150161743164,40.34199905395508,21128000,39.98741912841797
GOOGL,2016-10-18,40.71049880981445,41.44049835205078,40.666500091552734,41.074501037597656,45786000,40.71348571777344
GOOGL,2016-10-19,41.14400100708008,41.4900016784668,41.14400100708008,41.34199905395508,30002000,40.978633880615234
GOOGL,2016-10-20,41.37799835205078,41.423500061035156,41.02750015258789,41.08150100708008,27878000,40.720420837402344
GOOGL,2016-10-21,41,41.214500427246094,40.91550064086914,41.202999114990234,32316000,40.84085464477539
GOOGL,2016-10-24,41.50450134277344,41.89699935913086,41.45199966430664,41.7869987487793,28952000,41.41971969604492
GOOGL,2016-10-25,41.92499923706055,41.92499923706055,41.26499938964844,41.4275016784668,37814000,41.063385009765625
GOOGL,2016-10-26,41.35599899291992,41.385501861572266,40.817501068115234,41.10499954223633,35898000,40.74371337890625
GOOGL,2016-10-27,41.1505012512207,41.32899856567383,40.730499267578125,40.86750030517578,59470000,40.508304595947266
GOOGL,2016-10-28,41.49700164794922,41.95000076293945,40.849998474121094,40.97800064086914,87098000,40.61783981323242
GOOGL,2016-10-31,41.121498107910156,41.131500244140625,40.400001525878906,40.494998931884766,44854000,40.139076232910156
GOOGL,2016-11-01,40.54349899291992,40.698001861572266,39.91299819946289,40.27399826049805,47118000,39.920013427734375
GOOGL,2016-11-02,40.3380012512207,40.3380012512207,39.25,39.42100143432617,47014000,39.07451629638672
GOOGL,2016-11-03,39.224998474121094,39.5,38.93149948120117,39.109500885009766,43504000,38.76575469970703
GOOGL,2016-11-04,38.564998626708984,39.42399978637695,38.54999923706055,39.05500030517578,39412000,38.711734771728516
GOOGL,2016-11-07,39.747501373291016,40.25,39.64500045776367,40.10150146484375,39852000,39.74903869628906
GOOGL,2016-11-08,40.10150146484375,40.801998138427734,39.98099899291992,40.5989990234375,35382000,40.24216079711914
GOOGL,2016-11-09,40.09149932861328,40.58549880981445,39.60200119018555,40.27949905395508,61970000,39.92546844482422
GOOGL,2016-11-10,40.5,40.50299835205078,38.4114990234375,39.01449966430664,118192000,38.671592712402344
GOOGL,2016-11-11,38.84049987792969,38.864498138427734,38.277000427246094,38.587501525878906,71852000,38.24834442138672
GOOGL,2016-11-14,38.5880012512207,38.5890007019043,37.179500579833984,37.6609992980957,73766000,37.32998275756836
GOOGL,2016-11-15,38.27349853515625,39.012001037597656,38.26100158691406,38.757999420166016,58878000,38.41734313964844
GOOGL,2016-11-16,38.520999908447266,39.17499923706055,38.31650161743164,38.999000549316406,35968000,38.65622329711914
GOOGL,2016-11-17,39.125,39.44499969482422,38.99250030517578,39.30799865722656,30674000,38.96250915527344
GOOGL,2016-11-18,39.35850143432617,39.56449890136719,38.76750183105469,38.798500061035156,36126000,38.457489013671875
GOOGL,2016-11-21,38.904998779296875,39.32749938964844,38.814998626708984,39.2400016784668,32616000,38.895111083984375
GOOGL,2016-11-22,39.449501037597656,39.688499450683594,39.1870002746582,39.25,27884000,38.90502166748047
GOOGL,2016-11-23,39.47600173950195,39.47600173950195,38.63249969482422,38.95000076293945,26260000,38.60765838623047
GOOGL,2016-11-25,39.13050079345703,39.14500045776367,38.90950012207031,39.01150131225586,12270000,38.66862106323242
GOOGL,2016-11-28,38.91749954223633,39.98699951171875,38.904998779296875,39.28950119018555,51508000,38.944175720214844
GOOGL,2016-11-29,39.41899871826172,39.821998596191406,39.266998291015625,39.47200012207031,31240000,39.12506866455078
GOOGL,2016-11-30,39.45500183105469,39.57550048828125,38.657501220703125,38.79399871826172,45582000,38.453025817871094
GOOGL,2016-12-01,38.9275016784668,38.93000030517578,37.667999267578125,38.21649932861328,57342000,37.8806037902832
GOOGL,2016-12-02,38.095001220703125,38.525001525878906,37.95000076293945,38.222999572753906,34376000,37.88703918457031
GOOGL,2016-12-05,38.5,39,38.3484992980957,38.9109992980957,33770000,38.569000244140625
GOOGL,2016-12-06,39.009498596191406,39.263999938964844,38.66600036621094,38.808998107910156,34682000,38.4678955078125
GOOGL,2016-12-07,38.997501373291016,39.599998474121094,38.67649841308594,39.57350158691406,40588000,39.225677490234375
GOOGL,2016-12-08,39.647499084472656,39.95000076293945,39.39550018310547,39.75849914550781,32250000,39.40904998779297
GOOGL,2016-12-09,39.96500015258789,40.497501373291016,39.90250015258789,40.47249984741211,38090000,40.11677551269531
GOOGL,2016-12-12,40.24100112915039,40.567501068115234,40.22650146484375,40.39500045776367,32572000,40.03995132446289
GOOGL,2016-12-13,40.61949920654297,41.21500015258789,40.59700012207031,40.766998291015625,42564000,40.408687591552734
GOOGL,2016-12-14,40.79600143432617,41.2130012512207,40.638999938964844,40.894500732421875,35994000,40.53506851196289
GOOGL,2016-12-15,40.86800003051758,41.150001525878906,40.599998474121094,40.782501220703125,35394000,40.42405319213867
GOOGL,2016-12-16,40.91550064086914,40.959999084472656,40.40599822998047,40.492000579833984,51978000,40.136104583740234
GOOGL,2016-12-19,40.4640007019043,40.81100082397461,40.224998474121094,40.625,25272000,40.26793670654297
GOOGL,2016-12-20,40.66849899291992,40.824501037597656,40.54999923706055,40.7599983215332,25438000,40.4017448425293
GOOGL,2016-12-21,40.7859992980957,40.7859992980957,40.255001068115234,40.61000061035156,29192000,40.25306701660156
GOOGL,2016-12-22,40.45500183105469,40.55350112915039,40.30149841308594,40.48400115966797,22632000,40.128173828125
GOOGL,2016-12-23,40.4005012512207,40.548500061035156,40.25550079345703,40.38999938964844,15310000,40.035003662109375
GOOGL,2016-12-27,40.433998107910156,40.79999923706055,40.290000915527344,40.496498107910156,19520000,40.14056396484375
GOOGL,2016-12-28,40.666500091552734,40.666500091552734,40.12200164794922,40.22850036621094,24296000,39.87492752075195
GOOGL,2016-12-29,40.11650085449219,40.287498474121094,39.90700149536133,40.14400100708008,21148000,39.791160583496094
GOOGL,2016-12-30,40.160499572753906,40.16450119018555,39.48099899291992,39.622501373291016,34718000,39.27424240112305
GOOGL,2017-01-03,40.03099822998047,40.571998596191406,39.84450149536133,40.4005012512207,39180000,40.045406341552734
GOOGL,2017-01-04,40.49449920654297,40.67150115966797,40.205501556396484,40.38850021362305,30306000,40.03350830078125
GOOGL,2017-01-05,40.375,40.6870002746582,40.29600143432617,40.6510009765625,26810000,40.293704986572266
GOOGL,2017-01-06,40.7495002746582,41.448001861572266,40.57500076293945,41.260501861572266,40342000,40.89785385131836
GOOGL,2017-01-09,41.31850051879883,41.52149963378906,41.08100128173828,41.35900115966797,28178000,40.995487213134766
GOOGL,2017-01-10,41.35350036621094,41.47050094604492,41.15700149536133,41.300498962402344,23948000,40.937496185302734
GOOGL,2017-01-11,41.33100128173828,41.494998931884766,41.07350158691406,41.49300003051758,26508000,41.12830352783203
GOOGL,2017-01-12,41.41899871826172,41.51900100708008,41.050498962402344,41.47650146484375,26990000,41.1119499206543
GOOGL,2017-01-13,41.54999923706055,41.73249816894531,41.47600173950195,41.547000885009766,25804000,41.18183135986328
GOOGL,2017-01-17,41.5,41.50899887084961,41.15999984741211,41.37300109863281,28818000,41.00935745239258
GOOGL,2017-01-18,41.4900016784668,41.490501403808594,41.20399856567383,41.45100021362305,20554000,41.08667755126953
GOOGL,2017-01-19,41.45000076293945,41.650001525878906,41.198001861572266,41.21849822998047,21410000,40.8562126159668
GOOGL,2017-01-20,41.454498291015625,41.46200180053711,41.22999954223633,41.40850067138672,26124000,41.044551849365234
GOOGL,2017-01-23,41.580501556396484,42.277000427246094,41.435001373291016,42.221500396728516,49148000,41.85041046142578
GOOGL,2017-01-24,42.3489990234375,42.57600021362305,42.11399841308594,42.47650146484375,33768000,42.1031608581543
GOOGL,2017-01-25,42.6775016784668,42.93949890136719,42.48699951171875,42.92250061035156,33108000,42.54524230957031
GOOGL,2017-01-26,42.95249938964844,43.04999923706055,42.5260009765625,42.8489990234375,69866000,42.472389221191406
GOOGL,2017-01-27,42.95000076293945,43.349998474121094,42.095001220703125,42.25149917602539,75050000,41.88014602661133
GOOGL,2017-01-30,41.85300064086914,41.86149978637695,41.05149841308594,41.19150161743164,70338000,40.82946014404297
GOOGL,2017-01-31,40.974998474121094,41.153499603271484,40.66999816894531,41.009498596191406,40404000,40.64905548095703
GOOGL,2017-02-01,41.20000076293945,41.20000076293945,40.61249923706055,40.762001037597656,45020000,40.40373229980469
GOOGL,2017-02-02,40.75,41.22800064086914,40.602500915527344,40.91299819946289,33784000,40.553401947021484
GOOGL,2017-02-03,41.15650177001953,41.30649948120117,40.967498779296875,41.006500244140625,30562000,40.646087646484375
GOOGL,2017-02-06,41.04600143432617,41.11949920654297,40.714500427246094,41.08100128173828,27018000,40.719932556152344
GOOGL,2017-02-07,41.275001525878906,41.59600067138672,41.16450119018555,41.46149826049805,33332000,41.09708023071289
GOOGL,2017-02-08,41.5265007019043,41.712501525878906,41.25550079345703,41.49399948120117,26044000,41.129295349121094
GOOGL,2017-02-09,41.58649826049805,41.5989990234375,41.32500076293945,41.50299835205078,23884000,41.13821792602539
GOOGL,2017-02-10,41.647499084472656,41.85749816894531,41.5255012512207,41.74250030517578,28302000,41.3756103515625
GOOGL,2017-02-13,41.8849983215332,42.08700180053711,41.8125,41.948001861572266,25914000,41.579307556152344
GOOGL,2017-02-14,41.98849868774414,42.099998474121094,41.791500091552734,42.00149917602539,27266000,41.6323356628418
GOOGL,2017-02-15,41.94049835205078,42.0885009765625,41.81100082397461,41.86600112915039,27144000,41.49803161621094
GOOGL,2017-02-16,41.92499923706055,42.134498596191406,41.862998962402344,42.10850143432617,20102000,41.73839569091797
GOOGL,2017-02-17,42.06549835205078,42.34700012207031,41.98899841308594,42.32749938964844,29224000,41.955474853515625
GOOGL,2017-02-21,42.39950180053711,42.61000061035156,42.32749938964844,42.4635009765625,25206000,42.09028244018555
GOOGL,2017-02-22,42.400001525878906,42.68949890136719,42.33549880981445,42.56800079345703,24488000,42.1938591003418
GOOGL,2017-02-23,42.55400085449219,42.63100051879883,42.125,42.54999923706055,27734000,42.1760139465332
GOOGL,2017-02-24,42.38249969482422,42.417999267578125,42.14799880981445,42.390499114990234,26924000,42.017913818359375
GOOGL,2017-02-27,42.247501373291016,42.53350067138672,42.1505012512207,42.48350143432617,20206000,42.110103607177734
GOOGL,2017-02-28,42.36750030517578,42.44150161743164,42.071998596191406,42.246498107910156,27662000,41.87518310546875
GOOGL,2017-03-01,42.569000244140625,42.900001525878906,42.45100021362305,42.837501525878906,36374000,42.460994720458984
GOOGL,2017-03-02,42.81549835205078,42.824501037597656,42.43600082397461,42.49250030517578,25018000,42.1190299987793
GOOGL,2017-03-03,42.446998596191406,42.54100036621094,42.23550033569336,42.45399856567383,20100000,42.08085632324219
GOOGL,2017-03-06,42.34299850463867,42.446998596191406,42.05849838256836,42.36349868774414,20958000,41.99114990234375
GOOGL,2017-03-07,42.362998962402344,42.666500091552734,42.2760009765625,42.557498931884766,20774000,42.183448791503906
GOOGL,2017-03-08,42.65599822998047,42.846500396728516,42.5625,42.68199920654297,20576000,42.306854248046875
GOOGL,2017-03-09,42.68450164794922,43.035499572753906,42.63349914550781,42.891998291015625,26954000,42.5150032043457
GOOGL,2017-03-10,43.1349983215332,43.21149826049805,42.88050079345703,43.070499420166016,26732000,42.69194412231445
GOOGL,2017-03-13,43.041500091552734,43.35649871826172,43.04100036621094,43.229000091552734,23332000,42.84904861450195
GOOGL,2017-03-14,43.1875,43.37900161743164,43.006500244140625,43.295501708984375,21234000,42.91497039794922
GOOGL,2017-03-15,43.39699935913086,43.49399948120117,43.064998626708984,43.419498443603516,26658000,43.037872314453125
GOOGL,2017-03-16,43.5265007019043,43.635501861572266,43.375999450683594,43.5,22090000,43.11766815185547
GOOGL,2017-03-17,43.683998107910156,43.72100067138672,43.41849899291992,43.618499755859375,37366000,43.2351188659668
GOOGL,2017-03-20,43.4739990234375,43.516998291015625,43.23350143432617,43.39550018310547,30844000,43.01408386230469
GOOGL,2017-03-21,43.50299835205078,43.673500061035156,42.384498596191406,42.50699996948242,50760000,42.133392333984375
GOOGL,2017-03-22,42.4739990234375,42.76750183105469,42.349998474121094,42.4900016784668,27334000,42.116546630859375
GOOGL,2017-03-23,42.06949996948242,42.08449935913086,41.650001525878906,41.98249816894531,65754000,41.61350631713867
GOOGL,2017-03-24,42.099998474121094,42.20000076293945,41.45500183105469,41.75699996948242,42114000,41.389984130859375
GOOGL,2017-03-27,41.40449905395508,42.069000244140625,41.21500015258789,41.925498962402344,38692000,41.5570068359375
GOOGL,2017-03-28,41.984500885009766,42.27000045776367,41.61349868774414,42.03150177001953,30384000,41.662071228027344
GOOGL,2017-03-29,42.13750076293945,42.579498291015625,42.069000244140625,42.493499755859375,29146000,42.12001419067383
GOOGL,2017-03-30,42.5989990234375,42.599998474121094,42.3385009765625,42.4739990234375,18988000,42.100677490234375
GOOGL,2017-03-31,42.34149932861328,42.47800064086914,42.262001037597656,42.38999938964844,28820000,42.01741409301758
GOOGL,2017-04-03,42.4375,42.95000076293945,42.37649917602539,42.837501525878906,39388000,42.460994720458984
GOOGL,2017-04-04,42.400001525878906,42.650001525878906,42.3754997253418,42.628501892089844,26970000,42.25382995605469
GOOGL,2017-04-05,42.73550033569336,43.02949905395508,42.375999450683594,42.445499420166016,37104000,42.07243728637695
GOOGL,2017-04-06,42.474998474121094,42.679500579833984,42.20000076293945,42.255001068115234,30672000,41.883609771728516
GOOGL,2017-04-07,42.25,42.29399871826172,41.8650016784668,42.10499954223633,22232000,41.73492431640625
GOOGL,2017-04-10,42.07699966430664,42.33700180053711,42.03950119018555,42.084999084472656,20924000,41.7150993347168
GOOGL,2017-04-11,42.084999084472656,42.23149871826172,41.72999954223633,41.99399948120117,19486000,41.62490463256836
GOOGL,2017-04-12,41.92300033569336,42.18600082397461,41.87950134277344,42.073001861572266,22716000,41.703208923339844
GOOGL,2017-04-13,42.051998138427734,42.186500549316406,41.89250183105469,42.00899887084961,21474000,41.6397705078125
GOOGL,2017-04-17,42.069000244140625,42.78200149536133,42.05149841308594,42.756500244140625,20982000,42.38070297241211
GOOGL,2017-04-18,42.62699890136719,42.86949920654297,42.5625,42.699501037597656,18724000,42.32419967651367
GOOGL,2017-04-19,42.86949920654297,43.0099983215332,42.67649841308594,42.82550048828125,21606000,42.4490966796875
GOOGL,2017-04-20,42.98699951171875,43.19649887084961,42.875,43.00400161743164,23776000,42.62602996826172
GOOGL,2017-04-21,43.03099822998047,43.12200164794922,42.88650131225586,42.9474983215332,23458000,42.57002258300781
GOOGL,2017-04-24,43.422000885009766,43.99800109863281,43.30550003051758,43.94649887084961,33930000,43.56024169921875
GOOGL,2017-04-25,44.112998962402344,44.61249923706055,43.9640007019043,44.44200134277344,40760000,44.051395416259766
GOOGL,2017-04-26,44.56949996948242,44.64950180053711,44.25749969482422,44.457000732421875,26466000,44.066253662109375
GOOGL,2017-04-27,44.5,44.66899871826172,44.35900115966797,44.571998596191406,46846000,44.180240631103516
GOOGL,2017-04-28,46.45000076293945,46.79499816894531,46.1609992980957,46.22600173950195,76918000,45.81970977783203
GOOGL,2017-05-01,46.20750045776367,46.79100036621094,46.040000915527344,46.64099884033203,46556000,46.23106002807617
GOOGL,2017-05-02,46.66350173950195,47.14950180053711,46.54999923706055,46.85449981689453,35026000,46.44267654418945
GOOGL,2017-05-03,46.8025016784668,47.5099983215332,46.760501861572266,47.42250061035156,36496000,47.00569534301758
GOOGL,2017-05-04,47.51449966430664,47.957000732421875,47.368499755859375,47.736000061035156,38752000,47.316436767578125
GOOGL,2017-05-05,47.83599853515625,47.922000885009766,47.404998779296875,47.513999938964844,32310000,47.09638595581055
GOOGL,2017-05-08,47.372501373291016,48.04949951171875,47.369998931884766,47.93450164794922,37534000,47.5131950378418
GOOGL,2017-05-09,48.06650161743164,48.11000061035156,47.720001220703125,47.83549880981445,33758000,47.415061950683594
GOOGL,2017-05-10,47.81100082397461,47.83549880981445,47.492000579833984,47.742000579833984,22920000,47.322383880615234
GOOGL,2017-05-11,47.56449890136719,47.89950180053711,47.43050003051758,47.794498443603516,20622000,47.37442398071289
GOOGL,2017-05-12,47.89250183105469,47.89899826049805,47.60300064086914,47.75699996948242,24298000,47.33724594116211
GOOGL,2017-05-15,47.76449966430664,48.1349983215332,47.64099884033203,47.96099853515625,26754000,47.53945541381836
GOOGL,2017-05-16,48.1775016784668,48.29499816894531,48.01750183105469,48.230499267578125,22030000,47.80658721923828
GOOGL,2017-05-17,47.98500061035156,48.04949951171875,47.00299835205078,47.10850143432617,48982000,46.69445037841797
GOOGL,2017-05-18,47.15999984741211,47.70899963378906,47.063499450683594,47.525001525878906,36010000,47.10729217529297
GOOGL,2017-05-19,47.64099884033203,47.97800064086914,47.599998474121094,47.73249816894531,27206000,47.31296157836914
GOOGL,2017-05-22,47.849998474121094,48.24100112915039,47.827999114990234,48.20349884033203,27748000,47.77982711791992
GOOGL,2017-05-23,48.49800109863281,48.72549819946289,48.224998474121094,48.52750015258789,30908000,48.10097885131836
GOOGL,2017-05-24,48.76300048828125,48.90599822998047,48.58150100708008,48.88050079345703,22660000,48.45087432861328
GOOGL,2017-05-25,48.95000076293945,49.78900146484375,48.89099884033203,49.59299850463867,39082000,49.157108306884766
GOOGL,2017-05-26,49.599998474121094,49.81949996948242,49.36800003051758,49.66350173950195,32728000,49.226993560791016
GOOGL,2017-05-30,49.625,49.88100051879883,49.56800079345703,49.80849838256836,30324000,49.37071990966797
GOOGL,2017-05-31,49.81050109863281,49.97999954223633,49.08399963378906,49.35449981689453,34482000,48.920711517333984
GOOGL,2017-06-01,49.54800033569336,49.65700149536133,49.06449890136719,49.41450119018555,26128000,48.98018264770508
GOOGL,2017-06-02,49.429500579833984,49.82400131225586,49.35350036621094,49.805999755859375,34710000,49.36824035644531
GOOGL,2017-06-05,49.894500732421875,50.369998931884766,49.772499084472656,50.194000244140625,27578000,49.75282669067383
GOOGL,2017-06-06,50.16550064086914,50.43050003051758,49.7400016784668,49.83399963378906,31042000,49.39599609375
GOOGL,2017-06-07,49.954498291015625,50.195499420166016,49.79349899291992,50.07500076293945,27482000,49.6348762512207
GOOGL,2017-06-08,50.21149826049805,50.279998779296875,49.83100128173828,50.2140007019043,33758000,49.77265548706055
GOOGL,2017-06-09,50.27450180053711,50.275001525878906,47.66849899291992,48.50600051879883,72958000,48.07966613769531
GOOGL,2017-06-12,47.93600082397461,48.400001525878906,46.84000015258789,48.09049987792969,84042000,47.66781997680664
GOOGL,2017-06-13,48.60200119018555,48.89550018310547,48.10049819946289,48.525001525878906,40108000,48.09850311279297
GOOGL,2017-06-14,48.775001525878906,48.98500061035156,47.97549819946289,48.39649963378906,30110000,47.97113037109375
GOOGL,2017-06-15,47.4010009765625,48.034000396728516,47.01850128173828,48.00899887084961,48552000,47.587032318115234
GOOGL,2017-06-16,47.89550018310547,47.997501373291016,47.435001373291016,47.930999755859375,51184000,47.50971984863281
GOOGL,2017-06-19,48.48249816894531,48.96500015258789,48.40999984741211,48.76100158691406,29376000,48.332427978515625
GOOGL,2017-06-20,48.765499114990234,49.03950119018555,48.40999984741211,48.449501037597656,25946000,48.0236701965332
GOOGL,2017-06-21,48.53950119018555,48.977500915527344,48.47249984741211,48.929500579833984,23232000,48.499446868896484
GOOGL,2017-06-22,48.84349822998047,49.025001525878906,48.66550064086914,48.83100128173828,20190000,48.40180969238281
GOOGL,2017-06-23,48.775001525878906,49.33100128173828,48.722999572753906,49.304500579833984,31280000,48.871150970458984
GOOGL,2017-06-26,49.5,49.699501037597656,48.51649856567383,48.60449981689453,30358000,48.17730712890625
GOOGL,2017-06-27,48.08000183105469,48.361000061035156,47.35449981689453,47.40449905395508,48872000,46.98784637451172
GOOGL,2017-06-28,47.53300094604492,48.1619987487793,46.80799865722656,48.050498962402344,54912000,47.628173828125
GOOGL,2017-06-29,47.567501068115234,47.58300018310547,46.47999954223633,46.89099884033203,64134000,46.478858947753906
GOOGL,2017-06-30,47.199501037597656,47.25,46.480499267578125,46.48400115966797,45754000,46.075435638427734
GOOGL,2017-07-03,46.6609992980957,46.71200180053711,45.765499114990234,45.972999572753906,33896000,45.568931579589844
GOOGL,2017-07-05,46.209999084472656,46.81449890136719,45.93149948120117,46.612998962402344,41882000,46.20330810546875
GOOGL,2017-07-06,46.25,46.80699920654297,45.99250030517578,46.384498596191406,40298000,45.97681427001953
GOOGL,2017-07-07,46.54949951171875,47.233001708984375,46.489498138427734,47.04050064086914,33266000,46.62704849243164
GOOGL,2017-07-10,47.09749984741211,47.65650177001953,47.09749984741211,47.54999923706055,29030000,47.13207244873047
GOOGL,2017-07-11,47.5260009765625,47.74449920654297,47.25600051879883,47.67649841308594,29224000,47.2574577331543
GOOGL,2017-07-12,48.042999267578125,48.48149871826172,47.85200119018555,48.382999420166016,32042000,47.95775604248047
GOOGL,2017-07-13,48.540000915527344,48.935001373291016,48.2400016784668,48.442501068115234,30492000,48.016727447509766
GOOGL,2017-07-14,48.70000076293945,48.87699890136719,48.50749969482422,48.84550094604492,21592000,48.41618347167969
GOOGL,2017-07-17,48.816001892089844,49.16749954223633,48.540000915527344,48.79800033569336,33210000,48.36909866333008
GOOGL,2017-07-18,48.667999267578125,49.54249954223633,48.60200119018555,49.34749984741211,28266000,48.91377639770508
GOOGL,2017-07-19,49.5004997253418,49.779998779296875,49.35049819946289,49.63850021362305,28242000,49.20220947265625
GOOGL,2017-07-20,49.849998474121094,49.933998107910156,49.23099899291992,49.609500885009766,28368000,49.17346954345703
GOOGL,2017-07-21,49.45000076293945,49.75550079345703,49.208499908447266,49.69200134277344,29266000,49.255245208740234
GOOGL,2017-07-24,49.70500183105469,50.30950164794922,49.51350021362305,49.91550064086914,79690000,49.47677993774414
GOOGL,2017-07-25,48.53499984741211,48.83649826049805,48.189998626708984,48.451499938964844,118672000,48.0256462097168
GOOGL,2017-07-26,48.638999938964844,48.6974983215332,48.01150131225586,48.265499114990234,44432000,47.841285705566406
GOOGL,2017-07-27,48.45899963378906,48.47600173950195,46.85300064086914,47.6254997253418,74358000,47.206905364990234
GOOGL,2017-07-28,47.39950180053711,48.089500427246094,47.265499114990234,47.916500091552734,36276000,47.49534606933594
GOOGL,2017-07-31,48,48.05950164794922,47.08649826049805,47.275001525878906,45670000,46.859493255615234
GOOGL,2017-08-01,47.390499114990234,47.7244987487793,47.24800109863281,47.327999114990234,28052000,46.91202163696289
GOOGL,2017-08-02,47.41849899291992,47.45500183105469,46.625999450683594,47.38199996948242,40788000,46.965545654296875
GOOGL,2017-08-03,47.45500183105469,47.5,46.97200012207031,47.01499938964844,22478000,46.601768493652344
GOOGL,2017-08-04,47.1974983215332,47.37699890136719,46.9900016784668,47.28950119018555,25092000,46.87385559082031
GOOGL,2017-08-07,47.375999450683594,47.448001861572266,47.17499923706055,47.287498474121094,28916000,46.87187576293945
GOOGL,2017-08-08,47.214500427246094,47.6245002746582,47.124000549316406,47.20949935913086,30102000,46.794559478759766
GOOGL,2017-08-09,46.92250061035156,47.1879997253418,46.69599914550781,47.00400161743164,28018000,46.59086990356445
GOOGL,2017-08-10,46.75,46.814998626708984,46.0890007019043,46.179500579833984,54148000,45.773616790771484
GOOGL,2017-08-11,46.18550109863281,46.667999267578125,46.06100082397461,46.50450134277344,32334000,46.09575653076172
GOOGL,2017-08-14,46.95349884033203,47.051998138427734,46.7244987487793,46.94649887084961,23012000,46.533878326416016
GOOGL,2017-08-15,47.05149841308594,47.153499603271484,46.832000732421875,46.90399932861328,22130000,46.49175262451172
GOOGL,2017-08-16,47.0625,47.494998931884766,47.00199890136719,47.2135009765625,26906000,46.798526763916016
GOOGL,2017-08-17,47.147499084472656,47.19049835205078,46.38199996948242,46.382999420166016,33914000,45.97532653808594
GOOGL,2017-08-18,46.3489990234375,46.55099868774414,46.17250061035156,46.308998107910156,26748000,45.901973724365234
GOOGL,2017-08-21,46.28850173950195,46.412498474121094,45.93000030517578,46.04349899291992,26024000,45.63881301879883
GOOGL,2017-08-22,46.347999572753906,47.097999572753906,46.30849838256836,47.02000045776367,35502000,46.60673141479492
GOOGL,2017-08-23,46.849998474121094,47.27149963378906,46.762001037597656,47.12900161743164,22690000,46.71476745605469
GOOGL,2017-08-24,47.18550109863281,47.31549835205078,46.5369987487793,46.84450149536133,25892000,46.432769775390625
GOOGL,2017-08-25,46.96049880981445,47.0364990234375,46.505001068115234,46.525001525878906,23746000,46.116085052490234
GOOGL,2017-08-28,46.59400177001953,46.74250030517578,46.30550003051758,46.40650177001953,20988000,45.99862289428711
GOOGL,2017-08-29,45.997501373291016,46.90950012207031,45.96549987792969,46.787498474121094,23172000,46.37627410888672
GOOGL,2017-08-30,46.78350067138672,47.292999267578125,46.70249938964844,47.18149948120117,22406000,46.766807556152344
GOOGL,2017-08-31,47.314998626708984,47.86000061035156,47.3125,47.762001037597656,33866000,47.34221267700195
GOOGL,2017-09-01,47.87350082397461,47.916500091552734,47.513999938964844,47.5994987487793,20858000,47.18113327026367
GOOGL,2017-09-05,47.34299850463867,47.56949996948242,46.779998779296875,47.07400131225586,29148000,46.660255432128906
GOOGL,2017-09-06,47.19350051879883,47.224998474121094,46.63399887084961,47.10100173950195,27830000,46.6870231628418
GOOGL,2017-09-07,47.212501525878906,47.525001525878906,46.87649917602539,47.49449920654297,22332000,47.07705307006836
GOOGL,2017-09-08,47.48500061035156,47.53499984741211,47.0004997253418,47.070499420166016,19998000,46.65678405761719
GOOGL,2017-09-11,47.36000061035156,47.63399887084961,47.04999923706055,47.16450119018555,26748000,46.749961853027344
GOOGL,2017-09-12,47.34600067138672,47.40449905395508,46.875,47.33250045776367,25696000,46.91648483276367
GOOGL,2017-09-13,47.275001525878906,47.64250183105469,47.23699951171875,47.52199935913086,21908000,47.10431671142578
GOOGL,2017-09-14,47.29999923706055,47.4015007019043,46.917999267578125,47.006500244140625,28548000,46.59334945678711
GOOGL,2017-09-15,47.00450134277344,47.087501525878906,46.5625,46.76449966430664,39886000,46.353477478027344
GOOGL,2017-09-18,46.7504997253418,46.84299850463867,46.27000045776367,46.48749923706055,29474000,46.07890319824219
GOOGL,2017-09-19,46.670501708984375,46.89699935913086,46.33300018310547,46.84299850463867,24854000,46.431278228759766
GOOGL,2017-09-20,46.88650131225586,47.5,46.875,47.37699890136719,40080000,46.96058654785156
GOOGL,2017-09-21,47.40650177001953,47.63999938964844,46.96900177001953,47.377498626708984,27414000,46.961082458496094
GOOGL,2017-09-22,47.13850021362305,47.5,47.04199981689453,47.16299819946289,21496000,46.74846649169922
GOOGL,2017-09-25,46.97249984741211,46.98749923706055,46.22549819946289,46.7140007019043,37468000,46.30341339111328
GOOGL,2017-09-26,46.83449935913086,47.20399856567383,46.75600051879883,46.871498107910156,33454000,46.459529876708984
GOOGL,2017-09-27,47.137001037597656,48.27149963378906,47.09749984741211,47.994998931884766,46692000,47.573158264160156
GOOGL,2017-09-28,47.8125,48.308998107910156,47.77750015258789,48.240501403808594,28018000,47.816497802734375
GOOGL,2017-09-29,48.29999923706055,48.79050064086914,48.29999923706055,48.68600082397461,40622000,48.25808334350586
GOOGL,2017-10-02,48.782501220703125,48.887001037597656,48.09749984741211,48.37350082397461,30782000,47.948333740234375
GOOGL,2017-10-03,48.37799835205078,48.62200164794922,48.135501861572266,48.604000091552734,21666000,48.17680740356445
GOOGL,2017-10-04,48.5880012512207,48.720001220703125,48.28049850463867,48.3390007019043,21156000,47.91413497924805
GOOGL,2017-10-05,48.63949966430664,49.32550048828125,48.51350021362305,49.259498596191406,35618000,48.82654571533203
GOOGL,2017-10-06,49,49.7130012512207,48.925498962402344,49.68199920654297,31060000,49.24532699584961
GOOGL,2017-10-09,49.75,50.02299880981445,49.57500076293945,49.615501403808594,25910000,49.17941665649414
GOOGL,2017-10-10,49.76499938964844,49.87350082397461,49.05550003051758,49.38999938964844,23268000,48.95589828491211
GOOGL,2017-10-11,49.45199966430664,50.378501892089844,49.39699935913086,50.282501220703125,36300000,49.840553283691406
GOOGL,2017-10-12,50.19200134277344,50.57699966430664,50.05500030517578,50.282501220703125,30614000,49.840553283691406
GOOGL,2017-10-13,50.455501556396484,50.737998962402344,50.35300064086914,50.39350128173828,26552000,49.95056915283203
GOOGL,2017-10-16,50.48149871826172,50.599998474121094,50.07600021362305,50.467498779296875,21420000,50.023929595947266
GOOGL,2017-10-17,50.37200164794922,50.72800064086914,50.3025016784668,50.54999923706055,20260000,50.1057014465332
GOOGL,2017-10-18,50.5525016784668,50.81549835205078,50.26599884033203,50.637001037597656,25596000,50.19193649291992
GOOGL,2017-10-19,50.23749923706055,50.36600112915039,49.8650016784668,50.09199905395508,34284000,49.6517219543457
GOOGL,2017-10-20,50.352500915527344,50.432498931884766,50.11349868774414,50.253501892089844,32120000,49.81180953979492
GOOGL,2017-10-23,50.25899887084961,50.28950119018555,49.154998779296875,49.277000427246094,32786000,48.843894958496094
GOOGL,2017-10-24,49.32500076293945,49.4630012512207,48.854000091552734,49.42449951171875,28902000,48.9901008605957
GOOGL,2017-10-25,49.313499450683594,49.721500396728516,48.88600158691406,49.573001861572266,30574000,49.13729476928711
GOOGL,2017-10-26,49.923500061035156,50.32550048828125,49.52349853515625,49.57099914550781,47396000,49.13530731201172
GOOGL,2017-10-27,51.54949951171875,53.180999755859375,51.342498779296875,51.68349838256836,103682000,51.2292366027832
GOOGL,2017-10-30,51.45800018310547,51.99150085449219,51.11650085449219,51.65650177001953,46804000,51.20248031616211
GOOGL,2017-10-31,51.650001525878906,52.04999923706055,51.314998626708984,51.652000427246094,30326000,51.19801712036133
GOOGL,2017-11-01,51.816001892089844,52.393001556396484,51.70000076293945,52.130001068115234,43262000,51.67182159423828
GOOGL,2017-11-02,51.9995002746582,52.2760009765625,51.43299865722656,52.14849853515625,26694000,51.69015121459961
GOOGL,2017-11-03,52.13750076293945,52.53300094604492,51.88249969482422,52.4995002746582,27770000,52.038063049316406
GOOGL,2017-11-06,52.45500183105469,52.62950134277344,52.099998474121094,52.13399887084961,18294000,51.67578125
GOOGL,2017-11-07,52.48249816894531,52.670501708984375,52.150001525878906,52.61949920654297,26104000,52.15700912475586
GOOGL,2017-11-08,52.502498626708984,53.134498596191406,52.352500915527344,52.91450119018555,24276000,52.44942092895508
GOOGL,2017-11-09,52.400001525878906,52.54399871826172,51.79249954223633,52.38600158691406,35892000,51.925567626953125
GOOGL,2017-11-10,52.19350051879883,52.33150100708008,52.06100082397461,52.20750045776367,19442000,51.748634338378906
GOOGL,2017-11-13,52.040000915527344,52.4370002746582,51.9630012512207,52.060001373291016,18814000,51.60243225097656
GOOGL,2017-11-14,51.88600158691406,52.1150016784668,51.46649932861328,52.082000732421875,21012000,51.624237060546875
GOOGL,2017-11-15,51.75,51.98149871826172,51.53799819946289,51.820499420166016,18106000,51.36503601074219
GOOGL,2017-11-16,51.9375,52.5880012512207,51.900001525878906,52.423500061035156,23768000,51.962730407714844
GOOGL,2017-11-17,52.4900016784668,52.54999923706055,51.686500549316406,51.794498443603516,26712000,51.33926010131836
GOOGL,2017-11-20,51.79999923706055,51.935001373291016,51.63399887084961,51.733001708984375,17526000,51.27830123901367
GOOGL,2017-11-21,52.00199890136719,52.519500732421875,51.957000732421875,52.51499938964844,22206000,52.053428649902344
GOOGL,2017-11-22,52.55799865722656,52.77149963378906,52.36249923706055,52.59600067138672,14538000,52.13372039794922
GOOGL,2017-11-24,52.71950149536133,53.003501892089844,52.59600067138672,52.82600021362305,16492000,52.3616943359375
GOOGL,2017-11-27,52.92850112915039,53.652000427246094,52.73849868774414,53.60049819946289,35430000,53.12938690185547
GOOGL,2017-11-28,53.699501037597656,54,52.72700119018555,53.16450119018555,36424000,52.69722366333008
GOOGL,2017-11-29,52.808998107910156,52.938499450683594,51.48249816894531,51.86899948120117,55866000,51.41310501098633
GOOGL,2017-11-30,51.99700164794922,52.207000732421875,51.503501892089844,51.80849838256836,45092000,51.35313415527344
GOOGL,2017-12-01,51.52050018310547,51.86199951171875,50.845001220703125,51.253501892089844,37762000,50.80302047729492
GOOGL,2017-12-04,51.38999938964844,51.56700134277344,50.46099853515625,50.59349822998047,38778000,50.1488151550293
GOOGL,2017-12-05,50.54949951171875,51.83399963378906,50.11600112915039,50.97999954223633,38998000,50.531925201416016
GOOGL,2017-12-06,50.82600021362305,51.979000091552734,50.765499114990234,51.63600158691406,28710000,51.182159423828125
GOOGL,2017-12-07,51.80350112915039,52.44599914550781,51.768001556396484,52.22850036621094,30866000,51.76945495605469
GOOGL,2017-12-08,52.59049987792969,52.82099914550781,52.292999267578125,52.46900177001953,31170000,52.007843017578125
GOOGL,2017-12-11,52.55550003051758,52.79999923706055,52.20600128173828,52.5984992980957,23254000,52.13619613647461
GOOGL,2017-12-12,52.5,53.125,52.243499755859375,52.438499450683594,33882000,51.977603912353516
GOOGL,2017-12-13,52.604000091552734,52.77399826049805,52.32899856567383,52.56949996948242,27680000,52.10744857788086
GOOGL,2017-12-14,52.77450180053711,53.354000091552734,52.68000030517578,52.87350082397461,30962000,52.408782958984375
GOOGL,2017-12-15,53.18899917602539,53.76250076293945,53.00450134277344,53.599998474121094,63760000,53.12889099121094
GOOGL,2017-12-18,53.8224983215332,54.324501037597656,53.51850128173828,54.25450134277344,30292000,53.777645111083984
GOOGL,2017-12-19,54.1510009765625,54.24850082397461,53.61349868774414,53.98899841308594,26350000,53.51447296142578
GOOGL,2017-12-20,54.04600143432617,54.061500549316406,53.43000030517578,53.678001403808594,28728000,53.20621871948242
GOOGL,2017-12-21,53.769500732421875,53.875999450683594,53.45000076293945,53.54249954223633,25640000,53.0718994140625
GOOGL,2017-12-22,53.5,53.58599853515625,53.38199996948242,53.44300079345703,17788000,52.97328186035156
GOOGL,2017-12-26,53.43199920654297,53.44300079345703,52.93199920654297,53.29249954223633,18376000,52.8240966796875
GOOGL,2017-12-27,53.33000183105469,53.41350173950195,52.91899871826172,53.0099983215332,22324000,52.5440788269043
GOOGL,2017-12-28,53.11249923706055,53.242000579833984,52.66899871826172,52.79750061035156,19884000,52.33345413208008
GOOGL,2017-12-29,52.77450180053711,52.90250015258789,52.6349983215332,52.66999816894531,23606000,52.20706558227539
GOOGL,2018-01-02,52.6510009765625,53.79899978637695,52.6510009765625,53.660499572753906,31766000,53.188865661621094
GOOGL,2018-01-03,53.69649887084961,54.80500030517578,53.67150115966797,54.57600021362305,31318000,54.096317291259766
GOOGL,2018-01-04,54.85449981689453,55.20399856567383,54.7130012512207,54.78799819946289,26052000,54.30644989013672
GOOGL,2018-01-05,55.17250061035156,55.67900085449219,55.09000015258789,55.51449966430664,30250000,55.02656555175781
GOOGL,2018-01-08,55.54999923706055,55.95800018310547,55.5,55.71049880981445,24644000,55.220848083496094
GOOGL,2018-01-09,55.922000885009766,55.922000885009766,55.40999984741211,55.63949966430664,26808000,55.15046691894531
GOOGL,2018-01-10,55.349998474121094,55.638999938964844,55.19900131225586,55.50699996948242,20734000,55.01913070678711
GOOGL,2018-01-11,55.615501403808594,55.74250030517578,55.32400131225586,55.602500915527344,22424000,55.11379623413086
GOOGL,2018-01-12,55.505001068115234,56.564998626708984,55.4005012512207,56.532501220703125,38586000,56.03561782836914
GOOGL,2018-01-16,57.015499114990234,57.444000244140625,56.33300018310547,56.53499984741211,36462000,56.0380973815918
GOOGL,2018-01-17,56.81800079345703,56.965999603271484,56.17449951171875,56.95500183105469,27830000,56.454410552978516
GOOGL,2018-01-18,56.967498779296875,57.02949905395508,56.222999572753906,56.798500061035156,27498000,56.29928207397461
GOOGL,2018-01-19,56.9015007019043,57.18899917602539,56.625,57.17499923706055,30552000,56.67246627807617
GOOGL,2018-01-22,57.191001892089844,58.34400177001953,57.090999603271484,58.20800018310547,29550000,57.6963996887207
GOOGL,2018-01-23,58.53099822998047,58.925498962402344,58.36249923706055,58.80849838256836,39138000,58.2916145324707
GOOGL,2018-01-24,59.249000549316406,59.352500915527344,58.369998931884766,58.56449890136719,37128000,58.04975891113281
GOOGL,2018-01-25,59.035499572753906,59.25,58.59199905395508,59.106998443603516,29984000,58.58749008178711
GOOGL,2018-01-26,59.37649917602539,59.37799835205078,58.4015007019043,59.37799835205078,42170000,58.856109619140625
GOOGL,2018-01-29,59.400001525878906,59.900001525878906,59.202999114990234,59.32400131225586,31494000,58.80258560180664
GOOGL,2018-01-30,58.88600158691406,59.39649963378906,58.72549819946289,58.868499755859375,37338000,58.35108947753906
GOOGL,2018-01-31,59.19049835205078,59.316001892089844,58.60499954223633,59.111000061035156,36022000,58.591461181640625
GOOGL,2018-02-01,58.79949951171875,59.372501373291016,58.46799850463867,59.079498291015625,73514000,58.560237884521484
GOOGL,2018-02-02,56.37099838256836,56.564998626708984,55.55849838256836,55.959999084472656,117842000,55.4681510925293
GOOGL,2018-02-05,55.03049850463867,55.7495002746582,52.83700180053711,53.11949920654297,83550000,52.65261459350586
GOOGL,2018-02-06,51.69900131225586,54.36899948120117,51.5004997253418,54.221500396728516,76630000,53.74493408203125
GOOGL,2018-02-07,54.24850082397461,54.326499938964844,52.73099899291992,52.77050018310547,51942000,52.30668258666992
GOOGL,2018-02-08,52.993499755859375,53.19649887084961,50.23500061035156,50.385501861572266,66792000,49.94265365600586
GOOGL,2018-02-09,51.29399871826172,52.58599853515625,49.849998474121094,52.313499450683594,98360000,51.853694915771484
GOOGL,2018-02-12,52.833499908447266,53.278499603271484,52.27450180053711,52.72800064086914,56240000,52.264556884765625
GOOGL,2018-02-13,52.5,53.06100082397461,52.34600067138672,52.707000732421875,31586000,52.24374771118164
GOOGL,2018-02-14,52.715999603271484,53.77349853515625,52.4900016784668,53.6349983215332,41304000,53.16358184814453
GOOGL,2018-02-15,54.17250061035156,54.70500183105469,53.36149978637695,54.56800079345703,37396000,54.0883903503418
GOOGL,2018-02-16,54.66899871826172,55.41550064086914,54.57749938964844,54.775001525878906,39948000,54.2935676574707
GOOGL,2018-02-20,54.63800048828125,55.81449890136719,54.5,55.179500579833984,33754000,54.69450759887695
GOOGL,2018-02-21,55.45500183105469,56.810001373291016,55.3754997253418,55.6875,41486000,55.19805145263672
GOOGL,2018-02-22,55.958499908447266,56.27299880981445,55.25749969482422,55.494998931884766,28010000,55.007240295410156
GOOGL,2018-02-23,55.93299865722656,56.45000076293945,55.422000885009766,56.40449905395508,25292000,55.90874481201172
GOOGL,2018-02-26,56.59299850463867,57.209999084472656,56.46699905395508,57.185001373291016,30912000,56.68238830566406
GOOGL,2018-02-27,57.185001373291016,57.212501525878906,55.839500427246094,55.8754997253418,42964000,55.38439178466797
GOOGL,2018-02-28,56.099998474121094,56.38249969482422,55.150001525878906,55.19599914550781,49292000,54.71086883544922
GOOGL,2018-03-01,55.47700119018555,55.563499450683594,53.364498138427734,53.570499420166016,55338000,53.09965515136719
GOOGL,2018-03-02,52.89899826049805,54.34450149536133,52.50550079345703,54.207000732421875,50162000,53.73056411743164
GOOGL,2018-03-05,53.90650177001953,55.058998107910156,53.61349868774414,54.737998962402344,28648000,54.256893157958984
GOOGL,2018-03-06,55.10499954223633,55.28150177001953,54.724998474121094,55.04499816894531,23382000,54.56118392944336
GOOGL,2018-03-07,54.64099884033203,55.810001373291016,54.49549865722656,55.75199890136719,30748000,55.26198196411133
GOOGL,2018-03-08,55.86000061035156,56.571998596191406,55.86000061035156,56.46900177001953,33862000,55.972679138183594
GOOGL,2018-03-09,56.974998474121094,58.04999923706055,56.714500427246094,58.04199981689453,42662000,57.5318489074707
GOOGL,2018-03-12,58.252498626708984,58.90800094604492,57.959999084472656,58.29650115966797,44306000,57.78411865234375
GOOGL,2018-03-13,58.59149932861328,58.900001525878906,56.72850036621094,56.99549865722656,43140000,56.49454879760742
GOOGL,2018-03-14,57.290000915527344,57.987998962402344,57.11750030517578,57.44449996948242,41870000,56.93960189819336
GOOGL,2018-03-15,57.47850036621094,58.125,56.78300094604492,57.53049850463867,33382000,57.02485275268555
GOOGL,2018-03-16,57.76750183105469,57.84049987792969,56.56800079345703,56.72100067138672,58656000,56.22246170043945
GOOGL,2018-03-19,55.88800048828125,55.96849822998047,54.44599914550781,55.003501892089844,63656000,54.52006530761719
GOOGL,2018-03-20,54.91999816894531,55.27750015258789,54.12099838256836,54.790000915527344,54598000,54.30842971801758
GOOGL,2018-03-21,54.628501892089844,55.435001373291016,54.36050033569336,54.70000076293945,44898000,54.2192268371582
GOOGL,2018-03-22,54.0004997253418,54.19599914550781,52.481998443603516,52.657501220703125,69312000,52.194679260253906
GOOGL,2018-03-23,52.56850051879883,53.3390007019043,51.243499755859375,51.32749938964844,49880000,50.876365661621094
GOOGL,2018-03-26,52.529998779296875,52.9635009765625,50.52899932861328,52.704498291015625,65984000,52.24126434326172
GOOGL,2018-03-27,53.19499969482422,53.22700119018555,49.88100051879883,50.34700012207031,60816000,49.90448760986328
GOOGL,2018-03-28,50.09550094604492,51.2495002746582,49.20000076293945,50.25899887084961,77698000,49.81725311279297
GOOGL,2018-03-29,50.56050109863281,52.40250015258789,50.20199966430664,51.856998443603516,69338000,51.401214599609375
GOOGL,2018-04-02,51.38100051879883,51.97650146484375,49.712501525878906,50.631500244140625,65068000,50.18648147583008
GOOGL,2018-04-03,50.807498931884766,51.25,49.86249923706055,50.933998107910156,51322000,50.486328125
GOOGL,2018-04-04,49.9114990234375,51.637001037597656,49.82550048828125,51.48550033569336,50724000,51.03298568725586
GOOGL,2018-04-05,52.31949996948242,52.33549880981445,51.20000076293945,51.63199996948242,35836000,51.178192138671875
GOOGL,2018-04-06,51.154998779296875,51.79999923706055,50.3125,50.497501373291016,40134000,50.05366897583008
GOOGL,2018-04-09,51.00199890136719,52.22949981689453,50.959999084472656,51.00450134277344,33220000,50.55620574951172
GOOGL,2018-04-10,51.51300048828125,52.06050109863281,50.77050018310547,51.82500076293945,36620000,51.3694953918457
GOOGL,2018-04-11,51.599998474121094,51.79349899291992,50.959999084472656,51.25299835205078,34060000,50.80251693725586
GOOGL,2018-04-12,51.57350158691406,52.23249816894531,51.3025016784668,51.864498138427734,32896000,51.40864944458008
GOOGL,2018-04-13,52.34450149536133,52.64899826049805,51.50749969482422,51.801998138427734,25410000,51.34669494628906
GOOGL,2018-04-16,52.27750015258789,52.57149887084961,51.69599914550781,52.30500030517578,29776000,51.84528350830078
GOOGL,2018-04-17,53.060001373291016,54.25,52.85449981689453,53.96799850463867,54584000,53.49365234375
GOOGL,2018-04-18,53.95050048828125,54.099998474121094,53.5260009765625,53.769500732421875,31126000,53.29690170288086
GOOGL,2018-04-19,53.45100021362305,54.8754997253418,53.45100021362305,54.47249984741211,39884000,53.99372482299805
GOOGL,2018-04-20,54.2135009765625,54.73749923706055,53.60499954223633,53.86600112915039,42434000,53.39256286621094
GOOGL,2018-04-23,54.14899826049805,54.400001525878906,53.33399963378906,53.69049835205078,69590000,53.218597412109375
GOOGL,2018-04-24,52.959999084472656,53.2244987487793,50.643001556396484,51.13199996948242,128220000,50.68258285522461
GOOGL,2018-04-25,51.48749923706055,51.80350112915039,50.85049819946289,51.14950180053711,57860000,50.69993209838867
GOOGL,2018-04-26,51.6609992980957,52.60100173950195,51.022499084472656,52.16550064086914,50926000,51.707008361816406
GOOGL,2018-04-27,52.277000427246094,52.584999084472656,51.37950134277344,51.5724983215332,40746000,51.11921691894531
GOOGL,2018-04-30,51.72100067138672,51.91849899291992,50.915000915527344,50.92900085449219,34492000,50.48137283325195
GOOGL,2018-05-01,50.814998626708984,52.08649826049805,50.53049850463867,52.037498474121094,35326000,51.58012390136719
GOOGL,2018-05-02,51.70000076293945,52.19900131225586,51.15800094604492,51.3025016784668,34698000,50.851585388183594
GOOGL,2018-05-03,51.26850128173828,51.53450012207031,50.394500732421875,51.314998626708984,39282000,50.863975524902344
GOOGL,2018-05-04,50.980499267578125,52.59400177001953,50.90250015258789,52.54999923706055,36892000,52.08812713623047
GOOGL,2018-05-07,52.69449996948242,53.25,52.51350021362305,52.972999572753906,34400000,52.50740051269531
GOOGL,2018-05-08,53.23099899291992,53.26150131225586,52.582000732421875,52.929500579833984,26030000,52.46428298950195
GOOGL,2018-05-09,53.20500183105469,54.70000076293945,53.105499267578125,54.4474983215332,47160000,53.96894836425781
GOOGL,2018-05-10,54.75,55.47050094604492,54.694000244140625,55.27349853515625,36414000,54.787689208984375
GOOGL,2018-05-11,55.02050018310547,55.45050048828125,54.861000061035156,55.16899871826172,30504000,54.68410110473633
GOOGL,2018-05-14,55.278499603271484,55.907501220703125,55.2400016784668,55.33000183105469,39338000,54.843692779541016
GOOGL,2018-05-15,54.845001220703125,54.95600128173828,53.93899917602539,54.243499755859375,35738000,53.76673889160156
GOOGL,2018-05-16,54.25450134277344,54.71900177001953,54.08150100708008,54.204498291015625,25628000,53.72808074951172
GOOGL,2018-05-17,54.073001861572266,54.54999923706055,53.82099914550781,54.0629997253418,25738000,53.587825775146484
GOOGL,2018-05-18,53.29999923706055,53.686500549316406,53.23400115966797,53.481998443603516,35482000,53.011932373046875
GOOGL,2018-05-21,53.95000076293945,54.665000915527344,53.900001525878906,54.20050048828125,25180000,53.72412109375
GOOGL,2018-05-22,54.4900016784668,54.59000015258789,53.612998962402344,53.765499114990234,22226000,53.292938232421875
GOOGL,2018-05-23,53.5,54.400001525878906,53.347999572753906,54.29800033569336,23740000,53.82075881958008
GOOGL,2018-05-24,54.345001220703125,54.35599899291992,53.6150016784668,54.272499084472656,20604000,53.79547882080078
GOOGL,2018-05-25,54.32749938964844,54.47850036621094,54.130001068115234,54.20399856567383,22224000,53.72758865356445
GOOGL,2018-05-29,53.79999923706055,54.06700134277344,53.15399932861328,53.403499603271484,36076000,52.93412399291992
GOOGL,2018-05-30,53.67399978637695,53.949501037597656,53.32749938964844,53.87350082397461,28686000,53.39999008178711
GOOGL,2018-05-31,54.099998474121094,55.5,53.900001525878906,55,79368000,54.5165901184082
GOOGL,2018-06-01,55.64350128173828,56.90800094604492,55.60049819946289,56.75,63202000,56.2512092590332
GOOGL,2018-06-04,56.92499923706055,57.893001556396484,56.849998474121094,57.652000427246094,44754000,57.14527893066406
GOOGL,2018-06-05,57.733001708984375,58.05500030517578,57.37300109863281,57.55099868774414,32964000,57.045166015625
GOOGL,2018-06-06,57.63850021362305,57.73550033569336,56.816001892089844,57.34749984741211,34934000,56.84345245361328
GOOGL,2018-06-07,57.229000091552734,57.29349899291992,56.305999755859375,56.72100067138672,36108000,56.22246170043945
GOOGL,2018-06-08,56.56050109863281,56.93899917602539,56.1614990234375,56.635501861572266,27284000,56.137718200683594
GOOGL,2018-06-11,56.64699935913086,57.387001037597656,56.56999969482422,57.04499816894531,24796000,56.543617248535156
GOOGL,2018-06-12,57.05099868774414,57.4375,57.05099868774414,57.40950012207031,26092000,56.904911041259766
GOOGL,2018-06-13,57.61399841308594,57.78200149536133,57.16899871826172,57.21149826049805,34302000,56.70865249633789
GOOGL,2018-06-14,57.61050033569336,58.29949951171875,57.529998779296875,58.00550079345703,35422000,57.49567413330078
GOOGL,2018-06-15,57.99599838256836,58.195499420166016,57.68450164794922,57.9635009765625,44438000,57.454044342041016
GOOGL,2018-06-18,57.634498596191406,59.20650100708008,57.54999923706055,59.17900085449219,33038000,58.65885925292969
GOOGL,2018-06-19,58.50550079345703,59.140499114990234,58.080501556396484,58.93450164794922,47282000,58.41651153564453
GOOGL,2018-06-20,59.165000915527344,60.074501037597656,59.10150146484375,59.20349884033203,51686000,58.683143615722656
GOOGL,2018-06-21,59.2755012512207,59.51649856567383,58.17399978637695,58.47200012207031,44966000,57.95807647705078
GOOGL,2018-06-22,58.574501037597656,58.75,57.98249816894531,58.464500427246094,34220000,57.95064163208008
GOOGL,2018-06-25,57.75,57.79949951171875,55.994998931884766,56.9640007019043,57682000,56.463321685791016
GOOGL,2018-06-26,57.207000732421875,57.34349822998047,56.45000076293945,56.63100051879883,34688000,56.13324737548828
GOOGL,2018-06-27,56.79999923706055,57.31050109863281,55.834999084472656,55.84700012207031,34538000,55.356143951416016
GOOGL,2018-06-28,55.61949920654297,56.70000076293945,55.30350112915039,56.3390007019043,29726000,55.84382247924805
GOOGL,2018-06-29,56.615501403808594,57.06800079345703,56.35100173950195,56.45949935913086,31562000,55.96326446533203
GOOGL,2018-07-02,55.76750183105469,57.14950180053711,55.33000183105469,57.105499267578125,23216000,56.603580474853516
GOOGL,2018-07-03,57.47100067138672,57.49549865722656,55.721500396728516,55.81399917602539,16448000,55.32343673706055
GOOGL,2018-07-05,56.22999954223633,57.207000732421875,56.15599822998047,57.06449890136719,28594000,56.56293869018555
GOOGL,2018-07-06,57.0885009765625,57.810001373291016,56.86199951171875,57.75400161743164,21820000,57.24638748168945
GOOGL,2018-07-09,58,58.39649963378906,57.86149978637695,58.36399841308594,21584000,57.851016998291016
GOOGL,2018-07-10,58.4995002746582,58.67499923706055,58.12799835205078,58.356998443603516,21334000,57.844085693359375
GOOGL,2018-07-11,57.78099822998047,59.02199935913086,57.76850128173828,58.573001861572266,33252000,58.05818557739258
GOOGL,2018-07-12,58.74300003051758,60.0994987487793,58.654998779296875,60.0629997253418,44148000,59.535091400146484
GOOGL,2018-07-13,60.13999938964844,60.52199935913086,59.76449966430664,60.22100067138672,32612000,59.691707611083984
GOOGL,2018-07-16,60.19049835205078,60.43550109863281,59.66999816894531,59.82550048828125,26784000,59.299678802490234
GOOGL,2018-07-17,59.137001037597656,60.9379997253418,59.099998474121094,60.65399932861328,40162000,60.12090301513672
GOOGL,2018-07-18,60.42649841308594,61.079498291015625,60.22800064086914,60.64550018310547,38948000,60.11247253417969
GOOGL,2018-07-19,60.33250045776367,60.82400131225586,59.88650131225586,59.95500183105469,38338000,59.42803955078125
GOOGL,2018-07-20,59.96200180053711,60.53850173950195,59.829498291015625,59.89400100708008,37938000,59.367576599121094
GOOGL,2018-07-23,59.78300094604492,60.755001068115234,59.60049819946289,60.54999923706055,65446000,60.01781463623047
GOOGL,2018-07-24,63.54999923706055,63.75,62.207000732421875,62.907501220703125,107600000,62.35458755493164
GOOGL,2018-07-25,62.63100051879883,63.9119987487793,62.45249938964844,63.797000885009766,51104000,63.236270904541016
GOOGL,2018-07-26,63.35900115966797,64.37000274658203,63.150001525878906,64.2750015258789,54686000,63.71007537841797
GOOGL,2018-07-27,64.45600128173828,64.5719985961914,62.2244987487793,62.644500732421875,48362000,62.093902587890625
GOOGL,2018-07-30,62.252498626708984,62.644500732421875,61.208499908447266,61.50199890136719,43896000,60.9614372253418
GOOGL,2018-07-31,61.58549880981445,62.06050109863281,60.80950164794922,61.361000061035156,39382000,60.821678161621094
GOOGL,2018-08-01,61.955501556396484,62.29499816894531,61.24700164794922,61.64950180053711,36994000,61.10764694213867
GOOGL,2018-08-02,60.92499923706055,62.22050094604492,60.90299987792969,62.05649948120117,34704000,61.51106643676758
GOOGL,2018-08-03,62.25899887084961,62.32600021362305,61.47100067138672,61.90800094604492,21264000,61.36387252807617
GOOGL,2018-08-06,62.080501556396484,62.12300109863281,61.5265007019043,61.88349914550781,22114000,61.33958435058594
GOOGL,2018-08-07,62.60049819946289,63.30400085449219,62.59000015258789,62.79199981689453,42506000,62.2401008605957
GOOGL,2018-08-08,62.83599853515625,63.58599853515625,62.60599899291992,63.06650161743164,34344000,62.51219177246094
GOOGL,2018-08-09,63.13650131225586,63.597999572753906,63.005001068115234,63.222999572753906,27326000,62.66731643676758
GOOGL,2018-08-10,62.95899963378906,63.060001373291016,62.358001708984375,62.6254997253418,26602000,62.0750617980957
GOOGL,2018-08-13,62.560001373291016,63.298500061035156,62.35150146484375,62.43199920654297,27500000,61.88326644897461
GOOGL,2018-08-14,62.625,63.02949905395508,61.97700119018555,62.90700149536133,28080000,62.35409164428711
GOOGL,2018-08-15,62.2140007019043,62.5989990234375,61.3120002746582,61.611000061035156,37052000,61.06948471069336
GOOGL,2018-08-16,62.0994987487793,62.185001373291016,60.98149871826172,61.202999114990234,32176000,60.665061950683594
GOOGL,2018-08-17,61.10200119018555,61.34749984741211,60.20000076293945,60.79249954223633,33092000,60.25817108154297
GOOGL,2018-08-20,61.03300094604492,61.295501708984375,60.435001373291016,61.09749984741211,22218000,60.56049728393555
GOOGL,2018-08-21,61.1510009765625,61.63800048828125,60.75149917602539,60.87049865722656,23082000,60.33549118041992
GOOGL,2018-08-22,60.71099853515625,61.326499938964844,60.6609992980957,61.087501525878906,22296000,60.55058670043945
GOOGL,2018-08-23,60.99399948120117,61.75849914550781,60.967498779296875,61.05799865722656,24666000,60.521339416503906
GOOGL,2018-08-24,61.29999923706055,61.869998931884766,61.07099914550781,61.837501525878906,24454000,61.29399871826172
GOOGL,2018-08-27,62.207000732421875,62.89350128173828,62.034000396728516,62.813499450683594,28580000,62.261417388916016
GOOGL,2018-08-28,62.79499816894531,62.827999114990234,62.14849853515625,62.292999267578125,27330000,61.745487213134766
GOOGL,2018-08-29,62.75,63.35850143432617,62.63999938964844,63.23249816894531,36926000,62.67672348022461
GOOGL,2018-08-30,63.16999816894531,63.4744987487793,62.36050033569336,62.72200012207031,30104000,62.17071533203125
GOOGL,2018-08-31,62.61050033569336,62.627498626708984,61.287498474121094,61.59000015258789,42308000,61.048667907714844
GOOGL,2018-09-04,61.125999450683594,61.39350128173828,60.327999114990234,60.56549835205078,41458000,60.033172607421875
GOOGL,2018-09-05,60.46099853515625,60.743499755859375,58.766998291015625,59.95500183105469,53988000,59.42803955078125
GOOGL,2018-09-06,59.92850112915039,59.949501037597656,58.18050003051758,59.199501037597656,46854000,58.67918014526367
GOOGL,2018-09-07,58.599998474121094,59.4275016784668,58.4635009765625,58.87950134277344,32658000,58.361995697021484
GOOGL,2018-09-10,59.209999084472656,59.33300018310547,58.53049850463867,58.75299835205078,27670000,58.23659896850586
GOOGL,2018-09-11,58.55500030517578,59.547000885009766,58.29750061035156,59.4995002746582,29254000,58.97654342651367
GOOGL,2018-09-12,59.099998474121094,59.53450012207031,58.30799865722656,58.58000183105469,35716000,58.06512451171875
GOOGL,2018-09-13,58.98500061035156,59.393001556396484,58.46099853515625,59.106998443603516,40068000,58.58749008178711
GOOGL,2018-09-14,59.400001525878906,59.400001525878906,58.67599868774414,58.89899826049805,24176000,58.38132095336914
GOOGL,2018-09-17,58.88850021362305,59.090999603271484,57.92300033569336,57.99150085449219,34096000,57.4818000793457
GOOGL,2018-09-18,58.132999420166016,59.06650161743164,58.07149887084961,58.355499267578125,32314000,57.84259796142578
GOOGL,2018-09-19,58.448001861572266,58.813499450683594,57.930999755859375,58.7135009765625,25962000,58.197444915771484
GOOGL,2018-09-20,59.03350067138672,59.70000076293945,58.8125,59.57849884033203,29244000,59.054847717285156
GOOGL,2018-09-21,59.74599838256836,59.82899856567383,58.60300064086914,58.60599899291992,91222000,58.09089660644531
GOOGL,2018-09-24,57.97050094604492,59.259498596191406,57.57500076293945,58.97800064086914,31150000,58.45962142944336
GOOGL,2018-09-25,59.212501525878906,59.84299850463867,58.704498291015625,59.69449996948242,33152000,59.16982650756836
GOOGL,2018-09-26,59.68450164794922,60.36199951171875,59.27000045776367,59.702999114990234,37650000,59.17824935913086
GOOGL,2018-09-27,60,60.84299850463867,59.90250015258789,60.36800003051758,36274000,59.837406158447266
GOOGL,2018-09-28,60.204498291015625,60.42250061035156,59.89149856567383,60.354000091552734,35612000,59.82352828979492
GOOGL,2018-10-01,60.650001525878906,61.209999084472656,60.15950012207031,60.42649841308594,33164000,59.89539337158203
GOOGL,2018-10-02,60.333499908447266,61.22600173950195,59.983001708984375,60.38199996948242,40180000,59.85128402709961
GOOGL,2018-10-03,60.599998474121094,60.70899963378906,60.10749816894531,60.576499938964844,26246000,60.0440788269043
GOOGL,2018-10-04,60.25149917602539,60.29499816894531,58.192501068115234,58.85350036621094,46576000,58.33622360229492
GOOGL,2018-10-05,58.79999923706055,59.099998474121094,57.715999603271484,58.39149856567383,31852000,57.87827682495117
GOOGL,2018-10-08,58,58.792999267578125,56.77000045776367,57.79600143432617,46190000,57.28800964355469
GOOGL,2018-10-09,57.56549835205078,58.07749938964844,57.208499908447266,57.25849914550781,33690000,56.75524139404297
GOOGL,2018-10-10,56.81999969482422,56.85100173950195,54.57550048828125,54.608001708984375,58980000,54.12803268432617
GOOGL,2018-10-11,53.95199966430664,55.803001403808594,53.794498443603516,54.5369987487793,67696000,54.05765914916992
GOOGL,2018-10-12,55.981998443603516,56.291500091552734,54.75149917602539,56.027000427246094,49370000,55.534568786621094
GOOGL,2018-10-15,55.900001525878906,56.09000015258789,54.9109992980957,55.12200164794922,30074000,54.63751220703125
GOOGL,2018-10-16,55.67399978637695,56.81850051879883,55.587501525878906,56.65399932861328,38378000,56.15605163574219
GOOGL,2018-10-17,57,57.349998474121094,55.70000076293945,56.37950134277344,35652000,55.88396453857422
GOOGL,2018-10-18,56.5,56.61750030517578,54.31700134277344,54.89550018310547,46152000,54.41301345825195
GOOGL,2018-10-19,55.18550109863281,56.04750061035156,54.85150146484375,55.25899887084961,41286000,54.77330780029297
GOOGL,2018-10-22,55.6254997253418,56.08449935913086,55,55.56850051879883,27116000,55.08009338378906
GOOGL,2018-10-23,54.56449890136719,55.900001525878906,53.95050048828125,55.74549865722656,37686000,55.25553512573242
GOOGL,2018-10-24,55.75,55.83100128173828,52.75299835205078,52.85599899291992,49286000,52.39143371582031
GOOGL,2018-10-25,54.01499938964844,55.89099884033203,53.77750015258789,55.179500579833984,72956000,54.69450759887695
GOOGL,2018-10-26,52.416500091552734,55.849998474121094,52.11149978637695,54.1875,106438000,53.71123123168945
GOOGL,2018-10-29,54.82699966430664,55.44150161743164,50.36000061035156,51.73649978637695,81290000,51.28177261352539
GOOGL,2018-10-30,51.0004997253418,52.54499816894531,50.69850158691406,52.47549819946289,59768000,52.01427459716797
GOOGL,2018-10-31,53.40999984741211,55.400001525878906,53.40999984741211,54.52899932861328,70916000,54.04972839355469
GOOGL,2018-11-01,54.56999969482422,54.994998931884766,53.89099884033203,54.29899978637695,40132000,53.821754455566406
GOOGL,2018-11-02,54.45000076293945,54.900001525878906,53.382999420166016,53.574501037597656,43438000,53.103614807128906
GOOGL,2018-11-05,53.62649917602539,53.66749954223633,51.70000076293945,52.7864990234375,45358000,52.322540283203125
GOOGL,2018-11-06,52.750999450683594,53.99100112915039,52.68050003051758,53.47850036621094,28660000,53.00846481323242
GOOGL,2018-11-07,54.17449951171875,55.496498107910156,54.02949905395508,55.4119987487793,43388000,54.92496871948242
GOOGL,2018-11-08,55.3650016784668,55.4109992980957,54.21799850463867,54.73149871826172,33694000,54.250450134277344
GOOGL,2018-11-09,54.20100021362305,54.41749954223633,53.2130012512207,53.85100173950195,34860000,53.377689361572266
GOOGL,2018-11-12,53.65650177001953,53.70500183105469,52.01750183105469,52.46799850463867,34002000,52.00684356689453
GOOGL,2018-11-13,52.740501403808594,53.333499908447266,52.02000045776367,52.39849853515625,25750000,51.937957763671875
GOOGL,2018-11-14,53,53.28950119018555,52.05550003051758,52.729000091552734,34666000,52.26554870605469
GOOGL,2018-11-15,52.573001861572266,53.94350051879883,52.06449890136719,53.5525016784668,41584000,53.081809997558594
GOOGL,2018-11-16,53.26150131225586,53.62200164794922,52.744998931884766,53.41350173950195,35366000,52.94403076171875
GOOGL,2018-11-19,53.169498443603516,53.400001525878906,51.14350128173828,51.37099838256836,45684000,50.91947937011719
GOOGL,2018-11-20,50.364498138427734,51.86750030517578,50.11050033569336,51.522499084472656,54458000,51.06965637207031
GOOGL,2018-11-21,52.265499114990234,52.73550033569336,51.972999572753906,52.17150115966797,29698000,51.712955474853516
GOOGL,2018-11-23,51.67499923706055,52.150001525878906,51.42599868774414,51.505001068115234,14178000,51.05230712890625
GOOGL,2018-11-26,52.20000076293945,52.849998474121094,51.98849868774414,52.797000885009766,31558000,52.33295440673828
GOOGL,2018-11-27,52.56700134277344,53.3380012512207,52.275001525878906,52.61399841308594,33048000,52.15156555175781
GOOGL,2018-11-28,52.87300109863281,54.643001556396484,52.147499084472656,54.589500427246094,46042000,54.10969543457031
GOOGL,2018-11-29,54.17649841308594,55.00749969482422,54.099998474121094,54.729000091552734,31004000,54.24797058105469
GOOGL,2018-11-30,54.78150177001953,55.48249816894531,54.159000396728516,55.48249816894531,59668000,54.99485397338867
GOOGL,2018-12-03,56.608001708984375,56.75,55.58649826049805,55.81800079345703,57532000,55.327396392822266
GOOGL,2018-12-04,55.64950180053711,55.71200180053711,53.03900146484375,53.12350082397461,45630000,52.656585693359375
GOOGL,2018-12-06,52.25,53.97100067138672,52.124000549316406,53.90399932861328,47436000,53.43021774291992
GOOGL,2018-12-07,53.61149978637695,54.25149917602539,51.96849822998047,52.32899856567383,42682000,51.86906814575195
GOOGL,2018-12-10,52.14699935913086,52.97999954223633,51.650001525878906,52.659000396728516,33652000,52.196163177490234
GOOGL,2018-12-11,53.34700012207031,53.52000045776367,52.505001068115234,53.08250045776367,33852000,52.615943908691406
GOOGL,2018-12-12,53.854000091552734,54.58649826049805,53.5984992980957,53.686500549316406,28960000,53.214637756347656
GOOGL,2018-12-13,53.78350067138672,54.42100143432617,53.2495002746582,53.676998138427734,24986000,53.20521545410156
GOOGL,2018-12-14,53.000999450683594,53.58599853515625,52.46849822998047,52.58549880981445,36358000,52.12330627441406
GOOGL,2018-12-17,52.35049819946289,53.11899948120117,50.83150100708008,51.282501220703125,49932000,50.83176040649414
GOOGL,2018-12-18,51.70000076293945,52.984500885009766,51.52399826049805,52.170501708984375,43640000,51.71195983886719
GOOGL,2018-12-19,52.364498138427734,53.785499572753906,50.971500396728516,51.77299880981445,58264000,51.31795120239258
GOOGL,2018-12-20,51.29999923706055,52.37200164794922,50.393001556396484,51.17900085449219,53674000,50.72916793823242
GOOGL,2018-12-21,51.60200119018555,51.88349914550781,49.05950164794922,49.5625,104656000,49.12687683105469
GOOGL,2018-12-24,49.215999603271484,50.60599899291992,48.882999420166016,49.23350143432617,36360000,48.800777435302734
GOOGL,2018-12-26,49.89950180053711,52.42250061035156,49.63249969482422,52.39250183105469,46318000,51.932010650634766
GOOGL,2018-12-27,51.310001373291016,52.66699981689453,50.349998474121094,52.64500045776367,45996000,52.182281494140625
GOOGL,2018-12-28,52.974998474121094,53.21149826049805,52.099998474121094,52.33399963378906,34398000,51.87401580810547
GOOGL,2018-12-31,52.89149856567383,53.14950180053711,51.652000427246094,52.24800109863281,33110000,51.78877639770508
GOOGL,2019-01-02,51.36000061035156,53.03950119018555,51.263999938964844,52.73400115966797,31868000,52.270503997802734
GOOGL,2019-01-03,52.53350067138672,53.3129997253418,51.118499755859375,51.27349853515625,41960000,50.822837829589844
GOOGL,2019-01-04,52.12799835205078,54,51.84299850463867,53.903499603271484,46022000,53.429725646972656
GOOGL,2019-01-07,54.048500061035156,54.1349983215332,53.13199996948242,53.79600143432617,47446000,53.32316589355469
GOOGL,2019-01-08,54.29999923706055,54.66749954223633,53.41749954223633,54.26850128173828,35414000,53.79152297973633
GOOGL,2019-01-09,54.39950180053711,54.582000732421875,53.71849822998047,54.08250045776367,26998000,53.60715866088867
GOOGL,2019-01-10,53.74700164794922,53.990501403808594,53.23400115966797,53.94150161743164,26598000,53.46738815307617
GOOGL,2019-01-11,53.494998931884766,53.66849899291992,52.82149887084961,53.2234992980957,30864000,52.755706787109375
GOOGL,2019-01-14,52.66699981689453,52.92250061035156,52.4275016784668,52.57550048828125,28490000,52.11339569091797
GOOGL,2019-01-15,52.9005012512207,54.41350173950195,52.72200012207031,54.32550048828125,37518000,53.84801483154297
GOOGL,2019-01-16,54.5,55.11800003051758,54.4005012512207,54.47549819946289,38280000,53.99669647216797
GOOGL,2019-01-17,54.39950180053711,55.03499984741211,54.16299819946289,54.95600128173828,24896000,54.47298049926758
GOOGL,2019-01-18,55.429500579833984,55.900001525878906,54.9640007019043,55.3650016784668,44892000,54.87838363647461
GOOGL,2019-01-22,54.79999923706055,54.94850158691406,53.544498443603516,53.93149948120117,39632000,53.457481384277344
GOOGL,2019-01-23,54.34299850463867,54.647499084472656,53.378501892089844,54.22050094604492,25194000,53.74393844604492
GOOGL,2019-01-24,54.1254997253418,54.400001525878906,53.500999450683594,54.20000076293945,29114000,53.7236213684082
GOOGL,2019-01-25,54.71149826049805,55.167999267578125,54.59000015258789,55.07550048828125,23260000,54.5914192199707
GOOGL,2019-01-28,54.503501892089844,54.66849899291992,53.730499267578125,53.99300003051758,29334000,53.5184440612793
GOOGL,2019-01-29,54.051998138427734,54.23649978637695,53.30099868774414,53.50299835205078,19704000,53.03274917602539
GOOGL,2019-01-30,53.86800003051758,54.97600173950195,53.832000732421875,54.89950180053711,29452000,54.41697311401367
GOOGL,2019-01-31,55.61199951171875,56.38349914550781,55.26250076293945,56.294498443603516,40232000,55.799713134765625
GOOGL,2019-02-01,56.114498138427734,56.720001220703125,55.712501525878906,55.930999755859375,33116000,55.43940353393555
GOOGL,2019-02-04,55.95050048828125,57.117000579833984,55.8754997253418,57.07099914550781,78408000,56.56938552856445
GOOGL,2019-02-05,56.48149871826172,57.63850021362305,56.18000030517578,57.59349822998047,82296000,57.08729553222656
GOOGL,2019-02-06,57.4635009765625,57.70000076293945,55.917999267578125,56.144500732421875,48256000,55.651031494140625
GOOGL,2019-02-07,55.590999603271484,55.5994987487793,54.679500579833984,55.295501708984375,38298000,54.80949783325195
GOOGL,2019-02-08,54.74399948120117,55.255001068115234,54.71200180053711,55.11899948120117,21766000,54.63454055786133
GOOGL,2019-02-11,55.1875,55.67150115966797,55,55.10599899291992,18498000,54.62165832519531
GOOGL,2019-02-12,55.550498962402344,56.643001556396484,55.550498962402344,56.37900161743164,35036000,55.88346862792969
GOOGL,2019-02-13,56.652000427246094,57.14250183105469,56.29999923706055,56.43149948120117,28042000,55.93550491333008
GOOGL,2019-02-14,56.25,56.80649948120117,55.85449981689453,56.459999084472656,21106000,55.96376419067383
GOOGL,2019-02-15,56.96500015258789,56.96500015258789,55.83599853515625,55.98149871826172,27826000,55.48945999145508
GOOGL,2019-02-19,55.832000732421875,56.481998443603516,55.832000732421875,56.32550048828125,21980000,55.830440521240234
GOOGL,2019-02-20,56.444000244140625,56.54650115966797,55.587501525878906,56.02949905395508,24090000,55.53703689575195
GOOGL,2019-02-21,55.93899917602539,55.95750045776367,54.89899826049805,55.21049880981445,33272000,54.725242614746094
GOOGL,2019-02-22,55.48500061035156,55.86249923706055,55.025001525878906,55.827999114990234,29436000,55.33730697631836
GOOGL,2019-02-25,56.096500396728516,56.27000045776367,55.705501556396484,55.86650085449219,26208000,55.37547302246094
GOOGL,2019-02-26,55.71849822998047,56.321998596191406,55.334999084472656,56.10049819946289,35026000,55.6074104309082
GOOGL,2019-02-27,55.70050048828125,56.2864990234375,55.428001403808594,56.144500732421875,22092000,55.651031494140625
GOOGL,2019-02-28,55.95000076293945,56.699501037597656,55.920501708984375,56.32749938964844,27422000,55.832420349121094
GOOGL,2019-03-01,56.54999923706055,57.5,56.54999923706055,57.42599868774414,34086000,56.921260833740234
GOOGL,2019-03-04,57.72800064086914,58.2760009765625,56.912498474121094,57.67100143432617,35490000,57.164119720458984
GOOGL,2019-03-05,57.79999923706055,58.824501037597656,57.6510009765625,58.45949935913086,40094000,57.94568634033203
GOOGL,2019-03-06,58.5880012512207,58.73699951171875,58.15250015258789,58.24700164794922,23602000,57.73505401611328
GOOGL,2019-03-07,58.025001525878906,58.17900085449219,57.08549880981445,57.54249954223633,30086000,57.0367431640625
GOOGL,2019-03-08,56.69499969482422,57.67250061035156,56.5099983215332,57.49850082397461,23694000,56.993133544921875
GOOGL,2019-03-11,57.599998474121094,58.99549865722656,57.57849884033203,58.9630012512207,30032000,58.44476318359375
GOOGL,2019-03-12,59.1150016784668,60.285499572753906,59.1150016784668,59.86249923706055,42220000,59.33635330200195
GOOGL,2019-03-13,60.29650115966797,60.35599899291992,59.89550018310547,59.952999114990234,25888000,59.42605972290039
GOOGL,2019-03-14,59.95100021362305,60.23500061035156,59.561500549316406,59.62649917602539,27302000,59.102420806884766
GOOGL,2019-03-15,59.900001525878906,60.08599853515625,59.35049819946289,59.51499938964844,51886000,58.99190902709961
GOOGL,2019-03-18,59.484500885009766,59.747501373291016,59.07400131225586,59.4275016784668,24442000,58.90517044067383
GOOGL,2019-03-19,59.58599853515625,60.170501708984375,59.472999572753906,60.12300109863281,29788000,59.59457015991211
GOOGL,2019-03-20,60.06999969482422,61.4995002746582,59.97949981689453,61.32149887084961,41508000,60.782527923583984
GOOGL,2019-03-21,61,61.821998596191406,60.82899856567383,61.80649948120117,28150000,61.26326370239258
GOOGL,2019-03-22,61.442501068115234,61.68149948120117,60.29999923706055,60.38249969482422,34422000,59.851783752441406
GOOGL,2019-03-25,59.97800064086914,60.47200012207031,59.5,59.86899948120117,27576000,59.342796325683594
GOOGL,2019-03-26,60.259498596191406,60.38249969482422,59.0880012512207,59.492000579833984,30752000,58.9691047668457
GOOGL,2019-03-27,59.59600067138672,59.59600067138672,58.21149826049805,58.9005012512207,29428000,58.382808685302734
GOOGL,2019-03-28,58.775001525878906,58.86249923706055,58.17150115966797,58.61349868774414,22402000,58.09832763671875
GOOGL,2019-03-29,59.00899887084961,59.19850158691406,58.319000244140625,58.84450149536133,30890000,58.32730484008789
GOOGL,2019-04-01,59.37699890136719,60.0099983215332,59.31800079345703,59.94900131225586,27706000,59.42209243774414
GOOGL,2019-04-02,60.002498626708984,60.29050064086914,59.5620002746582,60.277000427246094,18288000,59.7472038269043
GOOGL,2019-04-03,60.6349983215332,61.029998779296875,60.25400161743164,60.54050064086914,22180000,60.00838851928711
GOOGL,2019-04-04,60.56449890136719,61.02750015258789,60.45199966430664,60.97249984741211,21022000,60.43659210205078
GOOGL,2019-04-05,60.96500015258789,61.019500732421875,60.50149917602539,60.5724983215332,20012000,60.04011154174805
GOOGL,2019-04-08,60.55550003051758,60.6974983215332,60.23500061035156,60.41400146484375,21750000,59.88300323486328
GOOGL,2019-04-09,60.09450149536133,60.35749816894531,59.91899871826172,60.134498596191406,19668000,59.6059684753418
GOOGL,2019-04-10,60.25450134277344,60.446998596191406,60.03300094604492,60.3224983215332,15510000,59.79230499267578
GOOGL,2019-04-11,60.44499969482422,60.637001037597656,60.22700119018555,60.47949981689453,16998000,59.94792938232422
GOOGL,2019-04-12,60.78099822998047,61.15250015258789,60.66450119018555,61.13650131225586,24312000,60.599151611328125
GOOGL,2019-04-15,61.204498291015625,61.46500015258789,60.72800064086914,61.326499938964844,23796000,60.78748321533203
GOOGL,2019-04-16,61.5,61.79899978637695,61.25199890136719,61.59550094604492,22622000,61.054115295410156
GOOGL,2019-04-17,61.849998474121094,62.255001068115234,61.64500045776367,62.00699996948242,30366000,61.46200180053711
GOOGL,2019-04-18,62.25,62.297000885009766,61.97050094604492,62.07350158691406,24750000,61.52791976928711
GOOGL,2019-04-22,61.833499908447266,62.71699905395508,61.66849899291992,62.6879997253418,19084000,62.137020111083984
GOOGL,2019-04-23,62.832000732421875,63.721500396728516,62.5984992980957,63.52949905395508,31868000,62.97111892700195
GOOGL,2019-04-24,63.52949905395508,63.70000076293945,62.990501403808594,63.002498626708984,23396000,62.44874954223633
GOOGL,2019-04-25,63.51499938964844,63.63999938964844,62.900001525878906,63.367000579833984,31344000,62.8100471496582
GOOGL,2019-04-26,63.66899871826172,63.945499420166016,63.25,63.87099838256836,27228000,63.30961990356445
GOOGL,2019-04-29,64.02549743652344,64.84850311279297,63.58549880981445,64.80999755859375,72368000,64.2403564453125
GOOGL,2019-04-30,59.53150177001953,60.04899978637695,59.150001525878906,59.948001861572266,133178000,59.42110061645508
GOOGL,2019-05-01,59.875,59.962501525878906,58.58399963378906,58.66600036621094,74340000,58.150367736816406
GOOGL,2019-05-02,58.630001068115234,58.96900177001953,57.916500091552734,58.32550048828125,45098000,57.8128547668457
GOOGL,2019-05-03,58.87049865722656,59.56999969482422,58.6775016784668,59.477500915527344,41588000,58.95473861694336
GOOGL,2019-05-06,58.599998474121094,59.77149963378906,58.55799865722656,59.67300033569336,31774000,59.14851760864258
GOOGL,2019-05-07,59.29050064086914,59.73849868774414,58.25,58.94300079345703,36604000,58.42493438720703
GOOGL,2019-05-08,58.864498138427734,59.2135009765625,58.381500244140625,58.53900146484375,25520000,58.02448272705078
GOOGL,2019-05-09,58.130001068115234,58.70349884033203,57.731998443603516,58.39849853515625,29556000,57.88521194458008
GOOGL,2019-05-10,58.44200134277344,58.81399917602539,57.31850051879883,58.38199996948242,31650000,57.868865966796875
GOOGL,2019-05-13,57.262001037597656,57.5984992980957,56.275001525878906,56.829498291015625,45626000,56.33000183105469
GOOGL,2019-05-14,57.11600112915039,57.243499755859375,56.17649841308594,56.24300003051758,40392000,55.748661041259766
GOOGL,2019-05-15,56.127498626708984,58.915000915527344,56.06999969482422,58.540000915527344,59302000,58.02547836303711
GOOGL,2019-05-16,58.59199905395508,59.70800018310547,58.42250061035156,59.224998474121094,35308000,58.70445251464844
GOOGL,2019-05-17,58.791500091552734,59.31449890136719,58.32099914550781,58.43899917602539,25362000,57.92536544799805
GOOGL,2019-05-20,57.650001525878906,57.650001525878906,56.90700149536133,57.233001708984375,30602000,56.72996520996094
GOOGL,2019-05-21,57.7239990234375,57.900001525878906,57.16550064086914,57.72200012207031,20562000,57.214664459228516
GOOGL,2019-05-22,57.5625,58.18899917602539,57.54999923706055,57.79249954223633,18826000,57.2845458984375
GOOGL,2019-05-23,57.30350112915039,57.502498626708984,56.65800094604492,57.266998291015625,25214000,56.7636604309082
GOOGL,2019-05-24,57.599998474121094,57.71799850463867,56.83549880981445,56.93050003051758,18554000,56.43012237548828
GOOGL,2019-05-28,57.07400131225586,57.824501037597656,56.93349838256836,56.97800064086914,20948000,56.477203369140625
GOOGL,2019-05-29,56.6349983215332,56.75,55.59749984741211,55.99700164794922,36230000,55.50482940673828
GOOGL,2019-05-30,56.00749969482422,56.34000015258789,55.79499816894531,56.070499420166016,18088000,55.57767868041992
GOOGL,2019-05-31,55.28200149536133,55.66999816894531,55.16749954223633,55.32500076293945,31582000,54.8387336730957
GOOGL,2019-06-03,53.346500396728516,53.349998474121094,51.35150146484375,51.9370002746582,96890000,51.48051452636719
GOOGL,2019-06-04,52.2244987487793,52.922000885009766,51.80149841308594,52.7244987487793,60512000,52.26108932495117
GOOGL,2019-06-05,52.75,52.84049987792969,51.650001525878906,52.231998443603516,46988000,51.77292251586914
GOOGL,2019-06-06,52.31050109863281,52.5,51.7755012512207,52.38800048828125,29020000,51.92755126953125
GOOGL,2019-06-07,52.7140007019043,53.67150115966797,52.557498931884766,53.41849899291992,43828000,52.9489860534668
GOOGL,2019-06-10,53.849998474121094,54.742000579833984,53.763999938964844,54.13800048828125,28510000,53.66216278076172
GOOGL,2019-06-11,54.8494987487793,55.20050048828125,53.97850036621094,54.051998138427734,33508000,53.5769157409668
GOOGL,2019-06-12,53.997501373291016,54.125999450683594,53.47999954223633,53.95500183105469,23670000,53.480777740478516
GOOGL,2019-06-13,54.23550033569336,54.829498291015625,54.128501892089844,54.550498962402344,20814000,54.071044921875
GOOGL,2019-06-14,54.48699951171875,54.737998962402344,54.07400131225586,54.314998626708984,24582000,53.83760452270508
GOOGL,2019-06-17,54.45500183105469,55.06399917602539,54.400001525878906,54.69449996948242,19770000,54.213775634765625
GOOGL,2019-06-18,55.57500076293945,55.93899917602539,55.03950119018555,55.262001037597656,34526000,54.776283264160156
GOOGL,2019-06-19,55.36199951171875,55.471500396728516,54.80149841308594,55.22549819946289,26714000,54.7401008605957
GOOGL,2019-06-20,56.084999084472656,56.13600158691406,55.349998474121094,55.65999984741211,24018000,55.1707878112793
GOOGL,2019-06-21,55.49300003051758,56.32849884033203,55.486000061035156,56.26850128173828,50774000,55.77394485473633
GOOGL,2019-06-24,56,56.17850112915039,55.66550064086914,55.834999084472656,24236000,55.34424591064453
GOOGL,2019-06-25,55.75400161743164,55.78499984741211,54.22999954223633,54.37900161743164,31644000,53.90104293823242
GOOGL,2019-06-26,54.54999923706055,54.75600051879883,53.68450164794922,54.01599884033203,34698000,53.54124069213867
GOOGL,2019-06-27,54.337501525878906,54.42300033569336,53.79249954223633,53.83150100708008,24078000,53.358360290527344
GOOGL,2019-06-28,53.86149978637695,54.13999938964844,53.689998626708984,54.13999938964844,33672000,53.66415023803711
GOOGL,2019-07-01,55.051998138427734,55.429500579833984,54.76649856567383,55,29196000,54.5165901184082
GOOGL,2019-07-02,55.24150085449219,55.644500732421875,54.98350143432617,55.630001068115234,20630000,55.14105224609375
GOOGL,2019-07-03,55.92499923706055,56.39950180053711,55.74250030517578,56.14950180053711,20154000,55.65598678588867
GOOGL,2019-07-05,55.96849822998047,56.73249816894531,55.875,56.63349914550781,29794000,56.13573455810547
GOOGL,2019-07-08,56.29349899291992,56.36050033569336,55.5880012512207,55.839500427246094,29888000,55.34870910644531
GOOGL,2019-07-09,55.51599884033203,56.393001556396484,55.35749816894531,56.214500427246094,29472000,55.72041702270508
GOOGL,2019-07-10,56.61600112915039,57.117000579833984,56.53300094604492,57.045501708984375,30710000,56.54411697387695
GOOGL,2019-07-11,57.30799865722656,57.6619987487793,56.97650146484375,57.20399856567383,26004000,56.70121383666992
GOOGL,2019-07-12,57.14649963378906,57.375,56.928001403808594,57.266998291015625,21878000,56.7636604309082
GOOGL,2019-07-15,57.266998291015625,57.534000396728516,57,57.5255012512207,21164000,57.01988983154297
GOOGL,2019-07-16,57.33649826049805,57.92900085449219,57.33649826049805,57.67300033569336,25352000,57.16609573364258
GOOGL,2019-07-17,57.54600143432617,57.922000885009766,57.33100128173828,57.33700180053711,19538000,56.83304977416992
GOOGL,2019-07-18,57.099998474121094,57.40850067138672,56.643001556396484,57.36199951171875,25450000,56.85783004760742
GOOGL,2019-07-19,57.465999603271484,57.57899856567383,56.5625,56.57749938964844,23184000,56.080223083496094
GOOGL,2019-07-22,56.77349853515625,57.000999450683594,56.260501861572266,56.96049880981445,28914000,56.45985412597656
GOOGL,2019-07-23,57.17250061035156,57.44300079345703,56.64250183105469,57.40250015258789,20648000,56.89797592163086
GOOGL,2019-07-24,56.63100051879883,57.27299880981445,56.425498962402344,56.98649978637695,27192000,56.485626220703125
GOOGL,2019-07-25,56.9474983215332,57.179500579833984,56.18550109863281,56.797000885009766,54762000,56.297794342041016
GOOGL,2019-07-26,61.400001525878906,63.419498443603516,61.400001525878906,62.26100158691406,121216000,61.713768005371094
GOOGL,2019-07-29,62.125,62.449501037597656,61.5099983215332,62.09199905395508,41382000,61.5462532043457
GOOGL,2019-07-30,61.349998474121094,61.84550094604492,61.26599884033203,61.400001525878906,28616000,60.86033630371094
GOOGL,2019-07-31,61.243499755859375,61.74549865722656,60.409000396728516,60.90999984741211,39960000,60.37464904785156
GOOGL,2019-08-01,60.881500244140625,61.814998626708984,60.349998474121094,60.5890007019043,35426000,60.05646896362305
GOOGL,2019-08-02,60.150001525878906,60.474998474121094,59.5,59.816001892089844,34910000,59.29026412963867
GOOGL,2019-08-05,58.64849853515625,58.84400177001953,57.13750076293945,57.73749923706055,47840000,57.23003005981445
GOOGL,2019-08-06,58.2760009765625,59.06999969482422,58.076499938964844,58.55400085449219,36014000,58.03935623168945
GOOGL,2019-08-07,57.88999938964844,58.993499755859375,57.54199981689453,58.795501708984375,30686000,58.27872848510742
GOOGL,2019-08-08,59.32149887084961,60.31399917602539,58.70000076293945,60.30950164794922,30116000,59.779422760009766
GOOGL,2019-08-09,59.9995002746582,60.222999572753906,59.24449920654297,59.44499969482422,20418000,58.92251968383789
GOOGL,2019-08-12,59,59.28049850463867,58.43600082397461,58.724998474121094,22064000,58.20884704589844
GOOGL,2019-08-13,58.717498779296875,60.27149963378906,58.64950180053711,59.83649826049805,28434000,59.31058120727539
GOOGL,2019-08-14,58.80350112915039,59.13949966430664,58.05350112915039,58.212501525878906,35430000,57.70085144042969
GOOGL,2019-08-15,58.42150115966797,58.82099914550781,58.150001525878906,58.465999603271484,28506000,57.95212936401367
GOOGL,2019-08-16,59.03950119018555,59.19200134277344,58.650001525878906,58.96049880981445,24916000,58.44227600097656
GOOGL,2019-08-19,59.59149932861328,60.46950149536133,59.52000045776367,60.02199935913086,24450000,59.494449615478516
GOOGL,2019-08-20,59.76750183105469,59.900001525878906,59.15250015258789,59.17649841308594,20206000,58.65637969970703
GOOGL,2019-08-21,59.79100036621094,60.02799987792969,59.395999908447266,59.57899856567383,14152000,59.05534362792969
GOOGL,2019-08-22,59.689998626708984,59.93899917602539,58.945499420166016,59.57600021362305,17352000,59.052371978759766
GOOGL,2019-08-23,59.25849914550781,59.78350067138672,57.5,57.67900085449219,36254000,57.17204284667969
GOOGL,2019-08-26,57.97249984741211,58.59299850463867,57.74250030517578,58.558998107910156,21166000,58.0443115234375
GOOGL,2019-08-27,59.150001525878906,59.25,58.22800064086914,58.54100036621094,23460000,58.026466369628906
GOOGL,2019-08-28,58.243499755859375,58.92499923706055,58.01250076293945,58.6875,16810000,58.17167663574219
GOOGL,2019-08-29,59.32099914550781,59.95949935913086,59.263999938964844,59.71200180053711,19636000,59.18717575073242
GOOGL,2019-08-30,60.01750183105469,60.01750183105469,59.2859992980957,59.5265007019043,18064000,59.00330352783203
GOOGL,2019-09-03,59.092498779296875,59.45399856567383,58.18550109863281,58.477500915527344,25908000,57.96352767944336
GOOGL,2019-09-04,58.97249984741211,59.24399948120117,58.576499938964844,59.11349868774414,21312000,58.593936920166016
GOOGL,2019-09-05,59.68299865722656,60.70000076293945,59.634498596191406,60.609500885009766,26394000,60.0767822265625
GOOGL,2019-09-06,60.457000732421875,60.647499084472656,60.16299819946289,60.316001892089844,18972000,59.78586959838867
GOOGL,2019-09-09,60.354000091552734,61.02750015258789,59.65850067138672,60.26350021362305,31854000,59.733829498291016
GOOGL,2019-09-10,59.804500579833984,60.5,59.800498962402344,60.28499984741211,27922000,59.7551383972168
GOOGL,2019-09-11,60.19449996948242,61.12350082397461,60.11399841308594,61,23522000,60.4638557434082
GOOGL,2019-09-12,61.173500061035156,62.12099838256836,61.12799835205078,61.74850082397461,31644000,61.205780029296875
GOOGL,2019-09-13,61.605499267578125,62.0525016784668,61.354000091552734,62.00149917602539,23676000,61.45655059814453
GOOGL,2019-09-16,61.52199935913086,61.95100021362305,61.259498596191406,61.58150100708008,28218000,61.04024124145508
GOOGL,2019-09-17,61.58150100708008,61.75,61.16749954223633,61.49399948120117,20806000,60.95351028442383
GOOGL,2019-09-18,61.512001037597656,61.8120002746582,60.82350158691406,61.63249969482422,17440000,61.09080123901367
GOOGL,2019-09-19,61.61600112915039,62.21699905395508,61.615501403808594,61.9375,16554000,61.39310836791992
GOOGL,2019-09-20,61.68199920654297,62.13999938964844,61.17900085449219,61.492000579833984,37692000,60.95153045654297
GOOGL,2019-09-23,61.32849884033203,61.98400115966797,61.18899917602539,61.734500885009766,20798000,61.191898345947266
GOOGL,2019-09-24,62,62.355499267578125,60.53200149536133,60.916500091552734,35804000,60.38108444213867
GOOGL,2019-09-25,60.800498962402344,62.4010009765625,60.459999084472656,62.297000885009766,26798000,61.74945831298828
GOOGL,2019-09-26,62.106998443603516,62.23350143432617,61.590999603271484,62.114498138427734,23166000,61.56855010986328
GOOGL,2019-09-27,62.14149856567383,62.2495002746582,60.7599983215332,61.29750061035156,34122000,60.75874328613281
GOOGL,2019-09-30,61.029998779296875,61.37049865722656,60.67100143432617,61.05699920654297,24470000,60.520355224609375
GOOGL,2019-10-01,61.1245002746582,61.643001556396484,60.27750015258789,60.29999923706055,24504000,59.77000427246094
GOOGL,2019-10-02,59.82500076293945,59.9379997253418,58.631500244140625,58.895999908447266,33030000,58.37834548950195
GOOGL,2019-10-03,59.16699981689453,59.54999923706055,58.15700149536133,59.471500396728516,28368000,58.948787689208984
GOOGL,2019-10-04,59.714500427246094,60.62300109863281,59.548500061035156,60.54800033569336,24282000,60.01582336425781
GOOGL,2019-10-07,60.349998474121094,60.945499420166016,60.21799850463867,60.412498474121094,17040000,59.88151931762695
GOOGL,2019-10-08,59.938499450683594,60.34349822998047,59.4739990234375,59.506500244140625,20086000,58.98347854614258
GOOGL,2019-10-09,60.06650161743164,60.42300033569336,59.90599822998047,60.119998931884766,15948000,59.59158706665039
GOOGL,2019-10-10,59.93000030517578,60.78099822998047,59.893001556396484,60.4734992980957,12842000,59.94198226928711
GOOGL,2019-10-11,61.201499938964844,61.4375,60.68199920654297,60.785499572753906,22330000,60.25123596191406
GOOGL,2019-10-14,60.69449996948242,61.29399871826172,60.59400177001953,60.88850021362305,13296000,60.353336334228516
GOOGL,2019-10-15,61.07500076293945,62.35649871826172,61.04600143432617,62.11199951171875,27584000,61.56608200073242
GOOGL,2019-10-16,62.09049987792969,62.70949935913086,61.92649841308594,62.150001525878906,22986000,61.60375213623047
GOOGL,2019-10-17,62.56999969482422,63.1875,62.493499755859375,62.63999938964844,20958000,62.08943176269531
GOOGL,2019-10-18,62.734500885009766,62.90549850463867,62.00699996948242,62.22050094604492,31624000,61.67362594604492
GOOGL,2019-10-21,62.435001373291016,62.675498962402344,61.9995002746582,62.2140007019043,18094000,61.66718673706055
GOOGL,2019-10-22,62.2239990234375,62.436500549316406,61.99250030517578,62.060001373291016,22862000,61.5145378112793
GOOGL,2019-10-23,62.010501861572266,62.902000427246094,62.010501861572266,62.881500244140625,21282000,62.32881546020508
GOOGL,2019-10-24,62.955501556396484,63.14500045776367,62.61750030517578,62.955501556396484,20224000,62.40216827392578
GOOGL,2019-10-25,62.599998474121094,63.400001525878906,62.45750045776367,63.21500015258789,27104000,62.659385681152344
GOOGL,2019-10-28,63.75,64.96199798583984,63.615501403808594,64.4489974975586,65428000,63.88253402709961
GOOGL,2019-10-29,63.79999923706055,64.04000091552734,62.78049850463867,63.03300094604492,52654000,62.47898483276367
GOOGL,2019-10-30,62.75749969482422,63.4010009765625,62.532501220703125,63.03499984741211,29204000,62.4809684753418
GOOGL,2019-10-31,63,63.32600021362305,62.4739990234375,62.939998626708984,31904000,62.386802673339844
GOOGL,2019-11-01,63.290000915527344,63.650001525878906,62.98550033569336,63.61249923706055,28812000,63.05339050292969
GOOGL,2019-11-04,63.80550003051758,64.625,63.80550003051758,64.480499267578125,30632000,63.91376495361328
GOOGL,2019-11-05,64.55999755859375,64.86199951171875,64.46900177001953,64.5719985961914,25148000,64.00446319580078
GOOGL,2019-11-06,64.50450134277344,64.64949798583984,64.1135025024414,64.55049896240234,24626000,63.9831428527832
GOOGL,2019-11-07,64.71399688720703,66.13249969482422,64.6875,65.34700012207031,45140000,64.77265930175781
GOOGL,2019-11-08,65.07599639892578,65.855499267578125,65.07599639892578,65.44999694824219,30392000,64.87474060058594
GOOGL,2019-11-11,65.19999694824219,65.24500274658203,64.79350280761719,64.91400146484375,17234000,64.34345245361328
GOOGL,2019-11-12,64.928497314453125,65.467498779296875,64.71199798583984,64.8604965209961,28852000,64.29041290283203
GOOGL,2019-11-13,64.65899658203125,65.1259994506836,64.60749816894531,64.80899810791016,20538000,64.23938751220703
GOOGL,2019-11-14,64.75,65.78600311279297,64.6969985961914,65.4574966430664,28948000,64.88216400146484
GOOGL,2019-11-15,65.75250244140625,66.677001953125,65.59449768066406,66.677001953125,39286000,66.0909652709961
GOOGL,2019-11-18,66.61699676513672,66.69599914550781,65.80799865722656,65.99199676513672,27984000,65.4119873046875
GOOGL,2019-11-19,66.33149719238281,66.33149719238281,65.5885009765625,65.62950134277344,21864000,65.05267333984375
GOOGL,2019-11-20,65.56800079345703,65.6604995727539,64.46050262451172,65.09300231933594,28892000,64.52088165283203
GOOGL,2019-11-21,64.9625015258789,65.555999755859375,64.5374984741211,65.00700378417969,25546000,64.435638427734375
GOOGL,2019-11-22,65.1500015258789,65.345001220703125,64.46800231933594,64.683502197265625,27776000,64.11497497558594
GOOGL,2019-11-25,64.81300354003906,65.52050018310547,64.78050231933594,65.28199768066406,23590000,64.708221435546875
GOOGL,2019-11-26,65.49549865722656,65.70050048828125,65.2020034790039,65.6500015258789,21910000,65.07298278808594
GOOGL,2019-11-27,65.77100372314453,65.88200378417969,65.47350311279297,65.60649871826172,18808000,65.02986907958984
GOOGL,2019-11-29,65.33000183105469,65.49749755859375,65.1614990234375,65.204498291015625,12802000,64.63138580322266
GOOGL,2019-12-02,65.12799835205078,65.272003173828125,64.01899719238281,64.44300079345703,26538000,63.8765869140625
GOOGL,2019-12-03,63.93299865722656,64.86150360107422,63.852500915527344,64.73699951171875,25270000,64.16800689697266
GOOGL,2019-12-04,65.30500030517578,66.2135009765625,65.152496337890625,65.9469985961914,35506000,65.36737823486328
GOOGL,2019-12-05,66.3499984741211,66.39900207519531,65.71600341796875,66.3479995727539,24408000,65.76484680175781
GOOGL,2019-12-06,66.63749694824219,67.12349700927734,66.5615005493164,66.96949768066406,32968000,66.38087463378906
GOOGL,2019-12-09,66.94300079345703,67.87750244140625,66.803497314453125,67.14949798583984,30842000,66.5593032836914
GOOGL,2019-12-10,66.99700164794922,67.4000015258789,66.69999694824219,67.144500732421875,17606000,66.554351806640625
GOOGL,2019-12-11,67.41500091552734,67.49449920654297,67.05500030517578,67.2125015258789,20480000,66.62174987792969
GOOGL,2019-12-12,67.1604995727539,67.72899627685547,66.910003662109375,67.42449951171875,29114000,66.83189392089844
GOOGL,2019-12-13,67.3949966430664,67.56749725341797,67.08300018310547,67.34349822998047,33170000,66.75159454345703
GOOGL,2019-12-16,67.75,68.17649841308594,67.53050231933594,68.035003662109375,28128000,67.4370346069336
GOOGL,2019-12-17,68.12049865722656,68.21649932861328,67.53849792480469,67.74449920654297,32948000,67.1490707397461
GOOGL,2019-12-18,67.8499984741211,67.97149658203125,67.52300262451172,67.59549713134766,23330000,67.00138092041016
GOOGL,2019-12-19,67.59549713134766,67.87650299072266,67.4375,67.8219985961914,28922000,67.22589111328125
GOOGL,2019-12-20,68.154998779296875,68.19999694824219,67.5364990234375,67.56099700927734,50090000,66.9671859741211
GOOGL,2019-12-23,67.9365005493164,68.092498779296875,67.4000015258789,67.53150177001953,19936000,66.937957763671875
GOOGL,2019-12-24,67.510498046875,67.60050201416016,67.20850372314453,67.22149658203125,13468000,66.63066101074219
GOOGL,2019-12-26,67.32749938964844,68.160003662109375,67.27549743652344,68.12349700927734,23662000,67.52473449707031
GOOGL,2019-12-27,68.19999694824219,68.35250091552734,67.6500015258789,67.73200225830078,23212000,67.136688232421875
GOOGL,2019-12-30,67.84049987792969,67.8499984741211,66.891998291015625,66.9854965209961,19994000,66.39674377441406
GOOGL,2019-12-31,66.78949737548828,67.03299713134766,66.60649871826172,66.96949768066406,19514000,66.38087463378906
GOOGL,2020-01-02,67.420501708984375,68.43399810791016,67.32450103759766,68.43399810791016,27278000,67.83251190185547
GOOGL,2020-01-03,67.4000015258789,68.6875,67.365997314453125,68.07599639892578,23408000,67.47766876220703
GOOGL,2020-01-06,67.58149719238281,69.91600036621094,67.55000305175781,69.8905029296875,46768000,69.276214599609375
GOOGL,2020-01-07,70.02300262451172,70.17500305175781,69.5780029296875,69.75550079345703,34330000,69.14238739013672
GOOGL,2020-01-08,69.740997314453125,70.592498779296875,69.631500244140625,70.25199890136719,35314000,69.63452911376953
GOOGL,2020-01-09,71.09649658203125,71.43399810791016,70.510498046875,70.989501953125,33200000,70.36555480957031
GOOGL,2020-01-10,71.47350311279297,71.74700164794922,70.9800033569336,71.447998046875,26258000,70.82003021240234
GOOGL,2020-01-13,71.76249694824219,72.0739974975586,71.26850128173828,72.00150299072266,30730000,71.36866760253906
GOOGL,2020-01-14,72,72.131500244140625,71.38849639892578,71.52950286865234,26076000,70.90082550048828
GOOGL,2020-01-15,71.6510009765625,72.03900146484375,71.58300018310547,71.95999908447266,21550000,71.32752227783203
GOOGL,2020-01-16,72.27249908447266,72.535003662109375,72,72.50800323486328,26080000,71.870697021484375
GOOGL,2020-01-17,73.12699890136719,74.027496337890625,72.82749938964844,73.97599792480469,52424000,73.32579803466797
GOOGL,2020-01-21,73.94999694824219,74.49400329589844,73.510498046875,74.11250305175781,48930000,73.46111297607422
GOOGL,2020-01-22,74.48650360107422,75.02899932861328,74.13300323486328,74.19349670410156,28458000,73.54138946533203
GOOGL,2020-01-23,74.37750244140625,74.67500305175781,74.01599884033203,74.2344970703125,26650000,73.58203125
GOOGL,2020-01-24,74.64099884033203,74.70999908447266,73.15899658203125,73.308502197265625,29786000,72.66417694091797
GOOGL,2020-01-27,71.5770034790039,71.8290023803711,70.9749984741211,71.58650207519531,34132000,70.957305908203125
GOOGL,2020-01-28,72.08699798583984,72.73999786376953,71.51799774169922,72.5250015258789,29724000,71.88755798339844
GOOGL,2020-01-29,72.9229965209961,73.207000732421875,72.269500732421875,72.83499908447266,21566000,72.19483947753906
GOOGL,2020-01-30,71.904998779296875,72.76249694824219,71.75,72.7125015258789,27110000,72.07340240478516
GOOGL,2020-01-31,73.39299774169922,73.4834976196289,71.352996826171875,71.63899993896484,43822000,71.00934600830078
GOOGL,2020-02-03,73.0824966430664,74.31500244140625,72.83049774169922,74.12999725341797,71636000,73.47844696044922
GOOGL,2020-02-04,72.72450256347656,73.36699676513672,71.10150146484375,72.27050018310547,95880000,71.635284423828125
GOOGL,2020-02-05,73.18049621582031,73.22899627685547,71.48400115966797,72.30249786376953,36376000,71.66699981689453
GOOGL,2020-02-06,72.5989990234375,74.0780029296875,72.52400207519531,73.79850006103516,37822000,73.149871826171875
GOOGL,2020-02-07,73.36949920654297,74.26249694824219,73.27050018310547,73.95549774169922,28360000,73.30547332763672
GOOGL,2020-02-10,73.86150360107422,75.444000244140625,73.76000213623047,75.43299865722656,38302000,74.7699966430664
GOOGL,2020-02-11,75.66349792480469,76.49400329589844,75.27249908447266,75.50299835205078,34852000,74.8393783569336
GOOGL,2020-02-12,75.792999267578125,76.01499938964844,75.433502197265625,75.93150329589844,31042000,75.26412200927734
GOOGL,2020-02-13,75.5,76.29750061035156,75.19999694824219,75.66950225830078,22914000,75.0044174194336
GOOGL,2020-02-14,75.72650146484375,76.00250244140625,75.277496337890625,75.9365005493164,23198000,75.26905822753906
GOOGL,2020-02-18,75.71700286865234,76.52799987792969,75.55049896240234,75.97200012207031,25642000,75.30426025390625
GOOGL,2020-02-19,76.36000061035156,76.53700256347656,76.04900360107422,76.243499755859375,22746000,75.5733642578125
GOOGL,2020-02-20,75.95050048828125,76.35350036621094,75.21299743652344,75.84950256347656,25962000,75.1828384399414
GOOGL,2020-02-21,75.22899627685547,75.54750061035156,73.92449951171875,74.1729965209961,42520000,73.52106475830078
GOOGL,2020-02-24,71.152496337890625,71.819000244140625,70.3395004272461,70.99299621582031,49560000,70.3690185546875
GOOGL,2020-02-25,71.55000305175781,71.842498779296875,69.02100372314453,69.31600189208984,51580000,68.70677185058594
GOOGL,2020-02-26,69.7490005493164,70.683502197265625,68.82749938964844,69.52349853515625,49776000,68.91243743896484
GOOGL,2020-02-27,67.957000732421875,68.470001220703125,65.71199798583984,65.74749755859375,62290000,65.16962432861328
GOOGL,2020-02-28,63.71549987792969,67.12249755859375,63.410499572753906,66.9625015258789,80198000,66.37394714355469
GOOGL,2020-03-02,67.56950378417969,69.37349700927734,66.26000213623047,69.31600189208984,55430000,68.70677185058594
GOOGL,2020-03-03,69.884002685546875,70.40950012207031,66.46199798583984,66.88600158691406,56602000,66.2981185913086
GOOGL,2020-03-04,67.947998046875,69.13899993896484,66.8499984741211,69.08000183105469,47598000,68.47283935546875
GOOGL,2020-03-05,67.277496337890625,67.68150329589844,65.082000732421875,65.73799896240234,54380000,65.16020965576172
GOOGL,2020-03-06,63.497501373291016,65.13749694824219,62.86050033569336,64.78700256347656,64640000,64.21757507324219
GOOGL,2020-03-09,60.24800109863281,62.63650131225586,59.902000427246094,60.78950119018555,69252000,60.25520324707031
GOOGL,2020-03-10,62.71950149536133,63.79249954223633,60.72549819946289,63.75849914550781,54872000,63.1981086730957
GOOGL,2020-03-11,62.41350173950195,62.846500396728516,59.55699920654297,60.54499816894531,54732000,60.012847900390625
GOOGL,2020-03-12,56.13100051879883,59.4375,55.423500061035156,55.57749938964844,94326000,55.08901596069336
GOOGL,2020-03-13,58.7495002746582,60.720001220703125,55.614498138427734,60.7135009765625,79400000,60.17987823486328
GOOGL,2020-03-16,54.480499267578125,57.27349853515625,53.354000091552734,53.650001525878906,96520000,53.1784553527832
GOOGL,2020-03-17,54.53200149536133,56.29999923706055,52.45500183105469,55.90299987792969,83194000,55.411659240722656
GOOGL,2020-03-18,52.99700164794922,55.2495002746582,51.849998474121094,54.55950164794922,93044000,54.079959869384766
GOOGL,2020-03-19,54.4109992980957,57.63050079345703,52.77750015258789,55.583499908447266,74064000,55.0949592590332
GOOGL,2020-03-20,56.54499816894531,56.92399978637695,53.10499954223633,53.410499572753906,82878000,52.94105529785156
GOOGL,2020-03-23,52.81850051879883,53.34550094604492,50.44350051879883,52.70650100708008,83672000,52.24325180053711
GOOGL,2020-03-24,55.19900131225586,56.666500091552734,54.32149887084961,56.5004997253418,72468000,56.00389862060547
GOOGL,2020-03-25,56.229000091552734,57.30849838256836,54.1505012512207,55.08100128173828,90324000,54.59687805175781
GOOGL,2020-03-26,55.736000061035156,58.57400131225586,54.60150146484375,58.145999908447266,76562000,57.63493347167969
GOOGL,2020-03-27,56.37350082397461,57.5525016784668,55.20000076293945,55.51300048828125,62794000,55.02507781982422
GOOGL,2020-03-30,56.63199996948242,57.54999923706055,54.92449951171875,57.31549835205078,58736000,56.811737060546875
GOOGL,2020-03-31,57.436500549316406,58.66999816894531,56.83599853515625,58.09749984741211,65228000,57.58686447143555
GOOGL,2020-04-01,56.20000076293945,56.47100067138672,54.67449951171875,55.10499954223633,51970000,54.620662689208984
GOOGL,2020-04-02,55,56.13850021362305,54.65650177001953,55.85150146484375,56410000,55.3606071472168
GOOGL,2020-04-03,55.73550033569336,55.93949890136719,53.75400161743164,54.6349983215332,51374000,54.154788970947266
GOOGL,2020-04-06,56.650001525878906,59.537498474121094,56.25,59.15950012207031,63320000,58.639530181884766
GOOGL,2020-04-07,60.85049819946289,61.03900146484375,58.86249923706055,59.12799835205078,61620000,58.60830307006836
GOOGL,2020-04-08,60.154998779296875,60.744998931884766,59.1974983215332,60.349998474121094,40334000,59.81956481933594
GOOGL,2020-04-09,60.909000396728516,61.0994987487793,59.62099838256836,60.32849884033203,54028000,59.798255920410156
GOOGL,2020-04-13,60.07500076293945,60.72600173950195,59.11650085449219,60.52050018310547,38702000,59.988563537597656
GOOGL,2020-04-14,61.99850082397461,63.787498474121094,61.426998138427734,63.26150131225586,63358000,62.70547866821289
GOOGL,2020-04-15,62.32550048828125,63.75550079345703,61.70000076293945,62.8650016784668,42236000,62.312461853027344
GOOGL,2020-04-16,63.356998443603516,63.667999267578125,61.90999984741211,62.871498107910156,57896000,62.31890106201172
GOOGL,2020-04-17,64.08499908447266,64.5,63.29999923706055,63.95000076293945,51050000,63.38792419433594
GOOGL,2020-04-20,63.49449920654297,63.840999603271484,62.821998596191406,63.057498931884766,35292000,62.50326919555664
GOOGL,2020-04-21,62.135501861572266,62.5,60.25,60.608001708984375,49648000,60.07529830932617
GOOGL,2020-04-22,62.05550003051758,63.99399948120117,61.86000061035156,62.920501708984375,46296000,62.36747360229492
GOOGL,2020-04-23,63.2869987487793,64.407501220703125,63.0265007019043,63.55849838256836,34202000,62.99986267089844
GOOGL,2020-04-24,62.75,63.885501861572266,62.20000076293945,63.83000183105469,37402000,63.26898193359375
GOOGL,2020-04-27,64.5999984741211,64.70500183105469,63.25299835205078,63.542999267578125,44186000,62.984500885009766
GOOGL,2020-04-28,64.160003662109375,64.23799896240234,61.51900100708008,61.62950134277344,80700000,61.087825775146484
GOOGL,2020-04-29,67.25,68.00749969482422,66.33650207519531,67.10900115966797,108358000,66.51915740966797
GOOGL,2020-04-30,66.56800079345703,67.5,66.07499694824219,67.33499908447266,55842000,66.74317932128906
GOOGL,2020-05-01,66.204498291015625,67.571502685546875,65.483001708984375,65.865997314453125,48872000,65.28709411621094
GOOGL,2020-05-04,65.40650177001953,66.22350311279297,64.80049896240234,66.1449966430664,30806000,65.56364440917969
GOOGL,2020-05-05,66.875,68.55049896240234,66.75150299072266,67.45099639892578,39666000,66.85816192626953
GOOGL,2020-05-06,67.9000015258789,68.43450164794922,67.256500244140625,67.27149963378906,31732000,66.68024444580078
GOOGL,2020-05-07,68.06549835205078,68.80000305175781,67.62699890136719,68.46399688720703,30652000,67.86225128173828
GOOGL,2020-05-08,69.09100341796875,69.832000732421875,68.60050201416016,69.21700286865234,33326000,68.60862731933594
GOOGL,2020-05-11,68.8395004272461,70.77649688720703,68.7750015258789,70.17949676513672,32718000,69.56266784667969
GOOGL,2020-05-12,70.41100311279297,70.71649932861328,68.72550201416016,68.759002685546875,33918000,68.15467071533203
GOOGL,2020-05-13,68.80799865722656,69.2665023803711,66.40049743652344,67.41649627685547,40368000,66.82395935058594
GOOGL,2020-05-14,66.6760025024414,67.868499755859375,66.16500091552734,67.84300231933594,36660000,67.24671173095703
GOOGL,2020-05-15,67.41300201416016,68.72899627685547,66.94999694824219,68.65299987792969,41544000,68.04957580566406
GOOGL,2020-05-18,68.0790023803711,69.63800048828125,67.70999908447266,69.259002685546875,47094000,68.6502685546875
GOOGL,2020-05-19,69.27400207519531,69.62449645996094,68.68800354003906,68.720001220703125,31586000,68.1159896850586
GOOGL,2020-05-20,69.45800018310547,70.60150146484375,69.371002197265625,70.45800018310547,38262000,69.83872985839844
GOOGL,2020-05-21,70.54949951171875,70.822998046875,69.71949768066406,70.3375015258789,30894000,69.71927642822266
GOOGL,2020-05-22,70.19499969482422,70.8499984741211,69.79750061035156,70.66200256347656,28544000,70.04093170166016
GOOGL,2020-05-26,72.0979995727539,72.25550079345703,70.970001220703125,71.06849670410156,44590000,70.44385528564453
GOOGL,2020-05-27,71,71.26750183105469,69.7300033569336,71.01399993896484,31684000,70.38983917236328
GOOGL,2020-05-28,70,72.2229995727539,69.9540023803711,70.91200256347656,35170000,70.28874206542969
GOOGL,2020-05-29,71.02149963378906,71.83650207519531,70.79900360107422,71.6760025024414,37044000,71.04602813720703
GOOGL,2020-06-01,71.285003662109375,72.0790023803711,71.11399841308594,71.743499755859375,25162000,71.11293029785156
GOOGL,2020-06-02,71.75,72.1500015258789,71.08049774169922,72.1155014038086,23442000,71.48165130615234
GOOGL,2020-06-03,72.13500213623047,72.45050048828125,71.58100128173828,71.9625015258789,27732000,71.33000946044922
GOOGL,2020-06-04,71.83899688720703,72.06600189208984,70.30049896240234,70.714996337890625,26982000,70.09346008300781
GOOGL,2020-06-05,70.78199768066406,72.31500244140625,70.38099670410156,72.0009994506836,42642000,71.36817169189453
GOOGL,2020-06-08,71.31400299072266,72.44999694824219,71.2239990234375,72.4020004272461,33878000,71.76564025878906
GOOGL,2020-06-09,72.26200103759766,73.38999938964844,72.11799621582031,72.60399627685547,33624000,71.96586608886719
GOOGL,2020-06-10,73.07550048828125,73.63849639892578,72.71800231933594,73.23500061035156,31762000,72.5913314819336
GOOGL,2020-06-11,72.05149841308594,72.58000183105469,69.920501708984375,70.095001220703125,47144000,69.47891998291016
GOOGL,2020-06-12,71.292999267578125,71.72550201416016,69.29000091552734,70.64600372314453,36676000,70.02508544921875
GOOGL,2020-06-15,69.47450256347656,71.25,69.36000061035156,71.03700256347656,30468000,70.41263580322266
GOOGL,2020-06-16,72.44999694824219,72.8584976196289,71.44950103759766,72.32350158691406,30648000,71.6878433227539
GOOGL,2020-06-17,72.647003173828125,73.11000061035156,71.756500244140625,72.62699890136719,30610000,71.98866271972656
GOOGL,2020-06-18,72.49250030517578,72.64849853515625,71.31199645996094,71.70600128173828,34862000,71.07575225830078
GOOGL,2020-06-19,72,72.2249984741211,70.94999694824219,71.23200225830078,52784000,70.605926513671875
GOOGL,2020-06-22,71.25050354003906,72.54750061035156,70.959503173828125,72.53299713134766,29442000,71.89546966552734
GOOGL,2020-06-23,72.5999984741211,73.76000213623047,72.25,73.1989974975586,37752000,72.55562591552734
GOOGL,2020-06-24,73.16400146484375,73.78949737548828,71.5,71.63500213623047,31592000,71.00537872314453
GOOGL,2020-06-25,71.56099700927734,72.115997314453125,70.97699737548828,72.05500030517578,23958000,71.42169189453125
GOOGL,2020-06-26,71.631500244140625,71.85099792480469,67.75,68.12699890136719,97640000,67.52821350097656
GOOGL,2020-06-29,68.016998291015625,69.9000015258789,67.5824966430664,69.8584976196289,45074000,69.2444839477539
GOOGL,2020-06-30,69.84400177001953,71.19999694824219,69.34649658203125,70.902496337890625,40286000,70.27930450439453
GOOGL,2020-07-01,70.95850372314453,72.42400360107422,70.70899963378906,72.0999984741211,42182000,71.46629333496094
GOOGL,2020-07-02,72.59200286865234,74.4260025024414,72.553497314453125,73.49649810791016,57218000,72.85050964355469
GOOGL,2020-07-06,74.407501220703125,75.5,73.8489990234375,74.98249816894531,44712000,74.32344818115234
GOOGL,2020-07-07,74.80650329589844,76.06600189208984,74.48500061035156,74.496002197265625,42364000,73.84123229980469
GOOGL,2020-07-08,75.04000091552734,75.558502197265625,74.61499786376953,75.18000030517578,31766000,74.51921844482422
GOOGL,2020-07-09,75.49649810791016,76.457000732421875,74.77950286865234,75.93299865722656,41836000,75.2656021118164
GOOGL,2020-07-10,75.6624984741211,77.06700134277344,75.03600311279297,76.95050048828125,35918000,76.27415466308594
GOOGL,2020-07-13,77.49700164794922,78.81800079345703,75.3280029296875,75.61150360107422,42954000,74.94693756103516
GOOGL,2020-07-14,74.6395034790039,76.13999938964844,74.29650115966797,76.042999267578125,38108000,75.37462615966797
GOOGL,2020-07-15,76.1614990234375,76.816497802734375,74.8915023803711,75.84400177001953,31026000,75.17738342285156
GOOGL,2020-07-16,75.07499694824219,75.795501708984375,74.41349792480469,75.746002197265625,26484000,75.08024597167969
GOOGL,2020-07-17,75.84549713134766,76.17150115966797,74.904998779296875,75.842498779296875,34264000,75.17589569091797
GOOGL,2020-07-20,75.75,78.45050048828125,75.13500213623047,78.19200134277344,30166000,77.50474548339844
GOOGL,2020-07-21,79.25150299072266,79.35250091552734,77.63099670410156,77.7959976196289,27486000,77.11222839355469
GOOGL,2020-07-22,77.7854995727539,78.3489990234375,77.1614990234375,78.24250030517578,24482000,77.5548095703125
GOOGL,2020-07-23,78.29650115966797,78.51750183105469,75.42949676513672,75.8375015258789,33910000,75.17093658447266
GOOGL,2020-07-24,74.959503173828125,75.77149963378906,74.37950134277344,75.4104995727539,29902000,74.7477035522461
GOOGL,2020-07-27,75.66300201416016,76.87799835205078,75.61650085449219,76.47149658203125,27124000,75.79936218261719
GOOGL,2020-07-28,76.25,76.30049896240234,75.0260009765625,75.18250274658203,30910000,74.5217056274414
GOOGL,2020-07-29,75.25,76.66649627685547,75.15049743652344,76.17549896240234,22676000,75.5059814453125
GOOGL,2020-07-30,74.89849853515625,77.04450225830078,74.75849914550781,76.91850280761719,36042000,76.2424545288086
GOOGL,2020-07-31,74.85250091552734,75.2509994506836,72.69999694824219,74.39749908447266,91468000,73.74359893798828
GOOGL,2020-08-03,74.55000305175781,74.8864974975586,73.58599853515625,74.13800048828125,45482000,73.48638153076172
GOOGL,2020-08-04,74.33550262451172,74.65550231933594,73.20149993896484,73.66500091552734,37212000,73.017547607421875
GOOGL,2020-08-05,73.84100341796875,74.5,73.56099700927734,73.954498291015625,29134000,73.30448150634766
GOOGL,2020-08-06,73.80750274658203,75.3134994506836,73.595001220703125,75.24749755859375,33306000,74.58612823486328
GOOGL,2020-08-07,75.4520034790039,76.00450134277344,74.3134994506836,74.91850280761719,27718000,74.26002502441406
GOOGL,2020-08-10,74.54000091552734,75.35749816894531,73.87449645996094,74.84100341796875,20546000,74.1832046508789
GOOGL,2020-08-11,74.69999694824219,75.522003173828125,73.90950012207031,74.0270004272461,31098000,73.3763656616211
GOOGL,2020-08-12,74.35600280761719,75.58350372314453,74.25,75.36199951171875,22512000,74.69963073730469
GOOGL,2020-08-13,75.4104995727539,76.84850311279297,75.4104995727539,75.8324966430664,22388000,75.1659927368164
GOOGL,2020-08-14,75.68049621582031,75.989501953125,74.94999694824219,75.23149871826172,21942000,74.57026672363281
GOOGL,2020-08-17,75.79850006103516,76.18900299072266,75.25,75.81199645996094,19990000,75.14566802978516
GOOGL,2020-08-18,76.305999755859375,77.868499755859375,76.08350372314453,77.78900146484375,28378000,77.10530090332031
GOOGL,2020-08-19,77.62449645996094,78.44300079345703,77,77.230499267578125,30472000,76.55168914794922
GOOGL,2020-08-20,76.99849700927734,79.00849914550781,76.7229995727539,78.8125,26382000,78.11980438232422
GOOGL,2020-08-21,78.589996337890625,79.59400177001953,78.1155014038086,78.77850341796875,34838000,78.08609771728516
GOOGL,2020-08-24,79.62349700927734,80.43900299072266,78.75199890136719,79.25749969482422,25638000,78.56086730957031
GOOGL,2020-08-25,79.00499725341797,80.444000244140625,78.89399719238281,80.2925033569336,25150000,79.5867919921875
GOOGL,2020-08-26,80.31500244140625,82.6395034790039,80.04900360107422,82.20649719238281,52188000,81.48395538330078
GOOGL,2020-08-27,82.33049774169922,82.39949798583984,80.94049835205078,81.4260025024414,31350000,80.71031951904297
GOOGL,2020-08-28,81.47350311279297,82.06749725341797,81.28050231933594,81.97149658203125,22418000,81.25102996826172
GOOGL,2020-08-31,82.178497314453125,82.2249984741211,81.2665023803711,81.47650146484375,26422000,80.76039123535156
GOOGL,2020-09-01,81.608001708984375,82.96099853515625,81.47650146484375,82.753997802734375,22652000,82.02664947509766
GOOGL,2020-09-02,83.40049743652344,86.30500030517578,83.0094985961914,85.86949920654297,49522000,85.11476135253906
GOOGL,2020-09-03,84.97599792480469,85,80.385498046875,81.47550201416016,63726000,80.7593994140625
GOOGL,2020-09-04,80.44999694824219,81.74949645996094,76.89849853515625,79.06050109863281,55850000,78.36560821533203
GOOGL,2020-09-08,76.25,77.777496337890625,75.82499694824219,76.18000030517578,54032000,75.51042175292969
GOOGL,2020-09-09,77.44499969482422,77.93599700927734,76.25849914550781,77.36150360107422,39242000,76.681549072265625
GOOGL,2020-09-10,77.509002685546875,78.68299865722656,76,76.30249786376953,33024000,75.631866455078125
GOOGL,2020-09-11,76.407501220703125,76.93499755859375,74.6510009765625,75.78800201416016,30706000,75.12187957763672
GOOGL,2020-09-14,76.5824966430664,77.8499984741211,75.25550079345703,75.441497802734375,42660000,74.778411865234375
GOOGL,2020-09-15,76.394500732421875,77.54949951171875,76.1050033569336,76.75599670410156,23042000,76.08136749267578
GOOGL,2020-09-16,77.1240005493164,77.71849822998047,75.579498291015625,75.60449981689453,22128000,74.93997955322266
GOOGL,2020-09-17,74.290496826171875,74.93299865722656,73.12300109863281,74.35199737548828,40008000,73.698486328125
GOOGL,2020-09-18,74.41500091552734,74.76000213623047,71.58100128173828,72.55449676513672,63056000,71.91679382324219
GOOGL,2020-09-21,71.58100128173828,72.00299835205078,70.134002685546875,71.50700378417969,56908000,70.87850189208984
GOOGL,2020-09-22,72.51599884033203,73.19850158691406,71.4749984741211,72.990997314453125,33950000,72.349456787109375
GOOGL,2020-09-23,72.60449981689453,72.65399932861328,70.134002685546875,70.46949768066406,37726000,69.850128173828125
GOOGL,2020-09-24,70.134002685546875,71.89949798583984,70.10749816894531,71.14299774169922,34552000,70.51769256591797
GOOGL,2020-09-25,71.25250244140625,72.2969970703125,70.384002685546875,71.9530029296875,30326000,71.3205795288086
GOOGL,2020-09-28,73.59950256347656,73.64949798583984,72.31400299072266,72.93299865722656,30784000,72.29197692871094
GOOGL,2020-09-29,73.19550323486328,73.5999984741211,72.69999694824219,73.3010025024414,31816000,72.65673828125
GOOGL,2020-09-30,73.0469970703125,74.30999755859375,72.78800201416016,73.279998779296875,40924000,72.63591766357422
GOOGL,2020-10-01,74.18299865722656,74.75350189208984,73.839996337890625,74.3949966430664,32884000,73.74112701416016
GOOGL,2020-10-02,72.98149871826172,73.95149993896484,72.36750030517578,72.779998779296875,31222000,72.14031982421875
GOOGL,2020-10-05,73.13249969482422,74.23500061035156,73.00450134277344,74.1415023803711,21602000,73.4898452758789
GOOGL,2020-10-06,73.7750015258789,74.22599792480469,72.25050354003906,72.5510025024414,26096000,71.91333770751953
GOOGL,2020-10-07,72.96549987792969,73.44850158691406,71.6614990234375,72.957000732421875,36108000,72.315765380859375
GOOGL,2020-10-08,73.27249908447266,74.40149688720703,73.27249908447266,74.17150115966797,26076000,73.51958465576172
GOOGL,2020-10-09,74.64299774169922,75.592498779296875,74.3499984741211,75.52249908447266,32966000,74.85871124267578
GOOGL,2020-10-12,76.9000015258789,79.4209976196289,76.464996337890625,78.22949981689453,55344000,77.54191589355469
GOOGL,2020-10-13,78.85050201416016,79.25800323486328,77.93150329589844,78.35350036621094,39072000,77.66483306884766
GOOGL,2020-10-14,78.7300033569336,79.19249725341797,77.29499816894531,78.1719970703125,33174000,77.48492431640625
GOOGL,2020-10-15,77.2249984741211,78.56999969482422,77.05650329589844,77.77349853515625,31210000,77.08992767333984
GOOGL,2020-10-16,78.09149932861328,78.885498046875,77.88300323486328,78.38500213623047,34194000,77.69605255126953
GOOGL,2020-10-19,78.79650115966797,79.196502685546875,76.14600372314453,76.49749755859375,29734000,75.82514190673828
GOOGL,2020-10-20,76.15550231933594,78.69200134277344,76.0250015258789,77.55400085449219,41670000,76.87235260009766
GOOGL,2020-10-21,78.49250030517578,80.75700378417969,78.35700225830078,79.29949951171875,60322000,78.60252380371094
GOOGL,2020-10-22,79.25,80.6709976196289,78.8740005493164,80.33300018310547,30512000,79.626922607421875
GOOGL,2020-10-23,80.75250244140625,81.70600128173828,80.59549713134766,81.64900207519531,30548000,80.9313735961914
GOOGL,2020-10-26,80.75,81.47899627685547,78.38899993896484,79.2145004272461,35826000,78.51826477050781
GOOGL,2020-10-27,79.446502685546875,80.0999984741211,78.84950256347656,79.944000244140625,25902000,79.2413558959961
GOOGL,2020-10-28,77.50050354003906,77.69049835205078,75.42400360107422,75.54000091552734,45174000,74.87605285644531
GOOGL,2020-10-29,75.85099792480469,79.43699645996094,75.82749938964844,77.84400177001953,55406000,77.1598129272461
GOOGL,2020-10-30,83.37200164794922,84.06600189208984,80.07849884033203,80.80549621582031,99878000,80.09528350830078
GOOGL,2020-11-02,81.177001953125,82.91200256347656,80.71199798583984,81.21600341796875,44228000,80.50218200683594
GOOGL,2020-11-03,81.53800201416016,82.94999694824219,80.605499267578125,82.28299713134766,31432000,81.559783935546875
GOOGL,2020-11-04,85.27899932861328,88.50150299072266,85.1500015258789,87.2925033569336,71342000,86.5252685546875
GOOGL,2020-11-05,88.52249908447266,89.59100341796875,87.05149841308594,88.125,39758000,87.3504409790039
GOOGL,2020-11-06,87.56700134277344,88.42500305175781,86.83399963378906,87.98650360107422,28622000,87.213165283203125
GOOGL,2020-11-09,89.79900360107422,90.84449768066406,87.87750244140625,88.07099914550781,53440000,87.29692077636719
GOOGL,2020-11-10,86.4885025024414,87.96900177001953,85.805999755859375,86.88600158691406,43022000,86.1223373413086
GOOGL,2020-11-11,87.41999816894531,88.1449966430664,87.15299987792969,87.36150360107422,31838000,86.59367370605469
GOOGL,2020-11-12,87.0999984741211,88.2490005493164,86.89849853515625,87.14099884033203,26474000,86.375091552734375
GOOGL,2020-11-13,87.4000015258789,88.85649871826172,86.79900360107422,88.61299896240234,29744000,87.83415985107422
GOOGL,2020-11-16,88.207000732421875,89.71700286865234,88.066497802734375,88.70149993896484,25468000,87.92186737060547
GOOGL,2020-11-17,88.39299774169922,88.85700225830078,87.97450256347656,88.08300018310547,21314000,87.308807373046875
GOOGL,2020-11-18,87.832000732421875,88.25,86.928497314453125,87.03199768066406,20108000,86.26704406738281
GOOGL,2020-11-19,86.6614990234375,88.17449951171875,86.5009994506836,87.928497314453125,20106000,87.1556625366211
GOOGL,2020-11-20,88.0999984741211,88.417999267578125,86.75,86.819000244140625,27694000,86.0559310913086
GOOGL,2020-11-23,87.01100158691406,87.29949951171875,85.509002685546875,86.37799835205078,22530000,85.6187973022461
GOOGL,2020-11-24,86.375,88.3239974975586,86.0364990234375,88.19499969482422,27984000,87.4198226928711
GOOGL,2020-11-25,88.3905029296875,88.51899719238281,87.417999267578125,88.20649719238281,19600000,87.43122100830078
GOOGL,2020-11-27,88.22699737548828,89.85050201416016,88.22699737548828,89.35099792480469,14790000,88.56566619873047
GOOGL,2020-11-30,88.782501220703125,89.016998291015625,87.391998291015625,87.720001220703125,32418000,86.94898986816406
GOOGL,2020-12-01,88.33300018310547,91.08599853515625,88.15149688720703,89.76799774169922,37350000,88.97899627685547
GOOGL,2020-12-02,89.76799774169922,91.63700103759766,89.25849914550781,91.24849700927734,29424000,90.44648742675781
GOOGL,2020-12-03,91.0270004272461,92.191497802734375,90.8499984741211,91.09200286865234,24728000,90.29136657714844
GOOGL,2020-12-04,91.01100158691406,91.4749984741211,90.67949676513672,91.18800354003906,20544000,90.38652801513672
GOOGL,2020-12-07,90.777496337890625,91.4645004272461,90.1520004272461,90.85150146484375,22288000,90.052978515625
GOOGL,2020-12-08,90.4260025024414,90.79850006103516,89.56400299072266,90.566497802734375,19936000,89.7704849243164
GOOGL,2020-12-09,90.51799774169922,91.41850280761719,88.0999984741211,88.89299774169922,31728000,88.11170196533203
GOOGL,2020-12-10,88.12999725341797,88.74949645996094,86.67649841308594,88.38249969482422,28688000,87.605682373046875
GOOGL,2020-12-11,88,88.8655014038086,87.63700103759766,88.73999786376953,18628000,87.96003723144531
GOOGL,2020-12-14,88.53600311279297,89.48999786376953,87.45649719238281,87.61299896240234,33050000,86.84293365478516
GOOGL,2020-12-15,87.99299621582031,88.19999694824219,87.08350372314453,88.05400085449219,21352000,87.28006744384766
GOOGL,2020-12-16,88.45549774169922,88.45549774169922,87.4530029296875,87.8594970703125,24676000,87.08727264404297
GOOGL,2020-12-17,88.196502685546875,88.33550262451172,86.55750274658203,87.02549743652344,34880000,86.26060485839844
GOOGL,2020-12-18,87.308502197265625,87.417999267578125,85.75,86.31099700927734,85256000,85.55238342285156
GOOGL,2020-12-21,85.45649719238281,86.8499984741211,84.69999694824219,86.727996826171875,33974000,85.96571350097656
GOOGL,2020-12-22,86.46649932861328,86.63050079345703,85.28900146484375,86.01100158691406,20370000,85.25502014160156
GOOGL,2020-12-23,86.196502685546875,87.20549774169922,86.05999755859375,86.4114990234375,22974000,85.6520004272461
GOOGL,2020-12-24,86.44999694824219,87.12049865722656,86.217498779296875,86.70800018310547,9312000,85.945892333984375
GOOGL,2020-12-28,87.24549865722656,89.3499984741211,87.09100341796875,88.697998046875,27650000,87.91840362548828
GOOGL,2020-12-29,89.36150360107422,89.42350006103516,87.75550079345703,87.88800048828125,19726000,87.11552429199219
GOOGL,2020-12-30,88.25,88.38800048828125,86.4000015258789,86.8125,21026000,86.04948425292969
GOOGL,2020-12-31,86.8635025024414,87.875,86.80449676513672,87.63200378417969,21070000,86.86177825927734
GOOGL,2021-01-04,88,88.12449645996094,85.35700225830078,86.30650329589844,37324000,85.54793548583984
GOOGL,2021-01-05,86.25450134277344,87.34149932861328,85.845001220703125,87.00250244140625,20360000,86.2378158569336
GOOGL,2021-01-06,85.01300048828125,87.19850158691406,84.80500030517578,86.14399719238281,46588000,85.38684844970703
GOOGL,2021-01-07,86.33799743652344,88.89099884033203,86.33799743652344,88.71700286865234,41936000,87.93724822998047
GOOGL,2021-01-08,88.858001708984375,89.96800231933594,88.06099700927734,89.8915023803711,35484000,89.1014175415039
GOOGL,2021-01-11,88.85099792480469,89.21900177001953,87.60700225830078,87.81449890136719,34796000,87.04267883300781
GOOGL,2021-01-12,87.26799774169922,88.3949966430664,85.819000244140625,86.87149810791016,29528000,86.10797119140625
GOOGL,2021-01-13,86.365997314453125,87.81950378417969,86.365997314453125,87.36250305175781,23432000,86.59465026855469
GOOGL,2021-01-14,87.44349670410156,88.37750244140625,86.303497314453125,86.5459976196289,29212000,85.785308837890625
GOOGL,2021-01-15,86.45099639892578,87.38099670410156,85.58550262451172,86.38099670410156,31444000,85.62175750732422
GOOGL,2021-01-19,87.1500015258789,90.19200134277344,86.6415023803711,89.22350311279297,41660000,88.43929290771484
GOOGL,2021-01-20,91.31849670410156,94.98600006103516,90.97550201416016,94.00350189208984,64152000,93.1772689819336
GOOGL,2021-01-21,94.68250274658203,96.60399627685547,93.97049713134766,94.2074966430664,58634000,93.37947845458984
GOOGL,2021-01-22,94.572998046875,95.21949768066406,93.82499694824219,94.62799835205078,32744000,93.7962875366211
GOOGL,2021-01-25,95.63700103759766,96.09100341796875,92.95800018310547,94.71399688720703,50586000,93.88153076171875
GOOGL,2021-01-26,94.29949951171875,95.7874984741211,93.80650329589844,95.39749908447266,31462000,94.55901336669922
GOOGL,2021-01-27,93.74549865722656,94.02349853515625,89.86399841308594,90.9469985961914,82512000,90.14763641357422
GOOGL,2021-01-28,91.55000305175781,94.39949798583984,91.55000305175781,92.660003662109375,55278000,91.84558868408203
GOOGL,2021-01-29,91.70099639892578,92.37699890136719,90.0780029296875,91.36799621582031,44530000,90.56492614746094
GOOGL,2021-02-01,92.22949981689453,95.7770004272461,92.22949981689453,94.65350341796875,40252000,93.821563720703125
GOOGL,2021-02-02,95.65650177001953,97.46849822998047,95.31849670410156,95.95600128173828,66332000,95.11262512207031
GOOGL,2021-02-03,103.28050231933594,105.33100128173828,100.67749786376953,102.94400024414063,97882000,102.03919982910156
GOOGL,2021-02-04,103.03099822998047,103.46499633789063,101.75499725341797,102.68150329589844,48596000,101.77899932861328
GOOGL,2021-02-05,102.97799682617188,104.7969970703125,102.5,104.44149780273438,29866000,103.5235366821289
GOOGL,2021-02-08,105,105.75,103.1675033569336,104.22599792480469,28828000,103.3099365234375
GOOGL,2021-02-09,103.73999786376953,104.92549896240234,103.5,103.76950073242188,21892000,102.8574447631836
GOOGL,2021-02-10,104.15699768066406,104.94400024414063,102.61199951171875,104.3239974975586,25102000,103.40706634521484
GOOGL,2021-02-11,104.55000305175781,104.69999694824219,103.44300079345703,104.4375,20480000,103.51956176757813
GOOGL,2021-02-12,103.9885025024414,104.9749984741211,103.67849731445313,104.75150299072266,18990000,103.830810546875
GOOGL,2021-02-16,104.5875015258789,107.25700378417969,104.5875015258789,105.53500366210938,31004000,104.607421875
GOOGL,2021-02-17,104.6989974975586,106.12200164794922,104.4175033569336,105.93099975585938,20294000,104.99995422363281
GOOGL,2021-02-18,105.25,106.09950256347656,104.66649627685547,105.29049682617188,22546000,104.36505889892578
GOOGL,2021-02-19,105.3895034790039,105.92900085449219,104.17150115966797,104.44049835205078,37938000,103.52253723144531
GOOGL,2021-02-22,102.68000030517578,104.0165023803711,102.4000015258789,102.71299743652344,29466000,101.81021881103516
GOOGL,2021-02-23,100.69950103759766,103.625,99.5114974975586,103.00599670410156,34658000,102.10065460205078
GOOGL,2021-02-24,101.50199890136719,104.41600036621094,101.37650299072266,104.19049835205078,22608000,103.27474212646484
GOOGL,2021-02-25,102.79650115966797,104.1500015258789,100.32450103759766,100.79750061035156,41548000,99.91156005859375
GOOGL,2021-02-26,101.49749755859375,102.82599639892578,100.05049896240234,101.09549713134766,40042000,100.20693969726563
GOOGL,2021-03-01,102.4000015258789,103.8115005493164,101.72100067138672,103.48300170898438,26060000,102.57347106933594
GOOGL,2021-03-02,103.24199676513672,104.73699951171875,102.83350372314453,103.2239990234375,25564000,102.31672668457031
GOOGL,2021-03-03,102.59750366210938,103.79949951171875,99.69999694824219,100.57050323486328,33892000,99.68656158447266
GOOGL,2021-03-04,100.74349975585938,103.72949981689453,100.27149963378906,101.69650268554688,49216000,100.80266571044922
GOOGL,2021-03-05,103.05750274658203,105.30999755859375,101.38899993896484,104.85350036621094,53100000,103.93190002441406
GOOGL,2021-03-08,104.2030029296875,105.68699645996094,100.2594985961914,100.375,36868000,99.4927749633789
GOOGL,2021-03-09,102.48750305175781,103.19599914550781,101.77999877929688,102.01799774169922,33920000,101.121337890625
GOOGL,2021-03-10,103.06999969482422,103.06999969482422,100.96649932861328,101.80950164794922,27100000,100.91466522216797
GOOGL,2021-03-11,102.91100311279297,105.5634994506836,102.82250213623047,105.0270004272461,27702000,104.10389709472656
GOOGL,2021-03-12,103.82050323486328,103.88050079345703,101.62100219726563,102.5,33818000,101.5990982055664
GOOGL,2021-03-15,102.2490005493164,102.74949645996094,101.3895034790039,102.72200012207031,26168000,101.81914520263672
GOOGL,2021-03-16,103.29949951171875,105.68399810791016,102.9645004272461,104.19450378417969,31900000,103.2787094116211
GOOGL,2021-03-17,103.42350006103516,104.94999694824219,102.20600128173828,104.11100006103516,26382000,103.1959228515625
GOOGL,2021-03-18,102.40899658203125,103.4375,100.95899963378906,101.06700134277344,31700000,100.1786880493164
GOOGL,2021-03-19,101.48650360107422,101.85199737548828,100.14649963378906,101.3479995727539,46072000,100.45721435546875
GOOGL,2021-03-22,101.38150024414063,102.41699981689453,100.69999694824219,101.53450012207031,33536000,100.64208984375
GOOGL,2021-03-23,101.99749755859375,103.20549774169922,101.4000015258789,102.06649780273438,28510000,101.16939544677734
GOOGL,2021-03-24,102.58799743652344,103.37999725341797,101.44999694824219,101.62650299072266,25218000,100.73329162597656
GOOGL,2021-03-25,101.45249938964844,102.28199768066406,99.80449676513672,101.62300109863281,35616000,100.72980499267578
GOOGL,2021-03-26,101.5895004272461,101.96949768066406,100.19249725341797,101.23650360107422,27978000,100.34669494628906
GOOGL,2021-03-29,101.10800170898438,102.46050262451172,100.27249908447266,102.28949737548828,26492000,101.39045715332031
GOOGL,2021-03-30,102.64900207519531,103.13349914550781,101.80750274658203,102.32350158691406,27312000,101.42414855957031
GOOGL,2021-03-31,102.72000122070313,104.31300354003906,102.3499984741211,103.1259994506836,42570000,102.21959686279297
GOOGL,2021-04-01,104.61250305175781,106.7874984741211,104.57150268554688,106.48899841308594,39880000,105.55303955078125
GOOGL,2021-04-05,107.35749816894531,111.44950103759766,107.260498046875,110.947998046875,48510000,109.97283172607422
GOOGL,2021-04-06,110.5459976196289,111.4000015258789,110.0895004272461,110.46299743652344,35240000,109.49211120605469
GOOGL,2021-04-07,110.65499877929688,112.2249984741211,110.65499877929688,111.95149993896484,24134000,110.967529296875
GOOGL,2021-04-08,113.19999694824219,113.5895004272461,112.15049743652344,112.52149963378906,28664000,111.53251647949219
GOOGL,2021-04-09,112.27200317382813,113.69850158691406,111.86299896240234,113.53350067138672,26146000,112.5356216430664
GOOGL,2021-04-12,112.70600128173828,112.84449768066406,111.39099884033203,112.23100280761719,25024000,111.24457550048828
GOOGL,2021-04-13,112.54949951171875,113.17350006103516,112.15249633789063,112.72149658203125,25682000,111.73076629638672
GOOGL,2021-04-14,113.37149810791016,113.37149810791016,111.8010025024414,112.09549713134766,21002000,111.1102523803711
GOOGL,2021-04-15,113.09750366210938,114.80000305175781,112.55850219726563,114.26249694824219,29174000,113.25820922851563
GOOGL,2021-04-16,114.46199798583984,114.71199798583984,113.5459976196289,114.13749694824219,26282000,113.13431549072266
GOOGL,2021-04-19,113.50900268554688,115.20449829101563,113.50900268554688,114.48799896240234,30290000,113.48172760009766
GOOGL,2021-04-20,114.87449645996094,114.94999694824219,112.85600280761719,113.95050048828125,22288000,112.94895935058594
GOOGL,2021-04-21,113.60250091552734,114,112.24099731445313,113.9175033569336,23204000,112.91624450683594
GOOGL,2021-04-22,113.7699966430664,114.44400024414063,112.01599884033203,112.6259994506836,24146000,111.63609313964844
GOOGL,2021-04-23,113.3499984741211,115.30599975585938,113.0625,114.99649810791016,29066000,113.98576354980469
GOOGL,2021-04-26,115.22599792480469,116.22650146484375,114.86599731445313,115.49649810791016,32038000,114.48136901855469
GOOGL,2021-04-27,115.88150024414063,115.92250061035156,114.30799865722656,114.54900360107422,44386000,113.54220581054688
GOOGL,2021-04-28,119.625,121.56900024414063,117.66100311279297,117.9520034790039,81106000,116.91529083251953
GOOGL,2021-04-29,119.46150207519531,120.20800018310547,118.69249725341797,119.63800048828125,41234000,118.58647918701172
GOOGL,2021-04-30,118.4010009765625,119.09249877929688,117.3280029296875,117.67500305175781,44856000,116.64071655273438
GOOGL,2021-05-03,118.24549865722656,119.07749938964844,116.7750015258789,117.15399932861328,28242000,116.1242904663086
GOOGL,2021-05-04,115.67749786376953,116.24949645996094,112.83399963378906,115.34149932861328,44818000,114.3277359008789
GOOGL,2021-05-05,116.43150329589844,116.75,115.41400146484375,115.7385025024414,26636000,114.72126007080078
GOOGL,2021-05-06,115.31649780273438,116.86750030517578,114.6520004272461,116.86750030517578,25190000,115.84032440185547
GOOGL,2021-05-07,118.19450378417969,118.5625,117.30799865722656,117.59649658203125,28898000,116.56291961669922
GOOGL,2021-05-10,116.40699768066406,116.55000305175781,114.22699737548828,114.5875015258789,30914000,113.5803451538086
GOOGL,2021-05-11,112.15350341796875,114.01399993896484,111.69599914550781,113.50299835205078,34186000,112.50538635253906
GOOGL,2021-05-12,111.30950164794922,112.39900207519531,109.68099975585938,110.01249694824219,46376000,109.04556274414063
GOOGL,2021-05-13,111.30599975585938,111.97200012207031,110.33599853515625,111.4520034790039,33204000,110.47241973876953
GOOGL,2021-05-14,112.927001953125,114.23600006103516,112.5,113.91899871826172,31996000,112.91773223876953
GOOGL,2021-05-17,113.17849731445313,114.48899841308594,112.77549743652344,114.44599914550781,21598000,113.44010925292969
GOOGL,2021-05-18,115.11750030517578,115.38400268554688,113.1094970703125,113.12349700927734,22204000,112.12921905517578
GOOGL,2021-05-19,111.42150115966797,113.74949645996094,111.27200317382813,113.57499694824219,23684000,112.5767593383789
GOOGL,2021-05-20,114.55000305175781,115.5999984741211,114.1760025024414,115.34750366210938,32352000,114.33368682861328
GOOGL,2021-05-21,115.87049865722656,115.94450378417969,114.46499633789063,114.70649719238281,40632000,113.69830322265625
GOOGL,2021-05-24,115.74449920654297,118.27749633789063,115.5979995727539,118.052001953125,31832000,117.014404296875
GOOGL,2021-05-25,118.5999984741211,119.19999694824219,117.75,118.14350128173828,22440000,117.1051025390625
GOOGL,2021-05-26,118.32599639892578,119.44950103759766,118.322998046875,119.0155029296875,21572000,117.96945190429688
GOOGL,2021-05-27,119.45249938964844,119.45249938964844,117.81300354003906,118.13400268554688,35224000,117.095703125
GOOGL,2021-05-28,118.72100067138672,118.80349731445313,117.64250183105469,117.84249877929688,21482000,116.8067398071289
GOOGL,2021-06-01,118.72200012207031,119.2854995727539,117.71399688720703,119.05899810791016,23354000,118.0125503540039
GOOGL,2021-06-02,119.4574966430664,119.68199920654297,117.61799621582031,118.52950286865234,21158000,117.48772430419922
GOOGL,2021-06-03,117.2864990234375,117.85099792480469,116.47599792480469,117.37899780273438,18696000,116.3473129272461
GOOGL,2021-06-04,118.4635009765625,119.95149993896484,118.12049865722656,119.67849731445313,24458000,118.62661743164063
GOOGL,2021-06-07,119.47200012207031,120.22550201416016,119.05000305175781,120.11499786376953,24120000,119.05927276611328
GOOGL,2021-06-08,120.60050201416016,120.97599792480469,119.73899841308594,119.9219970703125,24240000,118.86797332763672
GOOGL,2021-06-09,120.57150268554688,120.64399719238281,119.84500122070313,120.39700317382813,17942000,119.33880615234375
GOOGL,2021-06-10,120.34600067138672,121.80000305175781,120.18900299072266,121.75650024414063,25904000,120.68634796142578
GOOGL,2021-06-11,122,122.08599853515625,120.947998046875,121.51000213623047,21958000,120.44202423095703
GOOGL,2021-06-14,121.61299896240234,122.44599914550781,120.9000015258789,122.44550323486328,22098000,121.36930084228516
GOOGL,2021-06-15,122.44999694824219,122.77549743652344,121.05599975585938,121.41950225830078,21562000,120.35231018066406
GOOGL,2021-06-16,121.5719985961914,121.88600158691406,119.47000122070313,120.77249908447266,26472000,119.71099853515625
GOOGL,2021-06-17,120.69750213623047,122.52249908447266,120.5,121.74349975585938,25842000,120.6734619140625
GOOGL,2021-06-18,121.36699676513672,121.60299682617188,120.01499938964844,120.11100006103516,46116000,119.05531311035156
GOOGL,2021-06-21,120.50050354003906,122,119.89849853515625,121.8125,27414000,120.74185943603516
GOOGL,2021-06-22,121.75,122.4000015258789,121.06400299072266,122.33049774169922,22390000,121.25529479980469
GOOGL,2021-06-23,122.09349822998047,123.09549713134766,121.83450317382813,122.12699890136719,19148000,121.05359649658203
GOOGL,2021-06-24,122.69999694824219,123.05549621582031,122.30000305175781,122.5,21362000,121.42330932617188
GOOGL,2021-06-25,122,122.63300323486328,121.56500244140625,122.50849914550781,34594000,121.4317398071289
GOOGL,2021-06-28,122.67849731445313,122.78500366210938,121.40550231933594,122.53600311279297,28526000,121.4590072631836
GOOGL,2021-06-29,122.67050170898438,123.02100372314453,121.69100189208984,122.27249908447266,23108000,121.19779968261719
GOOGL,2021-06-30,121.99449920654297,122.25700378417969,121.35449981689453,122.0895004272461,24474000,121.01641082763672
GOOGL,2021-07-01,121.7249984741211,122.58699798583984,121.53150177001953,122.44450378417969,18110000,121.36831665039063
GOOGL,2021-07-02,123.1500015258789,125.40399932861328,123.05950164794922,125.25749969482422,25982000,124.15657806396484
GOOGL,2021-07-06,125.64849853515625,126.4280014038086,124.5824966430664,126.19000244140625,26404000,125.08088684082031
GOOGL,2021-07-07,127.16200256347656,127.28399658203125,126.15299987792969,126.4739990234375,24060000,125.36238861083984
GOOGL,2021-07-08,124.0260009765625,125.59549713134766,124.02200317382813,125.04399871826172,23790000,123.94496154785156
GOOGL,2021-07-09,125.0250015258789,125.7344970703125,124.55149841308594,125.51850128173828,18632000,124.41527557373047
GOOGL,2021-07-12,126.1780014038086,127.06950378417969,125.61100006103516,126.97550201416016,17668000,125.8594741821289
GOOGL,2021-07-13,127.03849792480469,128.0574951171875,126.67449951171875,127.34149932861328,19240000,126.22225952148438
GOOGL,2021-07-14,127.95800018310547,129.32650756835938,127.91449737548828,128.23699951171875,23742000,127.10987854003906
GOOGL,2021-07-15,128.6490020751953,128.6999969482422,126.52999877929688,127.00499725341797,24218000,125.88871002197266
GOOGL,2021-07-16,127.66300201416016,127.8115005493164,126.15350341796875,126.97000122070313,20424000,125.8540267944336
GOOGL,2021-07-19,126.0895004272461,126.20500183105469,123.50499725341797,124.5780029296875,27968000,123.48303985595703
GOOGL,2021-07-20,125.52749633789063,127.04299926757813,124.35050201416016,126.20950317382813,26312000,125.10021209716797
GOOGL,2021-07-21,126.13349914550781,127.59600067138672,126.02349853515625,127.54900360107422,20746000,126.42794036865234
GOOGL,2021-07-22,127.84400177001953,128.48300170898438,127.4990005493164,128.42149353027344,14302000,127.29275512695313
GOOGL,2021-07-23,130.4304962158203,133.3990020751953,129.80050659179688,133.01499938964844,41506000,131.84588623046875
GOOGL,2021-07-26,133.32850646972656,134.23699951171875,132.30149841308594,134.03500366210938,30572000,132.85693359375
GOOGL,2021-07-27,134.25050354003906,134.3990020751953,130.10400390625,131.89999389648438,54710000,130.74066162109375
GOOGL,2021-07-28,136.31199645996094,138.2969970703125,135.27749633789063,136.093994140625,95130000,134.89784240722656
GOOGL,2021-07-29,136.14999389648438,136.66099548339844,135.54299926757813,135.77749633789063,31716000,134.5841064453125
GOOGL,2021-07-30,135.03500366210938,135.30450439453125,134.2550048828125,134.72650146484375,25576000,133.5423583984375
GOOGL,2021-08-02,135.11700439453125,135.3365020751953,133.79400634765625,134.85450744628906,21634000,133.66920471191406
GOOGL,2021-08-03,135.13499450683594,135.73199462890625,133.3195037841797,135.6300048828125,20762000,134.43792724609375
GOOGL,2021-08-04,135.34950256347656,135.64950561523438,134.48699951171875,135.12550354003906,19676000,133.9378662109375
GOOGL,2021-08-05,135.6804962158203,136.35000610351563,134.8459930419922,136.25149536132813,17870000,135.05393981933594
GOOGL,2021-08-06,136.04200744628906,136.47250366210938,135.2100067138672,135.73849487304688,20488000,134.54544067382813
GOOGL,2021-08-09,135.9425048828125,137.1840057373047,135.33949279785156,136.91299438476563,17760000,135.70962524414063
GOOGL,2021-08-10,137.3419952392578,137.7725067138672,136.364501953125,136.8070068359375,19414000,135.60458374023438
GOOGL,2021-08-11,137.18150329589844,137.6824951171875,136.27149963378906,136.2790069580078,15352000,135.08120727539063
GOOGL,2021-08-12,135.97549438476563,137.3000030517578,135.42550659179688,137.19400024414063,16506000,135.98817443847656
GOOGL,2021-08-13,137.25,137.85650634765625,137.0330047607422,137.7274932861328,15948000,136.51695251464844
GOOGL,2021-08-16,137.52499389648438,138.3625030517578,135.2989959716797,138.3094940185547,22384000,137.0938262939453
GOOGL,2021-08-17,137.75,138.2655029296875,136.08200073242188,136.6614990234375,21716000,135.46034240722656
GOOGL,2021-08-18,136.5,137.10450744628906,135.32150268554688,135.44900512695313,19258000,134.2584991455078
GOOGL,2021-08-19,134.4355010986328,136.3524932861328,134.25,135.67999267578125,21782000,134.4874725341797
GOOGL,2021-08-20,136,137.5540008544922,135.25,137.42950439453125,31194000,136.2216033935547
GOOGL,2021-08-23,137.96949768066406,140.87449645996094,137.6074981689453,140.04150390625,28454000,138.8106231689453
GOOGL,2021-08-24,140.6114959716797,142.0800018310547,140.3385009765625,141.26150512695313,19268000,140.01991271972656
GOOGL,2021-08-25,141.625,142.1894989013672,141.37600708007813,142.07899475097656,15848000,140.83021545410156
GOOGL,2021-08-26,141.75,142.41749572753906,141.35699462890625,141.4405059814453,20610000,140.1973419189453
GOOGL,2021-08-27,141.65249633789063,144.5124969482422,141.4969940185547,144.00399780273438,28780000,142.73828125
GOOGL,2021-08-30,144.39999389648438,145.9705047607422,144.16299438476563,144.5904998779297,24434000,143.31964111328125
GOOGL,2021-08-31,145.14700317382813,145.17149353027344,144.281005859375,144.69749450683594,22448000,143.42572021484375
GOOGL,2021-09-01,145,146.25399780273438,144.8834991455078,145.2154998779297,21936000,143.93917846679688
GOOGL,2021-09-02,145.21600341796875,145.51950073242188,143.18499755859375,143.28700256347656,32342000,142.0276336669922
GOOGL,2021-09-03,143.08050537109375,144.15499877929688,142.40049743652344,143.739501953125,19850000,142.4761199951172
GOOGL,2021-09-07,143.83450317382813,144.56500244140625,143.61900329589844,144.28050231933594,20124000,143.0123748779297
GOOGL,2021-09-08,144.10000610351563,144.39999389648438,143,143.6909942626953,18344000,142.4280548095703
GOOGL,2021-09-09,143.8404998779297,144.3105010986328,143.17750549316406,143.54100036621094,15314000,142.27938842773438
GOOGL,2021-09-10,144.21249389648438,144.718505859375,140.73800659179688,140.87600708007813,36840000,139.63780212402344
GOOGL,2021-09-13,141.94949340820313,142.9499969482422,141.25,142.33250427246094,22094000,141.08148193359375
GOOGL,2021-09-14,142.99549865722656,143.36300659179688,141.75,142.54449462890625,19674000,141.29164123535156
GOOGL,2021-09-15,142.77149963378906,144.45050048828125,141.34750366210938,144.42950439453125,27408000,143.16006469726563
GOOGL,2021-09-16,143.95050048828125,144.3000030517578,142.40150451660156,143.61000061035156,26190000,142.34776306152344
GOOGL,2021-09-17,143.03050231933594,143.4499969482422,140.47000122070313,140.8000030517578,53384000,139.5624542236328
GOOGL,2021-09-20,138.1614990234375,139,136.32200622558594,138.71949768066406,46518000,137.50025939941406
GOOGL,2021-09-21,139.74949645996094,140.01150512695313,138.2779998779297,139.0330047607422,25332000,137.81100463867188
GOOGL,2021-09-22,139.3040008544922,140.88699340820313,138.55149841308594,140.2834930419922,25056000,139.0504913330078
GOOGL,2021-09-23,140.9875030517578,141.69650268554688,140.40150451660156,141.21600341796875,20952000,139.9748077392578
GOOGL,2021-09-24,140.5384979248047,142.33050537109375,140.24099731445313,142.21499633789063,22984000,140.9650421142578
GOOGL,2021-09-27,140.80450439453125,141.93850708007813,140.0675048828125,141.07200622558594,21882000,139.83206176757813
GOOGL,2021-09-28,138.65499877929688,139.09649658203125,135.36000061035156,135.8300018310547,45772000,134.6361541748047
GOOGL,2021-09-29,136.97999572753906,137.1510009765625,133.86500549316406,134.35350036621094,30848000,133.17263793945313
GOOGL,2021-09-30,134.26150512695313,135.54249572753906,133.55599975585938,133.67599487304688,37996000,132.5010528564453
GOOGL,2021-10-01,134.44749450683594,136.91050720214844,134.072998046875,136.54299926757813,35360000,135.34288024902344
GOOGL,2021-10-04,135.9604949951172,135.9604949951172,131.0500030517578,133.6595001220703,51202000,132.48471069335938
GOOGL,2021-10-05,134.04100036621094,137.22450256347656,134.04100036621094,136.0229949951172,32404000,134.82745361328125
GOOGL,2021-10-06,134.75,137.75,134.5500030517578,137.56500244140625,24364000,136.35589599609375
GOOGL,2021-10-07,138.89199829101563,140.04200744628906,138.6510009765625,139.22500610351563,25110000,138.00132751464844
GOOGL,2021-10-08,139.57699584960938,140.33099365234375,139.21749877929688,139.78550720214844,26526000,138.55690002441406
GOOGL,2021-10-11,139.29200744628906,140.71200561523438,138.85899353027344,138.91400146484375,17954000,137.69305419921875
GOOGL,2021-10-12,139.47999572753906,139.5070037841797,135.75999450683594,136.44900512695313,36332000,135.24969482421875
GOOGL,2021-10-13,137.40249633789063,138,136.5189971923828,137.58200073242188,19654000,136.37278747558594
GOOGL,2021-10-14,139.4739990234375,141.33749389648438,138.8249969482422,141.1510009765625,31894000,139.91036987304688
GOOGL,2021-10-15,141.614501953125,141.71800231933594,140.7550048828125,141.3679962158203,30274000,140.12548828125
GOOGL,2021-10-18,141.07650756835938,142.79600524902344,141.0695037841797,142.7779998779297,20396000,141.52310180664063
GOOGL,2021-10-19,143.3874969482422,143.66250610351563,142.60000610351563,143.23699951171875,20164000,141.97804260253906
GOOGL,2021-10-20,143.33799743652344,143.54600524902344,141.37649536132813,141.7689971923828,23288000,140.52294921875
GOOGL,2021-10-21,141.7689971923828,142.156005859375,140.5,141.88600158691406,26292000,140.63893127441406
GOOGL,2021-10-22,139.14999389648438,140.58299255371094,136.05599975585938,137.56649780273438,50588000,136.3573760986328
GOOGL,2021-10-25,137.5500030517578,138,135.4239959716797,137.44700622558594,34412000,136.23895263671875
GOOGL,2021-10-26,139.2635040283203,140.08299255371094,138.30450439453125,139.30850219726563,49236000,138.08407592773438
GOOGL,2021-10-27,139.40499877929688,148.64999389648438,139.40499877929688,146.21749877929688,85782000,144.932373046875
GOOGL,2021-10-28,147.13450622558594,147.1580047607422,144.6269989013672,145.8489990234375,36206000,144.5670928955078
GOOGL,2021-10-29,145.0780029296875,148.24200439453125,144.64950561523438,148.04600524902344,43320000,146.74476623535156
GOOGL,2021-11-01,148.04600524902344,148.04600524902344,143.22549438476563,143.4969940185547,46924000,142.2357635498047
GOOGL,2021-11-02,144.57949829101563,146.60899353027344,144.3354949951172,145.4324951171875,33482000,144.1542510986328
GOOGL,2021-11-03,145.90049743652344,146.66900634765625,144.59100341796875,146.59800720214844,27494000,145.30950927734375
GOOGL,2021-11-04,147.12449645996094,149.73350524902344,146.30799865722656,148.2675018310547,38412000,146.96434020996094
GOOGL,2021-11-05,149.16949462890625,150.32749938964844,148.19700622558594,148.8520050048828,38354000,147.54368591308594
GOOGL,2021-11-08,149.8249969482422,150.61500549316406,148.4304962158203,149.031005859375,23052000,147.7211151123047
GOOGL,2021-11-09,149.23300170898438,149.83450317382813,147.2449951171875,148.9185028076172,19530000,147.60960388183594
GOOGL,2021-11-10,147.5,148.07000732421875,144.53750610351563,145.89349365234375,29970000,144.61119079589844
GOOGL,2021-11-11,146.489501953125,147.53550720214844,145.60049438476563,145.76649475097656,16518000,144.48529052734375
GOOGL,2021-11-12,146.61549377441406,148.85000610351563,145.41099548339844,148.67799377441406,22360000,147.37120056152344
GOOGL,2021-11-15,148.90049743652344,149.54949951171875,147.5749969482422,148.45199584960938,23508000,147.14720153808594
GOOGL,2021-11-16,148.14950561523438,148.7624969482422,147.3125,147.87600708007813,18904000,146.57630920410156
GOOGL,2021-11-17,148.02749633789063,148.5594940185547,147.24000549316406,148.0469970703125,19594000,146.74575805664063
GOOGL,2021-11-18,148.2415008544922,150.58050537109375,147.88450622558594,149.8385009765625,35608000,148.5215301513672
GOOGL,2021-11-19,149.97549438476563,150.9665069580078,148.8990020751953,148.92649841308594,33682000,147.6175537109375
GOOGL,2021-11-22,149.33250427246094,149.82949829101563,146.1475067138672,146.302001953125,30594000,145.01609802246094
GOOGL,2021-11-23,146.1529998779297,146.66000366210938,144.11500549316406,145.78199768066406,27218000,144.50067138671875
GOOGL,2021-11-24,145.47349548339844,146.24949645996094,144.3730010986328,146.1199951171875,18040000,144.83570861816406
GOOGL,2021-11-26,144.34849548339844,144.5574951171875,141.84249877929688,142.18299865722656,30470000,140.9333038330078
GOOGL,2021-11-29,144,146.29750061035156,143.89349365234375,145.53050231933594,32596000,144.2513885498047
GOOGL,2021-11-30,145.0084991455078,146,141.60150146484375,141.8975067138672,42068000,140.6503143310547
GOOGL,2021-12-01,144,145.95050048828125,140.91200256347656,141.05149841308594,34020000,139.81175231933594
GOOGL,2021-12-02,141.25,143.864501953125,140.21449279785156,142.96600341796875,29194000,141.70944213867188
GOOGL,2021-12-03,143.68099975585938,144.39999389648438,140.30099487304688,142.00149536132813,41230000,140.75341796875
GOOGL,2021-12-06,143.04049682617188,143.8524932861328,140.14999389648438,143.15499877929688,30618000,141.89674377441406
GOOGL,2021-12-07,145.59649658203125,147.531005859375,145.2274932861328,147.26950073242188,32240000,145.97509765625
GOOGL,2021-12-08,147.59649658203125,148.39300537109375,146.406005859375,148.18649291992188,24270000,146.884033203125
GOOGL,2021-12-09,147.59100341796875,149.10000610351563,147.11500549316406,147.6385040283203,23270000,146.34088134765625
GOOGL,2021-12-10,148.6999969482422,148.9774932861328,146.70399475097656,148.00149536132813,24458000,146.70066833496094
GOOGL,2021-12-13,147.781494140625,147.97000122070313,145.5175018310547,145.82650756835938,27070000,144.5447998046875
GOOGL,2021-12-14,143.96800231933594,144.47999572753906,141.21499633789063,143.90699768066406,38446000,142.64215087890625
GOOGL,2021-12-15,143.40899658203125,146.7209930419922,141.67799377441406,146.4409942626953,36370000,145.1538848876953
GOOGL,2021-12-16,147.17050170898438,147.677001953125,143.60699462890625,144.44500732421875,33650000,143.1754608154297
GOOGL,2021-12-17,142.5,143.83450317382813,141.3000030517578,141.72500610351563,50416000,140.47933959960938
GOOGL,2021-12-20,140,141.77450561523438,139.3209991455078,141.60699462890625,27192000,140.36239624023438
GOOGL,2021-12-21,142.05349731445313,143.86900329589844,140.50250244140625,143.47250366210938,28756000,142.2115020751953
GOOGL,2021-12-22,143.0675048828125,146.5,143.0675048828125,146.4149932861328,26322000,145.1281280517578
GOOGL,2021-12-23,146.5,148.24349975585938,146.45199584960938,146.91650390625,26384000,145.62521362304688
GOOGL,2021-12-27,147.25599670410156,148.343994140625,147.16949462890625,147.906494140625,15976000,146.60647583007813
GOOGL,2021-12-28,148.23599243164063,148.2989959716797,146.05450439453125,146.68699645996094,18200000,145.39773559570313
GOOGL,2021-12-29,146.64450073242188,147.41700744628906,145.6475067138672,146.65499877929688,17788000,145.36602783203125
GOOGL,2021-12-30,146.69400024414063,147.3000030517578,145.9945068359375,146.20050048828125,15688000,144.91549682617188
GOOGL,2021-12-31,146.0500030517578,146.69850158691406,144.8520050048828,144.8520050048828,18136000,143.578857421875
GOOGL,2022-01-03,145.05499267578125,145.8509979248047,143.71299743652344,144.9915008544922,28646000,143.7171173095703
GOOGL,2022-01-04,145.39599609375,146.48500061035156,143.7165069580078,144.39950561523438,28400000,143.13034057617188
GOOGL,2022-01-05,144.4199981689453,144.49949645996094,137.68800354003906,137.77499389648438,54618000,136.5640411376953
GOOGL,2022-01-06,136.99850463867188,139.94000244140625,136.55850219726563,137.74749755859375,37348000,136.5367889404297
GOOGL,2022-01-07,138.14549255371094,138.44850158691406,135.76649475097656,137.01699829101563,29760000,135.81271362304688
GOOGL,2022-01-10,135.0780029296875,138.8195037841797,133.1645050048828,138.66949462890625,44408000,137.45068359375
GOOGL,2022-01-11,138.0070037841797,140.21600341796875,136.6925048828125,139.73599243164063,28730000,138.5078125
GOOGL,2022-01-12,141.14999389648438,142.60800170898438,140.6945037841797,141.4304962158203,26108000,140.18740844726563
GOOGL,2022-01-13,141.5399932861328,142.85000610351563,138.40899658203125,138.58700561523438,31436000,137.3689422607422
GOOGL,2022-01-14,137.07899475097656,140.74200439453125,136.99850463867188,139.48049926757813,29662000,138.2545623779297
GOOGL,2022-01-18,136.1750030517578,137.13150024414063,135.43850708007813,135.9980010986328,34872000,134.8026885986328
GOOGL,2022-01-19,136.52349853515625,137.95950317382813,135.0155029296875,135.1165008544922,28648000,133.9289093017578
GOOGL,2022-01-20,136.25,137.62600708007813,132.96449279785156,133.3074951171875,29908000,132.1358184814453
GOOGL,2022-01-21,132.593505859375,134.86549377441406,130.0865020751953,130.35150146484375,55652000,129.205810546875
GOOGL,2022-01-24,125.97799682617188,131.2030029296875,124.5,130.8040008544922,76622000,129.6543426513672
GOOGL,2022-01-25,128.74000549316406,129.3990020751953,126.50050354003906,126.93499755859375,46960000,125.8193359375
GOOGL,2022-01-26,131.11900329589844,133,127.14199829101563,129.23300170898438,49130000,128.0971221923828
GOOGL,2022-01-27,131.3040008544922,132.65249633789063,128.9324951171875,129.0050048828125,31950000,127.87113952636719
GOOGL,2022-01-28,129.65899658203125,133.35650634765625,128.48500061035156,133.3509979248047,34362000,132.17893981933594
GOOGL,2022-01-31,134.16200256347656,135.47300720214844,132.20950317382813,135.30349731445313,39986000,134.11428833007813
GOOGL,2022-02-01,137.59449768066406,137.79299926757813,134.36849975585938,137.6439971923828,68644000,136.4342041015625
GOOGL,2022-02-02,151.25,151.54649353027344,145.5225067138672,148,123200000,146.69918823242188
GOOGL,2022-02-03,145.70550537109375,149.6750030517578,142.66549682617188,143.08999633789063,71518000,141.8323516845703
GOOGL,2022-02-04,143.4445037841797,144.875,140.51499938964844,143.29299926757813,57998000,142.03355407714844
GOOGL,2022-02-07,144.25,144.25,138.89999389648438,139.2010040283203,54974000,137.9775390625
GOOGL,2022-02-08,139.02650451660156,140,137.01400756835938,139.3990020751953,54284000,138.17379760742188
GOOGL,2022-02-09,140.9635009765625,142.52450561523438,140.18699645996094,141.5919952392578,40144000,140.3474884033203
GOOGL,2022-02-10,139.70350646972656,141.4844970703125,137.95700073242188,138.6199951171875,39330000,137.401611328125
GOOGL,2022-02-11,138.60000610351563,139.156494140625,133.39999389648438,134.28250122070313,39958000,133.1022491455078
GOOGL,2022-02-14,133.25650024414063,136.3000030517578,133.25650024414063,135.5260009765625,34302000,134.33482360839844
GOOGL,2022-02-15,137.57049560546875,138.10850524902344,135.82150268554688,136.60850524902344,26680000,135.4077911376953
GOOGL,2022-02-16,136.64649963378906,138.08599853515625,134.9239959716797,137.73800659179688,25022000,136.5273895263672
GOOGL,2022-02-17,136.2429962158203,137.11349487304688,132.47850036621094,132.53900146484375,38950000,131.37408447265625
GOOGL,2022-02-18,133.4669952392578,134.07000732421875,130.19650268554688,130.4029998779297,45620000,129.25686645507813
GOOGL,2022-02-22,129.83799743652344,132.1804962158203,128.22349548339844,129.81350708007813,44990000,128.6725311279297
GOOGL,2022-02-23,131.64849853515625,132.05099487304688,127.52749633789063,127.58799743652344,32786000,126.46658325195313
GOOGL,2022-02-24,124.95349884033203,133,124.95349884033203,132.6909942626953,54456000,131.5247344970703
GOOGL,2022-02-25,133.552001953125,135.27149963378906,131.75149536132813,134.45950317382813,36406000,133.27769470214844
GOOGL,2022-02-28,133.0500030517578,135.75149536132813,132.59249877929688,135.0570068359375,38864000,133.8699493408203
GOOGL,2022-03-01,134.8784942626953,136.2554931640625,133.218505859375,134.06149291992188,26496000,132.88319396972656
GOOGL,2022-03-02,134.6280059814453,135.2624969482422,133.07150268554688,134.57150268554688,23520000,133.38870239257813
GOOGL,2022-03-03,136.00999450683594,136.4394989013672,133.02549743652344,133.89950561523438,24604000,132.7226104736328
GOOGL,2022-03-04,132.92750549316406,133.85150146484375,130.33749389648438,131.906494140625,30430000,130.7471466064453
GOOGL,2022-03-07,131.48800659179688,131.73500061035156,126.29499816894531,126.37850189208984,45112000,125.2677230834961
GOOGL,2022-03-08,126.25,131.25,125.67449951171875,127.10449981689453,40428000,125.98734283447266
GOOGL,2022-03-09,131.25,133.73550415039063,129.90049743652344,133.4199981689453,37026000,132.247314453125
GOOGL,2022-03-10,131.26600646972656,133.27200317382813,130.91250610351563,132.42950439453125,27102000,131.26556396484375
GOOGL,2022-03-11,133.48849487304688,133.79550170898438,129.63150024414063,129.87049865722656,31526000,128.72903442382813
GOOGL,2022-03-14,130.25,130.40899658203125,125.2750015258789,125.95099639892578,38812000,124.84397888183594
GOOGL,2022-03-15,126.97599792480469,129.85450744628906,125.72049713134766,129.197998046875,30920000,128.0624542236328
GOOGL,2022-03-16,130.73300170898438,133.33299255371094,128.7344970703125,133.28050231933594,35576000,132.10903930664063
GOOGL,2022-03-17,133.1490020751953,134.08050537109375,132.18499755859375,133.83900451660156,28264000,132.66265869140625
GOOGL,2022-03-18,133.42449951171875,136.24400329589844,132.2584991455078,136.12550354003906,44566000,134.92906188964844
GOOGL,2022-03-21,136.1634979248047,137.0500030517578,134.09249877929688,136.10150146484375,26832000,134.90525817871094
GOOGL,2022-03-22,136.10150146484375,141.0500030517578,136.10150146484375,139.8679962158203,35496000,138.63865661621094
GOOGL,2022-03-23,138.70249938964844,139.5885009765625,137.8350067138672,138.27549743652344,25154000,137.06015014648438
GOOGL,2022-03-24,139.1999969482422,141.61900329589844,137.75050354003906,141.57200622558594,26396000,140.32769775390625
GOOGL,2022-03-25,141.91600036621094,142.03500366210938,139.7375030517578,141.67300415039063,24126000,140.42779541015625
GOOGL,2022-03-28,140.90049743652344,142.00250244140625,139.81149291992188,141.45550537109375,35050000,140.21218872070313
GOOGL,2022-03-29,142.6475067138672,143.7935028076172,142.0384979248047,142.5054931640625,34318000,141.25294494628906
GOOGL,2022-03-30,142.4600067138672,142.7205047607422,141.60000610351563,141.93850708007813,19884000,140.69093322753906
GOOGL,2022-03-31,142.05299377441406,142.10800170898438,139.02450561523438,139.0675048828125,37524000,137.84521484375
GOOGL,2022-04-01,139.5,140.4709930419922,138.3074951171875,140.15049743652344,25942000,138.91868591308594
GOOGL,2022-04-04,140.35850524902344,143.71200561523438,140.3105010986328,142.97149658203125,25942000,141.71485900878906
GOOGL,2022-04-05,142.86900329589844,142.99049377441406,140.38250732421875,140.59100341796875,21418000,139.35531616210938
GOOGL,2022-04-06,138.75,139.36050415039063,135.51699829101563,136.54800415039063,32468000,135.34783935546875
GOOGL,2022-04-07,136.00999450683594,137.1645050048828,134.2274932861328,135.8885040283203,26234000,134.69412231445313
GOOGL,2022-04-08,135.58349609375,135.6699981689453,132.9654998779297,133.28750610351563,25142000,132.11599731445313
GOOGL,2022-04-11,131.82350158691406,132.09249877929688,128.6685028076172,128.82350158691406,36884000,127.69123077392578
GOOGL,2022-04-12,131.60000610351563,131.60000610351563,126.78900146484375,127.7145004272461,32710000,126.59197998046875
GOOGL,2022-04-13,128,130.33399963378906,127.74099731445313,129.8939971923828,27928000,128.7523193359375
GOOGL,2022-04-14,130.47950744628906,130.47950744628906,126.60099792480469,126.7300033569336,31598000,125.61614227294922
GOOGL,2022-04-18,127,128.21249389648438,126.18199920654297,127.67649841308594,20808000,126.5543212890625
GOOGL,2022-04-19,127.69149780273438,130.33299255371094,126.99949645996094,130.00900268554688,26490000,128.8663330078125
GOOGL,2022-04-20,130.89199829101563,131.3990020751953,127.5,128.0399932861328,31696000,126.91461944580078
GOOGL,2022-04-21,129.25,130.09849548339844,124.52649688720703,124.81449890136719,36446000,123.71746826171875
GOOGL,2022-04-22,125,125.4020004272461,118.92500305175781,119.635498046875,56884000,118.58397674560547
GOOGL,2022-04-25,119.10099792480469,123.27749633789063,118.51100158691406,123.0739974975586,46128000,121.99227142333984
GOOGL,2022-04-26,122.29450225830078,122.51000213623047,118.51100158691406,118.6500015258789,73054000,117.60716247558594
GOOGL,2022-04-27,114.46949768066406,117.24199676513672,112.73650360107422,114.29450225830078,91820000,113.28994750976563
GOOGL,2022-04-28,116.41500091552734,119.64949798583984,114.11499786376953,118.52249908447266,48884000,117.48077392578125
GOOGL,2022-04-29,116.7344970703125,117.91999816894531,113.81449890136719,114.1094970703125,42676000,113.10655212402344
GOOGL,2022-05-02,113.40499877929688,116.74549865722656,112.5999984741211,116.58300018310547,35534000,115.55831909179688
GOOGL,2022-05-03,116.43049621582031,118.44200134277344,116.03450012207031,117.33399963378906,24968000,116.3027114868164
GOOGL,2022-05-04,117.03150177001953,122.85449981689453,115.11599731445313,122.26100158691406,49916000,121.1864013671875
GOOGL,2022-05-05,120.2040023803711,121.03900146484375,115.00550079345703,116.50550079345703,45840000,115.48149871826172
GOOGL,2022-05-06,115.18450164794922,117.57150268554688,114.0155029296875,115.74649810791016,39710000,114.72916412353516
GOOGL,2022-05-09,113.25,115.0770034790039,112.00050354003906,112.51100158691406,40802000,111.52210235595703
GOOGL,2022-05-10,115.50749969482422,116.25,112.90049743652344,114.3949966430664,39900000,113.3895492553711
GOOGL,2022-05-11,113.23650360107422,116.364501953125,113.23650360107422,113.60250091552734,37534000,112.60401916503906
GOOGL,2022-05-12,111.37750244140625,114.29499816894531,109.82450103759766,112.84400177001953,53836000,111.85218811035156
GOOGL,2022-05-13,114.53299713134766,117.875,113.6050033569336,116.05049896240234,35038000,115.03048706054688
GOOGL,2022-05-16,114.95549774169922,116.16999816894531,113.8895034790039,114.44499969482422,25990000,113.4391098022461
GOOGL,2022-05-17,116.84049987792969,116.9000015258789,114.87000274658203,116.4729995727539,23054000,115.44928741455078
GOOGL,2022-05-18,115,115.4000015258789,111.55549621582031,111.89949798583984,35126000,110.9159927368164
GOOGL,2022-05-19,111.43150329589844,113.01000213623047,110,110.38400268554688,34144000,109.4137954711914
GOOGL,2022-05-20,111.95099639892578,112.18350219726563,105.79650115966797,108.90799713134766,48962000,107.95077514648438
GOOGL,2022-05-23,109.5875015258789,112.14749908447266,108.74099731445313,111.48799896240234,37184000,110.50810241699219
GOOGL,2022-05-24,105.77200317382813,106.45850372314453,101.8844985961914,105.97000122070313,76780000,105.0385971069336
GOOGL,2022-05-25,104.9854965209961,106.5,103.85649871826172,105.80500030517578,40258000,104.87505340576172
GOOGL,2022-05-26,105.677001953125,108.64949798583984,105.2249984741211,107.7925033569336,37948000,106.84510040283203
GOOGL,2022-05-27,109.48300170898438,112.31800079345703,109.13849639892578,112.31649780273438,37914000,111.32931518554688
GOOGL,2022-05-31,112.74649810791016,115.73500061035156,112.07849884033203,113.76200103759766,50012000,112.76212310791016
GOOGL,2022-06-01,114.8550033569336,117.10150146484375,113.25,113.89199829101563,36606000,112.8909683227539
GOOGL,2022-06-02,114,117.89949798583984,112.94650268554688,117.62249755859375,37992000,116.58869171142578
GOOGL,2022-06-03,116.0625,116.32150268554688,113.51850128173828,114.54100036621094,26136000,113.53425598144531
GOOGL,2022-06-06,116.70449829101563,119.34700012207031,116.16400146484375,116.82050323486328,33542000,115.79373168945313
GOOGL,2022-06-07,115.48049926757813,117.69100189208984,115.052001953125,117.14949798583984,31590000,116.11984252929688
GOOGL,2022-06-08,116.7614974975586,118.57050323486328,116.5999984741211,117.19400024414063,26108000,116.16394805908203
GOOGL,2022-06-09,116.32749938964844,118.29900360107422,114.7760009765625,114.83550262451172,25798000,113.82616424560547
GOOGL,2022-06-10,112.44499969482422,113.27899932861328,110.36599731445313,111.1614990234375,41452000,110.1844711303711
GOOGL,2022-06-13,106.7864990234375,108.79149627685547,106.11900329589844,106.39250183105469,47252000,105.45738983154297
GOOGL,2022-06-14,106.53500366210938,107.92449951171875,105.80000305175781,106.71549987792969,33706000,105.77754211425781
GOOGL,2022-06-15,108.54499816894531,111.42350006103516,107.66950225830078,109.7645034790039,39698000,108.79975128173828
GOOGL,2022-06-16,107.22100067138672,108.64849853515625,105.13800048828125,106.03350067138672,51684000,105.1015396118164
GOOGL,2022-06-17,106.03350067138672,108.69950103759766,105.0459976196289,107.14350128173828,51376000,106.2017822265625
GOOGL,2022-06-21,108.92949676513672,112.489501953125,108.5999984741211,111.54399871826172,47416000,110.56360626220703
GOOGL,2022-06-22,110.55650329589844,113.34649658203125,110.38249969482422,111.48750305175781,30774000,110.50761413574219
GOOGL,2022-06-23,112.23149871826172,112.74250030517578,110.50050354003906,112.24199676513672,28362000,111.25548553466797
GOOGL,2022-06-24,112.99500274658203,118.0790023803711,112.95249938964844,117.9749984741211,41164000,116.93807220458984
GOOGL,2022-06-27,118.27300262451172,118.57949829101563,115.17949676513672,115.83350372314453,36420000,114.8154067993164
GOOGL,2022-06-28,115.80249786376953,117.30950164794922,111.8479995727539,112.00749969482422,35792000,111.02303314208984
GOOGL,2022-06-29,111.552001953125,113.1604995727539,110.87249755859375,111.70149993896484,24716000,110.7197265625
GOOGL,2022-06-30,110,110.88800048828125,106.75,108.96299743652344,43170000,108.00529479980469
GOOGL,2022-07-01,107.93299865722656,109.25,106.73049926757813,108.73750305175781,35476000,107.78177642822266
GOOGL,2022-07-05,107.10050201416016,113.37699890136719,105.73149871826172,113.26300048828125,39342000,112.26748657226563
GOOGL,2022-07-06,113.302001953125,115.5895004272461,111.47599792480469,114.5719985961914,37432000,113.56499481201172
GOOGL,2022-07-07,115.08000183105469,119.18949890136719,114.83350372314453,118.78299713134766,40936000,117.7389907836914
GOOGL,2022-07-08,117.25,119.68499755859375,116.90149688720703,119.35350036621094,38238000,118.3044662475586
GOOGL,2022-07-11,117.99800109863281,117.99800109863281,115.33049774169922,115.67649841308594,31196000,114.6597900390625
GOOGL,2022-07-12,116.21499633789063,116.9739990234375,113.69000244140625,114.02050018310547,29960000,113.01834869384766
GOOGL,2022-07-13,111.70099639892578,114.19599914550781,111.20149993896484,111.35350036621094,43722000,110.3747787475586
GOOGL,2022-07-14,110.21050262451172,111.09300231933594,108.37300109863281,110.36750030517578,37004000,109.3974609375
GOOGL,2022-07-15,112.00050354003906,113.1405029296875,110.9000015258789,111.77749633789063,46770000,110.7950439453125
GOOGL,2022-07-18,112.63999938964844,113.68000030517578,108.37000274658203,109.02999877929688,43164600,108.07169342041016
GOOGL,2022-07-19,110.8499984741211,114.0199966430664,109.55999755859375,113.80999755859375,36530900,112.80970001220703
GOOGL,2022-07-20,113.16999816894531,115.4000015258789,112.4800033569336,113.9000015258789,35600400,112.8989028930664
GOOGL,2022-07-21,114.27999877929688,114.55000305175781,111.11000061035156,114.33999633789063,32676200,113.33502960205078
GOOGL,2022-07-22,111,112.33999633789063,106.5,107.9000015258789,48901200,106.95164489746094
GOOGL,2022-07-25,108.41000366210938,109.87000274658203,106.30000305175781,107.51000213623047,34690900,106.56507110595703
GOOGL,2022-07-26,106.5999984741211,107.19999694824219,104.06999969482422,105.0199966430664,47991000,104.09695434570313
GOOGL,2022-07-27,109.26000213623047,113.91000366210938,108.01000213623047,113.05999755859375,59858500,112.06629180908203
GOOGL,2022-07-28,112.37000274658203,114.33999633789063,111.45999908447266,114.22000122070313,32816600,113.21607971191406
GOOGL,2022-07-29,113.08000183105469,116.70999908447266,113.05999755859375,116.31999969482422,37223400,115.29763793945313
GOOGL,2022-08-01,115.30000305175781,116.72000122070313,114.33999633789063,114.86000061035156,26034300,113.85045623779297
GOOGL,2022-08-02,114,116.3499984741211,113.72000122070313,115.12999725341797,20236000,114.11808776855469
GOOGL,2022-08-03,115.70999908447266,118.62000274658203,115.4800033569336,118.08000183105469,28499000,117.04217529296875
GOOGL,2022-08-04,117.4800033569336,118.77999877929688,116.88999938964844,118.19000244140625,21602900,117.15118408203125
GOOGL,2022-08-05,116.2300033569336,118.11000061035156,116,117.47000122070313,19159500,116.43753051757813
GOOGL,2022-08-08,118.38999938964844,120.1500015258789,116.87999725341797,117.30000305175781,19138300,116.26901245117188
GOOGL,2022-08-09,117.13999938964844,117.31999969482422,115.70999908447266,116.62999725341797,19086500,115.60490417480469
GOOGL,2022-08-10,118.77999877929688,120.91999816894531,118.41000366210938,119.69999694824219,30930400,118.64791870117188
GOOGL,2022-08-11,121.27999877929688,121.48999786376953,118.55999755859375,118.83999633789063,24293700,117.79547119140625
GOOGL,2022-08-12,120.26000213623047,121.68000030517578,119.45999908447266,121.68000030517578,19096300,120.61051940917969
GOOGL,2022-08-15,121.12999725341797,122.30000305175781,120.61000061035156,122.08000183105469,19494800,121.00701141357422
GOOGL,2022-08-16,121.5199966430664,122.43000030517578,120.63999938964844,121.69999694824219,19041200,120.63034057617188
GOOGL,2022-08-17,120.12000274658203,121.29000091552734,119.37999725341797,119.55000305175781,22847000,118.4992446899414
GOOGL,2022-08-18,119.43000030517578,120.81999969482422,118.72000122070313,120.16999816894531,17987700,119.11380004882813
GOOGL,2022-08-19,119.05999755859375,119.1500015258789,116.76000213623047,117.20999908447266,21809500,116.1798095703125
GOOGL,2022-08-22,115.19999694824219,115.62999725341797,113.8499984741211,114.23999786376953,21456600,113.23590850830078
GOOGL,2022-08-23,113.4800033569336,115.01000213623047,113.43000030517578,113.86000061035156,15870400,112.85924530029297
GOOGL,2022-08-24,113.5,114.77999877929688,112.87000274658203,113.69000244140625,17734600,112.69075012207031
GOOGL,2022-08-25,114.23999786376953,116.72000122070313,114.11000061035156,116.6500015258789,16956800,115.62474060058594
GOOGL,2022-08-26,114.72000122070313,115.12000274658203,110.19000244140625,110.33999633789063,37245700,109.37019348144531
GOOGL,2022-08-29,109.98999786376953,110.94999694824219,108.80000305175781,109.41999816894531,21191200,108.45829010009766
GOOGL,2022-08-30,110.16999816894531,110.5,107.80000305175781,108.94000244140625,27513300,107.98251342773438
GOOGL,2022-08-31,110.6500015258789,110.8499984741211,108.12999725341797,108.22000122070313,28627000,107.2688217163086
GOOGL,2022-09-01,108.27999877929688,110.44999694824219,107.36000061035156,109.73999786376953,28360900,108.77545928955078
GOOGL,2022-09-02,110.58999633789063,110.73999786376953,107.26000213623047,107.8499984741211,24160700,106.90206909179688
GOOGL,2022-09-06,107.30000305175781,108.02999877929688,105.77999877929688,106.80999755859375,25068300,105.8712158203125
GOOGL,2022-09-07,107.05999755859375,109.9800033569336,106.9000015258789,109.44999694824219,23167000,108.4880142211914
GOOGL,2022-09-08,108.04000091552734,109.5999984741211,107.16000366210938,108.37999725341797,24238300,107.42742156982422
GOOGL,2022-09-09,109.06999969482422,110.98999786376953,109.0199966430664,110.6500015258789,23197700,109.6774673461914
GOOGL,2022-09-12,110.98999786376953,111.62000274658203,109.93000030517578,110.86000061035156,22966800,109.88561248779297
GOOGL,2022-09-13,107.80000305175781,108.30000305175781,104.08999633789063,104.31999969482422,38172900,103.4030990600586
GOOGL,2022-09-14,104.56999969482422,105.27999877929688,103.66000366210938,105,26395100,104.0771255493164
GOOGL,2022-09-15,104.02999877929688,105.2699966430664,102.3499984741211,102.91000366210938,34188300,102.0054931640625
GOOGL,2022-09-16,102.06999969482422,103.12999725341797,100.94000244140625,102.80000305175781,42797200,101.89645385742188
GOOGL,2022-09-19,101.75,103.33000183105469,101.55000305175781,103.06999969482422,23036800,102.16409301757813
GOOGL,2022-09-20,102.08000183105469,102.37000274658203,100.5199966430664,101.13999938964844,26517100,100.25105285644531
GOOGL,2022-09-21,101.66999816894531,102.87999725341797,99.2699966430664,99.279998779296875,31487300,98.40738677978516
GOOGL,2022-09-22,98.81999969482422,101.23999786376953,98.79000091552734,100.13999938964844,34298600,99.25984954833984
GOOGL,2022-09-23,99.62999725341797,99.660003662109375,97.470001220703125,98.73999786376953,31625400,97.87213897705078
GOOGL,2022-09-26,98.0999984741211,99.87999725341797,97.80000305175781,98.16999816894531,27072700,97.307159423828125
GOOGL,2022-09-27,99.43000030517578,100,96.87000274658203,97.5,30072800,96.6430435180664
GOOGL,2022-09-28,97.6500015258789,100.69999694824219,97.11000061035156,100.05000305175781,32466300,99.1706314086914
GOOGL,2022-09-29,98.63999938964844,98.63999938964844,95.95999908447266,97.41999816894531,31047200,96.5637435913086
GOOGL,2022-09-30,97.05000305175781,98.9000015258789,95.55999755859375,95.6500015258789,32941500,94.80931091308594
GOOGL,2022-10-03,96.76000213623047,99.29000091552734,96.5199966430664,98.63999938964844,27982000,97.77303314208984
GOOGL,2022-10-04,100.44000244140625,101.83999633789063,100.37999725341797,101.63999938964844,28850800,100.74665832519531
GOOGL,2022-10-05,99.83000183105469,101.93000030517578,98.80000305175781,101.43000030517578,22176900,100.53850555419922
GOOGL,2022-10-06,100.68000030517578,102.93000030517578,100.58999633789063,101.41999816894531,22324000,100.52857971191406
GOOGL,2022-10-07,99.8499984741211,100.52999877929688,98.30000305175781,98.68000030517578,27502800,97.81266784667969
GOOGL,2022-10-10,99,99.0999984741211,97.01000213623047,97.86000061035156,18225100,96.99989318847656
GOOGL,2022-10-11,97.43000030517578,99.25,96.30999755859375,97.18000030517578,26507100,96.32585906982422
GOOGL,2022-10-12,97.30000305175781,98.75,96.73999786376953,97.55999755859375,21876400,96.70249938964844
GOOGL,2022-10-13,95.1500015258789,99.779998779296875,94.37999725341797,99.05999755859375,34574500,98.1893310546875
GOOGL,2022-10-14,99.98999786376953,100.69000244140625,96.37000274658203,96.55999755859375,25410700,95.7113037109375
GOOGL,2022-10-17,98.86000061035156,100.93000030517578,98.83000183105469,99.970001220703125,28419200,99.09132385253906
GOOGL,2022-10-18,103.12999725341797,103.47000122070313,99.970001220703125,100.7699966430664,24060700,99.884307861328125
GOOGL,2022-10-19,100.01000213623047,101.0199966430664,98.91999816894531,99.62999725341797,23811100,98.75432586669922
GOOGL,2022-10-20,100,102.31999969482422,99.38999938964844,99.970001220703125,25323200,99.09132385253906
GOOGL,2022-10-21,97.8499984741211,101.30999755859375,97.720001220703125,101.12999725341797,32458700,100.24112701416016
GOOGL,2022-10-24,101.80000305175781,102.75,99.9800033569336,102.5199966430664,27176400,101.6189193725586
GOOGL,2022-10-25,102.9000015258789,104.81999969482422,102.72000122070313,104.4800033569336,40611400,103.56169891357422
GOOGL,2022-10-26,96.43000030517578,98.30999755859375,94.69000244140625,94.93000030517578,88114100,94.09563446044922
GOOGL,2022-10-27,94.5199966430664,95.43000030517578,91.80000305175781,92.220001220703125,60710900,91.40946197509766
GOOGL,2022-10-28,92.2699966430664,96.55000305175781,92.12999725341797,96.29000091552734,43697300,95.44368743896484
GOOGL,2022-10-31,95.41999816894531,96.029998779296875,93.9800033569336,94.51000213623047,31675000,93.67933654785156
GOOGL,2022-11-01,95.44999694824219,96.029998779296875,90.37000274658203,90.470001220703125,47161400,89.674835205078125
GOOGL,2022-11-02,90.94000244140625,91.18000030517578,86.87999725341797,86.970001220703125,57038300,86.205596923828125
GOOGL,2022-11-03,86.31999969482422,86.5199966430664,83.339996337890625,83.43000030517578,61288000,82.69671630859375
GOOGL,2022-11-04,85.4000015258789,86.63999938964844,83.70999908447266,86.58000183105469,51124900,85.81902313232422
GOOGL,2022-11-07,87.279998779296875,88.9000015258789,86.8499984741211,88.48999786376953,34078900,87.71223449707031
GOOGL,2022-11-08,88.9000015258789,90.31999969482422,87.589996337890625,88.9000015258789,30429000,88.11863708496094
GOOGL,2022-11-09,88.44999694824219,89.44000244140625,87.279998779296875,87.31999969482422,31769100,86.55252838134766
GOOGL,2022-11-10,92.25,94.38999938964844,91.61000061035156,93.94000244140625,51620100,93.11433410644531
GOOGL,2022-11-11,94.69000244140625,96.93000030517578,93.91999816894531,96.410003662109375,33090500,95.56262969970703
GOOGL,2022-11-14,95.089996337890625,96.79000091552734,94.51000213623047,95.69999694824219,30179500,94.8588638305664
GOOGL,2022-11-15,98.26000213623047,100.13999938964844,96.70999908447266,98.44000244140625,41640800,97.57478332519531
GOOGL,2022-11-16,97.9000015258789,99.63999938964844,97.63999938964844,98.8499984741211,29105200,97.98116302490234
GOOGL,2022-11-17,96.970001220703125,99.279998779296875,96.79000091552734,98.36000061035156,26052600,97.49549102783203
GOOGL,2022-11-18,98.7699966430664,98.9000015258789,96.37000274658203,97.43000030517578,28342300,96.57366180419922
GOOGL,2022-11-21,97.29000091552734,98.4000015258789,95.36000061035156,95.5999984741211,21647400,94.7597427368164
GOOGL,2022-11-22,95.94999694824219,97.220001220703125,94.05000305175781,97.05000305175781,23438500,96.19700622558594
GOOGL,2022-11-23,97.089996337890625,98.76000213623047,97.089996337890625,98.45999908447266,18868100,97.5946044921875
GOOGL,2022-11-25,98.23999786376953,98.63999938964844,97.4000015258789,97.45999908447266,9701400,96.60340118408203
GOOGL,2022-11-28,97.04000091552734,97.58000183105469,95.61000061035156,96.05000305175781,26237500,95.20579528808594
GOOGL,2022-11-29,95.7300033569336,96.12000274658203,94.11000061035156,95.19000244140625,20061700,94.35334777832031
GOOGL,2022-11-30,94.81999969482422,101.04000091552734,94.41999816894531,100.98999786376953,43647500,100.10236358642578
GOOGL,2022-12-01,101.0199966430664,102.25,100.25,100.98999786376953,28687100,100.10236358642578
GOOGL,2022-12-02,99.05000305175781,100.7699966430664,98.9000015258789,100.44000244140625,21480700,99.55720520019531
GOOGL,2022-12-05,99.4000015258789,101.37999725341797,99,99.4800033569336,24405100,98.60563659667969
GOOGL,2022-12-06,99.30000305175781,99.779998779296875,96.41999816894531,96.9800033569336,24910700,96.12762451171875
GOOGL,2022-12-07,96.410003662109375,96.87999725341797,94.720001220703125,94.94000244140625,31045400,94.10555267333984
GOOGL,2022-12-08,95.37999725341797,95.58000183105469,93.44999694824219,93.70999908447266,32213300,92.88634490966797
GOOGL,2022-12-09,93.7699966430664,94.26000213623047,92.75,92.83000183105469,28225400,92.01408386230469
GOOGL,2022-12-12,92.70999908447266,93.55999755859375,91.61000061035156,93.30999755859375,29420000,92.48986053466797
GOOGL,2022-12-13,97.76000213623047,99.529998779296875,95.029998779296875,95.62999725341797,40593700,94.78947448730469
GOOGL,2022-12-14,95.19999694824219,96.87000274658203,93.5999984741211,95.06999969482422,28733600,94.23439025878906
GOOGL,2022-12-15,93.12999725341797,93.63999938964844,90.01000213623047,90.86000061035156,40107000,90.06140899658203
GOOGL,2022-12-16,90.76000213623047,91.33000183105469,89.5199966430664,90.26000213623047,58011800,89.46668243408203
GOOGL,2022-12-19,90.26000213623047,90.55999755859375,88.20999908447266,88.44000244140625,29493000,87.66267395019531
GOOGL,2022-12-20,88.11000061035156,89.18000030517578,87.44000244140625,89.0199966430664,23453800,88.2375717163086
GOOGL,2022-12-21,89.08000183105469,90.220001220703125,88.31999969482422,89.58000183105469,24745600,88.79264831542969
GOOGL,2022-12-22,88.160003662109375,88.54000091552734,86.31999969482422,87.76000213623047,27658300,86.9886474609375
GOOGL,2022-12-23,87.11000061035156,89.55000305175781,87.06999969482422,89.2300033569336,23003000,88.44572448730469
GOOGL,2022-12-27,88.80000305175781,88.94000244140625,87.01000213623047,87.38999938964844,20097300,86.62190246582031
GOOGL,2022-12-28,86.9800033569336,88.04000091552734,85.94000244140625,86.0199966430664,19523200,85.263946533203125
GOOGL,2022-12-29,86.62000274658203,88.8499984741211,86.61000061035156,88.44999694824219,23333500,87.6725845336914
GOOGL,2022-12-30,86.9800033569336,88.30000305175781,86.56999969482422,88.2300033569336,23986300,87.45452880859375
GOOGL,2023-01-03,89.589996337890625,91.05000305175781,88.5199966430664,89.12000274658203,28131200,88.3366928100586
GOOGL,2023-01-04,90.3499984741211,90.6500015258789,87.2699966430664,88.08000183105469,34854800,87.30583953857422
GOOGL,2023-01-05,87.470001220703125,87.56999969482422,85.9000015258789,86.19999694824219,27194400,85.4423599243164
GOOGL,2023-01-06,86.79000091552734,87.69000244140625,84.86000061035156,87.339996337890625,41381500,86.57234191894531
GOOGL,2023-01-09,88.36000061035156,90.05000305175781,87.86000061035156,88.0199966430664,29003900,87.2463607788086
GOOGL,2023-01-10,85.9800033569336,88.66999816894531,85.83000183105469,88.41999816894531,30467800,87.6428451538086
GOOGL,2023-01-11,89.18000030517578,91.5999984741211,89.01000213623047,91.5199966430664,26862000,90.7155990600586
GOOGL,2023-01-12,91.4800033569336,91.87000274658203,89.75,91.12999725341797,30258100,90.32903289794922
GOOGL,2023-01-13,90.8499984741211,92.19000244140625,90.12999725341797,92.12000274658203,26329200,91.310333251953125
GOOGL,2023-01-17,92.05999755859375,92.25,90.05000305175781,91.29000091552734,32602400,90.48762512207031
GOOGL,2023-01-18,92.13999938964844,92.80000305175781,90.63999938964844,91.12000274658203,29116700,90.3191146850586
GOOGL,2023-01-19,90.720001220703125,93.61000061035156,90.62999725341797,93.05000305175781,37000400,92.23217010498047
GOOGL,2023-01-20,95.0999984741211,98.30000305175781,95.0199966430664,98.0199966430664,63191100,97.15846252441406
GOOGL,2023-01-23,97.94999694824219,100.04000091552734,97.5,99.79000091552734,40005100,98.91292572021484
GOOGL,2023-01-24,98.0999984741211,99.61000061035156,97.19999694824219,97.69999694824219,33078500,96.8412857055664
GOOGL,2023-01-25,95.56999969482422,96.160003662109375,93.76000213623047,95.220001220703125,42330000,94.383087158203125
GOOGL,2023-01-26,96.5,97.56999969482422,95.37999725341797,97.5199966430664,30114000,96.6628646850586
GOOGL,2023-01-27,97.30999755859375,100.31999969482422,97.30999755859375,99.37000274658203,33879800,98.496612548828125
GOOGL,2023-01-30,97.4800033569336,98.29000091552734,96.4000015258789,96.94000244140625,27226200,96.08797454833984
GOOGL,2023-01-31,96.87000274658203,98.87999725341797,96.81999969482422,98.839996337890625,29870700,97.97126770019531
GOOGL,2023-02-01,98.70999908447266,101.19000244140625,97.58000183105469,100.43000030517578,35531100,99.54729461669922
GOOGL,2023-02-02,105.80000305175781,107.8499984741211,105.61000061035156,107.73999786376953,69883800,106.79302978515625
GOOGL,2023-02-03,102.93000030517578,107.80999755859375,102.58000183105469,104.77999877929688,65309300,103.85905456542969
GOOGL,2023-02-06,102.4000015258789,104.36000061035156,101.87999725341797,102.9000015258789,31999600,101.99559020996094
GOOGL,2023-02-07,103.22000122070313,108.18000030517578,103.12000274658203,107.63999938964844,49010200,106.69392395019531
GOOGL,2023-02-08,102.05000305175781,103.13999938964844,98.04000091552734,99.37000274658203,94743500,98.496612548828125
GOOGL,2023-02-09,100,100.02999877929688,93.62999725341797,95.01000213623047,119455000,94.1749267578125
GOOGL,2023-02-10,95.44999694824219,96.75,94.25,94.56999969482422,54980700,93.738800048828125
GOOGL,2023-02-13,94.73999786376953,95.19999694824219,93.839996337890625,94.61000061035156,50076100,93.77845001220703
GOOGL,2023-02-14,94.43000030517578,94.8499984741211,92.26000213623047,94.68000030517578,54726100,93.84782409667969
GOOGL,2023-02-15,94.48999786376953,97.12000274658203,94.1500015258789,96.94000244140625,50169000,96.08797454833984
GOOGL,2023-02-16,95.37000274658203,97.68000030517578,94.73999786376953,95.51000213623047,42462600,94.67053985595703
GOOGL,2023-02-17,94.8499984741211,95.55999755859375,93.20999908447266,94.3499984741211,34284100,93.52073669433594
GOOGL,2023-02-21,93,93.0999984741211,91.720001220703125,91.79000091552734,33629300,90.98323059082031
GOOGL,2023-02-22,91.69999694824219,92.11000061035156,90.61000061035156,91.6500015258789,30884000,90.8444595336914
GOOGL,2023-02-23,91.91999816894531,91.94000244140625,89.76000213623047,90.88999938964844,41206400,90.09113311767578
GOOGL,2023-02-24,89.44000244140625,89.88999938964844,88.58000183105469,89.12999725341797,36585100,88.34660339355469
GOOGL,2023-02-27,89.87000274658203,90.160003662109375,89.339996337890625,89.87000274658203,27502300,89.0801010131836
GOOGL,2023-02-28,89.33000183105469,91.2300033569336,89.31999969482422,90.05999755859375,30142000,89.2684326171875
GOOGL,2023-03-01,89.9800033569336,91.029998779296875,89.66999816894531,90.36000061035156,31111200,89.56578826904297
GOOGL,2023-03-02,89.660003662109375,92.279998779296875,89.589996337890625,92,32204400,91.1913833618164
GOOGL,2023-03-03,92.4800033569336,93.7300033569336,92.44999694824219,93.6500015258789,35160100,92.8268814086914
GOOGL,2023-03-06,94.0199966430664,95.970001220703125,94,95.12999725341797,32639300,94.29386901855469
GOOGL,2023-03-07,94.9800033569336,95.66999816894531,93.529998779296875,93.86000061035156,27835500,93.03504943847656
GOOGL,2023-03-08,94.12000274658203,95.95999908447266,94,94.25,34103300,93.4216079711914
GOOGL,2023-03-09,94.05000305175781,95.529998779296875,91.9000015258789,92.31999969482422,28813500,91.50858306884766
GOOGL,2023-03-10,92.16999816894531,92.79000091552734,90.4000015258789,90.62999725341797,35941000,89.83342742919922
GOOGL,2023-03-13,90.089996337890625,92.56999969482422,89.41999816894531,91.11000061035156,37335600,90.3092041015625
GOOGL,2023-03-14,92.55999755859375,94.36000061035156,92.44000244140625,93.970001220703125,36050200,93.1440658569336
GOOGL,2023-03-15,93.220001220703125,96.93000030517578,92.63999938964844,96.11000061035156,50622100,95.2652587890625
GOOGL,2023-03-16,96.19999694824219,101.19000244140625,95.5,100.31999969482422,65492000,99.438262939453125
GOOGL,2023-03-17,100.26000213623047,102.83999633789063,100.0999984741211,101.62000274658203,61028500,100.72683715820313
GOOGL,2023-03-20,100.12000274658203,101.75,99.87000274658203,101.22000122070313,32960400,100.3303451538086
GOOGL,2023-03-21,101.25,105.0999984741211,101.22000122070313,104.91999816894531,42110300,103.99783325195313
GOOGL,2023-03-22,104.2699966430664,106.58999633789063,103.33000183105469,103.37000274658203,43427400,102.46145629882813
GOOGL,2023-03-23,105.05999755859375,106.30000305175781,104.45999908447266,105.5999984741211,40797800,104.67184448242188
GOOGL,2023-03-24,104.98999786376953,105.48999786376953,103.83999633789063,105.44000244140625,30393300,104.51326751708984
GOOGL,2023-03-27,104.62000274658203,104.76000213623047,101.93000030517578,102.45999908447266,31120900,101.55944061279297
GOOGL,2023-03-28,102.44000244140625,102.44999694824219,99.73999786376953,101.02999877929688,32057900,100.14202117919922
GOOGL,2023-03-29,102.27999877929688,102.48999786376953,100.6500015258789,101.38999938964844,28779600,100.49884796142578
GOOGL,2023-03-30,100.91000366210938,101.16000366210938,99.779998779296875,100.88999938964844,33086200,100.00325775146484
GOOGL,2023-03-31,101.30000305175781,103.88999938964844,101.04000091552734,103.7300033569336,36863400,102.81829071044922
GOOGL,2023-04-03,102.38999938964844,104.52999877929688,101.93000030517578,104.36000061035156,25035400,103.4427490234375
GOOGL,2023-04-04,104.33000183105469,105.58000183105469,104.04000091552734,104.72000122070313,24420100,103.7995834350586
GOOGL,2023-04-05,105.77999877929688,106.0999984741211,103.66000366210938,104.47000122070313,28290500,103.55178833007813
GOOGL,2023-04-06,105.26000213623047,109.16999816894531,104.33000183105469,108.41999816894531,48711500,107.4670639038086
GOOGL,2023-04-10,106.9800033569336,107.58999633789063,105.12000274658203,106.44000244140625,27067400,105.50446319580078
GOOGL,2023-04-11,106.55000305175781,106.7300033569336,104.68000030517578,105.3499984741211,26311800,104.42403411865234
GOOGL,2023-04-12,106.58000183105469,106.75,104.33999633789063,104.63999938964844,24370300,103.72027587890625
GOOGL,2023-04-13,105.83999633789063,107.48999786376953,105.83999633789063,107.43000030517578,24843600,106.48577880859375
GOOGL,2023-04-14,106.88999938964844,108.94000244140625,106.83999633789063,108.87000274658203,26578000,107.91312408447266
GOOGL,2023-04-17,104.66000366210938,106.16000366210938,104.5199966430664,105.97000122070313,37571200,105.0385971069336
GOOGL,2023-04-18,106.48999786376953,106.54000091552734,104.06999969482422,104.5,26596400,103.58151245117188
GOOGL,2023-04-19,103.58000183105469,104.9800033569336,103.06999969482422,104.18000030517578,20905700,103.26432800292969
GOOGL,2023-04-20,103.91000366210938,106.25,103.87000274658203,105.29000091552734,27820800,104.36456298828125
GOOGL,2023-04-21,105.47000122070313,106,104.77999877929688,105.41000366210938,25800100,104.4835205078125
GOOGL,2023-04-24,105.48999786376953,106.62999725341797,104.69999694824219,105.97000122070313,23542800,105.0385971069336
GOOGL,2023-04-25,105.83000183105469,106.69000244140625,103.83999633789063,103.8499984741211,46664100,102.9372329711914
GOOGL,2023-04-26,104.91999816894531,106.3499984741211,102.62999725341797,103.70999908447266,53347600,102.7984619140625
GOOGL,2023-04-27,104.44999694824219,108.37000274658203,103.54000091552734,107.58999633789063,50089200,106.64436340332031
GOOGL,2023-04-28,107.04000091552734,107.3499984741211,105.08999633789063,107.33999633789063,36139800,106.39654541015625
GOOGL,2023-05-01,106.83999633789063,107.98999786376953,106.81999969482422,107.19999694824219,26681700,106.25778198242188
GOOGL,2023-05-02,107.13999938964844,107.19999694824219,103.70999908447266,105.31999969482422,30997200,104.39431762695313
GOOGL,2023-05-03,105.52999877929688,107.48999786376953,104.95999908447266,105.41000366210938,21795400,104.4835205078125
GOOGL,2023-05-04,105.48999786376953,105.5999984741211,103.97000122070313,104.69000244140625,23419500,103.76985931396484
GOOGL,2023-05-05,104.81999969482422,105.87999725341797,104.11000061035156,105.56999969482422,26639300,104.64212036132813
GOOGL,2023-05-08,105.18000030517578,107.95999908447266,105.16000366210938,107.7699966430664,26511400,106.8227767944336
GOOGL,2023-05-09,108.38999938964844,110.1500015258789,107.19000244140625,107.3499984741211,36360100,106.40647888183594
GOOGL,2023-05-10,107.97000122070313,112.94000244140625,107.93000030517578,111.75,63153400,110.7677993774414
GOOGL,2023-05-11,115.4000015258789,117.91999816894531,114.41000366210938,116.56999969482422,78900000,115.5454330444336
GOOGL,2023-05-12,116.68000030517578,118.02999877929688,116.11000061035156,117.51000213623047,41102300,116.47718048095703
GOOGL,2023-05-15,116.11000061035156,118.4800033569336,116.01000213623047,116.51000213623047,36266800,115.4859619140625
GOOGL,2023-05-16,116.48999786376953,120.75,116.43000030517578,119.51000213623047,45035600,118.4595947265625
GOOGL,2023-05-17,119.61000061035156,121.66999816894531,118.88999938964844,120.83999633789063,33323600,119.77789306640625
GOOGL,2023-05-18,120.94999694824219,123.30999755859375,120.83000183105469,122.83000183105469,35234200,121.75041961669922
GOOGL,2023-05-19,123.55000305175781,125.97000122070313,122.1500015258789,122.76000213623047,41353400,121.6810302734375
GOOGL,2023-05-22,122.94000244140625,126.43000030517578,122.73999786376953,125.05000305175781,35253000,123.9509048461914
GOOGL,2023-05-23,124.16000366210938,124.62999725341797,122.20999908447266,122.55999755859375,34046300,121.48278045654297
GOOGL,2023-05-24,121.12000274658203,121.91000366210938,119.86000061035156,120.9000015258789,34182600,119.83737182617188
GOOGL,2023-05-25,124.5199966430664,125.31999969482422,121.95999908447266,123.4800033569336,42317000,122.39471435546875
GOOGL,2023-05-26,123.16999816894531,125.26000213623047,122.44999694824219,124.61000061035156,35635900,123.5147705078125
GOOGL,2023-05-30,125.63999938964844,125.66000366210938,122,123.66999816894531,35076700,122.58303833007813
GOOGL,2023-05-31,122.75,124.05999755859375,122.5,122.87000274658203,37325800,121.7900619506836
GOOGL,2023-06-01,122.81999969482422,124.41999816894531,122.62000274658203,123.72000122070313,30772700,122.6325912475586
GOOGL,2023-06-02,123.98999786376953,126.1500015258789,123.76000213623047,124.66999816894531,26980100,123.5742416381836
GOOGL,2023-06-05,124.01000213623047,127.43000030517578,123.83999633789063,126.01000213623047,32305500,124.90245819091797
GOOGL,2023-06-06,126.01000213623047,128.2899932861328,125.36000061035156,127.30999755859375,26638300,126.19103240966797
GOOGL,2023-06-07,126.97000122070313,129.0399932861328,122.12000274658203,122.5,52539000,121.42330932617188
GOOGL,2023-06-08,122.2300033569336,123.2300033569336,121.23999786376953,122.13999938964844,29389200,121.06646728515625
GOOGL,2023-06-09,122.25,123.76000213623047,121.91000366210938,122.2300033569336,23778300,121.15568542480469
GOOGL,2023-06-12,122.79000091552734,124.05000305175781,121.66000366210938,123.63999938964844,28306400,122.55328369140625
GOOGL,2023-06-13,124.9800033569336,125.16000366210938,123.18000030517578,123.83000183105469,22278300,122.74162292480469
GOOGL,2023-06-14,123.0999984741211,124.05000305175781,121.44999694824219,123.66999816894531,30592300,122.58303833007813
GOOGL,2023-06-15,123.13999938964844,125.45999908447266,122.4000015258789,125.08999633789063,35246300,123.99054718017578
GOOGL,2023-06-16,125.93000030517578,126.11000061035156,123.27999877929688,123.52999877929688,45535600,122.44426727294922
GOOGL,2023-06-20,122.93000030517578,124.56999969482422,122.13999938964844,123.0999984741211,26097500,122.0180435180664
GOOGL,2023-06-21,122.4000015258789,122.66000366210938,120.0999984741211,120.55000305175781,30306300,119.49046325683594
GOOGL,2023-06-22,120,123.23999786376953,118.83000183105469,123.1500015258789,26952200,122.06759643554688
GOOGL,2023-06-23,121.37999725341797,122.79000091552734,121.05999755859375,122.33999633789063,34913600,121.26471710205078
GOOGL,2023-06-26,120.76000213623047,122,118.2699966430664,118.33999633789063,33969900,117.29987335205078
GOOGL,2023-06-27,117.08000183105469,119.08000183105469,116.0999984741211,118.33000183105469,39535900,117.28995513916016
GOOGL,2023-06-28,117.08999633789063,120.38999938964844,116.8499984741211,120.18000030517578,27091400,119.12371063232422
GOOGL,2023-06-29,119.23999786376953,120.05999755859375,118.30000305175781,119.0999984741211,24090900,118.05319213867188
GOOGL,2023-06-30,120.16999816894531,121.08000183105469,119.69000244140625,119.69999694824219,29532200,118.64791870117188
GOOGL,2023-07-03,119.23999786376953,120.19000244140625,118.81999969482422,119.9000015258789,14467900,118.84616088867188
GOOGL,2023-07-05,119.23999786376953,122.61000061035156,119.2300033569336,121.75,27584800,120.67990112304688
GOOGL,2023-07-06,119.80000305175781,120.30000305175781,118.4000015258789,120.11000061035156,24745200,119.05431365966797
GOOGL,2023-07-07,120.0999984741211,121.05000305175781,119.4000015258789,119.4800033569336,21709500,118.42986297607422
GOOGL,2023-07-10,118.30000305175781,118.30999755859375,116.13999938964844,116.44999694824219,35315200,115.4264907836914
GOOGL,2023-07-11,116.29000091552734,117.70999908447266,115.3499984741211,117.13999938964844,23078800,116.11042022705078
GOOGL,2023-07-12,118.80000305175781,120.33000183105469,118.41000366210938,118.93000030517578,30404400,117.88468933105469
GOOGL,2023-07-13,120.93000030517578,124.83000183105469,120.44999694824219,124.54000091552734,44297900,123.44538879394531
GOOGL,2023-07-14,124.80000305175781,126.77999877929688,123.48999786376953,125.41999816894531,33283100,124.31763458251953
GOOGL,2023-07-17,125.94000244140625,127.0999984741211,124.19999694824219,124.6500015258789,25716200,123.55441284179688
GOOGL,2023-07-18,124.5999984741211,124.68000030517578,122.95999908447266,123.76000213623047,26193600,122.67223358154297
GOOGL,2023-07-19,124.5999984741211,125.18000030517578,121.80000305175781,122.02999877929688,37224000,120.95743560791016
GOOGL,2023-07-20,121.41999816894531,124.08999633789063,118.22000122070313,119.19999694824219,37906800,118.15231323242188
GOOGL,2023-07-21,120.62000274658203,120.98999786376953,118.7300033569336,120.0199966430664,72937900,118.96510314941406
GOOGL,2023-07-24,121.66000366210938,123,120.9800033569336,121.52999877929688,29686100,120.46184539794922
GOOGL,2023-07-25,121.36000061035156,123.1500015258789,121.0199966430664,122.20999908447266,52509600,121.13585662841797
GOOGL,2023-07-26,130.07000732421875,130.97999572753906,128.32000732421875,129.27000427246094,61682100,128.1338348388672
GOOGL,2023-07-27,131.6699981689453,133.24000549316406,128.7899932861328,129.39999389648438,44952100,128.2626495361328
GOOGL,2023-07-28,130.77999877929688,133.74000549316406,130.57000732421875,132.5800018310547,36591200,131.4147186279297
GOOGL,2023-07-31,132.72999572753906,133.52999877929688,131.77999877929688,132.72000122070313,28055500,131.55348205566406
GOOGL,2023-08-01,130.77999877929688,132.6300048828125,130.67999267578125,131.5500030517578,23166800,130.39376831054688
GOOGL,2023-08-02,129.4499969482422,130.08999633789063,127.55999755859375,128.3800048828125,26273300,127.25162506103516
GOOGL,2023-08-03,127.97000122070313,129.38999938964844,127.41999816894531,128.4499969482422,20089500,127.32102966308594
GOOGL,2023-08-04,129.27999877929688,131.50999450683594,127.91000366210938,128.11000061035156,26147200,126.98399353027344
GOOGL,2023-08-07,129.16000366210938,131.61000061035156,129.02000427246094,131.52999877929688,22746300,130.3739471435547
GOOGL,2023-08-08,130.6199951171875,131.50999450683594,129.5399932861328,131.39999389648438,23535200,130.2450714111328
GOOGL,2023-08-09,131.66000366210938,132.0399932861328,129,129.66000366210938,24912900,128.52037048339844
GOOGL,2023-08-10,131.32000732421875,132.0500030517578,129.4499969482422,129.69000244140625,20857800,128.55010986328125
GOOGL,2023-08-11,128.66000366210938,129.92999267578125,128.1699981689453,129.55999755859375,19591100,128.42124938964844
GOOGL,2023-08-14,129.38999938964844,131.3699951171875,128.9600067138672,131.3300018310547,24695600,130.1757049560547
GOOGL,2023-08-15,131.10000610351563,131.4199981689453,129.27999877929688,129.77999877929688,19770700,128.6393280029297
GOOGL,2023-08-16,128.6999969482422,130.27999877929688,127.87000274658203,128.6999969482422,25216100,127.56880187988281
GOOGL,2023-08-17,129.8000030517578,131.99000549316406,129.2899932861328,129.9199981689453,33446300,128.77809143066406
GOOGL,2023-08-18,128.50999450683594,129.25,126.37999725341797,127.45999908447266,30504800,126.33971405029297
GOOGL,2023-08-21,127.18000030517578,128.72999572753906,126.55999755859375,128.3699951171875,25248700,127.24170684814453
GOOGL,2023-08-22,128.50999450683594,130.27999877929688,128.32000732421875,129.0800018310547,22054900,127.94548797607422
GOOGL,2023-08-23,130.17999267578125,133.41000366210938,129.8699951171875,132.3699951171875,27819700,131.20655822753906
GOOGL,2023-08-24,133.9499969482422,134.25,129.57000732421875,129.77999877929688,28500700,128.6393280029297
GOOGL,2023-08-25,129.5399932861328,130.75999450683594,127.25,129.8800048828125,26762900,128.73846435546875
GOOGL,2023-08-28,131.30999755859375,132.5399932861328,130.13999938964844,131.00999450683594,20543300,129.8585205078125
GOOGL,2023-08-29,132.24000549316406,136.57000732421875,132.24000549316406,134.57000732421875,43075600,133.38722229003906
GOOGL,2023-08-30,134.77999877929688,136.27999877929688,134.07000732421875,135.8800048828125,28315800,134.68569946289063
GOOGL,2023-08-31,136.00999450683594,138,135.7899932861328,136.1699981689453,30053800,134.97314453125
GOOGL,2023-09-01,137.4600067138672,137.4600067138672,134.85000610351563,135.66000366210938,21543700,134.46763610839844
GOOGL,2023-09-05,135.44000244140625,136.4199981689453,134.5800018310547,135.77000427246094,19403100,134.57669067382813
GOOGL,2023-09-06,136.02000427246094,136.52999877929688,133.6699981689453,134.4600067138672,18684500,133.2781982421875
GOOGL,2023-09-07,133.58999633789063,135.5800018310547,132.9499969482422,135.25999450683594,18844300,134.07118225097656
GOOGL,2023-09-08,134.91000366210938,136.66000366210938,134.85000610351563,136.3800048828125,23558300,135.18133544921875
GOOGL,2023-09-11,136.5399932861328,137.47999572753906,135.7899932861328,136.9199981689453,20763400,135.71658325195313
GOOGL,2023-09-12,136.25999450683594,136.8699951171875,135.19000244140625,135.33999633789063,18405500,134.15045166015625
GOOGL,2023-09-13,135.08999633789063,136.89999389648438,134.14999389648438,136.7100067138672,20749500,135.50840759277344
GOOGL,2023-09-14,137.60000610351563,138.6999969482422,136.24000549316406,138.10000610351563,24751000,136.88621520996094
GOOGL,2023-09-15,137.97999572753906,138.52000427246094,136.47999572753906,137.39999389648438,38919600,136.1923370361328
GOOGL,2023-09-18,136.61000061035156,139.16000366210938,136.61000061035156,138.2100067138672,21861300,136.9952392578125
GOOGL,2023-09-19,137.4199981689453,138.41000366210938,136.6199951171875,138.0399932861328,20353700,136.82672119140625
GOOGL,2023-09-20,138.0800018310547,138.0800018310547,133.6199951171875,133.74000549316406,29927500,132.5645294189453
GOOGL,2023-09-21,131.44000244140625,132.22999572753906,130.07000732421875,130.44000244140625,31503900,129.2935333251953
GOOGL,2023-09-22,130.75999450683594,132.02999877929688,129.60000610351563,130.25,26397300,129.10519409179688
GOOGL,2023-09-25,129.8300018310547,131.1699981689453,128.9600067138672,131.11000061035156,20094600,129.95765686035156
GOOGL,2023-09-26,129.77000427246094,130.36000061035156,127.22000122070313,128.57000732421875,25718700,127.43997955322266
GOOGL,2023-09-27,128.57000732421875,130.89999389648438,128.57000732421875,130.5399932861328,22746500,129.39266967773438
GOOGL,2023-09-28,129.83999633789063,133.3000030517578,129.7899932861328,132.30999755859375,22513100,131.1470947265625
GOOGL,2023-09-29,133.27999877929688,134.0500030517578,130.36000061035156,130.86000061035156,30859800,129.7098388671875
GOOGL,2023-10-02,131.2100067138672,134.4199981689453,131.1699981689453,134.1699981689453,22288000,132.99073791503906
GOOGL,2023-10-03,133.94000244140625,134.25999450683594,131.83999633789063,132.42999267578125,22989400,131.26602172851563
GOOGL,2023-10-04,132.7899932861328,135.57000732421875,132.52999877929688,135.24000549316406,26752300,134.05136108398438
GOOGL,2023-10-05,135.07000732421875,135.49000549316406,133.4499969482422,135.07000732421875,19832600,133.88282775878906
GOOGL,2023-10-06,134.00999450683594,138.16000366210938,134.00999450683594,137.5800018310547,27597600,136.37078857421875
GOOGL,2023-10-09,136.94000244140625,138.94000244140625,135.61000061035156,138.4199981689453,19278100,137.203369140625
GOOGL,2023-10-10,138.5,139.72000122070313,137.3300018310547,138.05999755859375,27786600,136.8465576171875
GOOGL,2023-10-11,138.5800018310547,141.11000061035156,138.5800018310547,140.5500030517578,25884300,139.31466674804688
GOOGL,2023-10-12,141.0500030517578,141.22000122070313,138.25999450683594,138.97000122070313,24765500,137.74856567382813
GOOGL,2023-10-13,139.3800048828125,140,136.6199951171875,137.36000061035156,23420500,136.15269470214844
GOOGL,2023-10-16,138.1699981689453,139.6300048828125,137.99000549316406,139.10000610351563,28501900,137.87742614746094
GOOGL,2023-10-17,138.6300048828125,139.89999389648438,137.17999267578125,139.72000122070313,23515800,138.49195861816406
GOOGL,2023-10-18,139.4499969482422,140.72000122070313,137.3800048828125,137.9600067138672,23375000,136.74742126464844
GOOGL,2023-10-19,138.5,139.66000366210938,137.3800048828125,137.75,26066000,136.5392608642578
GOOGL,2023-10-20,137.3300018310547,137.8699951171875,135.0800018310547,135.60000610351563,26335700,134.40817260742188
GOOGL,2023-10-23,135.0399932861328,137.66000366210938,133.9499969482422,136.5,26317900,135.30027770996094
GOOGL,2023-10-24,137.8300018310547,139.36000061035156,137.4199981689453,138.80999755859375,44814300,137.58995056152344
GOOGL,2023-10-25,128.16000366210938,128.30999755859375,125.06999969482422,125.61000061035156,84366200,124.50597381591797
GOOGL,2023-10-26,123.2699966430664,124.33000183105469,121.2699966430664,122.27999877929688,57061100,121.20524597167969
GOOGL,2023-10-27,122.87999725341797,123.30999755859375,120.20999908447266,122.16999816894531,44566500,121.0962142944336
GOOGL,2023-10-30,123.20999908447266,125.4000015258789,122.75,124.45999908447266,28940100,123.36608123779297
GOOGL,2023-10-31,125.05999755859375,125.37000274658203,122.69000244140625,124.08000183105469,26292300,122.98943328857422
GOOGL,2023-11-01,124.06999969482422,126.48999786376953,123.72000122070313,126.44999694824219,30082400,125.33859252929688
GOOGL,2023-11-02,128.4199981689453,128.97999572753906,126.93000030517578,127.48999786376953,27124600,126.36945343017578
GOOGL,2023-11-03,128.02000427246094,129.52999877929688,127.86000061035156,129.10000610351563,26393100,127.96529388427734
GOOGL,2023-11-06,129.0500030517578,130.33999633789063,128.6699981689453,130.25,19052700,129.10519409179688
GOOGL,2023-11-07,130.7100067138672,131.91000366210938,129.8800048828125,130.97000122070313,29757300,129.81887817382813
GOOGL,2023-11-08,130.97000122070313,132.2100067138672,130.77999877929688,131.83999633789063,26425800,130.6812286376953
GOOGL,2023-11-09,131.9600067138672,132.5500030517578,130.07000732421875,130.24000549316406,23747800,129.09527587890625
GOOGL,2023-11-10,130.10000610351563,132.8000030517578,129.41000366210938,132.58999633789063,26913300,131.42465209960938
GOOGL,2023-11-13,131.77999877929688,132.58999633789063,131.25,132.08999633789063,18324800,130.92901611328125
GOOGL,2023-11-14,134.19000244140625,135.6999969482422,133.32000732421875,133.6199951171875,32395200,132.4456024169922
GOOGL,2023-11-15,134.8699951171875,135.02999877929688,133.57000732421875,134.6199951171875,23861500,133.43679809570313
GOOGL,2023-11-16,135.19000244140625,137.22000122070313,134.32000732421875,136.92999267578125,28013200,135.7264404296875
GOOGL,2023-11-17,136,136.05999755859375,133.64999389648438,135.30999755859375,37240600,134.12071228027344
GOOGL,2023-11-20,133.69000244140625,136.66000366210938,133.6199951171875,136.25,27815500,135.0524444580078
GOOGL,2023-11-21,136.2899932861328,137.17999267578125,135.9600067138672,136.97000122070313,22635300,135.7661590576172
GOOGL,2023-11-22,137.47000122070313,139.4199981689453,137.47000122070313,138.49000549316406,17813900,137.2727813720703
GOOGL,2023-11-24,138.02999877929688,138.1300048828125,135.99000549316406,136.69000244140625,12514300,135.48858642578125
GOOGL,2023-11-27,136.02999877929688,138.4199981689453,136,136.41000366210938,23436500,135.21104431152344
GOOGL,2023-11-28,136.0800018310547,137.25,135.4199981689453,137.1999969482422,18730000,135.9940948486328
GOOGL,2023-11-29,137.57000732421875,138.2899932861328,134.83999633789063,134.99000549316406,23967200,133.8035125732422
GOOGL,2023-11-30,135.0500030517578,135.5500030517578,131.27999877929688,132.52999877929688,38988300,131.36514282226563
GOOGL,2023-12-01,131.86000061035156,132.11000061035156,130.6699981689453,131.86000061035156,31442300,130.70103454589844
GOOGL,2023-12-04,129.8800048828125,130.02999877929688,127.9000015258789,129.27000427246094,36669900,128.1338348388672
GOOGL,2023-12-05,128.9499969482422,132.13999938964844,128.25,130.99000549316406,27384800,129.83868408203125
GOOGL,2023-12-06,131.44000244140625,131.83999633789063,129.8800048828125,130.02000427246094,23576200,128.87722778320313
GOOGL,2023-12-07,135.0399932861328,138.55999755859375,134.6999969482422,136.92999267578125,56767100,135.7264404296875
GOOGL,2023-12-08,134.1999969482422,136.39999389648438,134.02999877929688,134.99000549316406,32260100,133.8035125732422
GOOGL,2023-12-11,132.3800048828125,133.33999633789063,131.36000061035156,133.2899932861328,31138000,132.1184844970703
GOOGL,2023-12-12,131.80999755859375,133,131.25999450683594,132.52000427246094,29032800,131.35525512695313
GOOGL,2023-12-13,133.3800048828125,133.5,131.57000732421875,132.57000732421875,30104800,131.40480041503906
GOOGL,2023-12-14,133.3800048828125,133.72000122070313,129.69000244140625,131.94000244140625,38722400,130.7803497314453
GOOGL,2023-12-15,131.6199951171875,133.50999450683594,131.17999267578125,132.60000610351563,50847100,131.43453979492188
GOOGL,2023-12-18,132.6300048828125,137.14999389648438,132.42999267578125,135.8000030517578,32258000,134.60641479492188
GOOGL,2023-12-19,136.83999633789063,137.47000122070313,136.0800018310547,136.64999389648438,25476800,135.44891357421875
GOOGL,2023-12-20,138.97000122070313,141.6999969482422,138.07000732421875,138.33999633789063,49107200,137.12408447265625
GOOGL,2023-12-21,139.49000549316406,140.69000244140625,139.17999267578125,140.4199981689453,27488300,139.18580627441406
GOOGL,2023-12-22,140.77000427246094,141.99000549316406,140.7100067138672,141.49000549316406,26532200,140.2464141845703
GOOGL,2023-12-26,141.58999633789063,142.67999267578125,141.19000244140625,141.52000427246094,16780300,140.2761688232422
GOOGL,2023-12-27,141.58999633789063,142.0800018310547,139.88999938964844,140.3699951171875,19628600,139.13621520996094
GOOGL,2023-12-28,140.77999877929688,141.13999938964844,139.75,140.22999572753906,16045700,138.99745178222656
GOOGL,2023-12-29,139.6300048828125,140.36000061035156,138.77999877929688,139.69000244140625,18733000,138.46221923828125
GOOGL,2024-01-02,138.5500030517578,139.4499969482422,136.47999572753906,138.1699981689453,23711200,136.95558166503906
GOOGL,2024-01-03,137.25,139.6300048828125,137.0800018310547,138.9199981689453,24212100,137.69898986816406
GOOGL,2024-01-04,138.4199981689453,139.16000366210938,136.35000610351563,136.38999938964844,27137700,135.19122314453125
GOOGL,2024-01-05,136.75,137.16000366210938,135.14999389648438,135.72999572753906,22513900,134.53701782226563
GOOGL,2024-01-08,136.2899932861328,139.00999450683594,136.25999450683594,138.83999633789063,21404000,137.61968994140625
GOOGL,2024-01-09,138.5,141.49000549316406,138.14999389648438,140.9499969482422,24759600,139.71116638183594
GOOGL,2024-01-10,141,143,140.91000366210938,142.27999877929688,21320200,141.0294647216797
GOOGL,2024-01-11,143.49000549316406,145.22000122070313,140.63999938964844,142.0800018310547,24008700,140.83120727539063
GOOGL,2024-01-12,142.6699981689453,143.1999969482422,141.82000732421875,142.64999389648438,18785500,141.39620971679688
GOOGL,2024-01-16,142,144.35000610351563,141.4499969482422,142.49000549316406,22670500,141.2376251220703
GOOGL,2024-01-17,141.35000610351563,141.83999633789063,138.89999389648438,141.47000122070313,20968600,140.2265625
GOOGL,2024-01-18,142.0500030517578,144.2100067138672,141.99000549316406,143.47999572753906,25746400,142.2189178466797
GOOGL,2024-01-19,144.74000549316406,146.4499969482422,144.3800048828125,146.3800048828125,34271900,145.0934295654297
GOOGL,2024-01-22,147.10000610351563,148.38999938964844,145.83999633789063,145.99000549316406,32200400,144.7068634033203
GOOGL,2024-01-23,145.88999938964844,147.17999267578125,145.5,147.0399932861328,21636100,145.7476043701172
GOOGL,2024-01-24,148.5399932861328,149.85000610351563,148.10000610351563,148.6999969482422,25233500,147.3930206298828
GOOGL,2024-01-25,150.07000732421875,153.0500030517578,149.5399932861328,151.8699951171875,29149100,150.53517150878906
GOOGL,2024-01-26,151.10000610351563,152.5399932861328,151.00999450683594,152.19000244140625,26115500,150.8523712158203
GOOGL,2024-01-29,152.05999755859375,153.77999877929688,151.42999267578125,153.50999450683594,27784300,152.16075134277344
GOOGL,2024-01-30,152.8000030517578,153.6199951171875,151.19000244140625,151.4600067138672,36331800,150.1287841796875
GOOGL,2024-01-31,143.6199951171875,144,139.8699951171875,140.10000610351563,71910000,138.86862182617188
GOOGL,2024-02-01,142.1199951171875,143.05999755859375,140.7899932861328,141.16000366210938,40466500,139.9193115234375
GOOGL,2024-02-02,139.25999450683594,142.6199951171875,136.5,142.3800048828125,62499600,141.12857055664063
GOOGL,2024-02-05,142.82000732421875,145.47000122070313,142.77999877929688,143.67999267578125,38505400,142.4171600341797
GOOGL,2024-02-06,144.64999389648438,145.36000061035156,143.19000244140625,144.10000610351563,29128200,142.83348083496094
GOOGL,2024-02-07,144.75999450683594,145.6199951171875,143.92999267578125,145.5399932861328,25208900,144.2608184814453
GOOGL,2024-02-08,145.8300018310547,146.3300018310547,145.10000610351563,145.91000366210938,22563800,144.6275634765625
GOOGL,2024-02-09,146.67999267578125,149.44000244140625,146.17999267578125,149,26829500,147.69039916992188
GOOGL,2024-02-12,148.4199981689453,149.33999633789063,147.3699951171875,147.52999877929688,21564100,146.23333740234375
GOOGL,2024-02-13,144.9199981689453,146.6699981689453,143.69000244140625,145.13999938964844,27837700,143.8643341064453
GOOGL,2024-02-14,146.0800018310547,146.52000427246094,144.08999633789063,145.94000244140625,22704200,144.65724182128906
GOOGL,2024-02-15,143.13999938964844,143.52000427246094,140.4600067138672,142.77000427246094,37590700,141.51515197753906
GOOGL,2024-02-16,142.99000549316406,143.19000244140625,140.13999938964844,140.52000427246094,31468900,139.28492736816406
GOOGL,2024-02-20,139.66000366210938,142.0800018310547,139.49000549316406,141.1199951171875,25144700,139.879638671875
GOOGL,2024-02-21,141.4499969482422,142.69000244140625,140.67999267578125,142.5500030517578,23223300,141.29708862304688
GOOGL,2024-02-22,144.92999267578125,145,142.8000030517578,144.08999633789063,27191900,142.82354736328125
GOOGL,2024-02-23,143.6699981689453,144.67999267578125,143.42999267578125,143.9600067138672,19493800,142.69471740722656
GOOGL,2024-02-26,142.13999938964844,142.44000244140625,137.38999938964844,137.57000732421875,53641800,136.3608856201172
GOOGL,2024-02-27,138.02000427246094,139.25,137.08999633789063,138.8800048828125,33099200,137.6593475341797
GOOGL,2024-02-28,137.89999389648438,138.00999450683594,135.41000366210938,136.3800048828125,37328600,135.18133544921875
GOOGL,2024-02-29,137.27999877929688,138.86000061035156,136.39999389648438,138.4600067138672,42133000,137.24302673339844
GOOGL,2024-03-01,138.42999267578125,138.8699951171875,136.9199981689453,137.13999938964844,31151100,135.93463134765625
GOOGL,2024-03-04,135.66000366210938,135.66000366210938,131.91000366210938,133.35000610351563,55999400,132.17794799804688
GOOGL,2024-03-05,131.8800048828125,133.24000549316406,130.6699981689453,132.6699981689453,40194800,131.50393676757813
GOOGL,2024-03-06,133.1199951171875,133.5800018310547,130.85000610351563,131.39999389648438,35318600,130.2450714111328
GOOGL,2024-03-07,132.7899932861328,134.94000244140625,131.61000061035156,134.3800048828125,37738200,133.19888305664063
GOOGL,2024-03-08,134.2100067138672,138.08999633789063,134,135.41000366210938,39370400,134.2198486328125
GOOGL,2024-03-11,136.1300048828125,139.10000610351563,136.1300048828125,137.6699981689453,32437800,136.45997619628906
GOOGL,2024-03-12,137.02999877929688,139.3800048828125,137.02999877929688,138.5,27563400,137.28268432617188
GOOGL,2024-03-13,139,141.08999633789063,138.99000549316406,139.7899932861328,23347200,138.56134033203125
GOOGL,2024-03-14,141.19000244140625,143.58999633789063,140.4600067138672,143.10000610351563,42753400,141.84226989746094
GOOGL,2024-03-15,142.5,143.17999267578125,140.02999877929688,141.17999267578125,49475400,139.93911743164063
GOOGL,2024-03-18,148.61000061035156,152.14999389648438,147.1699981689453,147.67999267578125,69273700,146.38198852539063
GOOGL,2024-03-19,148.16000366210938,148.7899932861328,146.0800018310547,147.02999877929688,24070400,145.7377166748047
GOOGL,2024-03-20,148,148.86000061035156,146.74000549316406,148.74000549316406,21311500,147.43267822265625
GOOGL,2024-03-21,149.47000122070313,150.3699951171875,146.89999389648438,147.60000610351563,24755600,146.3026885986328
GOOGL,2024-03-22,149.1199951171875,151.5800018310547,148.97999572753906,150.77000427246094,29211800,149.44483947753906
GOOGL,2024-03-25,149.94000244140625,150.3800048828125,147.82000732421875,150.07000732421875,19229300,148.75100708007813
GOOGL,2024-03-26,150.22000122070313,152.25999450683594,149.97999572753906,150.6699981689453,22149100,149.345703125
GOOGL,2024-03-27,151.17999267578125,151.63999938964844,148.89999389648438,150.8699951171875,22879200,149.54396057128906
GOOGL,2024-03-28,150.85000610351563,151.42999267578125,150.1699981689453,150.92999267578125,24485400,149.60340881347656
GOOGL,2024-04-01,150.69000244140625,155.74000549316406,150.61000061035156,155.49000549316406,31730800,154.1233673095703
GOOGL,2024-04-02,153.5,154.6999969482422,152.14999389648438,154.55999755859375,24586000,153.20152282714844
GOOGL,2024-04-03,153.60000610351563,155.0800018310547,152.72999572753906,154.9199981689453,24705000,153.558349609375
GOOGL,2024-04-04,153.5,154.77000427246094,150.4499969482422,150.52999877929688,34724700,149.20693969726563
GOOGL,2024-04-05,150.02999877929688,153.4199981689453,149.60000610351563,152.5,23459200,151.15960693359375
GOOGL,2024-04-08,152.77999877929688,155.27000427246094,152.61000061035156,154.85000610351563,20702000,153.48898315429688
GOOGL,2024-04-09,156.08999633789063,158.55999755859375,155.19000244140625,156.60000610351563,31079500,155.22361755371094
GOOGL,2024-04-10,156.2100067138672,156.61000061035156,154.67999267578125,156.13999938964844,22838600,154.76766967773438
GOOGL,2024-04-11,156.91000366210938,159.67999267578125,156.4600067138672,159.41000366210938,27166400,158.0089111328125
GOOGL,2024-04-12,157.9600067138672,160.22000122070313,157.13999938964844,157.72999572753906,25353700,156.3436737060547
GOOGL,2024-04-15,158.86000061035156,159.24000549316406,154.58999633789063,154.86000061035156,27136500,153.49888610839844
GOOGL,2024-04-16,154.19000244140625,155.64999389648438,153.42999267578125,154.39999389648438,20779500,153.04295349121094
GOOGL,2024-04-17,155.6199951171875,157.0800018310547,154.5800018310547,155.47000122070313,21763100,154.10353088378906
GOOGL,2024-04-18,155.33999633789063,156.94000244140625,154.6199951171875,156.00999450683594,19883000,154.63877868652344
GOOGL,2024-04-19,156.1999969482422,156.36000061035156,152.3000030517578,154.08999633789063,32615600,152.7356719970703
GOOGL,2024-04-22,154.30999755859375,157.63999938964844,154.05999755859375,156.27999877929688,26446200,154.9064178466797
GOOGL,2024-04-23,156.9600067138672,158.97000122070313,156.27999877929688,158.25999450683594,21151600,156.86898803710938
GOOGL,2024-04-24,157.49000549316406,159.57000732421875,157.1699981689453,159.1300048828125,22779100,157.7313690185547
GOOGL,2024-04-25,151.3300018310547,156.49000549316406,150.8699951171875,156,57109700,154.62887573242188
GOOGL,2024-04-26,174.3699951171875,174.7100067138672,169.64999389648438,171.9499969482422,64665300,170.43869018554688
GOOGL,2024-04-29,169.05999755859375,169.5500030517578,165.2100067138672,166.14999389648438,45610000,164.68966674804688
GOOGL,2024-04-30,165.61000061035156,168.10000610351563,162.60000610351563,162.77999877929688,33562900,161.34927368164063
GOOGL,2024-05-01,164.3000030517578,167.1199951171875,163.08999633789063,163.86000061035156,33493200,162.41978454589844
GOOGL,2024-05-02,164.7899932861328,166.72999572753906,163.88999938964844,166.6199951171875,24294500,165.15553283691406
GOOGL,2024-05-03,167.55999755859375,167.9600067138672,163.0500030517578,167.24000549316406,34662400,165.77008056640625
GOOGL,2024-05-06,167.4600067138672,168.13999938964844,166.02999877929688,168.10000610351563,21871300,166.62252807617188
GOOGL,2024-05-07,168.5,171.75999450683594,168.38999938964844,171.25,28039700,169.7448272705078
GOOGL,2024-05-08,169,170.14999389648438,168.74000549316406,169.3800048828125,19569100,167.8912811279297
GOOGL,2024-05-09,169.38999938964844,170.69000244140625,168.17999267578125,169.9600067138672,15346700,168.4661865234375
GOOGL,2024-05-10,168.02999877929688,169.85000610351563,166.19000244140625,168.64999389648438,29799900,167.1676788330078
GOOGL,2024-05-13,164.25999450683594,169.27999877929688,164,169.13999938964844,31327600,167.65338134765625
GOOGL,2024-05-14,169.77000427246094,171.25,168.8000030517578,170.33999633789063,25127100,168.84283447265625
GOOGL,2024-05-15,170.6300048828125,172.64999389648438,170.50999450683594,172.50999450683594,26948400,170.99374389648438
GOOGL,2024-05-16,173.2899932861328,175.1199951171875,172.69000244140625,174.17999267578125,27867900,172.64906311035156
GOOGL,2024-05-17,174.17999267578125,176.27000427246094,173.69000244140625,176.05999755859375,24479300,174.51255798339844
GOOGL,2024-05-20,176.19000244140625,178.77000427246094,176.0800018310547,176.9199981689453,22554400,175.36500549316406
GOOGL,2024-05-21,176.89999389648438,178.14999389648438,175.80999755859375,177.85000610351563,16989400,176.28683471679688
GOOGL,2024-05-22,176.63999938964844,177.14999389648438,175.2100067138672,176.3800048828125,17880000,174.8297576904297
GOOGL,2024-05-23,177.07000732421875,178.25,172.9499969482422,173.5500030517578,21024900,172.0246124267578
GOOGL,2024-05-24,174.97999572753906,175.77000427246094,173.64999389648438,174.99000549316406,16579400,173.45196533203125
GOOGL,2024-05-28,174.4499969482422,177.27000427246094,174.3699951171875,176.39999389648438,20572200,174.8495635986328
GOOGL,2024-05-29,175.42999267578125,176.83999633789063,174.72000122070313,175.89999389648438,23388700,174.3539581298828
GOOGL,2024-05-30,175.1999969482422,175.22000122070313,171.7899932861328,172.11000061035156,22931500,170.59730529785156
GOOGL,2024-05-31,171.86000061035156,173.05999755859375,169.44000244140625,172.5,37638900,170.98385620117188
GOOGL,2024-06-03,172.5399932861328,174.52999877929688,171.16000366210938,173.1699981689453,27459100,171.64796447753906
GOOGL,2024-06-04,173.27999877929688,173.85000610351563,171.88999938964844,173.7899932861328,26879600,172.26251220703125
GOOGL,2024-06-05,175.1999969482422,176.64999389648438,173.92999267578125,175.41000366210938,22068500,173.8682861328125
GOOGL,2024-06-06,175.89999389648438,177.14999389648438,175.75,176.72999572753906,23251000,175.17665100097656
GOOGL,2024-06-07,177.0500030517578,177.8699951171875,174.3000030517578,174.4600067138672,19661400,172.92662048339844
GOOGL,2024-06-10,174.97000122070313,177.05999755859375,172.75999450683594,175.00999450683594,23726700,173.6708526611328
GOOGL,2024-06-11,176.22000122070313,176.83999633789063,173.77000427246094,176.6199951171875,21540600,175.2685546875
GOOGL,2024-06-12,178.25,180.41000366210938,176.11000061035156,177.7899932861328,27864700,176.4296112060547
GOOGL,2024-06-13,176.11000061035156,176.74000549316406,174.8800048828125,175.16000366210938,20913300,173.81973266601563
GOOGL,2024-06-14,174.22000122070313,177.05999755859375,174.14999389648438,176.7899932861328,18063600,175.437255859375
GOOGL,2024-06-17,175.4600067138672,178.36000061035156,174.80999755859375,177.24000549316406,19618500,175.88381958007813
GOOGL,2024-06-18,177.13999938964844,177.38999938964844,174.10000610351563,175.08999633789063,21869900,173.75025939941406
GOOGL,2024-06-20,175.3699951171875,177.2899932861328,174.99000549316406,176.3000030517578,20160100,174.95101928710938
GOOGL,2024-06-21,177,180.85000610351563,176.61000061035156,179.6300048828125,57759000,178.25555419921875
GOOGL,2024-06-24,180.16000366210938,180.88999938964844,178.6699981689453,179.22000122070313,18298000,177.84866333007813
GOOGL,2024-06-25,179.6199951171875,184.2899932861328,179.4199981689453,184.02999877929688,23130200,182.6218719482422
GOOGL,2024-06-26,182.6300048828125,184.50999450683594,182.47999572753906,183.8800048828125,19839000,182.47300720214844
GOOGL,2024-06-27,184.17999267578125,186.0500030517578,184.02000427246094,185.41000366210938,18848900,183.99131774902344
GOOGL,2024-06-28,184.32000732421875,185.1300048828125,181.9600067138672,182.14999389648438,29156600,180.75624084472656
GOOGL,2024-07-01,183.02999877929688,183.8800048828125,181.3000030517578,182.99000549316406,16006100,181.5897979736328
GOOGL,2024-07-02,182.0500030517578,185.57000732421875,181.55999755859375,185.24000549316406,17372500,183.82261657714844
GOOGL,2024-07-03,184.85000610351563,186.08999633789063,184,185.82000732421875,10242100,184.398193359375
GOOGL,2024-07-05,185.86000061035156,190.86000061035156,185.8000030517578,190.60000610351563,20967500,189.14158630371094
GOOGL,2024-07-08,189.89999389648438,190.1699981689453,187.77999877929688,189.02999877929688,21035900,187.58358764648438
GOOGL,2024-07-09,190.30999755859375,191.36000061035156,188.72000122070313,188.97999572753906,15121400,187.53396606445313
GOOGL,2024-07-10,189.14999389648438,191.75,189.02999877929688,191.17999267578125,15952500,189.71713256835938
GOOGL,2024-07-11,189.85000610351563,190.86000061035156,185.0800018310547,185.57000732421875,25625800,184.15008544921875
GOOGL,2024-07-12,185.0800018310547,187.11000061035156,184.49000549316406,185.07000732421875,22898400,183.65390014648438
GOOGL,2024-07-15,184.9199981689453,188.24000549316406,184.9199981689453,186.52999877929688,16474000,185.1027069091797
GOOGL,2024-07-16,187.36000061035156,188.67999267578125,183.3699951171875,183.9199981689453,18290700,182.51271057128906
GOOGL,2024-07-17,182.97000122070313,183.5500030517578,179.89999389648438,181.02000427246094,20734100,179.63491821289063
GOOGL,2024-07-18,181.92999267578125,182.5,176.47000122070313,177.69000244140625,25315700,176.33038330078125
GOOGL,2024-07-19,178.8800048828125,180.2899932861328,177.1300048828125,177.66000366210938,18881900,176.3006134033203
GOOGL,2024-07-22,180.58999633789063,182.6999969482422,180.22999572753906,181.6699981689453,24100300,180.27992248535156
GOOGL,2024-07-23,182.0500030517578,183.61000061035156,181.5399932861328,181.7899932861328,36352700,180.3990020751953
GOOGL,2024-07-24,173.60000610351563,176.19000244140625,171.82000732421875,172.6300048828125,49585200,171.30908203125
GOOGL,2024-07-25,172.52000427246094,173.4199981689453,167.19000244140625,167.27999877929688,44852000,166.00003051757813
GOOGL,2024-07-26,167.14999389648438,168.08999633789063,164.05999755859375,167,41336900,165.72218322753906
GOOGL,2024-07-29,168.8300018310547,170.42999267578125,167.99000549316406,169.52999877929688,20293800,168.23280334472656
GOOGL,2024-07-30,170.24000549316406,171.22999572753906,168.44000244140625,170.2899932861328,18959700,168.98699951171875
GOOGL,2024-07-31,173.24000549316406,174.25,170.00999450683594,171.5399932861328,25729100,170.22743225097656
GOOGL,2024-08-01,170.25,174.0500030517578,168.8800048828125,170.75999450683594,24531400,169.453369140625
GOOGL,2024-08-02,166.44000244140625,168.50999450683594,164.6699981689453,166.66000366210938,29130100,165.384765625
GOOGL,2024-08-05,155.5,164.42999267578125,154.92999267578125,159.25,53630700,158.03146362304688
GOOGL,2024-08-06,159.3300018310547,160.57000732421875,156.41000366210938,158.2899932861328,49004600,157.0788116455078
GOOGL,2024-08-07,161.25,162.97999572753906,158.47000122070313,158.94000244140625,25138600,157.7238311767578
GOOGL,2024-08-08,160.50999450683594,163.69000244140625,160.2100067138672,162.02999877929688,25578800,160.7902069091797
GOOGL,2024-08-09,160.00999450683594,163.7899932861328,159.05999755859375,163.6699981689453,28602300,162.4176483154297
GOOGL,2024-08-12,164.35000610351563,164.89999389648438,161.83999633789063,162.2899932861328,15895300,161.04818725585938
GOOGL,2024-08-13,163.41000366210938,164.72999572753906,162.97000122070313,164.16000366210938,18551700,162.90390014648438
GOOGL,2024-08-14,162.39999389648438,163.22000122070313,157.7100067138672,160.3699951171875,40591100,159.1428985595703
GOOGL,2024-08-15,160.5,161.63999938964844,159.61000061035156,161.3000030517578,31524300,160.06576538085938
GOOGL,2024-08-16,161.47000122070313,165.05999755859375,161.1300048828125,162.9600067138672,24208600,161.71307373046875
GOOGL,2024-08-19,165.27999877929688,166.69000244140625,164.25999450683594,166.6699981689453,22416200,165.3946990966797
GOOGL,2024-08-20,166.89999389648438,168.63999938964844,166.82000732421875,167.17999267578125,18341500,165.90078735351563
GOOGL,2024-08-21,165.14999389648438,166.85000610351563,164.6699981689453,165.85000610351563,22902000,164.58096313476563
GOOGL,2024-08-22,167.25999450683594,167.58999633789063,163.30999755859375,163.8000030517578,22493300,162.54664611816406
GOOGL,2024-08-23,164.72000122070313,166.17999267578125,163.8300018310547,165.6199951171875,13955700,164.3527374267578
GOOGL,2024-08-26,166.3800048828125,167.5500030517578,164.4600067138672,166.16000366210938,14190400,164.8885955810547
GOOGL,2024-08-27,165.83999633789063,166.44000244140625,164.4600067138672,164.67999267578125,11821900,163.419921875
GOOGL,2024-08-28,165.0399932861328,165.60000610351563,161.52999877929688,162.85000610351563,16407400,161.6039276123047
GOOGL,2024-08-29,164.30999755859375,165.97000122070313,160.25,161.77999877929688,19699800,160.54209899902344
GOOGL,2024-08-30,162.6199951171875,163.66000366210938,161.69000244140625,163.3800048828125,22123800,162.1298828125
GOOGL,2024-09-03,161.72000122070313,161.85000610351563,156.47999572753906,157.36000061035156,38945300,156.15594482421875
GOOGL,2024-09-04,156.66000366210938,159,155.9600067138672,156.4499969482422,19353800,155.25289916992188
GOOGL,2024-09-05,156.3000030517578,159.4499969482422,155.97999572753906,157.24000549316406,18688700,156.036865234375
GOOGL,2024-09-06,157.3000030517578,157.8300018310547,150.5500030517578,150.9199981689453,37912100,149.7652130126953
GOOGL,2024-09-09,152.50999450683594,153.39999389648438,147.22000122070313,148.7100067138672,39260500,147.7679443359375
GOOGL,2024-09-10,150.4499969482422,151.27000427246094,148.33999633789063,148.66000366210938,31118800,147.71824645996094
GOOGL,2024-09-11,149.9199981689453,151.5,147.52000427246094,151.16000366210938,29607700,150.20240783691406
GOOGL,2024-09-12,153.8000030517578,154.82000732421875,152.64999389648438,154.69000244140625,29621500,153.71006774902344
GOOGL,2024-09-13,155.42999267578125,158.3800048828125,155.2100067138672,157.4600067138672,29591200,156.4625244140625
GOOGL,2024-09-16,157.30999755859375,158.25,156.60000610351563,158.05999755859375,18379800,157.0587158203125
GOOGL,2024-09-17,159.02000427246094,160.5500030517578,158.3800048828125,159.32000732421875,20715600,158.31072998046875
GOOGL,2024-09-18,159.86000061035156,160.5,158.60000610351563,159.80999755859375,23677300,158.797607421875
GOOGL,2024-09-19,163.7100067138672,163.7899932861328,161.33999633789063,162.13999938964844,26587700,161.1128387451172
GOOGL,2024-09-20,163.5,163.72999572753906,162.05999755859375,163.58999633789063,40896400,162.5536651611328
GOOGL,2024-09-23,164.35000610351563,165.49000549316406,161.6699981689453,161.85000610351563,24150900,160.82472229003906
GOOGL,2024-09-24,163.02999877929688,163.22000122070313,160.69000244140625,162.2899932861328,23332100,161.2618865966797
GOOGL,2024-09-25,161.47000122070313,162.80999755859375,161.3000030517578,161.49000549316406,18869200,160.46697998046875
GOOGL,2024-09-26,163.63999938964844,164.0800018310547,162.27999877929688,162.72999572753906,20319300,161.69911193847656
GOOGL,2024-09-27,162.80999755859375,165.6999969482422,162.6300048828125,163.9499969482422,21101300,162.911376953125
GOOGL,2024-09-30,163.32000732421875,166.14999389648438,163.25999450683594,165.85000610351563,20413900,164.79934692382813
GOOGL,2024-10-01,167.69000244140625,169.16000366210938,164.5800018310547,166.99000549316406,28338100,165.93215942382813
GOOGL,2024-10-02,166.4199981689453,167.52000427246094,164.72999572753906,165.86000061035156,17760200,164.80931091308594
GOOGL,2024-10-03,164.41000366210938,166.63999938964844,163.9199981689453,165.86000061035156,15073100,164.80931091308594
GOOGL,2024-10-04,168.05999755859375,168.22999572753906,165.47999572753906,167.05999755859375,19047400,166.00169372558594
GOOGL,2024-10-07,167.72000122070313,168.47999572753906,162.75,162.97999572753906,22463100,161.94754028320313
GOOGL,2024-10-08,163.94000244140625,164.72999572753906,162.8699951171875,164.3800048828125,23072700,163.33868408203125
GOOGL,2024-10-09,163.4499969482422,164.83999633789063,159.74000549316406,161.86000061035156,31181800,160.83462524414063
GOOGL,2024-10-10,160.8699951171875,163.07000732421875,160.39999389648438,162.0800018310547,14144100,161.0532684326172
GOOGL,2024-10-11,162.1300048828125,163.89999389648438,161.24000549316406,163.24000549316406,15344300,162.2058868408203
GOOGL,2024-10-14,163.63999938964844,166.22999572753906,163.39999389648438,164.9600067138672,19016100,163.91500854492188
GOOGL,2024-10-15,165.7899932861328,167.67999267578125,164.6300048828125,165.4600067138672,20247200,164.4118194580078
GOOGL,2024-10-16,164.52999877929688,165.8000030517578,163.74000549316406,165.16000366210938,16406000,164.1137237548828
GOOGL,2024-10-17,165.72999572753906,166.3699951171875,162.75999450683594,162.92999267578125,21453400,161.89785766601563
GOOGL,2024-10-18,163.19000244140625,164.7100067138672,163.0800018310547,163.4199981689453,19757700,162.384765625
GOOGL,2024-10-21,162.9499969482422,164.5,162.6199951171875,164.07000732421875,20946500,163.03065490722656
GOOGL,2024-10-22,162.97999572753906,165.77000427246094,162.97999572753906,165.13999938964844,16568100,164.09385681152344
GOOGL,2024-10-23,164.75999450683594,165.82000732421875,161.92999267578125,162.77999877929688,18280500,161.74880981445313
GOOGL,2024-10-24,162.8300018310547,163.3300018310547,161.00999450683594,162.72000122070313,22412500,161.68917846679688
GOOGL,2024-10-25,163.6699981689453,165.58999633789063,163.4199981689453,165.27000427246094,19828900,164.22305297851563
GOOGL,2024-10-28,168.75,168.75,163.9499969482422,166.72000122070313,32138600,165.66384887695313
GOOGL,2024-10-29,167.72999572753906,170.3800048828125,167.08999633789063,169.67999267578125,42169000,168.60508728027344
GOOGL,2024-10-30,180.67999267578125,182.02000427246094,174.05999755859375,174.4600067138672,68890800,173.3548126220703
GOOGL,2024-10-31,173.1300048828125,176.82000732421875,171,171.11000061035156,44769000,170.02603149414063
GOOGL,2024-11-01,170.07000732421875,172.32000732421875,168.8800048828125,171.2899932861328,31796500,170.2048797607422
GOOGL,2024-11-04,169.92999267578125,170.72999572753906,168.00999450683594,169.24000549316406,21492700,168.1678924560547
GOOGL,2024-11-05,169.42999267578125,170.52999877929688,168.83999633789063,169.74000549316406,18242100,168.66473388671875
GOOGL,2024-11-06,173.8000030517578,176.94000244140625,173.5,176.50999450683594,33695500,175.39181518554688
GOOGL,2024-11-07,177.41000366210938,181.0800018310547,177.19000244140625,180.75,25352900,179.60494995117188
GOOGL,2024-11-08,180.64999389648438,180.89999389648438,178.0800018310547,178.35000610351563,22006200,177.22019958496094
GOOGL,2024-11-11,178.5800018310547,180.5500030517578,178.47000122070313,180.35000610351563,17450400,179.20750427246094
GOOGL,2024-11-12,179.82000732421875,182.49000549316406,179.38999938964844,181.6199951171875,25134900,180.46945190429688
GOOGL,2024-11-13,180.4600067138672,180.9600067138672,178.5399932861328,178.8800048828125,23184000,177.746826171875
GOOGL,2024-11-14,178.27999877929688,178.82000732421875,174.32000732421875,175.5800018310547,31007500,174.4677276611328
GOOGL,2024-11-15,173.72999572753906,174.13999938964844,171.22000122070313,172.49000549316406,32504600,171.3972930908203
GOOGL,2024-11-18,173.4199981689453,175.44000244140625,172.89999389648438,175.3000030517578,20135300,174.18951416015625
GOOGL,2024-11-19,173.72000122070313,178.8699951171875,173.55999755859375,178.1199951171875,23434900,176.99163818359375
GOOGL,2024-11-20,177.33999633789063,177.67999267578125,173.77999877929688,175.97999572753906,18997100,174.8651885986328
GOOGL,2024-11-21,173.89999389648438,174.1300048828125,163.6999969482422,167.6300048828125,59734400,166.56808471679688
GOOGL,2024-11-22,165.85000610351563,166.4600067138672,163.89999389648438,164.75999450683594,38604600,163.7162628173828
GOOGL,2024-11-25,166.08999633789063,168.6300048828125,165.61000061035156,167.64999389648438,33135300,166.5879669189453
GOOGL,2024-11-26,167.6300048828125,169.82000732421875,167.5800018310547,169.1199951171875,20486700,168.0486297607422
GOOGL,2024-11-27,169,169.47999572753906,168.02000427246094,169.22999572753906,19266500,168.15794372558594
GOOGL,2024-11-29,168.5,169.42999267578125,167.16000366210938,168.9499969482422,14257200,167.8797149658203
GOOGL,2024-12-02,168.77000427246094,172.0800018310547,168.57000732421875,171.49000549316406,23789100,170.4036407470703
GOOGL,2024-12-03,171.49000549316406,172.67999267578125,170.85000610351563,171.33999633789063,22248700,170.2545623779297
GOOGL,2024-12-04,171.14999389648438,174.91000366210938,171.05999755859375,174.3699951171875,31615100,173.265380859375
GOOGL,2024-12-05,175.36000061035156,176.05999755859375,172.3300018310547,172.63999938964844,21356200,171.54635620117188
GOOGL,2024-12-06,172.02999877929688,175.0800018310547,171.86000061035156,174.7100067138672,21462400,173.60324096679688
GOOGL,2024-12-09,173.9600067138672,176.25999450683594,173.64999389648438,175.3699951171875,25389600,174.45877075195313
GOOGL,2024-12-10,182.85000610351563,186.36000061035156,181.0500030517578,185.1699981689453,54813000,184.2078399658203
GOOGL,2024-12-11,185.30999755859375,195.61000061035156,184.85000610351563,195.39999389648438,67894100,194.3846893310547
GOOGL,2024-12-12,195,195.17999267578125,191.7100067138672,191.9600067138672,34817500,190.9625701904297
GOOGL,2024-12-13,191.00999450683594,192.72999572753906,189.63999938964844,189.82000732421875,25143500,188.8336944580078
GOOGL,2024-12-16,192.8699951171875,199,192.6199951171875,196.66000366210938,44934900,195.6381378173828
GOOGL,2024-12-17,197.25,201.4199981689453,194.97999572753906,195.4199981689453,43504000,194.40457153320313
GOOGL,2024-12-18,195.22000122070313,197,187.74000549316406,188.39999389648438,34166100,187.42105102539063
GOOGL,2024-12-19,191.6300048828125,193.02999877929688,188.3800048828125,188.50999450683594,32265200,187.53048706054688
GOOGL,2024-12-20,185.77999877929688,192.88999938964844,185.22000122070313,191.41000366210938,63462900,190.4154052734375
GOOGL,2024-12-23,192.6199951171875,195.10000610351563,190.14999389648438,194.6300048828125,25675000,193.61871337890625
GOOGL,2024-12-24,194.83999633789063,196.11000061035156,193.77999877929688,196.11000061035156,10403300,195.09100341796875
GOOGL,2024-12-26,195.14999389648438,196.75,194.3800048828125,195.60000610351563,12046600,194.5836639404297
GOOGL,2024-12-27,194.9499969482422,195.32000732421875,190.64999389648438,192.75999450683594,18891400,191.75840759277344
GOOGL,2024-12-30,189.8000030517578,192.5500030517578,189.1199951171875,191.24000549316406,14264700,190.24630737304688
GOOGL,2024-12-31,191.0800018310547,191.9600067138672,188.50999450683594,189.3000030517578,17466900,188.31639099121094
GOOGL,2025-01-02,190.64999389648438,192,187.5,189.42999267578125,20370800,188.44570922851563
GOOGL,2025-01-03,191.3699951171875,193.2100067138672,189.97999572753906,191.7899932861328,18596200,190.79344177246094
GOOGL,2025-01-06,193.97999572753906,198.22000122070313,193.85000610351563,196.8699951171875,29563600,195.8470458984375
GOOGL,2025-01-07,197.11000061035156,201,194.60000610351563,195.49000549316406,26487200,194.47422790527344
GOOGL,2025-01-08,192.57000732421875,196.2899932861328,192.3800048828125,193.9499969482422,24864800,192.94223022460938
GOOGL,2025-01-10,194.3000030517578,196.52000427246094,190.30999755859375,192.0399932861328,26665200,191.04212951660156
GOOGL,2025-01-13,190.07000732421875,191.17999267578125,187.36000061035156,191.00999450683594,21823700,190.01751708984375
GOOGL,2025-01-14,191.24000549316406,191.97999572753906,188.30999755859375,189.66000366210938,17174900,188.67449951171875
GOOGL,2025-01-15,193.08999633789063,196.36000061035156,191.86000061035156,195.5500030517578,21776000,194.53390502929688
GOOGL,2025-01-16,194.13999938964844,195.47999572753906,192.80999755859375,192.91000366210938,17815400,191.9076385498047
GOOGL,2025-01-17,196.52999877929688,197.22999572753906,193.75,196,27735100,194.98158264160156
GOOGL,2025-01-21,199.07000732421875,202.2899932861328,197.8699951171875,198.0500030517578,29971300,197.02093505859375
GOOGL,2025-01-22,199.05999755859375,200.47999572753906,197.52999877929688,198.3699951171875,26200600,197.3392333984375
GOOGL,2025-01-23,198.13999938964844,200.3000030517578,195.1999969482422,197.97999572753906,26951400,196.95127868652344
GOOGL,2025-01-24,198.10000610351563,200.89999389648438,198,200.2100067138672,23877500,199.1697235107422
GOOGL,2025-01-27,192.41000366210938,196.8800048828125,190.72999572753906,191.80999755859375,41728900,190.8133544921875
GOOGL,2025-01-28,192.75,195.47999572753906,190.67999267578125,195.3000030517578,24157900,194.2852020263672
GOOGL,2025-01-29,195.55999755859375,196.7899932861328,193.42999267578125,195.41000366210938,18218300,194.39463806152344
GOOGL,2025-01-30,198,201.39999389648438,197.6699981689453,200.8699951171875,24354700,199.8262481689453
GOOGL,2025-01-31,202,205.47999572753906,201.8000030517578,204.02000427246094,32001100,202.9599151611328
GOOGL,2025-02-03,200.69000244140625,203.75,200.10000610351563,201.22999572753906,27838300,200.1844024658203
GOOGL,2025-02-04,203.38999938964844,207.0500030517578,202.80999755859375,206.3800048828125,43856400,205.30763244628906
GOOGL,2025-02-05,191.07000732421875,192.75,188.02999877929688,191.3300018310547,70373900,190.33584594726563
GOOGL,2025-02-06,189.5,192.10000610351563,188.72000122070313,191.60000610351563,29297400,190.6044464111328
GOOGL,2025-02-07,191.0500030517578,191.17999267578125,183.24000549316406,185.33999633789063,49315000,184.37696838378906
GOOGL,2025-02-10,187.35000610351563,188.1999969482422,185.86000061035156,186.47000122070313,23105600,185.50108337402344
GOOGL,2025-02-11,185.02999877929688,186.94000244140625,184.27999877929688,185.32000732421875,21239500,184.35707092285156
GOOGL,2025-02-12,183.22000122070313,185.11000061035156,181.8300018310547,183.61000061035156,22072600,182.65594482421875
GOOGL,2025-02-13,184.32000732421875,186.27999877929688,183.13999938964844,186.13999938964844,21402500,185.17279052734375
GOOGL,2025-02-14,185.05999755859375,186.39999389648438,184.32000732421875,185.22999572753906,20448400,184.26751708984375
GOOGL,2025-02-18,185.60000610351563,185.9600067138672,181.74000549316406,183.77000427246094,29916700,182.81512451171875
GOOGL,2025-02-19,184.07000732421875,185.4600067138672,183.58999633789063,185.27000427246094,19549400,184.30731201171875
GOOGL,2025-02-20,184.8000030517578,185.30999755859375,182.72000122070313,184.55999755859375,20441500,183.60101318359375
GOOGL,2025-02-21,185.14999389648438,185.33999633789063,179.0800018310547,179.66000366210938,35199200,178.7264862060547
GOOGL,2025-02-24,181.99000549316406,183.1199951171875,178.88999938964844,179.25,29854200,178.318603515625
GOOGL,2025-02-25,178.0399932861328,178.74000549316406,174.69000244140625,175.4199981689453,41913400,174.5084991455078
GOOGL,2025-02-26,175.07000732421875,176.0800018310547,171.5800018310547,172.72999572753906,35431300,171.83248901367188
GOOGL,2025-02-27,173.99000549316406,174.55999755859375,167.94000244140625,168.5,39991000,167.62448120117188
GOOGL,2025-02-28,168.67999267578125,170.61000061035156,166.77000427246094,170.27999877929688,48130600,169.3951873779297
GOOGL,2025-03-03,171.92999267578125,173.3699951171875,165.92999267578125,167.00999450683594,40770500,166.14219665527344
GOOGL,2025-03-04,166.24000549316406,173.2899932861328,165.8000030517578,170.9199981689453,45388000,170.03187561035156
GOOGL,2025-03-05,170.52000427246094,173.77999877929688,169.05999755859375,173.02000427246094,30954900,172.1209716796875
GOOGL,2025-03-06,170.52999877929688,174.80999755859375,170.5,172.35000610351563,28302000,171.45445251464844
GOOGL,2025-03-07,171.25999450683594,174.97000122070313,170.27000427246094,173.86000061035156,27385800,172.9566192626953
GOOGL,2025-03-10,168.25999450683594,168.4600067138672,163.69000244140625,165.8699951171875,43604000,165.1981658935547
GOOGL,2025-03-11,164.91000366210938,166.75,161.3699951171875,164.0399932861328,39587400,163.37557983398438
GOOGL,2025-03-12,166.5800018310547,167.63999938964844,163.52999877929688,167.11000061035156,28372400,166.43313598632813
GOOGL,2025-03-13,166.0399932861328,166.1300048828125,162.11000061035156,162.75999450683594,31756200,162.10076904296875
GOOGL,2025-03-14,163.27000427246094,166.49000549316406,162.4499969482422,165.49000549316406,31995900,164.8197021484375
GOOGL,2025-03-17,165.02999877929688,166.3000030517578,163.6699981689453,164.2899932861328,31184300,163.6245574951172
GOOGL,2025-03-18,163.67999267578125,164.25,156.72000122070313,160.6699981689453,42074800,160.0192108154297
GOOGL,2025-03-19,161.75999450683594,165.8699951171875,161,163.88999938964844,34275600,163.22618103027344
GOOGL,2025-03-20,161.57000732421875,164.88999938964844,160.9600067138672,162.8000030517578,28138500,162.14060974121094
GOOGL,2025-03-21,161.2100067138672,164.24000549316406,160.88999938964844,163.99000549316406,36625800,163.32579040527344
GOOGL,2025-03-24,167.07000732421875,168.32000732421875,165.13999938964844,167.67999267578125,30879100,167.00082397460938
GOOGL,2025-03-25,168.97999572753906,170.6300048828125,168.32000732421875,170.55999755859375,24174400,169.86917114257813
GOOGL,2025-03-26,169,169.61000061035156,164.83999633789063,165.05999755859375,28901600,164.3914337158203
GOOGL,2025-03-27,164.6300048828125,165.4199981689453,162,162.24000549316406,24508300,161.58287048339844
GOOGL,2025-03-28,160.49000549316406,161.82000732421875,153.6300048828125,154.3300018310547,48669300,153.70489501953125
GOOGL,2025-03-31,153.11000061035156,155.5399932861328,150.66000366210938,154.63999938964844,54603500,154.01364135742188
GOOGL,2025-04-01,153.6199951171875,158.10000610351563,153.6199951171875,157.07000732421875,30672900,156.43380737304688
GOOGL,2025-04-02,155.14999389648438,158.41000366210938,154.6999969482422,157.0399932861328,25041700,156.40390014648438
GOOGL,2025-04-03,151.11000061035156,152.77999877929688,150.38999938964844,150.72000122070313,46883400,150.1095428466797
GOOGL,2025-04-04,148.00999450683594,151.07000732421875,145.3800048828125,145.60000610351563,62259500,145.01026916503906
GOOGL,2025-04-07,141.5500030517578,152.85000610351563,140.52999877929688,146.75,76794100,146.15560913085938
GOOGL,2025-04-08,151.22000122070313,152.24000549316406,143.02999877929688,144.6999969482422,52200200,144.1138916015625
GOOGL,2025-04-09,144.4199981689453,159.5500030517578,143.91000366210938,158.7100067138672,70406200,158.06716918945313
GOOGL,2025-04-10,156.5399932861328,157.72000122070313,149.92999267578125,152.82000732421875,48022000,152.20103454589844
GOOGL,2025-04-11,152.89999389648438,157.6699981689453,152.82000732421875,157.13999938964844,33636200,156.5035400390625
GOOGL,2025-04-14,160,161.72000122070313,157.55999755859375,159.07000732421875,30333000,158.42572021484375
GOOGL,2025-04-15,159.1300048828125,159.64999389648438,155.2100067138672,156.30999755859375,27551500,155.67689514160156
GOOGL,2025-04-16,153.10000610351563,155.88999938964844,151.50999450683594,153.3300018310547,28187400,152.70896911621094
GOOGL,2025-04-17,154.2899932861328,154.67999267578125,148.5,151.16000366210938,33046600,150.54774475097656
GOOGL,2025-04-21,148.8800048828125,148.9499969482422,146.10000610351563,147.6699981689453,26049100,147.07186889648438
GOOGL,2025-04-22,148.88999938964844,152.19000244140625,148.5399932861328,151.47000122070313,26971800,150.8564910888672
GOOGL,2025-04-23,155.61000061035156,157.52999877929688,153.80999755859375,155.35000610351563,31128800,154.72079467773438
GOOGL,2025-04-24,156.14999389648438,159.58999633789063,155.7899932861328,159.27999877929688,45894000,158.63487243652344
GOOGL,2025-04-25,165.07000732421875,166.10000610351563,161.0399932861328,161.9600067138672,56034000,161.3040008544922
GOOGL,2025-04-28,162.42999267578125,163.14999389648438,158.60000610351563,160.61000061035156,29745800,159.95947265625
GOOGL,2025-04-29,160.32000732421875,160.74000549316406,157.52000427246094,160.16000366210938,26809000,159.51129150390625
GOOGL,2025-04-30,157.97999572753906,159.27000427246094,155.39999389648438,158.8000030517578,34981100,158.1568145751953
GOOGL,2025-05-01,160.4499969482422,161.9499969482422,158.91000366210938,161.3000030517578,30203200,160.64669799804688
GOOGL,2025-05-02,163.41000366210938,164.97000122070313,161.8699951171875,164.02999877929688,25715000,163.36561584472656
GOOGL,2025-05-05,163,165.38999938964844,162.72000122070313,164.2100067138672,21341800,163.54490661621094
GOOGL,2025-05-06,162.1699981689453,164.8000030517578,161.19000244140625,163.22999572753906,21277200,162.56886291503906
GOOGL,2025-05-07,164.0800018310547,165,147.83999633789063,151.3800048828125,127490100,150.76687622070313
GOOGL,2025-05-08,155,155.92999267578125,152.89999389648438,154.27999877929688,57498700,153.6551055908203
GOOGL,2025-05-09,154.1699981689453,155.0500030517578,152.1999969482422,152.75,32435300,152.13131713867188
GOOGL,2025-05-12,157.49000549316406,159.10000610351563,156.25,158.4600067138672,44138800,157.8181915283203
GOOGL,2025-05-13,158.7899932861328,160.57000732421875,156.16000366210938,159.52999877929688,42382100,158.88385009765625
GOOGL,2025-05-14,159.9600067138672,167,159.61000061035156,165.3699951171875,48755900,164.7001953125
GOOGL,2025-05-15,165.83999633789063,166.2100067138672,162.3699951171875,163.9600067138672,33146700,163.29591369628906
GOOGL,2025-05-16,167.72999572753906,169.35000610351563,165.6199951171875,166.19000244140625,42846900,165.51686096191406
GOOGL,2025-05-19,164.50999450683594,166.63999938964844,164.22000122070313,166.5399932861328,30426100,165.86544799804688
GOOGL,2025-05-20,166.42999267578125,168.5,162.89999389648438,163.97999572753906,46607700,163.3158416748047
GOOGL,2025-05-21,163.69000244140625,173.13999938964844,163.55999755859375,168.55999755859375,73416000,167.87728881835938
GOOGL,2025-05-22,171.85000610351563,176.77000427246094,170.7100067138672,170.8699951171875,74864400,170.1779022216797
GOOGL,2025-05-23,169.05999755859375,169.9600067138672,167.88999938964844,168.47000122070313,35211400,167.7876434326172
GOOGL,2025-05-27,170.16000366210938,173.1699981689453,170,172.89999389648438,37995700,172.19969177246094
GOOGL,2025-05-28,173.16000366210938,175.27000427246094,171.91000366210938,172.36000061035156,34784000,171.66188049316406
GOOGL,2025-05-29,174,174.4199981689453,170.6300048828125,171.86000061035156,29317300,171.16392517089844
GOOGL,2025-05-30,171.35000610351563,172.2100067138672,167.44000244140625,171.74000549316406,52639900,171.0443878173828
GOOGL,2025-06-02,167.83999633789063,169.8699951171875,167.38999938964844,169.02999877929688,38612300,168.34536743164063
GOOGL,2025-06-03,167.49000549316406,168.47999572753906,165.27999877929688,166.17999267578125,45084900,165.5069122314453
GOOGL,2025-06-04,166.74000549316406,168.22000122070313,166.36000061035156,168.0500030517578,26900800,167.3693389892578
GOOGL,2025-06-05,170.33999633789063,170.92999267578125,167.58999633789063,168.2100067138672,36379100,167.5286865234375
GOOGL,2025-06-06,170.8300018310547,174.5,170.8300018310547,173.67999267578125,35731800,172.97653198242188
GOOGL,2025-06-09,174.5399932861328,176.47000122070313,174.3699951171875,176.08999633789063,28935900,175.58908081054688
GOOGL,2025-06-10,176.1999969482422,181.11000061035156,174.91000366210938,178.60000610351563,61766100,178.09194946289063
GOOGL,2025-06-11,179.77000427246094,180.3699951171875,176.75,177.35000610351563,31646800,176.8455047607422
GOOGL,2025-06-12,176.17999267578125,176.72000122070313,174.75,175.6999969482422,20941900,175.20018005371094
GOOGL,2025-06-13,172.44000244140625,177.1300048828125,172.38999938964844,174.6699981689453,27663100,174.17312622070313
GOOGL,2025-06-16,174.72999572753906,176.94000244140625,174.64999389648438,176.77000427246094,27389200,176.26715087890625
GOOGL,2025-06-17,175.6999969482422,177.36000061035156,174.5800018310547,175.9499969482422,24973000,175.44949340820313
GOOGL,2025-06-18,176.00999450683594,176.55999755859375,173.1999969482422,173.32000732421875,28707500,172.8269805908203
GOOGL,2025-06-20,173.9499969482422,174.33999633789063,165.4600067138672,166.63999938964844,75659900,166.1659698486328
GOOGL,2025-06-23,166.27000427246094,167.33999633789063,162,165.19000244140625,57671000,164.72010803222656
GOOGL,2025-06-24,166.9199981689453,168.22000122070313,166.1300048828125,166.77000427246094,40524300,166.29559326171875
GOOGL,2025-06-25,167.6300048828125,172.36000061035156,167.5500030517578,170.67999267578125,35479000,170.19447326660156
GOOGL,2025-06-26,172.42999267578125,173.69000244140625,169.94000244140625,173.5399932861328,31796700,173.0463409423828
GOOGL,2025-06-27,173.5399932861328,178.67999267578125,171.72999572753906,178.52999877929688,108140200,178.0221405029297
GOOGL,2025-06-30,180.77999877929688,181.22999572753906,174.5800018310547,176.22999572753906,63378900,175.72869873046875
GOOGL,2025-07-01,175.74000549316406,176.08999633789063,173.52999877929688,175.83999633789063,35904500,175.3397979736328
GOOGL,2025-07-02,175.5399932861328,178.86000061035156,175.07000732421875,178.63999938964844,29128900,178.13182067871094
GOOGL,2025-07-03,178.5,179.6699981689453,177.0500030517578,179.52999877929688,21689700,179.01930236816406
GOOGL,2025-07-07,179.05999755859375,179.3000030517578,175.67999267578125,176.7899932861328,34175600,176.28709411621094
GOOGL,2025-07-08,177.85000610351563,177.9499969482422,172.80999755859375,174.36000061035156,40442500,173.864013671875
GOOGL,2025-07-09,175.25,179.44000244140625,172.77000427246094,176.6199951171875,43025600,176.11756896972656
GOOGL,2025-07-10,175.6300048828125,178.42999267578125,174.3800048828125,177.6199951171875,29252400,177.11471557617188
GOOGL,2025-07-11,176.7899932861328,181.42999267578125,176.47999572753906,180.19000244140625,34282900,179.67742919921875
GOOGL,2025-07-14,181.00999450683594,183.6699981689453,179.67999267578125,181.55999755859375,32536600,181.0435333251953
GOOGL,2025-07-15,182.80999755859375,184.22000122070313,181.60000610351563,182,33448300,181.48226928710938
GOOGL,2025-07-16,183.24000549316406,184.3300018310547,182.02999877929688,182.97000122070313,33104200,182.4495086669922
GOOGL,2025-07-17,182.13999938964844,184.05999755859375,180.47999572753906,183.5800018310547,31992600,183.0577850341797
GOOGL,2025-07-18,185.39999389648438,186.4199981689453,183.7100067138672,185.05999755859375,34014500,184.5335693359375
GOOGL,2025-07-21,186.25,190.2899932861328,186.14999389648438,190.10000610351563,45803100,189.55923461914063
GOOGL,2025-07-22,191.5,191.64999389648438,187.4600067138672,191.33999633789063,44660200,190.7957000732422
GOOGL,2025-07-23,191.5,192.52999877929688,189.17999267578125,190.22999572753906,58681900,189.68885803222656
GOOGL,2025-07-24,197.02999877929688,197.9499969482422,191,192.1699981689453,74881700,191.62335205078125
GOOGL,2025-07-25,191.97999572753906,194.3300018310547,191.25999450683594,193.17999267578125,39785900,192.63047790527344
GOOGL,2025-07-28,193.64999389648438,194.0500030517578,190.83999633789063,192.5800018310547,38139500,192.0321807861328
GOOGL,2025-07-29,192.42999267578125,195.9199981689453,192.0800018310547,195.75,41389200,195.1931610107422
GOOGL,2025-07-30,195.60000610351563,197.60000610351563,194.69000244140625,196.52999877929688,32445400,195.970947265625
GOOGL,2025-07-31,195.7100067138672,195.99000549316406,191.08999633789063,191.89999389648438,51329200,191.35411071777344
GOOGL,2025-08-01,189.02999877929688,190.8300018310547,187.82000732421875,189.1300048828125,34832200,188.5919952392578
GOOGL,2025-08-04,190.2899932861328,195.27000427246094,190.1199951171875,195.0399932861328,31547400,194.4851837158203
GOOGL,2025-08-05,194.7100067138672,197.86000061035156,193.88999938964844,194.6699981689453,31602300,194.11622619628906
GOOGL,2025-08-06,194.5,196.6300048828125,193.6699981689453,196.08999633789063,21562900,195.5321807861328
GOOGL,2025-08-07,197.05999755859375,197.5399932861328,194.3300018310547,196.52000427246094,26321800,195.9609832763672
GOOGL,2025-08-08,197.22000122070313,202.61000061035156,197.1699981689453,201.4199981689453,39161800,200.84701538085938
GOOGL,2025-08-11,200.94000244140625,201.47999572753906,199.07000732421875,201,25832400,200.42822265625
GOOGL,2025-08-12,201.3699951171875,204.5,200.58999633789063,203.33999633789063,30397900,202.76156616210938
GOOGL,2025-08-13,204.1300048828125,204.52999877929688,197.50999450683594,201.9600067138672,28342900,201.385498046875
GOOGL,2025-08-14,201.5,204.44000244140625,201.22999572753906,202.94000244140625,25230400,202.36270141601563
GOOGL,2025-08-15,203.85000610351563,206.44000244140625,201.27999877929688,203.89999389648438,34931400,203.31996154785156
GOOGL,2025-08-18,204.1999969482422,205.27000427246094,202.49000549316406,203.5,18526600,202.92111206054688
GOOGL,2025-08-19,203.02999877929688,203.44000244140625,199.9600067138672,201.57000732421875,24240200,200.99661254882813
GOOGL,2025-08-20,200.72999572753906,201.27999877929688,196.60000610351563,199.32000732421875,28955500,198.7530059814453
GOOGL,2025-08-21,199.75,202.47999572753906,199.42999267578125,199.75,19774600,199.18177795410156
GOOGL,2025-08-22,202.72999572753906,208.5399932861328,201.3000030517578,206.08999633789063,42827000,205.5037384033203
GOOGL,2025-08-25,206.42999267578125,210.52000427246094,205.27999877929688,208.49000549316406,29928900,207.89694213867188
GOOGL,2025-08-26,207.50999450683594,207.85000610351563,205.6999969482422,207.13999938964844,28464100,206.55075073242188
GOOGL,2025-08-27,205.6999969482422,208.91000366210938,205.64999389648438,207.47999572753906,23022900,206.88978576660156
GOOGL,2025-08-28,207.25,212.22000122070313,206.89999389648438,211.63999938964844,32339300,211.03794860839844
GOOGL,2025-08-29,210.50999450683594,214.64999389648438,210.1999969482422,212.91000366210938,39728400,212.3043670654297
GOOGL,2025-09-02,208.44000244140625,211.67999267578125,206.1999969482422,211.35000610351563,47523000,210.748779296875
GOOGL,2025-09-03,226.2100067138672,231.30999755859375,224.7899932861328,230.66000366210938,103336100,230.00384521484375
GOOGL,2025-09-04,229.64999389648438,232.3699951171875,226.11000061035156,232.3000030517578,51684200,231.63919067382813
GOOGL,2025-09-05,232.1999969482422,235.75999450683594,231.89999389648438,235,46588900,234.33151245117188
GOOGL,2025-09-08,235.47000122070313,238.1300048828125,233.6699981689453,234.0399932861328,32474700,233.5829620361328
GOOGL,2025-09-09,234.1699981689453,240.47000122070313,233.22999572753906,239.6300048828125,38061000,239.1620330810547
GOOGL,2025-09-10,238.89999389648438,241.66000366210938,237.85000610351563,239.1699981689453,35141100,238.70294189453125
GOOGL,2025-09-11,239.8800048828125,242.25,236.25,240.3699951171875,30599300,239.9005889892578
GOOGL,2025-09-12,240.3699951171875,242.0800018310547,238,240.8000030517578,26771600,240.32977294921875
GOOGL,2025-09-15,244.66000366210938,252.41000366210938,244.66000366210938,251.61000061035156,58383800,251.11866760253906
GOOGL,2025-09-16,252.0800018310547,253.0399932861328,249.47000122070313,251.16000366210938,34109700,250.66954040527344
GOOGL,2025-09-17,251.22000122070313,251.60000610351563,246.27999877929688,249.52999877929688,34108000,249.042724609375
GOOGL,2025-09-18,251.67999267578125,253.99000549316406,249.8000030517578,252.02999877929688,31239500,251.537841796875
GOOGL,2025-09-19,253.25,256,251.80999755859375,254.72000122070313,55571400,254.2225799560547
GOOGL,2025-09-22,254.42999267578125,255.77999877929688,250.3000030517578,252.52999877929688,32290500,252.036865234375
GOOGL,2025-09-23,253.0399932861328,254.36000061035156,250.47999572753906,251.66000366210938,26628000,251.16856384277344
GOOGL,2025-09-24,251.66000366210938,252.35000610351563,246.44000244140625,247.13999938964844,28201000,246.6573944091797
GOOGL,2025-09-25,244.39999389648438,246.49000549316406,240.74000549316406,245.7899932861328,31020400,245.3100128173828
GOOGL,2025-09-26,247.07000732421875,249.4199981689453,245.97000122070313,246.5399932861328,18503200,246.0585479736328
GOOGL,2025-09-29,247.85000610351563,251.14999389648438,242.77000427246094,244.0500030517578,32505800,243.5734100341797
GOOGL,2025-09-30,242.80999755859375,243.2899932861328,239.25,243.10000610351563,34724300,242.6252899169922
GOOGL,2025-10-01,240.75,246.3000030517578,238.61000061035156,244.89999389648438,31658200,244.4217529296875
GOOGL,2025-10-02,245.14999389648438,246.80999755859375,242.3000030517578,245.69000244140625,25483300,245.210205078125
GOOGL,2025-10-03,244.49000549316406,246.3000030517578,241.66000366210938,245.35000610351563,30249600,244.8708953857422
GOOGL,2025-10-06,244.77999877929688,251.32000732421875,244.5800018310547,250.42999267578125,28894700,249.94094848632813
GOOGL,2025-10-07,248.27000427246094,250.44000244140625,245.52000427246094,245.75999450683594,23181300,245.2800750732422
GOOGL,2025-10-08,244.9600067138672,246.00999450683594,243.82000732421875,244.6199951171875,21307100,244.14230346679688
GOOGL,2025-10-09,244.47000122070313,244.75999450683594,239.14999389648438,241.52999877929688,27892100,241.05833435058594
GOOGL,2025-10-10,241.42999267578125,244.08999633789063,235.83999633789063,236.57000732421875,33180300,236.10801696777344
GOOGL,2025-10-13,240.2100067138672,244.5,239.7100067138672,244.14999389648438,24995000,243.6732177734375
GOOGL,2025-10-14,241.22999572753906,247.1199951171875,240.50999450683594,245.4499969482422,22111600,244.97068786621094
GOOGL,2025-10-15,247.25,252.11000061035156,245.99000549316406,251.02999877929688,27007700,250.53977966308594
GOOGL,2025-10-16,251.77000427246094,256.9599914550781,250.10000610351563,251.4600067138672,27997200,250.96896362304688
GOOGL,2025-10-17,250.75999450683594,254.22000122070313,247.80999755859375,253.3000030517578,29671600,252.80535888671875
GOOGL,2025-10-20,254.69000244140625,257.3299865722656,254.22999572753906,256.54998779296875,22350200,256.04901123046875
GOOGL,2025-10-21,254.74000549316406,254.8800048828125,244.14999389648438,250.4600067138672,47312100,249.97091674804688
GOOGL,2025-10-22,254.3699951171875,256.3599853515625,249.2899932861328,251.69000244140625,35029400,251.19850158691406
GOOGL,2025-10-23,252.97999572753906,255.0399932861328,251.85000610351563,253.0800018310547,19901400,252.58578491210938
GOOGL,2025-10-24,256.5799865722656,261.67999267578125,255.32000732421875,259.9200134277344,28655100,259.4124450683594
GOOGL,2025-10-27,264.82000732421875,270.1400146484375,264.2799987792969,269.2699890136719,35235200,268.7441711425781
GOOGL,2025-10-28,269.69000244140625,270.7300109863281,266.5,267.4700012207031,29738600,266.9476623535156
GOOGL,2025-10-29,267.75,275.3399963378906,267.6700134277344,274.57000732421875,43580300,274.0338134765625
GOOGL,2025-10-30,291.5899963378906,291.5899963378906,280.05999755859375,281.4800109863281,74876000,280.9303283691406
GOOGL,2025-10-31,283.2099914550781,286,277.0299987792969,281.19000244140625,39267900,280.6408996582031
GOOGL,2025-11-03,282.17999267578125,285.5299987792969,279.79998779296875,283.7200012207031,29786000,283.1659240722656
GOOGL,2025-11-04,276.75,281.2699890136719,276.260009765625,277.5400085449219,30078400,276.9980163574219
GOOGL,2025-11-05,278.8699951171875,286.4200134277344,277.3399963378906,284.30999755859375,31010300,283.75482177734375
GOOGL,2025-11-06,285.3299865722656,288.3500061035156,281.1400146484375,284.75,37173600,284.19390869140625
GOOGL,2025-11-07,283.2099914550781,283.7799987792969,275.19000244140625,278.8299865722656,34479600,278.2854919433594
GOOGL,2025-11-10,284.4200134277344,290.79998779296875,282.8599853515625,290.1000061035156,29557300,289.5334777832031
GOOGL,2025-11-11,287.75,291.9200134277344,287.32000732421875,291.30999755859375,19842100,290.7411193847656
GOOGL,2025-11-12,291.67999267578125,292.010009765625,283.69000244140625,286.7099914550781,24829900,286.15008544921875
GOOGL,2025-11-13,282.3399963378906,282.8399963378906,277.239990234375,278.57000732421875,29494000,278.0260314941406
GOOGL,2025-11-14,271.4100036621094,278.55999755859375,270.70001220703125,276.4100036621094,31647200,275.8702087402344
GOOGL,2025-11-17,285.7799987792969,293.95001220703125,283.57000732421875,285.0199890136719,52670200,284.4634094238281
GOOGL,2025-11-18,287.9200134277344,288.79998779296875,278.20001220703125,284.2799987792969,49158700,283.7248229980469
GOOGL,2025-11-19,287.1600036621094,303.80999755859375,286.6300048828125,292.80999755859375,68198900,292.2381896972656
GOOGL,2025-11-20,304.5400085449219,306.4200134277344,288.6700134277344,289.45001220703125,62025200,288.884765625
GOOGL,2025-11-21,296.4200134277344,303.9200134277344,293.8500061035156,299.6600036621094,74137700,299.0747985839844
GOOGL,2025-11-24,311.1300048828125,319.4800109863281,309.6000061035156,318.5799865722656,85165100,317.9578552246094
GOOGL,2025-11-25,326.2099914550781,328.8299865722656,317.6499938964844,323.44000244140625,88632100,322.8083801269531
GOOGL,2025-11-26,320.67999267578125,324.5,316.7900085449219,319.95001220703125,51373400,319.3252258300781
GOOGL,2025-11-28,323.3699951171875,326.8500061035156,316.7900085449219,320.17999267578125,26018600,319.55474853515625
GOOGL,2025-12-01,317.70001220703125,319.8500061035156,313.8900146484375,314.8900146484375,41183000,314.2751159667969
GOOGL,2025-12-02,316.739990234375,318.3800048828125,313.9100036621094,315.80999755859375,35854700,315.1932678222656
GOOGL,2025-12-03,315.8900146484375,321.5799865722656,314.1000061035156,319.6300048828125,41838300,319.0058288574219
GOOGL,2025-12-04,322.2300109863281,322.3599853515625,314.70001220703125,317.6199951171875,31240900,316.999755859375
GOOGL,2025-12-05,319.489990234375,323.1600036621094,319.1700134277344,321.2699890136719,28851700,320.64263916015625
GOOGL,2025-12-08,320.04998779296875,320.44000244140625,311.2200012207031,313.7200012207031,33909400,313.3121643066406
GOOGL,2025-12-09,312.3699951171875,317.989990234375,311.8999938964844,317.0799865722656,30194000,316.66778564453125
GOOGL,2025-12-10,315.8299865722656,321.30999755859375,314.67999267578125,320.2099914550781,33428900,319.7937316894531
GOOGL,2025-12-11,320.0799865722656,321.1199951171875,308.6000061035156,312.42999267578125,42353700,312.02386474609375
GOOGL,2025-12-12,313.70001220703125,314.8699951171875,305.55999755859375,309.2900085449219,35940200,308.887939453125
GOOGL,2025-12-15,311.32000732421875,311.4200134277344,304.8800048828125,308.2200012207031,29151900,307.8193359375
GOOGL,2025-12-16,304.95001220703125,310.7699890136719,302.5899963378906,306.57000732421875,30585000,306.1714782714844
GOOGL,2025-12-17,308.010009765625,308.0899963378906,296.1199951171875,296.7200012207031,43930400,296.3342590332031
GOOGL,2025-12-18,301.7200012207031,303.9599914550781,299.2300109863281,302.4599914550781,33518000,302.0668029785156
GOOGL,2025-12-19,301.7300109863281,307.25,300.9700012207031,307.1600036621094,59943200,306.7607116699219
GOOGL,2025-12-22,309.8800048828125,310.1300048828125,305.29998779296875,309.7799987792969,26429900,309.3773193359375
GOOGL,2025-12-23,309.6300048828125,314.94000244140625,309.32000732421875,314.3500061035156,25478700,313.94134521484375
GOOGL,2025-12-24,314.7699890136719,315.0799865722656,311.9200134277344,314.0899963378906,10097400,313.6816711425781
GOOGL,2025-12-26,314.4800109863281,315.0899963378906,312.2799987792969,313.510009765625,10899000,313.10247802734375
GOOGL,2025-12-29,311.3699951171875,314.0199890136719,310.6199951171875,313.55999755859375,19621800,313.15240478515625
GOOGL,2025-12-30,312.5,316.95001220703125,312.4599914550781,313.8500061035156,17380900,313.4420166015625
GOOGL,2025-12-31,312.8500061035156,314.5799865722656,311.44000244140625,313,16377700,312.5931091308594
GOOGL,2026-01-02,316.8999938964844,322.5,310.3299865722656,315.1499938964844,32009400,314.74029541015625
GOOGL,2026-01-05,317.6600036621094,319.0199890136719,314.6300048828125,316.5400085449219,30195600,316.1285095214844
GOOGL,2026-01-06,316.3999938964844,320.94000244140625,311.7799987792969,314.3399963378906,31212100,313.9313659667969
GOOGL,2026-01-07,314.3599853515625,326.1499938964844,314.19000244140625,321.9800109863281,35104400,321.56146240234375
GOOGL,2026-01-08,328.9700012207031,330.32000732421875,321.5,325.44000244140625,31896100,325.0169372558594
GOOGL,2026-01-09,327.0899963378906,330.8299865722656,325.79998779296875,328.57000732421875,26214200,328.14288330078125
GOOGL,2026-01-12,325.79998779296875,334.0400085449219,325,331.8599853515625,33923900,331.4285888671875
GOOGL,2026-01-13,334.95001220703125,340.489990234375,333.6199951171875,335.9700012207031,33517600,335.5332336425781
GOOGL,2026-01-14,335.05999755859375,336.5199890136719,330.4800109863281,335.8399963378906,28525600,335.4034118652344
GOOGL,2026-01-15,337.6499938964844,337.69000244140625,330.739990234375,332.7799987792969,28442400,332.347412109375
GOOGL,2026-01-16,334.4100036621094,334.6499938964844,327.70001220703125,330,40341600,329.5710144042969
GOOGL,2026-01-20,320.8699951171875,327.7300109863281,320.42999267578125,322,35361000,321.5814208984375
GOOGL,2026-01-21,320.9200134277344,332.4800109863281,319.3500061035156,328.3800048828125,35386600,327.953125
GOOGL,2026-01-22,334.45001220703125,335.1499938964844,328.75,330.5400085449219,26253600,330.11029052734375
GOOGL,2026-01-23,332.489990234375,333.69000244140625,327.45001220703125,327.92999267578125,27280000,327.5036926269531
GOOGL,2026-01-26,327.80999755859375,335.8399963378906,327,333.260009765625,26042100,332.8267822265625
GOOGL,2026-01-27,335.3699951171875,337.9100036621094,333.4800109863281,334.54998779296875,21636200,334.1150817871094
GOOGL,2026-01-28,336.05999755859375,337.5400085449219,331.94000244140625,336.010009765625,27434400,335.57318115234375
GOOGL,2026-01-29,340.29998779296875,342.2900085449219,326.5400085449219,338.25,39785600,337.810302734375
GOOGL,2026-01-30,340,340,332.2900085449219,338,31024000,337.56060791015625
GOOGL,2026-02-02,336.2200012207031,344.8299865722656,335.6300048828125,343.69000244140625,32006100,343.2431945800781
GOOGL,2026-02-03,347.3399963378906,349,337.4700012207031,339.7099914550781,36506700,339.26837158203125
GOOGL,2026-02-04,342.9599914550781,343.30999755859375,328.5199890136719,333.0400085449219,70618400,332.6070861816406
GOOGL,2026-02-05,312.2200012207031,332.69000244140625,306.4599914550781,331.25,88205800,330.81939697265625
GOOGL,2026-02-06,327.17999267578125,330.3800048828125,319.9200134277344,322.8599853515625,56380500,322.4402770996094
GOOGL,2026-02-09,320.92999267578125,327.70001220703125,317.260009765625,324.32000732421875,39640100,323.8984069824219
GOOGL,2026-02-10,320.9700012207031,321.6700134277344,314.6099853515625,318.5799865722656,39170000,318.16583251953125
GOOGL,2026-02-11,318.9700012207031,321.05999755859375,309.6600036621094,310.9599914550781,45406400,310.55572509765625
GOOGL,2026-02-12,312.0899963378906,316.239990234375,307.20001220703125,309,47761300,308.59832763671875
GOOGL,2026-02-13,307.7300109863281,308.6300048828125,303.7099914550781,305.7200012207031,38499700,305.32257080078125
GOOGL,2026-02-17,300.0400085449219,304.44000244140625,296.25,302.0199890136719,39247600,301.6273498535156
GOOGL,2026-02-18,302.0899963378906,305.3800048828125,301.25,303.3299865722656,28482100,302.9356689453125
GOOGL,2026-02-19,301.82000732421875,305.4700012207031,300.0400085449219,302.8500061035156,25834400,302.456298828125
GOOGL,2026-02-20,304.32000732421875,316.5,303.8999938964844,314.9800109863281,53210800,314.570556640625
GOOGL,2026-02-23,319.04998779296875,319.5199890136719,309.8699951171875,311.489990234375,31423000,311.0850524902344
GOOGL,2026-02-24,310.5199890136719,312.2699890136719,305.92999267578125,310.8999938964844,25615600,310.495849609375
GOOGL,2026-02-25,312.05999755859375,313.6400146484375,309.44000244140625,312.8999938964844,29963600,312.4932556152344
GOOGL,2026-02-26,312.6400146484375,313.1400146484375,302.3500061035156,307.3800048828125,36431200,306.98040771484375
GOOGL,2026-02-27,304.1400146484375,312.3699951171875,303.79998779296875,311.760009765625,44640600,311.354736328125
GOOGL,2026-03-02,303.2300109863281,308.489990234375,301.29998779296875,306.5199890136719,34790200,306.12152099609375
GOOGL,2026-03-03,298.5899963378906,303.94000244140625,296.7099914550781,303.5799865722656,35497000,303.1853332519531
GOOGL,2026-03-04,302.8900146484375,305.4700012207031,300.75,303.1300048828125,29536200,302.7359619140625
GOOGL,2026-03-05,303.0400085449219,303.29998779296875,297.989990234375,300.8800048828125,35752300,300.4888916015625
GOOGL,2026-03-06,296.0899963378906,300.5299987792969,295.17999267578125,298.5199890136719,25576900,298.1319274902344
GOOGL,2026-03-09,294.3599853515625,306.79998779296875,294.0799865722656,306.3599853515625,29312100,306.1770935058594
GOOGL,2026-03-10,306.1700134277344,309.510009765625,305.57000732421875,307.0400085449219,23239700,306.8567199707031
GOOGL,2026-03-11,306.75,311.4200134277344,305.9200134277344,308.70001220703125,24125700,308.5157470703125
GOOGL,2026-03-12,306.82000732421875,308.94000244140625,301.0299987792969,303.54998779296875,24928300,303.3687744140625
GOOGL,2026-03-13,307.010009765625,307.69000244140625,300.44000244140625,302.2799987792969,23693100,302.09954833984375
GOOGL,2026-03-16,304.3500061035156,306.489990234375,303.0199890136719,305.55999755859375,23519700,305.3775939941406
GOOGL,2026-03-17,305.8599853515625,311.4200134277344,305.5,310.9200134277344,21955200,310.7344055175781
GOOGL,2026-03-18,309.2699890136719,312.4700012207031,306.92999267578125,307.69000244140625,20009800,307.5063171386719
GOOGL,2026-03-19,304.010009765625,308.05999755859375,302.3500061035156,307.1300048828125,25075800,306.9466552734375
GOOGL,2026-03-20,305.4599914550781,306,298.2699890136719,301,44364100,300.8203125
GOOGL,2026-03-23,302.1099853515625,305.9800109863281,300.92999267578125,302.05999755859375,29326900,301.87969970703125
GOOGL,2026-03-24,299.20001220703125,299.9200134277344,290.3299865722656,290.44000244140625,36864300,290.2666320800781
GOOGL,2026-03-25,293.44000244140625,296,289.239990234375,290.92999267578125,29460700,290.7563171386719
GOOGL,2026-03-26,287.9100036621094,287.95001220703125,278.5,280.9200134277344,39080600,280.7523193359375
GOOGL,2026-03-27,277.2799987792969,279.3699951171875,273.95001220703125,274.3399963378906,35890600,274.1762390136719
GOOGL,2026-03-30,276.4200134277344,277.0899963378906,272.1099853515625,273.5,35141200,273.33673095703125
GOOGL,2026-03-31,278.0400085449219,288.0799865722656,277.0899963378906,287.55999755859375,43875400,287.3883361816406
GOOGL,2026-04-01,290.8399963378906,300.5199890136719,290.4100036621094,297.3900146484375,37684500,297.2124938964844
GOOGL,2026-04-02,290.69000244140625,298.0799865722656,289.45001220703125,295.7699890136719,21666500,295.59344482421875
GOOGL,2026-04-06,295.8699951171875,300.6199951171875,295.17999267578125,299.989990234375,16945500,299.8109130859375
GOOGL,2026-04-07,302.7300109863281,305.6300048828125,297.7200012207031,305.4599914550781,23205400,305.27764892578125
GOOGL,2026-04-08,320.45001220703125,322.0799865722656,315.0199890136719,317.32000732421875,33547100,317.1305847167969
GOOGL,2026-04-09,315.9100036621094,319.5400085449219,311.05999755859375,318.489990234375,23739200,318.29986572265625
GOOGL,2026-04-10,320.0199890136719,321.8299865722656,316.32000732421875,317.239990234375,19152600,317.0506286621094
GOOGL,2026-04-13,317.1400146484375,321.6300048828125,315.4700012207031,321.30999755859375,18866400,321.1181945800781
GOOGL,2026-04-14,324.7900085449219,333.2900085449219,323.75,332.9100036621094,27721400,332.7112731933594
GOOGL,2026-04-15,332.8900146484375,337.4800109863281,330.8999938964844,337.1199951171875,24918800,336.91876220703125
GOOGL,2026-04-16,338.75,339.8800048828125,334.5199890136719,336.0199890136719,20541500,335.81939697265625
GOOGL,2026-04-17,337.6499938964844,342.32000732421875,336.239990234375,341.67999267578125,25581900,341.4760437011719
GOOGL,2026-04-20,340.760009765625,341.3999938964844,336.6099853515625,337.4200134277344,18784200,337.2185974121094
GOOGL,2026-04-21,337.69000244140625,339.3399963378906,331.3500061035156,332.2900085449219,23123800,332.0916442871094
GOOGL,2026-04-22,337.0199890136719,339.82000732421875,335.1700134277344,339.32000732421875,20293000,339.1174621582031
GOOGL,2026-04-23,341.17999267578125,341.9599914550781,336.17999267578125,338.8900146484375,18650300,338.6877136230469
GOOGL,2026-04-24,338.7300109863281,345.2699890136719,335.3900146484375,344.3999938964844,26426100,344.19439697265625
GOOGL,2026-04-27,345.9800109863281,353.17999267578125,342.7300109863281,350.3399963378906,28576900,350.130859375
GOOGL,2026-04-28,348.54998779296875,352.4200134277344,346.1199951171875,349.7799987792969,27824100,349.5711975097656
GOOGL,2026-04-29,347.57000732421875,355.7900085449219,344.2099914550781,349.94000244140625,35376300,349.7311096191406
GOOGL,2026-04-30,374.07000732421875,385.8399963378906,365.82000732421875,384.79998779296875,72040000,384.5702819824219
GOOGL,2026-05-01,381.6300048828125,386.760009765625,379.04998779296875,385.69000244140625,30105200,385.45977783203125
GOOGL,2026-05-04,385.6300048828125,387.3800048828125,379.7900085449219,383.25,26298600,383.0212097167969
GOOGL,2026-05-05,386.2300109863281,392.82000732421875,384.0199890136719,388.42999267578125,23878600,388.1981201171875
GOOGL,2026-05-06,394.25,399.8500061035156,392.760009765625,398.0400085449219,31308500,397.8023986816406
GOOGL,2026-05-07,399.9200134277344,400.1000061035156,392.67999267578125,397.989990234375,24433500,397.7524108886719
GOOGL,2026-05-08,397,402,396.3599853515625,400.79998779296875,21461800,400.56072998046875
GOOGL,2026-05-11,393.6499938964844,397.44000244140625,388.4700012207031,388.6400146484375,30753700,388.40802001953125
GOOGL,2026-05-12,387.3399963378906,388.5199890136719,382.7699890136719,387.3500061035156,26017500,387.1187744140625
GOOGL,2026-05-13,385.6000061035156,403.70001220703125,385,402.6199951171875,28144600,402.3796691894531
GOOGL,2026-05-14,397.2799987792969,402.92999267578125,395.8399963378906,401.07000732421875,21136700,400.8305969238281
GOOGL,2026-05-15,396.32000732421875,399.5400085449219,393.17999267578125,396.7799987792969,20309700,396.54315185546875
GOOGL,2026-05-18,395.69000244140625,408.6099853515625,394.5299987792969,396.94000244140625,26837200,396.70306396484375
GOOGL,2026-05-19,396.9599914550781,397.1499938964844,386.1099853515625,387.6600036621094,39545700,387.4285888671875
GOOGL,2026-05-20,387.70001220703125,393.8599853515625,382.8999938964844,388.9100036621094,31744400,388.6778564453125
GOOGL,2026-05-21,385.70001220703125,392.5,383.0199890136719,387.6600036621094,24852800,387.4285888671875
GOOGL,2026-05-22,387.3500061035156,388.739990234375,381.7699890136719,382.9700012207031,20442100,382.74139404296875
GOOGL,2026-05-26,384.510009765625,389.260009765625,382.6000061035156,388.8800048828125,27747400,388.6478576660156
GOOGL,2026-05-27,386.6700134277344,393.8800048828125,385.8999938964844,388.8299865722656,23087300,388.5978698730469
GOOGL,2026-05-28,388,391.8699951171875,385.1600036621094,390.1300048828125,24357500,389.8971252441406
GOOGL,2026-05-29,385.239990234375,385.239990234375,378.4599914550781,380.3399963378906,44415800,380.1129455566406
GOOGL,2026-06-01,376.5199890136719,378.55999755859375,373.5199890136719,376.3699951171875,28672100,376.14532470703125
GOOGL,2026-06-02,366.5899963378906,373.5400085449219,358.44000244140625,361.8500061035156,50412300,361.6340026855469
GOOGL,2026-06-03,362.0299987792969,366.45001220703125,358.0799865722656,358.989990234375,55441600,358.77569580078125
GOOGL,2026-06-04,358.8999938964844,373.25,358.2099914550781,372.19000244140625,44055500,371.96783447265625
GOOGL,2026-06-05,366.3399963378906,372.0799865722656,364.1199951171875,368.5299987792969,37471200,368.30999755859375
GOOGL,2026-06-08,365.17999267578125,366.20001220703125,360.5299987792969,363.30999755859375,27942500,363.30999755859375
GOOGL,2026-06-09,367.0899963378906,372.0799865722656,357.29998779296875,364.260009765625,29535100,364.260009765625
GOOGL,2026-06-10,363.19000244140625,368.55999755859375,355.20001220703125,356.3800048828125,32357100,356.3800048828125
GOOGL,2026-06-11,355.92999267578125,358.79998779296875,346.3599853515625,357.7699890136719,35538200,357.7699890136719
GOOGL,2026-06-12,362.6199951171875,366.57000732421875,354.94000244140625,359.67999267578125,24704600,359.67999267578125
GOOGL,2026-06-15,367.92999267578125,372.989990234375,366.54998779296875,369.3500061035156,27727500,369.3500061035156
GOOGL,2026-06-16,369.6000061035156,376,367.05999755859375,373.25,24876100,373.25
GOOGL,2026-06-17,369.1300048828125,372.3299865722656,362.0199890136719,363.7900085449219,24543600,363.7900085449219
GOOGL,2026-06-18,365.75,369.4800109863281,358.6700134277344,368.0299987792969,44470100,368.0299987792969
GOOGL,2026-06-22,357.95001220703125,358.9200134277344,341.7200012207031,349.67999267578125,52814800,349.67999267578125
GOOGL,2026-06-23,340.69000244140625,349.2900085449219,340.20001220703125,346.1300048828125,34007700,346.1300048828125
GOOGL,2026-06-24,349.0400085449219,353.4800109863281,341.92999267578125,345.2900085449219,44997300,345.2900085449219
GOOGL,2026-06-25,336.7300109863281,345.57000732421875,335.8399963378906,343.7099914550781,44491400,343.7099914550781
GOOGL,2026-06-26,342.54998779296875,346.3599853515625,330.20001220703125,337.3900146484375,114706300,337.3900146484375
GOOGL,2026-06-29,341.8299865722656,354.3500061035156,340.6700134277344,353.6499938964844,34213900,353.6499938964844
GOOGL,2026-06-30,353.8699951171875,358.6199951171875,350.3999938964844,357.3699951171875,35237200,357.3699951171875
GOOGL,2026-07-01,358.3699951171875,362.9700012207031,356.42999267578125,361.2099914550781,26736400,361.2099914550781
GOOGL,2026-07-02,359.4800109863281,364.2099914550781,353.4200134277344,359.9100036621094,25974800,359.9100036621094
GOOGL,2026-07-06,361.54998779296875,367.92999267578125,357.3800048828125,366.4599914550781,26915800,366.4599914550781
GOOGL,2026-07-07,369.07000732421875,373.1600036621094,365.5,367.0299987792969,24045600,367.0299987792969
GOOGL,2026-07-08,364.760009765625,367.8399963378906,358.0199890136719,361.9200134277344,22094800,361.9200134277344
GOOGL,2026-07-09,354.30999755859375,359.6499938964844,351.0799865722656,358.8900146484375,24729100,358.8900146484375
GOOGL,2026-07-10,357.5299987792969,357.82000732421875,352.75,357.17999267578125,18146100,357.17999267578125
GOOGL,2026-07-13,356.19000244140625,358.1300048828125,351.75,352.510009765625,15901700,352.510009765625
GOOGL,2026-07-14,351.20001220703125,360.1600036621094,351.0899963378906,359.510009765625,18259400,359.510009765625
GOOGL,2026-07-15,357.9700012207031,373.6499938964844,357.760009765625,370.9200134277344,28284600,370.9200134277344
GOOGL,2026-07-16,373.05999755859375,375.2699890136719,352.29998779296875,354.4599914550781,41158500,354.4599914550781
GOOGL,2026-07-17,346,348.5199890136719,341.3599853515625,346.7699890136719,29959300,346.7699890136719
GOOGL,2026-07-20,350.8800048828125,359.67999267578125,350.5199890136719,351.989990234375,24736600,351.989990234375
GOOGL,2026-07-21,351.32000732421875,351.32000732421875,347,347.1499938964844,23369800,347.1499938964844
GOOGL,2026-07-22,348.1600036621094,349.94000244140625,341.7300109863281,342.0899963378906,39334100,342.0899963378906
GOOGL,2026-07-23,321.1300048828125,324.489990234375,314.8999938964844,317.69000244140625,69419700,317.69000244140625
GOOGL,2026-07-24,318.4200134277344,324.17999267578125,317.32000732421875,319.739990234375,31806600,319.739990234375
GOOGL,2026-07-27,325.0400085449219,330.4200134277344,324.45001220703125,326.55999755859375,28471600,326.55999755859375
GOOGL,2026-07-28,327.8999938964844,335.8800048828125,324.44000244140625,333.7099914550781,29511900,333.7099914550781
GOOGL,2026-07-29,334.6700134277344,342.5,331.6199951171875,336.7099914550781,27501600,336.7099914550781
GOOGL,2026-07-30,334.20001220703125,336.510009765625,330.3399963378906,333.6600036621094,30168000,333.6600036621094
GOOGL,2026-07-31,340.8299865722656,358.5799865722656,340,356.1300048828125,46498000,356.1300048828125
GOOGL,2026-08-03,365.45001220703125,376.69000244140625,363.3500061035156,373.510009765625,38669700,373.510009765625
GOOGL,2026-08-04,368.2200012207031,380.5199890136719,367.5,377.6499938964844,35705700,377.6499938964844
GOOGL,2026-08-05,383.3399963378906,384.4800109863281,356.7699890136719,362.42999267578125,46926300,362.42999267578125
GOOGL,2026-08-06,360.7699890136719,364.1300048828125,356.8800048828125,357.75,25235900,357.75
GOOGL,2026-08-07,356.7200012207031,358.8999938964844,353.7799987792969,354.29998779296875,19859900,354.29998779296875
GOOGL,2026-08-10,355.17999267578125,357.6099853515625,352.7099914550781,357.5199890136719,18991400,357.5199890136719
GOOGL,2026-08-11,355.8900146484375,356.80999755859375,343.3900146484375,343.79998779296875,29081800,343.79998779296875
GOOGL,2026-08-12,346.30999755859375,346.4800109863281,340.8800048828125,343.5400085449219,25012000,343.5400085449219
GOOGL,2026-08-13,345.7699890136719,347.92999267578125,343.760009765625,346.3599853515625,17866100,346.3599853515625
GOOGL,2026-08-14,346.79998779296875,350.45001220703125,344.5,345.8999938964844,17808600,345.8999938964844
GOOGL,2026-08-17,346.2699890136719,347.25,341.92999267578125,344,18291300,344
GOOGL,2026-08-18,342.4100036621094,344.8699951171875,340.19000244140625,344.20001220703125,19248800,344.20001220703125
GOOGL,2026-08-19,342.4599914550781,346.7300109863281,340.6600036621094,344.7200012207031,19733800,344.7200012207031
GOOGL,2026-08-20,343.05999755859375,343.8999938964844,338.57000732421875,340.6700134277344,18570400,340.6700134277344
GOOGL,2026-08-21,342.5799865722656,346.20001220703125,340.3999938964844,344.82000732421875,20849800,344.82000732421875
GOOGL,2026-08-24,343.6199951171875,351.6000061035156,342.489990234375,348.05999755859375,26338200,348.05999755859375
GOOGL,2026-08-25,349.6400146484375,350.1600036621094,345.6000061035156,346.9599914550781,20649700,346.9599914550781
GOOGL,2026-08-26,346.6199951171875,346.8800048828125,340.17999267578125,342,20420300,342
GOOGL,2026-08-27,339.6700134277344,341.69000244140625,338.5199890136719,340.6499938964844,23391400,340.6499938964844
GOOGL,2026-08-28,340.7099914550781,349.1400146484375,340.2699890136719,346.5899963378906,25347200,346.5899963378906
GOOGL,2026-08-31,343.8299865722656,344.5899963378906,337.1600036621094,339.3500061035156,33493600,339.3500061035156
GOOGL,2026-09-01,336,337.20001220703125,333.04998779296875,335.0199890136719,23342700,335.0199890136719
GOOGL,2026-09-02,334.05999755859375,340,332.82000732421875,337.1199951171875,22525400,337.1199951171875
