symbol,date,open,high,low,close,volume,adjusted
META,2015-01-02,78.58000183105469,78.93000030517578,77.69999694824219,78.44999694824219,18177500,77.76707458496094
META,2015-01-05,77.9800033569336,79.25,76.86000061035156,77.19000244140625,26452200,76.51805877685547
META,2015-01-06,77.2300033569336,77.589996337890625,75.36000061035156,76.1500015258789,27399300,75.48709869384766
META,2015-01-07,76.76000213623047,77.36000061035156,75.81999969482422,76.1500015258789,22045300,75.48709869384766
META,2015-01-08,76.73999786376953,78.2300033569336,76.08000183105469,78.18000030517578,23961000,77.49942779541016
META,2015-01-09,78.19999694824219,78.62000274658203,77.19999694824219,77.73999786376953,21157000,77.0632553100586
META,2015-01-12,77.839996337890625,78,76.20999908447266,76.720001220703125,19190200,76.05213165283203
META,2015-01-13,77.2300033569336,78.08000183105469,75.8499984741211,76.44999694824219,25179600,75.78448486328125
META,2015-01-14,76.41999816894531,77.19999694824219,76.029998779296875,76.279998779296875,25918600,75.61595153808594
META,2015-01-15,76.4000015258789,76.56999969482422,73.54000091552734,74.05000305175781,34134000,73.40538787841797
META,2015-01-16,74.04000091552734,75.31999969482422,73.839996337890625,75.18000030517578,21791500,74.52555084228516
META,2015-01-20,75.720001220703125,76.30999755859375,74.81999969482422,76.23999786376953,22821600,75.576324462890625
META,2015-01-21,76.160003662109375,77.30000305175781,75.8499984741211,76.73999786376953,25096700,76.07196044921875
META,2015-01-22,77.16999816894531,77.75,76.68000030517578,77.6500015258789,19519500,76.97403717041016
META,2015-01-23,77.6500015258789,78.19000244140625,77.04000091552734,77.83000183105469,16746500,77.15247344970703
META,2015-01-26,77.9800033569336,78.470001220703125,77.29000091552734,77.5,19260800,76.82536315917969
META,2015-01-27,76.70999908447266,76.87999725341797,75.62999725341797,75.779998779296875,20110000,75.120330810546875
META,2015-01-28,76.9000015258789,77.63999938964844,76,76.23999786376953,53306400,75.576324462890625
META,2015-01-29,76.8499984741211,78.0199966430664,74.20999908447266,78,61293500,77.32099914550781
META,2015-01-30,78,78.160003662109375,75.75,75.910003662109375,42649500,75.24920654296875
META,2015-02-02,76.11000061035156,76.13999938964844,73.75,74.98999786376953,41955300,74.33719635009766
META,2015-02-03,75.19000244140625,75.58000183105469,73.86000061035156,75.4000015258789,26957700,74.74363708496094
META,2015-02-04,75.089996337890625,76.3499984741211,75.01000213623047,75.62999725341797,20277400,74.97162628173828
META,2015-02-05,75.70999908447266,75.9800033569336,75.20999908447266,75.61000061035156,15062600,74.951812744140625
META,2015-02-06,75.68000030517578,75.69999694824219,74.25,74.470001220703125,21211000,73.82171630859375
META,2015-02-09,74.05000305175781,74.83000183105469,73.44999694824219,74.44000244140625,16194300,73.7919921875
META,2015-02-10,74.8499984741211,75.339996337890625,74.5,75.19000244140625,15811300,74.53546142578125
META,2015-02-11,75.089996337890625,76.75,75.029998779296875,76.51000213623047,20877400,75.8439712524414
META,2015-02-12,76.86000061035156,76.87000274658203,75.88999938964844,76.2300033569336,17235000,75.56641387939453
META,2015-02-13,76.45999908447266,76.4800033569336,75.5,75.73999786376953,18621900,75.08068084716797
META,2015-02-17,75.30000305175781,76.910003662109375,75.08000183105469,75.5999984741211,25254400,74.94190216064453
META,2015-02-18,75.94000244140625,76.9000015258789,75.44999694824219,76.70999908447266,22426400,76.0422134399414
META,2015-02-19,76.98999786376953,79.839996337890625,76.94999694824219,79.41999816894531,45851200,78.7286376953125
META,2015-02-20,79.55000305175781,80.339996337890625,79.19999694824219,79.9000015258789,36931700,79.20446014404297
META,2015-02-23,79.95999908447266,80.19000244140625,78.37999725341797,78.839996337890625,24139100,78.1536865234375
META,2015-02-24,78.5,79.4800033569336,78.0999984741211,78.44999694824219,18897100,77.76707458496094
META,2015-02-25,78.5,80.19999694824219,78.5,79.55999755859375,25593800,78.86741638183594
META,2015-02-26,79.87999725341797,81.37000274658203,79.720001220703125,80.410003662109375,31111900,79.71002960205078
META,2015-02-27,80.68000030517578,81.2300033569336,78.62000274658203,78.970001220703125,30739200,78.2825698852539
META,2015-03-02,79,79.86000061035156,78.5199966430664,79.75,21662500,79.05577850341797
META,2015-03-03,79.61000061035156,79.69999694824219,78.5199966430664,79.5999984741211,18635000,78.90706634521484
META,2015-03-04,79.30000305175781,81.1500015258789,78.8499984741211,80.9000015258789,28126700,80.19574737548828
META,2015-03-05,81.2300033569336,81.98999786376953,81.05000305175781,81.20999908447266,27825700,80.50306701660156
META,2015-03-06,80.9000015258789,81.33000183105469,79.83000183105469,80.01000213623047,24488600,79.31351470947266
META,2015-03-09,79.68000030517578,79.910003662109375,78.62999725341797,79.44000244140625,18925100,78.74846649169922
META,2015-03-10,78.5,79.26000213623047,77.55000305175781,77.55000305175781,23067100,76.87492370605469
META,2015-03-11,77.80000305175781,78.43000030517578,77.26000213623047,77.56999969482422,20215700,76.89473724365234
META,2015-03-12,78.0999984741211,79.05000305175781,77.910003662109375,78.93000030517578,16093300,78.24290466308594
META,2015-03-13,78.5999984741211,79.37999725341797,77.68000030517578,78.05000305175781,18557300,77.370574951171875
META,2015-03-16,77.95999908447266,78.12000274658203,77.36000061035156,78.06999969482422,19305400,77.39039611816406
META,2015-03-17,78.36000061035156,79.779998779296875,78.339996337890625,79.36000061035156,22170000,78.669158935546875
META,2015-03-18,79.25,81.23999786376953,79.16999816894531,80.910003662109375,36912400,80.205657958984375
META,2015-03-19,81.12000274658203,83,81,82.75,42099500,82.02964782714844
META,2015-03-20,83.38999938964844,84.5999984741211,83.06999969482422,83.80000305175781,44466300,83.07051086425781
META,2015-03-23,83.91999816894531,84.95999908447266,83.30000305175781,84.43000030517578,27357300,83.69502258300781
META,2015-03-24,84.70999908447266,86.06999969482422,84.5199966430664,85.30999755859375,32576500,84.5673599243164
META,2015-03-25,85.5,85.5199966430664,82.91999816894531,82.91999816894531,37436100,82.19816589355469
META,2015-03-26,82.720001220703125,83.7699966430664,82.13999938964844,83.01000213623047,32794800,82.28739166259766
META,2015-03-27,83.37999725341797,83.94999694824219,82.87999725341797,83.30000305175781,18372600,82.57487487792969
META,2015-03-30,83.80999755859375,84.339996337890625,82.410003662109375,83.19999694824219,24527700,82.475738525390625
META,2015-03-31,82.9000015258789,83.5,82.20999908447266,82.220001220703125,19734300,81.50425720214844
META,2015-04-01,82.5,82.720001220703125,80.87000274658203,81.66999816894531,22058200,80.95906066894531
META,2015-04-02,82.25,82.55999755859375,81.44000244140625,81.55999755859375,19664100,80.850006103515625
META,2015-04-06,80.80000305175781,82.80999755859375,80.80000305175781,82.44000244140625,19062900,81.72235870361328
META,2015-04-07,82.6500015258789,83.41999816894531,82.220001220703125,82.31999969482422,17467000,81.60338592529297
META,2015-04-08,82.62999725341797,83.0999984741211,81.839996337890625,82.279998779296875,18966700,81.5637435913086
META,2015-04-09,82.5,82.80000305175781,81.70999908447266,82.16999816894531,15927300,81.45469665527344
META,2015-04-10,82.20999908447266,82.61000061035156,81.910003662109375,82.04000091552734,12529700,81.325836181640625
META,2015-04-13,81.93000030517578,83.94000244140625,81.91999816894531,83.01000213623047,26883100,82.28739166259766
META,2015-04-14,83.16999816894531,83.69000244140625,82.44000244140625,83.5199966430664,19634200,82.79295349121094
META,2015-04-15,83.55000305175781,83.660003662109375,82.2699966430664,82.70999908447266,22390900,81.99000549316406
META,2015-04-16,82.470001220703125,83.06999969482422,82.1500015258789,82.30999755859375,13769700,81.59346771240234
META,2015-04-17,81.4800033569336,82.11000061035156,80.37000274658203,80.779998779296875,24215000,80.07679748535156
META,2015-04-20,81.54000091552734,83.1500015258789,81.23999786376953,83.089996337890625,28796800,82.36668395996094
META,2015-04-21,84,84.48999786376953,83.54000091552734,83.62000274658203,27171900,82.89208221435547
META,2015-04-22,84.31999969482422,84.73999786376953,83.6500015258789,84.62999725341797,45548000,83.89327239990234
META,2015-04-23,84.0999984741211,85.589996337890625,82.410003662109375,82.410003662109375,73728100,81.6926040649414
META,2015-04-24,82.7699966430664,82.94000244140625,81.4800033569336,81.529998779296875,29660400,80.82025909423828
META,2015-04-27,81.87000274658203,82.93000030517578,81.62999725341797,81.910003662109375,25446000,81.19697570800781
META,2015-04-28,81.83000183105469,81.9000015258789,80.2300033569336,80.68000030517578,23775300,79.9776611328125
META,2015-04-29,80.01000213623047,81.38999938964844,79.5199966430664,80.470001220703125,26430300,79.76949310302734
META,2015-04-30,80.01000213623047,80.95999908447266,78.31999969482422,78.7699966430664,28999000,78.08427429199219
META,2015-05-01,79.23999786376953,79.76000213623047,78.11000061035156,78.98999786376953,24136400,78.30238342285156
META,2015-05-04,79.33000183105469,79.69000244140625,78.62999725341797,78.80999755859375,14692000,78.12394714355469
META,2015-05-05,78.55000305175781,78.80000305175781,77.220001220703125,77.55999755859375,22311300,76.88481903076172
META,2015-05-06,77.970001220703125,78.80999755859375,77.05000305175781,78.0999984741211,28663000,77.420135498046875
META,2015-05-07,78,78.94000244140625,77.55999755859375,78.43000030517578,19749400,77.74725341796875
META,2015-05-08,79.0999984741211,79.2300033569336,78.029998779296875,78.51000213623047,19943600,77.826568603515625
META,2015-05-11,78.4800033569336,79.029998779296875,77.93000030517578,78.01000213623047,18874100,77.33091735839844
META,2015-05-12,77.87000274658203,77.88999938964844,76.79000091552734,77.45999908447266,21285300,76.78570556640625
META,2015-05-13,77.720001220703125,78.529998779296875,77.6500015258789,78.44000244140625,21512300,77.75715637207031
META,2015-05-14,78.94000244140625,81.8499984741211,78.66999816894531,81.37000274658203,49438000,80.66165924072266
META,2015-05-15,81.410003662109375,81.5199966430664,80.18000030517578,80.41999816894531,27069900,79.71993255615234
META,2015-05-18,80.33000183105469,81.37999725341797,80.2300033569336,80.87999725341797,21613700,80.17594146728516
META,2015-05-19,81.25,81.69000244140625,80.55000305175781,80.62999725341797,17955400,79.92810821533203
META,2015-05-20,80.470001220703125,81.0999984741211,79.45999908447266,80.55000305175781,23056900,79.84880828857422
META,2015-05-21,80.19000244140625,80.91999816894531,80.08000183105469,80.4800033569336,13402700,79.7793960571289
META,2015-05-22,80.3499984741211,81.30999755859375,80.25,80.54000091552734,19567900,79.838897705078125
META,2015-05-26,80.43000030517578,80.5999984741211,79.08000183105469,79.33000183105469,16321300,78.639434814453125
META,2015-05-27,79.5999984741211,80.660003662109375,79.43000030517578,80.55000305175781,14160900,79.84880828857422
META,2015-05-28,80.25,81.06999969482422,80,80.1500015258789,11982000,79.4522705078125
META,2015-05-29,79.94999694824219,80.06999969482422,78.87999725341797,79.19000244140625,16134600,78.5006332397461
META,2015-06-01,79.30000305175781,80.37999725341797,78.660003662109375,80.29000091552734,18119000,79.59105682373047
META,2015-06-02,79.76000213623047,81.3499984741211,79.55999755859375,80.44000244140625,18923300,79.73976135253906
META,2015-06-03,81.3499984741211,82.529998779296875,81.25,82.44000244140625,31775000,81.72235870361328
META,2015-06-04,82.13999938964844,82.94999694824219,81.51000213623047,82.05000305175781,20863900,81.33574676513672
META,2015-06-05,81.87000274658203,82.45999908447266,81.51000213623047,82.13999938964844,16143100,81.4249496459961
META,2015-06-08,81.81999969482422,82,80.12999725341797,80.66999816894531,16915500,79.9677505493164
META,2015-06-09,80.5999984741211,81.19000244140625,79.31999969482422,80.66999816894531,16497500,79.9677505493164
META,2015-06-10,80.83000183105469,82.5999984741211,80.80999755859375,82.160003662109375,21531200,81.44478607177734
META,2015-06-11,82.30999755859375,82.9000015258789,81.36000061035156,81.83000183105469,18656800,81.11767578125
META,2015-06-12,81.37000274658203,82.089996337890625,81.19999694824219,81.529998779296875,11417900,80.82025909423828
META,2015-06-15,80.55000305175781,80.93000030517578,80.06999969482422,80.70999908447266,18805100,80.007415771484375
META,2015-06-16,80.81999969482422,81.51000213623047,80.44999694824219,81.05999755859375,13693700,80.35436248779297
META,2015-06-17,81.76000213623047,82.220001220703125,81.339996337890625,81.79000091552734,18350300,81.07801055908203
META,2015-06-18,81.63999938964844,83.19000244140625,81.56999969482422,82.910003662109375,26782600,82.188262939453125
META,2015-06-19,82.83000183105469,82.9800033569336,82.12000274658203,82.51000213623047,23353200,81.79174041748047
META,2015-06-22,83.410003662109375,84.970001220703125,83.30999755859375,84.73999786376953,29383100,84.00232696533203
META,2015-06-23,84.95999908447266,87.970001220703125,84.76000213623047,87.87999725341797,50667900,87.114990234375
META,2015-06-24,87.660003662109375,89.25,87.44999694824219,88.86000061035156,41370200,88.08647155761719
META,2015-06-25,89.26000213623047,89.4000015258789,87.839996337890625,87.9800033569336,27302000,87.2141342163086
META,2015-06-26,88.12000274658203,88.339996337890625,86.83000183105469,88.01000213623047,38214600,87.243865966796875
META,2015-06-29,86.61000061035156,87.5,85.7300033569336,85.80000305175781,35957900,85.05310821533203
META,2015-06-30,86.5999984741211,86.69999694824219,85.56999969482422,85.7699966430664,23016500,85.02336120605469
META,2015-07-01,86.7699966430664,87.94999694824219,86.48999786376953,86.910003662109375,25260000,86.15345001220703
META,2015-07-02,87.4000015258789,87.44000244140625,86.339996337890625,87.29000091552734,16908800,86.5301284790039
META,2015-07-06,86.48999786376953,88.19000244140625,86.38999938964844,87.55000305175781,24635900,86.78787994384766
META,2015-07-07,87.80000305175781,87.8499984741211,85.2300033569336,87.220001220703125,33059900,86.46073913574219
META,2015-07-08,86.29000091552734,86.75,85.44999694824219,85.6500015258789,24399300,84.90440368652344
META,2015-07-09,86.7300033569336,87.5999984741211,85.6500015258789,85.87999725341797,23307400,85.13240051269531
META,2015-07-10,87.3499984741211,88.220001220703125,86.7699966430664,87.94999694824219,23245900,87.18437957763672
META,2015-07-13,88.660003662109375,90.220001220703125,88.41999816894531,90.0999984741211,29976700,89.31566619873047
META,2015-07-14,90.45999908447266,90.80000305175781,89.6500015258789,89.68000030517578,26627800,88.89933776855469
META,2015-07-15,90,90.98999786376953,89.41999816894531,89.76000213623047,30886600,88.97863006591797
META,2015-07-16,90.279998779296875,90.86000061035156,89.7699966430664,90.8499984741211,21804100,90.05912780761719
META,2015-07-17,92.55000305175781,95.38999938964844,92.54000091552734,94.970001220703125,54001600,94.1432876586914
META,2015-07-20,95.8499984741211,98.5999984741211,95.36000061035156,97.910003662109375,54860500,97.05767822265625
META,2015-07-21,98.94999694824219,99.23999786376953,97.13999938964844,98.38999938964844,39453300,97.53350067138672
META,2015-07-22,96.73999786376953,97.58000183105469,95.91999816894531,97.04000091552734,28299500,96.19525146484375
META,2015-07-23,96.95999908447266,97.44999694824219,94.80999755859375,95.44000244140625,29418800,94.60918426513672
META,2015-07-24,97.3499984741211,97.76000213623047,95.87999725341797,96.94999694824219,33444900,96.10604095458984
META,2015-07-27,96.58000183105469,96.61000061035156,93.83000183105469,94.16999816894531,38585400,93.35023498535156
META,2015-07-28,94.839996337890625,95.55999755859375,93.30999755859375,95.29000091552734,35236000,94.46049499511719
META,2015-07-29,96.31999969482422,97.279998779296875,94.73999786376953,96.98999786376953,64648300,96.14568328857422
META,2015-07-30,94.910003662109375,95.80999755859375,91.80000305175781,95.20999908447266,86211300,94.38118743896484
META,2015-07-31,94.94999694824219,96.33000183105469,93.94999694824219,94.01000213623047,46509000,93.19163513183594
META,2015-08-03,93.529998779296875,95.08000183105469,92.80000305175781,94.13999938964844,29343100,93.32049560546875
META,2015-08-04,93.79000091552734,94.7300033569336,93.33000183105469,94.05999755859375,20136000,93.24120330810547
META,2015-08-05,95.25,97.089996337890625,95.18000030517578,96.44000244140625,29813200,95.60047149658203
META,2015-08-06,97.18000030517578,98.73999786376953,94.41999816894531,95.12000274658203,42271300,94.29198455810547
META,2015-08-07,95.37999725341797,95.4000015258789,93.61000061035156,94.30000305175781,23199100,93.4791030883789
META,2015-08-10,95.68000030517578,95.9000015258789,93.62999725341797,94.1500015258789,21624200,93.330413818359375
META,2015-08-11,93.7300033569336,94.76000213623047,92.9000015258789,93.62000274658203,22491000,92.80501556396484
META,2015-08-12,92.69999694824219,94.44000244140625,91.19000244140625,94.19000244140625,27050500,93.37006378173828
META,2015-08-13,94.05000305175781,94.7300033569336,93.3499984741211,93.43000030517578,17451800,92.61668395996094
META,2015-08-14,93.54000091552734,94.720001220703125,93.20999908447266,94.41999816894531,15929700,93.598052978515625
META,2015-08-17,94.41999816894531,94.45999908447266,93.38999938964844,93.93000030517578,18313500,93.112335205078125
META,2015-08-18,94.08000183105469,95.8499984741211,94.04000091552734,95.16999816894531,22278800,94.3415298461914
META,2015-08-19,94.62999725341797,96.0999984741211,94.160003662109375,95.30999755859375,23251300,94.4803237915039
META,2015-08-20,93.54000091552734,94.7699966430664,90.45999908447266,90.55999755859375,44598200,89.77166748046875
META,2015-08-21,87.5199966430664,89.18000030517578,85.61000061035156,86.05999755859375,62778700,85.3108139038086
META,2015-08-24,77.029998779296875,82.089996337890625,72,82.089996337890625,83710700,81.37540435791016
META,2015-08-25,86.94999694824219,87.66999816894531,83,83,52021200,82.27747344970703
META,2015-08-26,85.94999694824219,87.45999908447266,83.26000213623047,87.19000244140625,45124300,86.430999755859375
META,2015-08-27,89.0999984741211,90.05999755859375,87.19000244140625,89.7300033569336,42431400,88.94890594482422
META,2015-08-28,89.87999725341797,91.4800033569336,89.79000091552734,91.01000213623047,33215900,90.21775817871094
META,2015-08-31,90.5999984741211,91.05000305175781,88.88999938964844,89.43000030517578,32850700,88.65150451660156
META,2015-09-01,86.8499984741211,89.38999938964844,86.5,87.2300033569336,36097400,86.47065734863281
META,2015-09-02,88.80999755859375,89.88999938964844,87.62999725341797,89.88999938964844,27190500,89.10749816894531
META,2015-09-03,89.76000213623047,89.81999969482422,87.7300033569336,88.1500015258789,27048200,87.38263702392578
META,2015-09-04,87.19999694824219,88.38999938964844,86.69999694824219,88.26000213623047,27328700,87.49168395996094
META,2015-09-08,89.69000244140625,90.23999786376953,88.83000183105469,89.529998779296875,27012500,88.750640869140625
META,2015-09-09,90.779998779296875,91.9800033569336,90.16999816894531,90.44000244140625,32551100,89.6527099609375
META,2015-09-10,90.06999969482422,92.05999755859375,89.62999725341797,91.9800033569336,26437400,91.1792984008789
META,2015-09-11,91.68000030517578,92.08000183105469,91.12999725341797,92.05000305175781,21185000,91.24870300292969
META,2015-09-14,92.30999755859375,92.62000274658203,91.5999984741211,92.30999755859375,20127900,91.50643157958984
META,2015-09-15,92.37000274658203,93.25,91.79000091552734,92.9000015258789,18859400,92.09130859375
META,2015-09-16,92.9000015258789,93.5999984741211,92.62999725341797,93.44999694824219,16321200,92.636505126953125
META,2015-09-17,93.37000274658203,95.51000213623047,92.9000015258789,94.339996337890625,27841800,93.51876068115234
META,2015-09-18,93.19999694824219,95.19000244140625,93.05000305175781,94.4000015258789,62300000,93.57823181152344
META,2015-09-21,94.62000274658203,96.48999786376953,94.5199966430664,95.55000305175781,28790000,94.718231201171875
META,2015-09-22,93.7699966430664,94.68000030517578,91.91999816894531,92.95999908447266,36888900,92.1507797241211
META,2015-09-23,93.4000015258789,94.31999969482422,92.80000305175781,93.970001220703125,21701400,93.15196228027344
META,2015-09-24,93.05999755859375,94.7699966430664,92.23999786376953,94.410003662109375,29106000,93.58814239501953
META,2015-09-25,95.79000091552734,95.8499984741211,92.05999755859375,92.7699966430664,28961600,91.9624252319336
META,2015-09-28,92.08000183105469,92.29000091552734,88.18000030517578,89.20999908447266,41199900,88.43341064453125
META,2015-09-29,89.0999984741211,90.05999755859375,85.720001220703125,86.66999816894531,42281800,85.91552734375
META,2015-09-30,88.44000244140625,90.0199966430664,88.01000213623047,89.9000015258789,36169100,89.1174087524414
META,2015-10-01,90.05000305175781,90.94999694824219,88.36000061035156,90.94999694824219,29283700,90.15826416015625
META,2015-10-02,88.9000015258789,92.19999694824219,88.37000274658203,92.06999969482422,37881700,91.26850891113281
META,2015-10-05,92.94000244140625,94.2699966430664,92.660003662109375,94.01000213623047,27292500,93.19163513183594
META,2015-10-06,94.08000183105469,94.16999816894531,92.339996337890625,92.80000305175781,22172800,91.99217224121094
META,2015-10-07,93.11000061035156,93.660003662109375,91.37000274658203,92.4000015258789,24129300,91.59564208984375
META,2015-10-08,91.88999938964844,93.220001220703125,90.470001220703125,92.470001220703125,27290500,91.66504669189453
META,2015-10-09,92.9000015258789,93.73999786376953,92.23999786376953,93.23999786376953,20012900,92.42832946777344
META,2015-10-12,93.31999969482422,94.5999984741211,92.66999816894531,94.26000213623047,18449600,93.43946075439453
META,2015-10-13,93.660003662109375,95.37000274658203,93.55000305175781,94.12000274658203,19480300,93.30067443847656
META,2015-10-14,94.08000183105469,95.19999694824219,93.61000061035156,94.06999969482422,19253400,93.25110626220703
META,2015-10-15,94.98999786376953,96.30000305175781,94.9000015258789,95.95999908447266,27557500,95.1246566772461
META,2015-10-16,96.18000030517578,97.589996337890625,95.3499984741211,97.54000091552734,25412900,96.69091033935547
META,2015-10-19,97.18000030517578,98.56999969482422,96.91999816894531,98.470001220703125,23729900,97.612823486328125
META,2015-10-20,98.7300033569336,99.589996337890625,96.55999755859375,97,30881800,96.1556167602539
META,2015-10-21,97.37000274658203,98.18000030517578,96.470001220703125,97.11000061035156,21917800,96.26464080810547
META,2015-10-22,97.79000091552734,99.7300033569336,97.55000305175781,99.66999816894531,26392100,98.8023681640625
META,2015-10-23,101.91000366210938,102.8499984741211,100.16000366210938,102.19000244140625,42809700,101.30042266845703
META,2015-10-26,102.19999694824219,103.80999755859375,101.55000305175781,103.7699966430664,25961200,102.8666763305664
META,2015-10-27,102.94000244140625,104.0999984741211,102.4000015258789,103.69999694824219,23795500,102.79728698730469
META,2015-10-28,103.9000015258789,104.4800033569336,102.91999816894531,104.19999694824219,24081500,103.29291534423828
META,2015-10-29,103.95999908447266,105.12000274658203,103.5199966430664,104.87999725341797,20316700,103.96700286865234
META,2015-10-30,104.51000213623047,104.72000122070313,101.6500015258789,101.97000122070313,33487100,101.08233642578125
META,2015-11-02,101.72000122070313,103.47000122070313,101.18000030517578,103.30999755859375,24003900,102.41067504882813
META,2015-11-03,103.22000122070313,103.6500015258789,102.4000015258789,102.58000183105469,21242300,101.68702697753906
META,2015-11-04,103.19000244140625,104.13999938964844,102.4800033569336,103.94000244140625,43469300,103.03519439697266
META,2015-11-05,108.80000305175781,110.6500015258789,107.94999694824219,108.76000213623047,63232900,107.813232421875
META,2015-11-06,108.04000091552734,108.73999786376953,105.91000366210938,107.0999984741211,35084300,106.16768646240234
META,2015-11-09,107,108.25,105.86000061035156,106.48999786376953,26383500,105.56298065185547
META,2015-11-10,105.95999908447266,108.1500015258789,105.23999786376953,107.91000366210938,25031700,106.97062683105469
META,2015-11-11,108.2699966430664,109.87000274658203,107.11000061035156,109.01000213623047,25057100,108.0610580444336
META,2015-11-12,108.4800033569336,109.38999938964844,108,108.0199966430664,20924700,107.07967376708984
META,2015-11-13,107.70999908447266,108.25,103.83000183105469,103.94999694824219,30278400,103.04509735107422
META,2015-11-16,103.31999969482422,104.16999816894531,100.47000122070313,104.04000091552734,49309200,103.13431549072266
META,2015-11-17,104.62000274658203,106.19999694824219,104.13999938964844,105.12999725341797,26807200,104.21482849121094
META,2015-11-18,105.80000305175781,107.87999725341797,105.38999938964844,107.7699966430664,23836500,106.83184051513672
META,2015-11-19,107.36000061035156,107.7300033569336,105.94999694824219,106.26000213623047,25520600,105.33499145507813
META,2015-11-20,106.83999633789063,107.87000274658203,106.62000274658203,107.31999969482422,22129600,106.3857650756836
META,2015-11-23,107.19000244140625,107.47000122070313,106.08000183105469,106.94999694824219,19897200,106.01898956298828
META,2015-11-24,106,106.48999786376953,104.38999938964844,105.73999786376953,23577300,104.81951904296875
META,2015-11-25,106.33000183105469,106.5999984741211,105.0999984741211,105.41000366210938,15150800,104.49239349365234
META,2015-11-27,105.77999877929688,105.95999908447266,104.86000061035156,105.44999694824219,5913100,104.53205871582031
META,2015-11-30,105.83999633789063,106.0999984741211,103.75,104.23999786376953,20383200,103.33258819580078
META,2015-12-01,104.83000183105469,107.1500015258789,104.5,107.12000274658203,22781900,106.18750762939453
META,2015-12-02,107,107.91999816894531,105.79000091552734,106.06999969482422,24429100,105.14663696289063
META,2015-12-03,106.2699966430664,106.8499984741211,103.3499984741211,104.37999725341797,23236500,103.47135162353516
META,2015-12-04,104.80999755859375,107.7300033569336,104.11000061035156,106.18000030517578,21224700,105.25568389892578
META,2015-12-07,106.4800033569336,106.83000183105469,104.66000366210938,105.61000061035156,15474900,104.6906509399414
META,2015-12-08,104,106.91000366210938,103.94999694824219,106.48999786376953,20401800,105.56298065185547
META,2015-12-09,106.18000030517578,106.44000244140625,103.55000305175781,104.5999984741211,23517300,103.68943786621094
META,2015-12-10,105.05000305175781,106.4000015258789,104.41000366210938,105.41999816894531,17454300,104.5022964477539
META,2015-12-11,104.1500015258789,104.33999633789063,101.91000366210938,102.12000274658203,26427700,101.23103332519531
META,2015-12-14,102.29000091552734,104.73999786376953,101.45999908447266,104.66000366210938,24648100,103.7489242553711
META,2015-12-15,105.30000305175781,105.80000305175781,104.27999877929688,104.55000305175781,21764300,103.63988494873047
META,2015-12-16,105.37000274658203,107.08999633789063,104.19000244140625,106.79000091552734,22680500,105.86038208007813
META,2015-12-17,107.48999786376953,107.75,106.12999725341797,106.22000122070313,21675700,105.29534912109375
META,2015-12-18,106.08000183105469,106.58999633789063,103.97000122070313,104.04000091552734,35994200,103.13431549072266
META,2015-12-21,104.91000366210938,105.1500015258789,103.5999984741211,104.7699966430664,16138800,103.85796356201172
META,2015-12-22,105.22000122070313,105.66000366210938,104.80999755859375,105.51000213623047,14597100,104.5915298461914
META,2015-12-23,105.88999938964844,106.11000061035156,103.86000061035156,104.62999725341797,19599700,103.71916961669922
META,2015-12-24,104.73999786376953,105.31999969482422,104.5,105.0199966430664,6501800,104.10578918457031
META,2015-12-28,105.0199966430664,105.9800033569336,104.52999877929688,105.93000030517578,13069700,105.00786590576172
META,2015-12-29,106.41999816894531,107.73999786376953,106.25,107.26000213623047,17179900,106.32630157470703
META,2015-12-30,107,107.25,106.05999755859375,106.22000122070313,13115000,105.29534912109375
META,2015-12-31,106,106.16999816894531,104.62000274658203,104.66000366210938,18391100,103.7489242553711
META,2016-01-04,101.94999694824219,102.23999786376953,99.75,102.22000122070313,37912400,101.33015441894531
META,2016-01-05,102.88999938964844,103.70999908447266,101.66999816894531,102.7300033569336,23258200,101.83572387695313
META,2016-01-06,101.12999725341797,103.7699966430664,100.9000015258789,102.97000122070313,25096200,102.07362365722656
META,2016-01-07,100.5,101.43000030517578,97.30000305175781,97.91999816894531,45172900,97.06758880615234
META,2016-01-08,99.87999725341797,100.5,97.029998779296875,97.33000183105469,35402300,96.48273468017578
META,2016-01-11,97.910003662109375,98.5999984741211,95.38999938964844,97.51000213623047,29932400,96.66117095947266
META,2016-01-12,99,99.95999908447266,97.55000305175781,99.37000274658203,28395400,98.504974365234375
META,2016-01-13,100.58000183105469,100.58000183105469,95.20999908447266,95.44000244140625,33410600,94.60918426513672
META,2016-01-14,95.8499984741211,98.87000274658203,92.44999694824219,98.37000274658203,48658600,97.513671875
META,2016-01-15,93.9800033569336,96.37999725341797,93.54000091552734,94.970001220703125,46132800,94.1432876586914
META,2016-01-19,96.529998779296875,97.41999816894531,93.91999816894531,95.26000213623047,30998300,94.43074798583984
META,2016-01-20,92.83000183105469,95,89.37000274658203,94.3499984741211,59051400,93.52867889404297
META,2016-01-21,94.910003662109375,95.98999786376953,92.62000274658203,94.160003662109375,30518900,93.34033203125
META,2016-01-22,96.410003662109375,98.06999969482422,95.48999786376953,97.94000244140625,30495400,97.08740997314453
META,2016-01-25,98.720001220703125,99.4800033569336,96.93000030517578,97.01000213623047,32482000,96.16552734375
META,2016-01-26,97.76000213623047,97.87999725341797,95.660003662109375,97.339996337890625,26877100,96.492645263671875
META,2016-01-27,97.79000091552734,97.8499984741211,94.2300033569336,94.44999694824219,58699400,93.62779998779297
META,2016-01-28,107.19999694824219,110.33999633789063,104.80999755859375,109.11000061035156,107475300,108.16020202636719
META,2016-01-29,108.98999786376953,112.83999633789063,108.83999633789063,112.20999908447266,62739500,111.23320007324219
META,2016-02-01,112.2699966430664,115.72000122070313,112.01000213623047,115.08999633789063,46132700,114.08811950683594
META,2016-02-02,114.80000305175781,117.58999633789063,113.19999694824219,114.61000061035156,59778600,113.6123046875
META,2016-02-03,115.2699966430664,115.33999633789063,109.75,112.69000244140625,56919300,111.70902252197266
META,2016-02-04,111.80000305175781,111.94000244140625,109.25,110.48999786376953,38890200,109.52816772460938
META,2016-02-05,109.51000213623047,109.58000183105469,103.18000030517578,104.06999969482422,76894700,103.1640625
META,2016-02-08,100.41000366210938,102.68000030517578,97.45999908447266,99.75,71229700,98.88166809082031
META,2016-02-09,97.13999938964844,102.4000015258789,96.81999969482422,99.54000091552734,62709000,98.673492431640625
META,2016-02-10,101.55000305175781,103.25,100.23999786376953,101,45179400,100.12078857421875
META,2016-02-11,99.5999984741211,105.11000061035156,98.87999725341797,101.91000366210938,43670600,101.02286529541016
META,2016-02-12,103.73999786376953,104.23999786376953,101.08999633789063,102.01000213623047,36176800,101.12199401855469
META,2016-02-16,103.80000305175781,103.93000030517578,100.23999786376953,101.61000061035156,45687200,100.72547912597656
META,2016-02-17,102.0199966430664,105.72000122070313,100.4000015258789,105.19999694824219,44073400,104.28421783447266
META,2016-02-18,105.80000305175781,106,103.02999877929688,103.47000122070313,29593500,102.56928253173828
META,2016-02-19,102.55000305175781,105.0199966430664,102.05999755859375,104.56999969482422,32404500,103.65970611572266
META,2016-02-22,105.48999786376953,108.25,105.33999633789063,107.16000366210938,35709700,106.2271728515625
META,2016-02-23,106.8499984741211,107.47000122070313,105.12000274658203,105.45999908447266,25319300,104.54195404052734
META,2016-02-24,104.20999908447266,106.94999694824219,102.73999786376953,106.87999725341797,34412400,105.94959259033203
META,2016-02-25,107.11000061035156,108.06999969482422,105.61000061035156,108.06999969482422,29906300,107.12924194335938
META,2016-02-26,108.69999694824219,109.44999694824219,107.16000366210938,107.91999816894531,26686200,106.98052978515625
META,2016-02-29,107.5999984741211,108.91000366210938,106.75,106.91999816894531,32779000,105.98924255371094
META,2016-03-01,107.83000183105469,109.81999969482422,107.5999984741211,109.81999969482422,26817300,108.86400604248047
META,2016-03-02,109.68000030517578,110.55000305175781,108.7699966430664,109.94999694824219,25670200,108.99286651611328
META,2016-03-03,110.25,110.30000305175781,108.54000091552734,109.58000183105469,21353100,108.62609100341797
META,2016-03-04,110.05000305175781,110.05000305175781,107.93000030517578,108.38999938964844,24938900,107.44644927978516
META,2016-03-07,108.06999969482422,108.06999969482422,104.72000122070313,105.7300033569336,31436400,104.80960845947266
META,2016-03-08,104.77999877929688,107.37000274658203,104.4000015258789,105.93000030517578,25617000,105.00786590576172
META,2016-03-09,106.69999694824219,107.51000213623047,105.48999786376953,107.51000213623047,20493300,106.57411193847656
META,2016-03-10,107.91000366210938,108.66000366210938,105.7699966430664,107.31999969482422,24854300,106.3857650756836
META,2016-03-11,108.4800033569336,109.41999816894531,107.91999816894531,109.41000366210938,20697600,108.45757293701172
META,2016-03-14,109.27999877929688,110.33000183105469,108.7699966430664,109.88999938964844,17249400,108.93339538574219
META,2016-03-15,109.11000061035156,110.83000183105469,108.83999633789063,110.66999816894531,17618500,109.70661163330078
META,2016-03-16,110.48999786376953,112.5,110.0999984741211,112.18000030517578,24744800,111.2034683227539
META,2016-03-17,112.1500015258789,112.69000244140625,110.7300033569336,111.0199966430664,24241200,110.05355072021484
META,2016-03-18,111.55999755859375,112.41999816894531,110.2699966430664,111.44999694824219,36256900,110.47981262207031
META,2016-03-21,111.66000366210938,112.37000274658203,111.02999877929688,111.8499984741211,18448000,110.87633514404297
META,2016-03-22,111.36000061035156,112.87999725341797,111.16999816894531,112.25,19001100,111.2728500366211
META,2016-03-23,112.01000213623047,113.19000244140625,112,112.54000091552734,18562000,111.56031799316406
META,2016-03-24,112.12999725341797,113.08999633789063,111.68000030517578,113.05000305175781,17839100,112.06588745117188
META,2016-03-28,113.31999969482422,114.58999633789063,112.94999694824219,113.69000244140625,21351800,112.70033264160156
META,2016-03-29,113.83000183105469,116.31999969482422,113.63999938964844,116.13999938964844,29825300,115.12898254394531
META,2016-03-30,116.7300033569336,116.98999786376953,114.36000061035156,114.69999694824219,33235200,113.70152282714844
META,2016-03-31,114.69999694824219,115.01000213623047,113.7699966430664,114.0999984741211,21207500,113.10675048828125
META,2016-04-01,113.75,116.16999816894531,113.3499984741211,116.05999755859375,24760500,115.0496826171875
META,2016-04-04,114.06999969482422,114.55000305175781,111.61000061035156,112.55000305175781,48487900,111.57024383544922
META,2016-04-05,112.11000061035156,113.31999969482422,111.9000015258789,112.22000122070313,22962400,111.24312591552734
META,2016-04-06,112.47000122070313,113.80999755859375,112.41999816894531,113.70999908447266,20814600,112.72013854980469
META,2016-04-07,113.79000091552734,114.88999938964844,113.06999969482422,113.63999938964844,20714500,112.6507568359375
META,2016-04-08,114.25,114.33000183105469,109.9000015258789,110.62999725341797,48497800,109.66693878173828
META,2016-04-11,110.69999694824219,110.91000366210938,108.7699966430664,108.98999786376953,39762300,108.04122161865234
META,2016-04-12,109.33999633789063,111.16000366210938,108.98999786376953,110.61000061035156,26248100,109.64712524414063
META,2016-04-13,112.2300033569336,112.6500015258789,106.5199966430664,110.51000213623047,88227400,109.54800415039063
META,2016-04-14,110.62000274658203,112.04000091552734,110.26000213623047,110.83999633789063,28473300,109.87511444091797
META,2016-04-15,110.79000091552734,110.97000122070313,109.19999694824219,109.63999938964844,20922800,108.6855697631836
META,2016-04-18,109.73999786376953,110.80999755859375,109.19999694824219,110.44999694824219,21167200,109.4885025024414
META,2016-04-19,111.0999984741211,112.44999694824219,109.16000366210938,112.29000091552734,30210500,111.3125
META,2016-04-20,112.43000030517578,113.2699966430664,111.55999755859375,112.41999816894531,21027900,111.44136810302734
META,2016-04-21,112.55000305175781,114.04000091552734,112.30999755859375,113.44000244140625,20875200,112.4524917602539
META,2016-04-22,111.20999908447266,111.75,109.01000213623047,110.55999755859375,38458200,109.5975570678711
META,2016-04-25,109.87000274658203,110.66999816894531,109.06999969482422,110.0999984741211,21017900,109.14156341552734
META,2016-04-26,110.48999786376953,110.5,108.1500015258789,108.76000213623047,22521500,107.813232421875
META,2016-04-27,107.94000244140625,108.94000244140625,106.30999755859375,108.88999938964844,52213100,107.94209289550781
META,2016-04-28,119.58000183105469,120.79000091552734,116.2300033569336,116.7300033569336,87110100,115.7138442993164
META,2016-04-29,116.81999969482422,117.83999633789063,115.83999633789063,117.58000183105469,37140600,116.55645751953125
META,2016-05-02,117.83000183105469,118.7300033569336,116.56999969482422,118.56999969482422,28095200,117.53783416748047
META,2016-05-03,117.5199966430664,118.16000366210938,117.0199966430664,117.43000030517578,24117500,116.40776062011719
META,2016-05-04,116.61000061035156,118.30000305175781,116.56999969482422,118.05999755859375,23448400,117.03227233886719
META,2016-05-05,118.04000091552734,118.9800033569336,117.25,117.80999755859375,22056700,116.78445434570313
META,2016-05-06,117.16000366210938,119.63999938964844,117.11000061035156,119.48999786376953,26395600,118.44982147216797
META,2016-05-09,119.54000091552734,120.27999877929688,118.9000015258789,119.23999786376953,21138100,118.20198822021484
META,2016-05-10,119.62000274658203,120.5,119,120.5,23220000,119.45103454589844
META,2016-05-11,120.41000366210938,121.08000183105469,119.41999816894531,119.5199966430664,22038400,118.47956085205078
META,2016-05-12,119.9800033569336,120.83999633789063,118.9000015258789,120.27999877929688,22035500,119.23294830322266
META,2016-05-13,120.37999725341797,120.63999938964844,119.68000030517578,119.80999755859375,18124300,118.76702880859375
META,2016-05-16,119.37999725341797,119.61000061035156,117.3499984741211,118.66999816894531,31247800,117.636962890625
META,2016-05-17,118.81999969482422,119.01000213623047,117.19999694824219,117.3499984741211,21328600,116.32845306396484
META,2016-05-18,116.80000305175781,118.2699966430664,116.7300033569336,117.6500015258789,21642300,116.6258544921875
META,2016-05-19,117.05000305175781,117.48999786376953,115.87999725341797,116.80999755859375,20544100,115.79314422607422
META,2016-05-20,116.95999908447266,117.98999786376953,116.94999694824219,117.3499984741211,18944800,116.32845306396484
META,2016-05-23,117.41999816894531,117.5999984741211,115.94000244140625,115.97000122070313,20441000,114.96046447753906
META,2016-05-24,116.23999786376953,117.7300033569336,116.12000274658203,117.69999694824219,20183600,116.67539978027344
META,2016-05-25,118.12999725341797,118.66999816894531,117.37999725341797,117.88999938964844,20019800,116.86375427246094
META,2016-05-26,118.23999786376953,119.76000213623047,117.91999816894531,119.47000122070313,18481300,118.43000030517578
META,2016-05-27,119.55999755859375,119.8499984741211,119.01000213623047,119.37999725341797,13493600,118.34077453613281
META,2016-05-31,119.45999908447266,120.0999984741211,118.12000274658203,118.80999755859375,23547600,117.7757339477539
META,2016-06-01,118.5,119.08000183105469,117.81999969482422,118.77999877929688,15029500,117.74600219726563
META,2016-06-02,118.69000244140625,119.44000244140625,118.22000122070313,118.93000030517578,13228300,117.89469146728516
META,2016-06-03,118.9800033569336,118.9800033569336,117.86000061035156,118.47000122070313,14135100,117.43871307373047
META,2016-06-06,118.62000274658203,119.43000030517578,118.36000061035156,118.79000091552734,12744700,117.75592041015625
META,2016-06-07,119.23999786376953,119.30000305175781,117.66999816894531,117.76000213623047,17103000,116.73489379882813
META,2016-06-08,117.76000213623047,118.5999984741211,117.2699966430664,118.38999938964844,14505600,117.3593978881836
META,2016-06-09,118.12999725341797,118.68000030517578,117.70999908447266,118.55999755859375,13859200,117.52792358398438
META,2016-06-10,117.54000091552734,118.11000061035156,116.26000213623047,116.62000274658203,18510800,115.60481262207031
META,2016-06-13,115,115.4800033569336,113.30999755859375,113.94999694824219,31718200,112.9580307006836
META,2016-06-14,114.06999969482422,114.94999694824219,113.58000183105469,114.94000244140625,17618500,113.93943786621094
META,2016-06-15,115.30000305175781,115.44000244140625,114.06999969482422,114.5999984741211,19819400,113.60238647460938
META,2016-06-16,113.87000274658203,114.5,112.94000244140625,114.38999938964844,19236300,113.39421081542969
META,2016-06-17,114.41999816894531,114.43000030517578,112.55999755859375,113.0199966430664,24644300,112.03614044189453
META,2016-06-20,113.7699966430664,114.72000122070313,112.75,113.37000274658203,20785400,112.38309478759766
META,2016-06-21,114.12000274658203,115.20999908447266,113.97000122070313,114.37999725341797,19166300,113.38430786132813
META,2016-06-22,114.6500015258789,114.73999786376953,113.61000061035156,113.91000366210938,14846300,112.91840362548828
META,2016-06-23,114.37000274658203,115.08999633789063,113.54000091552734,115.08000183105469,16176900,114.07821655273438
META,2016-06-24,111.01000213623047,113.68000030517578,111,112.08000183105469,40643100,111.10431671142578
META,2016-06-27,111.56999969482422,111.56999969482422,108.2300033569336,108.97000122070313,36130400,108.02141571044922
META,2016-06-28,110.62999725341797,112.75,110.55000305175781,112.69999694824219,26813800,111.71892547607422
META,2016-06-29,113.37000274658203,114.25,113.04000091552734,114.16000366210938,20968300,113.16622161865234
META,2016-06-30,114.66999816894531,115.18000030517578,113.66999816894531,114.27999877929688,23192700,113.28517150878906
META,2016-07-01,114.19999694824219,115.12999725341797,113.80999755859375,114.19000244140625,14980000,113.19596099853516
META,2016-07-05,113.94000244140625,114.19999694824219,112.97000122070313,114.19999694824219,14207000,113.20587921142578
META,2016-07-06,113.36000061035156,116.79000091552734,112.97000122070313,116.69999694824219,24337600,115.68411254882813
META,2016-07-07,116.62999725341797,116.97000122070313,115.36000061035156,115.8499984741211,16630200,114.84150695800781
META,2016-07-08,116.43000030517578,117.5,115.8499984741211,117.23999786376953,18142600,116.21941375732422
META,2016-07-11,117.70999908447266,118.69999694824219,117.5,117.87000274658203,17711600,116.84393310546875
META,2016-07-12,118.62999725341797,118.72000122070313,117.56999969482422,117.93000030517578,15217700,116.90339660644531
META,2016-07-13,118.38999938964844,118.4000015258789,116.68000030517578,116.77999877929688,16207700,115.76341247558594
META,2016-07-14,117.5,117.63999938964844,116.69999694824219,117.29000091552734,14579700,116.26898193359375
META,2016-07-15,117.73999786376953,118.27999877929688,116.58000183105469,116.86000061035156,16646000,115.84272766113281
META,2016-07-18,117.31999969482422,119.61000061035156,116.88999938964844,119.37000274658203,20868400,118.33087158203125
META,2016-07-19,118.98999786376953,120.8499984741211,118.66000366210938,120.61000061035156,21541300,119.56006622314453
META,2016-07-20,121.25,122.19999694824219,120.55999755859375,121.91999816894531,20046500,120.85868072509766
META,2016-07-21,121.91999816894531,122.0999984741211,120.25,120.61000061035156,17801700,119.56006622314453
META,2016-07-22,119.9000015258789,121.01000213623047,119.30999755859375,121,18422400,119.94668579101563
META,2016-07-25,121.38999938964844,121.8499984741211,117.77999877929688,121.62999725341797,18487400,120.57119750976563
META,2016-07-26,122,122.06999969482422,120.75,121.22000122070313,17612000,120.16476440429688
META,2016-07-27,122.41999816894531,125,121.51000213623047,123.33999633789063,52654200,122.26631164550781
META,2016-07-28,127.5199966430664,128.3300018310547,123.62999725341797,125,78955800,123.91184997558594
META,2016-07-29,124.6500015258789,125.83999633789063,123.70999908447266,123.94000244140625,35058800,122.86109161376953
META,2016-08-01,123.8499984741211,124.58000183105469,122.86000061035156,124.30999755859375,25006900,123.22786712646484
META,2016-08-02,124.05999755859375,124.80000305175781,122.06999969482422,123.08999633789063,23968400,122.01847839355469
META,2016-08-03,123.08999633789063,123.91999816894531,122.30999755859375,122.51000213623047,18525300,121.44352722167969
META,2016-08-04,122.94000244140625,124.79000091552734,122.51000213623047,124.36000061035156,21066000,123.27742767333984
META,2016-08-05,124.9800033569336,125.83999633789063,124.62000274658203,125.1500015258789,20184000,124.06056213378906
META,2016-08-08,125.25,125.44999694824219,124.55000305175781,125.26000213623047,15233900,124.16958618164063
META,2016-08-09,125.33999633789063,126.08999633789063,124.52999877929688,125.05999755859375,19621000,123.9713363647461
META,2016-08-10,125.06999969482422,125.4800033569336,124.54000091552734,124.87999725341797,10670100,123.79290771484375
META,2016-08-11,125.19999694824219,125.37999725341797,124.75,124.9000015258789,11729500,123.81273651123047
META,2016-08-12,124.69999694824219,125,124.18000030517578,124.87999725341797,12159000,123.79290771484375
META,2016-08-15,124.91000366210938,124.91999816894531,123.69999694824219,123.9000015258789,19295100,122.8214340209961
META,2016-08-16,123.5,123.91999816894531,122.77999877929688,123.30000305175781,14222400,122.2266616821289
META,2016-08-17,123.66000366210938,124.37999725341797,122.8499984741211,124.37000274658203,13794200,123.287353515625
META,2016-08-18,124.01000213623047,124.26000213623047,123.63999938964844,123.91000366210938,12400800,122.83135223388672
META,2016-08-19,123.5999984741211,124.16000366210938,123.27999877929688,123.55999755859375,11688300,122.4843978881836
META,2016-08-22,123.33000183105469,124.83000183105469,123.11000061035156,124.1500015258789,14386400,123.06925201416016
META,2016-08-23,124.51000213623047,125.08999633789063,124.25,124.37000274658203,13309500,123.287353515625
META,2016-08-24,124.47000122070313,124.69000244140625,123.08999633789063,123.4800033569336,12243700,122.40510559082031
META,2016-08-25,123.12000274658203,124.37000274658203,123.0999984741211,123.88999938964844,10730800,122.8115234375
META,2016-08-26,124.05000305175781,125.19000244140625,123.91000366210938,124.95999908447266,17504800,123.87220001220703
META,2016-08-29,124.3499984741211,126.7300033569336,124.3499984741211,126.54000091552734,15925900,125.4384536743164
META,2016-08-30,126.5999984741211,126.5999984741211,125.1500015258789,125.83999633789063,17804300,124.74454498291016
META,2016-08-31,125.5999984741211,126.22000122070313,125.0999984741211,126.12000274658203,14200600,125.02210998535156
META,2016-09-01,126.37999725341797,126.62999725341797,125.5999984741211,126.16999816894531,13536100,125.0716781616211
META,2016-09-02,126.8499984741211,126.86000061035156,126,126.51000213623047,12118800,125.4087142944336
META,2016-09-06,126.66999816894531,129.94000244140625,126.47000122070313,129.72999572753906,26278400,128.60067749023438
META,2016-09-07,130.0399932861328,131.97999572753906,129.9499969482422,131.0500030517578,27990800,129.9091796875
META,2016-09-08,130.9199981689453,131.0800018310547,129.80999755859375,130.27000427246094,15676600,129.13600158691406
META,2016-09-09,129.7100067138672,129.9499969482422,127.0999984741211,127.0999984741211,27100700,125.99358367919922
META,2016-09-12,125.95999908447266,128.75999450683594,125.75,128.69000244140625,21252800,127.56974029541016
META,2016-09-13,128.02999877929688,128.35000610351563,126.66000366210938,127.20999908447266,18016200,126.10262298583984
META,2016-09-14,126.88999938964844,128.8000030517578,126.88999938964844,127.7699966430664,15691100,126.6577377319336
META,2016-09-15,127.9800033569336,129.10000610351563,127.66999816894531,128.35000610351563,15077200,127.23271942138672
META,2016-09-16,128.1999969482422,129.17999267578125,128.1999969482422,129.07000732421875,24119200,127.9464340209961
META,2016-09-19,129.91000366210938,129.94000244140625,128.25999450683594,128.64999389648438,14958800,127.53009033203125
META,2016-09-20,128.64999389648438,129.1699981689453,128.02999877929688,128.63999938964844,11083800,127.52017211914063
META,2016-09-21,129.1300048828125,130.00999450683594,128.38999938964844,129.94000244140625,14068300,128.808837890625
META,2016-09-22,130.5,130.72999572753906,129.55999755859375,130.0800018310547,15538300,128.94764709472656
META,2016-09-23,127.55999755859375,128.60000610351563,127.30000305175781,127.95999908447266,28326300,126.84609985351563
META,2016-09-26,127.37000274658203,128.16000366210938,126.80000305175781,127.30999755859375,15064900,126.2017593383789
META,2016-09-27,127.61000061035156,129.00999450683594,127.43000030517578,128.69000244140625,15637100,127.56974029541016
META,2016-09-28,129.2100067138672,129.47000122070313,128.39999389648438,129.22999572753906,12047600,128.10504150390625
META,2016-09-29,129.17999267578125,129.2899932861328,127.55000305175781,128.08999633789063,14532200,126.97494506835938
META,2016-09-30,128.02999877929688,128.58999633789063,127.44999694824219,128.27000427246094,18402900,127.15340423583984
META,2016-10-03,128.3800048828125,129.08999633789063,127.80000305175781,128.77000427246094,13156900,127.64904022216797
META,2016-10-04,129.1699981689453,129.27999877929688,127.55000305175781,128.19000244140625,14307500,127.07411193847656
META,2016-10-05,128.25,128.8000030517578,127.83000183105469,128.47000122070313,12386800,127.35163879394531
META,2016-10-06,128.42999267578125,129.05999755859375,128.0800018310547,128.74000549316406,11682700,127.61929321289063
META,2016-10-07,129.0399932861328,129.25,128.3300018310547,128.99000549316406,12804400,127.86711883544922
META,2016-10-10,129.67999267578125,130.6999969482422,129.1999969482422,130.24000549316406,15138700,129.1062469482422
META,2016-10-11,130.22999572753906,130.63999938964844,128.22999572753906,128.8800048828125,17537900,127.75808715820313
META,2016-10-12,129.00999450683594,129.66000366210938,128.4600067138672,129.0500030517578,11073000,127.92662811279297
META,2016-10-13,128.2100067138672,128.25,126.75,127.81999969482422,17139300,126.70732116699219
META,2016-10-14,128.49000549316406,128.9499969482422,127.58000183105469,127.87999725341797,13345300,126.76678466796875
META,2016-10-17,128.1999969482422,128.47000122070313,127.31999969482422,127.54000091552734,11351700,126.42975616455078
META,2016-10-18,128.67999267578125,129.38999938964844,128.00999450683594,128.57000732421875,13504000,127.4507827758789
META,2016-10-19,128.74000549316406,130.47000122070313,128.60000610351563,130.11000061035156,16752300,128.97740173339844
META,2016-10-20,130.07000732421875,130.66000366210938,129.5,130,13167500,128.8683624267578
META,2016-10-21,129.77999877929688,132.1300048828125,129.6999969482422,132.07000732421875,19088800,130.92030334472656
META,2016-10-24,132.72000122070313,133.41000366210938,132.14999389648438,133.27999877929688,17470200,132.11976623535156
META,2016-10-25,133.5,133.5,132.22000122070313,132.2899932861328,13336800,131.13839721679688
META,2016-10-26,131.63999938964844,132.25999450683594,130.94000244140625,131.0399932861328,13084700,129.8992919921875
META,2016-10-27,131.74000549316406,131.8000030517578,129.27000427246094,129.69000244140625,16741400,128.56103515625
META,2016-10-28,130.5,132.97000122070313,129.92999267578125,131.2899932861328,24545500,130.14712524414063
META,2016-10-31,132.00999450683594,132.1199951171875,130.8800048828125,130.99000549316406,15669000,129.84970092773438
META,2016-11-01,131.41000366210938,131.94000244140625,128.64999389648438,129.5,22077800,128.37271118164063
META,2016-11-02,130.22999572753906,130.22999572753906,126.27999877929688,127.16999816894531,39640900,126.06295776367188
META,2016-11-03,122,123.27999877929688,119.5,120,63766300,118.95537567138672
META,2016-11-04,119.58999633789063,121.93000030517578,119.25,120.75,30545500,119.6988525390625
META,2016-11-07,122.83000183105469,123.20999908447266,121.3499984741211,122.1500015258789,23008900,121.086669921875
META,2016-11-08,122.02999877929688,124.61000061035156,121.54000091552734,124.22000122070313,19460800,123.1386489868164
META,2016-11-09,121.5,123.80999755859375,120.51000213623047,123.18000030517578,31916000,122.10770416259766
META,2016-11-10,123.93000030517578,124.18000030517578,115.2699966430664,120.80000305175781,67846700,119.74842071533203
META,2016-11-11,119.52999877929688,120.69999694824219,118.1500015258789,119.0199966430664,32840100,117.98391723632813
META,2016-11-14,119.12999725341797,119.12999725341797,113.55000305175781,115.08000183105469,51377000,114.07821655273438
META,2016-11-15,116.7300033569336,118.48999786376953,115.83000183105469,117.19999694824219,34681400,116.17975616455078
META,2016-11-16,114.4800033569336,117.87999725341797,114.20999908447266,116.33999633789063,32397900,115.3272476196289
META,2016-11-17,116.80999755859375,117.79000091552734,116.01000213623047,117.79000091552734,18597800,116.7646255493164
META,2016-11-18,118.38999938964844,119.12999725341797,116.83999633789063,117.0199966430664,22879300,116.00132751464844
META,2016-11-21,118.19999694824219,121.94999694824219,117.80000305175781,121.7699966430664,35415400,120.70997619628906
META,2016-11-22,122.4000015258789,122.9800033569336,120.9000015258789,121.47000122070313,26089200,120.41259002685547
META,2016-11-23,121.2300033569336,121.30999755859375,119.94000244140625,120.83999633789063,15672100,119.7880630493164
META,2016-11-25,121.01000213623047,121.13999938964844,120.06999969482422,120.37999725341797,8658600,119.33208465576172
META,2016-11-28,120.12000274658203,121.69000244140625,119.81999969482422,120.41000366210938,18101300,119.36182403564453
META,2016-11-29,120.56999969482422,122.0999984741211,120.4000015258789,120.87000274658203,18891000,119.81781768798828
META,2016-11-30,120.31999969482422,121.79000091552734,117.94999694824219,118.41999816894531,30188900,117.3891372680664
META,2016-12-01,118.37999725341797,118.44999694824219,114,115.0999984741211,43277000,114.09803771972656
META,2016-12-02,115.11000061035156,116.4800033569336,114.30000305175781,115.4000015258789,25070400,114.39543151855469
META,2016-12-05,115.94999694824219,117.56999969482422,115.06999969482422,117.43000030517578,20201500,116.40776062011719
META,2016-12-06,117.69000244140625,117.80000305175781,116.33000183105469,117.30999755859375,19131200,116.2887954711914
META,2016-12-07,117,117.94999694824219,116.56999969482422,117.94999694824219,21913700,116.92322540283203
META,2016-12-08,117.9800033569336,119.5,117.63999938964844,118.91000366210938,22442800,117.87488555908203
META,2016-12-09,119.22000122070313,119.94000244140625,118.94999694824219,119.68000030517578,17464700,118.63816833496094
META,2016-12-12,119.22000122070313,119.23999786376953,117.6500015258789,117.7699966430664,17805500,116.74478149414063
META,2016-12-13,117.86000061035156,121.5199966430664,117.61000061035156,120.30999755859375,29768000,119.26268005371094
META,2016-12-14,120,121.69000244140625,118.8499984741211,120.20999908447266,25913100,119.16355895996094
META,2016-12-15,120.08000183105469,122.5,119.62999725341797,120.56999969482422,20139600,119.52042388916016
META,2016-12-16,120.9000015258789,121.5,119.2699966430664,119.87000274658203,25324300,118.82652282714844
META,2016-12-19,119.8499984741211,120.36000061035156,118.51000213623047,119.23999786376953,15918100,118.20198822021484
META,2016-12-20,119.5,119.7699966430664,118.80000305175781,119.08999633789063,13684400,118.05331420898438
META,2016-12-21,118.91999816894531,119.19999694824219,118.4800033569336,119.04000091552734,10767600,118.00373840332031
META,2016-12-22,118.86000061035156,118.98999786376953,116.93000030517578,117.4000015258789,16258600,116.37802124023438
META,2016-12-23,117,117.55999755859375,116.30000305175781,117.2699966430664,10890000,116.24915313720703
META,2016-12-27,116.95999908447266,118.68000030517578,116.86000061035156,118.01000213623047,12051500,116.98270416259766
META,2016-12-28,118.19000244140625,118.25,116.6500015258789,116.91999816894531,12087400,115.90219116210938
META,2016-12-29,117,117.52999877929688,116.05999755859375,116.3499984741211,9934900,115.33715057373047
META,2016-12-30,116.5999984741211,116.83000183105469,114.7699966430664,115.05000305175781,18684100,114.0484848022461
META,2017-01-03,116.02999877929688,117.83999633789063,115.51000213623047,116.86000061035156,20663900,115.84272766113281
META,2017-01-04,117.55000305175781,119.66000366210938,117.29000091552734,118.69000244140625,19630900,117.65679168701172
META,2017-01-05,118.86000061035156,120.94999694824219,118.31999969482422,120.66999816894531,19492200,119.61956024169922
META,2017-01-06,120.9800033569336,123.87999725341797,120.02999877929688,123.41000366210938,28545300,122.33570861816406
META,2017-01-09,123.55000305175781,125.43000030517578,123.04000091552734,124.9000015258789,22880400,123.81273651123047
META,2017-01-10,124.81999969482422,125.5,124.27999877929688,124.3499984741211,17324600,123.26750946044922
META,2017-01-11,124.3499984741211,126.12000274658203,124.05999755859375,126.08999633789063,18356500,124.99235534667969
META,2017-01-12,125.61000061035156,126.7300033569336,124.80000305175781,126.62000274658203,18653900,125.51776885986328
META,2017-01-13,127.48999786376953,129.27000427246094,127.37000274658203,128.33999633789063,24884300,127.22277069091797
META,2017-01-17,128.0399932861328,128.33999633789063,127.4000015258789,127.87000274658203,15294500,126.75687408447266
META,2017-01-18,128.41000366210938,128.42999267578125,126.83999633789063,127.91999816894531,13145900,126.80643463134766
META,2017-01-19,128.22999572753906,128.35000610351563,127.44999694824219,127.55000305175781,12195500,126.43966674804688
META,2017-01-20,128.10000610351563,128.47999572753906,126.77999877929688,127.04000091552734,19097200,125.93409729003906
META,2017-01-23,127.30999755859375,129.25,126.94999694824219,128.92999267578125,16593600,127.8076400756836
META,2017-01-24,129.3800048828125,129.89999389648438,128.3800048828125,129.3699951171875,15162700,128.2438201904297
META,2017-01-25,130,131.74000549316406,129.77000427246094,131.47999572753906,18731300,130.33543395996094
META,2017-01-26,131.6300048828125,133.13999938964844,131.44000244140625,132.77999877929688,20020100,131.62411499023438
META,2017-01-27,132.67999267578125,132.9499969482422,131.0800018310547,132.17999267578125,19539500,131.0293426513672
META,2017-01-30,131.5800018310547,131.5800018310547,129.60000610351563,130.97999572753906,18956100,129.8397979736328
META,2017-01-31,130.1699981689453,130.66000366210938,129.52000427246094,130.32000732421875,19790500,129.185546875
META,2017-02-01,132.25,133.49000549316406,130.67999267578125,133.22999572753906,50139800,132.0701904296875
META,2017-02-02,133.22000122070313,135.49000549316406,130.39999389648438,130.83999633789063,54366400,129.70101928710938
META,2017-02-03,131.24000549316406,132.85000610351563,130.75999450683594,130.97999572753906,24804900,129.8397979736328
META,2017-02-06,130.97999572753906,132.05999755859375,130.3000030517578,132.05999755859375,17058500,130.91041564941406
META,2017-02-07,132.24000549316406,133,131.66000366210938,131.83999633789063,14596400,130.69229125976563
META,2017-02-08,132.60000610351563,134.44000244140625,132.44000244140625,134.1999969482422,22390600,133.03176879882813
META,2017-02-09,134.49000549316406,134.5,133.30999755859375,134.13999938964844,16470600,132.97232055664063
META,2017-02-10,134.10000610351563,134.94000244140625,133.67999267578125,134.19000244140625,15061900,133.02186584472656
META,2017-02-13,134.6999969482422,134.6999969482422,133.6999969482422,134.0500030517578,13526200,132.88307189941406
META,2017-02-14,134.10000610351563,134.22999572753906,132.5500030517578,133.85000610351563,14364900,132.68482971191406
META,2017-02-15,133.4499969482422,133.6999969482422,132.66000366210938,133.44000244140625,13226500,132.27838134765625
META,2017-02-16,133.07000732421875,133.8699951171875,133.02000427246094,133.83999633789063,12831100,132.67489624023438
META,2017-02-17,133.5,134.08999633789063,133.1699981689453,133.52999877929688,12276500,132.3676300048828
META,2017-02-21,133.5,133.91000366210938,132.89999389648438,133.72000122070313,14759100,132.5559539794922
META,2017-02-22,133.60000610351563,136.7899932861328,133.4600067138672,136.1199951171875,27360100,134.93505859375
META,2017-02-23,135.88999938964844,136.1199951171875,134.3300018310547,135.36000061035156,18422500,134.18170166015625
META,2017-02-24,134.16000366210938,135.6199951171875,134.16000366210938,135.44000244140625,12625700,134.26097106933594
META,2017-02-27,135.25999450683594,137.17999267578125,135.02000427246094,136.41000366210938,14306700,135.22254943847656
META,2017-02-28,136.7899932861328,136.80999755859375,134.75,135.5399932861328,16112100,134.36009216308594
META,2017-03-01,136.47000122070313,137.47999572753906,136.3000030517578,137.4199981689453,16257000,136.22373962402344
META,2017-03-02,137.08999633789063,137.82000732421875,136.30999755859375,136.75999450683594,12294800,135.5694580078125
META,2017-03-03,136.6300048828125,137.3300018310547,136.0800018310547,137.1699981689453,11160600,135.9759063720703
META,2017-03-06,136.8800048828125,137.8300018310547,136.50999450683594,137.4199981689453,12748200,136.22373962402344
META,2017-03-07,137.02999877929688,138.3699951171875,136.99000549316406,137.3000030517578,13527100,136.10476684570313
META,2017-03-08,137.14999389648438,137.99000549316406,137.0500030517578,137.72000122070313,10184500,136.5211181640625
META,2017-03-09,137.72000122070313,138.57000732421875,137.39999389648438,138.24000549316406,15535300,137.03660583496094
META,2017-03-10,138.91000366210938,139.49000549316406,138.22000122070313,138.7899932861328,16314100,137.581787109375
META,2017-03-13,138.7100067138672,139.67999267578125,138.6699981689453,139.60000610351563,10955500,138.38478088378906
META,2017-03-14,139.4600067138672,139.4600067138672,138.52000427246094,139.32000732421875,12944000,138.10720825195313
META,2017-03-15,139.2899932861328,140.10000610351563,138.49000549316406,139.72000122070313,19344800,138.50372314453125
META,2017-03-16,140.1999969482422,140.25,139.72999572753906,139.99000549316406,13612900,138.77137756347656
META,2017-03-17,140.33999633789063,140.33999633789063,139.6999969482422,139.83999633789063,20592800,138.62266540527344
META,2017-03-20,139.7100067138672,140.19000244140625,139.25,139.94000244140625,12099500,138.72181701660156
META,2017-03-21,141.14999389648438,142.30999755859375,138.39999389648438,138.50999450683594,29894800,137.30422973632813
META,2017-03-22,137.92999267578125,139.7899932861328,137.60000610351563,139.58999633789063,17055400,138.37484741210938
META,2017-03-23,139.47999572753906,140.38999938964844,139.08999633789063,139.52999877929688,13022800,138.3153533935547
META,2017-03-24,140.0800018310547,141.02000427246094,139.75999450683594,140.33999633789063,16664700,139.1183319091797
META,2017-03-27,139.0500030517578,140.64999389648438,138.77000427246094,140.32000732421875,12800500,139.0985107421875
META,2017-03-28,140.36000061035156,141.9499969482422,140.00999450683594,141.75999450683594,14679400,140.52593994140625
META,2017-03-29,141.99000549316406,142.86000061035156,141.42999267578125,142.64999389648438,16527600,141.408203125
META,2017-03-30,142.39999389648438,142.9499969482422,141.85000610351563,142.41000366210938,12404000,141.1702880859375
META,2017-03-31,142.30999755859375,142.6300048828125,141.88999938964844,142.0500030517578,11478300,140.81344604492188
META,2017-04-03,141.92999267578125,142.47000122070313,140.82000732421875,142.27999877929688,13564000,141.0414276123047
META,2017-04-04,141.86000061035156,142.08999633789063,141.27000427246094,141.72999572753906,12948600,140.49623107910156
META,2017-04-05,142.25999450683594,143.44000244140625,141.2899932861328,141.85000610351563,17158100,140.61520385742188
META,2017-04-06,142.11000061035156,142.22000122070313,140.91000366210938,141.1699981689453,15103400,139.9410858154297
META,2017-04-07,141.1999969482422,141.5500030517578,140.24000549316406,140.77999877929688,11818300,139.5544891357422
META,2017-04-10,141,141.42999267578125,140.6300048828125,141.0399932861328,9039400,139.81222534179688
META,2017-04-11,140.8000030517578,141.02999877929688,138.80999755859375,139.9199981689453,16638100,138.70199584960938
META,2017-04-12,139.72000122070313,140.39999389648438,139.44000244140625,139.5800018310547,11612500,138.36492919921875
META,2017-04-13,139.6199951171875,140.5800018310547,139.3300018310547,139.38999938964844,10965600,138.1765899658203
META,2017-04-17,139.75999450683594,141.5500030517578,139.75,141.4199981689453,11519700,140.18890380859375
META,2017-04-18,141.27000427246094,141.91000366210938,140.61000061035156,140.9600067138672,14807500,139.73292541503906
META,2017-04-19,141.35000610351563,143.0399932861328,141.27000427246094,142.27000427246094,15563900,141.0315399169922
META,2017-04-20,142.9499969482422,144.25,142.69000244140625,143.8000030517578,15968200,142.54820251464844
META,2017-04-21,143.89999389648438,144.1699981689453,142.27000427246094,143.67999267578125,12382000,142.42926025390625
META,2017-04-24,144.9600067138672,145.6699981689453,144.33999633789063,145.47000122070313,14407200,144.20367431640625
META,2017-04-25,145.7899932861328,147.14999389648438,145.7899932861328,146.49000549316406,17767500,145.2147979736328
META,2017-04-26,147.08999633789063,147.58999633789063,146.08999633789063,146.55999755859375,12395000,145.28419494628906
META,2017-04-27,146.6699981689453,147.75,146.13999938964844,147.6999969482422,11275100,146.41427612304688
META,2017-04-28,149.5,151.52999877929688,149.07000732421875,150.25,30652200,148.9420623779297
META,2017-05-01,151.74000549316406,152.57000732421875,151.4199981689453,152.4600067138672,25218300,151.13282775878906
META,2017-05-02,153.33999633789063,153.44000244140625,151.66000366210938,152.77999877929688,21870400,151.45004272460938
META,2017-05-03,153.60000610351563,153.60000610351563,151.33999633789063,151.8000030517578,29782500,150.4785614013672
META,2017-05-04,150.1699981689453,151.52000427246094,148.72000122070313,150.85000610351563,36225500,149.53683471679688
META,2017-05-05,151.4499969482422,151.6300048828125,149.7899932861328,150.24000549316406,17148500,148.93214416503906
META,2017-05-08,150.7100067138672,151.0800018310547,149.74000549316406,151.05999755859375,15827500,149.7449951171875
META,2017-05-09,151.49000549316406,152.58999633789063,150.2100067138672,150.47999572753906,17453900,149.1700439453125
META,2017-05-10,150.22999572753906,150.52000427246094,148.86000061035156,150.2899932861328,12080700,148.98171997070313
META,2017-05-11,150.30999755859375,150.64999389648438,149.41000366210938,150.0399932861328,11841900,148.73387145996094
META,2017-05-12,150.39999389648438,150.4600067138672,149.6300048828125,150.3300018310547,9598200,149.02134704589844
META,2017-05-15,150.1699981689453,151.47999572753906,149.77000427246094,150.19000244140625,15064700,148.88258361816406
META,2017-05-16,150.11000061035156,150.2100067138672,149.02999877929688,149.77999877929688,14550800,148.4761505126953
META,2017-05-17,148,148.6699981689453,144.4199981689453,144.85000610351563,28300100,143.58905029296875
META,2017-05-18,144.72000122070313,148.14999389648438,144.50999450683594,147.66000366210938,23031600,146.37460327148438
META,2017-05-19,148.4499969482422,149.38999938964844,147.9600067138672,148.05999755859375,16187900,146.77113342285156
META,2017-05-22,148.0800018310547,148.58999633789063,147.69000244140625,148.24000549316406,12586700,146.94955444335938
META,2017-05-23,148.52000427246094,148.80999755859375,147.25,148.07000732421875,12817800,146.78103637695313
META,2017-05-24,148.50999450683594,150.22999572753906,148.4199981689453,150.0399932861328,17862400,148.73387145996094
META,2017-05-25,150.3000030517578,152.58999633789063,149.9499969482422,151.9600067138672,19891400,150.63719177246094
META,2017-05-26,152.22999572753906,152.25,151.14999389648438,152.1300048828125,14996200,150.80567932128906
META,2017-05-30,151.97000122070313,152.89999389648438,151.63999938964844,152.3800048828125,13226000,151.05349731445313
META,2017-05-31,152.6999969482422,153.35000610351563,151.08999633789063,151.4600067138672,18023900,150.14154052734375
META,2017-06-01,151.75,152.2899932861328,150.3000030517578,151.52999877929688,14530600,150.21092224121094
META,2017-06-02,151.85000610351563,153.6300048828125,151.3000030517578,153.61000061035156,16854400,152.27279663085938
META,2017-06-05,153.63999938964844,154.7100067138672,153.41000366210938,153.6300048828125,12520400,152.29263305664063
META,2017-06-06,153.41000366210938,154.52000427246094,152.47999572753906,152.80999755859375,13457100,151.47976684570313
META,2017-06-07,153.27000427246094,153.75,152.33999633789063,153.1199951171875,12066700,151.7870635986328
META,2017-06-08,154.0800018310547,154.72999572753906,153.10000610351563,154.7100067138672,17799400,153.36322021484375
META,2017-06-09,154.77000427246094,155.58999633789063,146.61000061035156,149.60000610351563,35577700,148.29774475097656
META,2017-06-12,148.1699981689453,149.1999969482422,144.55999755859375,148.44000244140625,33170200,147.14779663085938
META,2017-06-13,150.14999389648438,151.17999267578125,148.89999389648438,150.67999267578125,20483400,149.36830139160156
META,2017-06-14,151.25999450683594,152.39999389648438,149.0500030517578,150.25,20808800,148.9420623779297
META,2017-06-15,147.6699981689453,150.0399932861328,146.3699951171875,149.8000030517578,18994200,148.49595642089844
META,2017-06-16,149.58999633789063,150.8300018310547,148.60000610351563,150.63999938964844,22882400,149.32862854003906
META,2017-06-19,151.7100067138672,153.57000732421875,151.7100067138672,152.8699951171875,19026500,151.53924560546875
META,2017-06-20,152.8800048828125,153.83999633789063,152.2100067138672,152.25,14743900,150.92466735839844
META,2017-06-21,152.36000061035156,154.0800018310547,151.8800048828125,153.91000366210938,15039800,152.57020568847656
META,2017-06-22,153.00999450683594,154.5500030517578,152.91000366210938,153.39999389648438,13005500,152.06460571289063
META,2017-06-23,152.72000122070313,155.1999969482422,152.64999389648438,155.07000732421875,18027000,153.72010803222656
META,2017-06-26,156.25,156.5,153.1999969482422,153.58999633789063,18049700,152.2529754638672
META,2017-06-27,152.83999633789063,153.30999755859375,150.38999938964844,150.5800018310547,19360800,149.26919555664063
META,2017-06-28,150.9199981689453,153.47000122070313,149.86000061035156,153.24000549316406,16719100,151.90602111816406
META,2017-06-29,152.27999877929688,152.5,148.9199981689453,151.0399932861328,23973500,149.7251739501953
META,2017-06-30,151.89999389648438,151.9199981689453,150.05999755859375,150.97999572753906,17666000,149.6656951904297
META,2017-07-03,151.72000122070313,152.14999389648438,147.8000030517578,148.42999267578125,13862700,147.13787841796875
META,2017-07-05,149,150.85000610351563,148.1300048828125,150.33999633789063,14334300,149.03128051757813
META,2017-07-06,149.02999877929688,150.0399932861328,148,148.82000732421875,14951800,147.52450561523438
META,2017-07-07,149.25,151.99000549316406,149.19000244140625,151.44000244140625,13615900,150.12171936035156
META,2017-07-10,151.69000244140625,153.97999572753906,151.50999450683594,153.5,13378700,152.1637725830078
META,2017-07-11,153.3699951171875,155.4199981689453,152.91000366210938,155.27000427246094,13667700,153.91835021972656
META,2017-07-12,156.49000549316406,159.16000366210938,156.1999969482422,158.89999389648438,22739400,157.51675415039063
META,2017-07-13,158.74000549316406,159.77999877929688,158.4199981689453,159.25999450683594,13929200,157.8736114501953
META,2017-07-14,160.1300048828125,160.32000732421875,159.3300018310547,159.97000122070313,16371200,158.57745361328125
META,2017-07-17,160.25,160.77999877929688,158.80999755859375,159.72999572753906,12858800,158.3395233154297
META,2017-07-18,159.66000366210938,163.72999572753906,159.4199981689453,162.86000061035156,23722900,161.44227600097656
META,2017-07-19,163.58999633789063,165.6999969482422,163.1699981689453,164.13999938964844,26273600,162.71115112304688
META,2017-07-20,164.8000030517578,165,162.80999755859375,164.52999877929688,18523100,163.0977325439453
META,2017-07-21,164.16000366210938,165.0500030517578,163.75,164.42999267578125,14744000,162.99859619140625
META,2017-07-24,164.63999938964844,166.1699981689453,164.30999755859375,166,17367000,164.55494689941406
META,2017-07-25,165.00999450683594,165.5399932861328,163.86000061035156,165.27999877929688,15383200,163.84120178222656
META,2017-07-26,166.00999450683594,166.00999450683594,164.10000610351563,165.61000061035156,35236900,164.1683807373047
META,2017-07-27,174.6999969482422,175.49000549316406,167.5,170.44000244140625,68910700,168.956298828125
META,2017-07-28,169.07000732421875,173.42999267578125,169.0500030517578,172.4499969482422,24557600,170.9488067626953
META,2017-07-31,172,172.72000122070313,168.5500030517578,169.25,25478900,167.7766876220703
META,2017-08-01,169.82000732421875,170.47000122070313,169.0500030517578,169.86000061035156,14385000,168.38133239746094
META,2017-08-02,170.3000030517578,170.5500030517578,166.91000366210938,169.3000030517578,17433800,167.8262176513672
META,2017-08-03,169.3000030517578,169.6999969482422,168.25,168.58999633789063,10793800,167.12237548828125
META,2017-08-04,168.97000122070313,170.05999755859375,168.69000244140625,169.6199951171875,10777700,168.14341735839844
META,2017-08-07,169.9499969482422,172.05999755859375,169.66000366210938,171.97999572753906,12787800,170.48289489746094
META,2017-08-08,171.8800048828125,173.0500030517578,170.6199951171875,171.22999572753906,14393500,169.73941040039063
META,2017-08-09,169.97999572753906,171.4499969482422,169.55999755859375,171.17999267578125,10815000,169.68984985351563
META,2017-08-10,170.05999755859375,170.58999633789063,166.85000610351563,167.39999389648438,20832700,165.9427490234375
META,2017-08-11,167.9499969482422,168.82000732421875,166.85000610351563,168.0800018310547,13791200,166.61685180664063
META,2017-08-14,170.08999633789063,171.0800018310547,169.2899932861328,170.75,12954200,169.2635955810547
META,2017-08-15,171.49000549316406,171.5,170.00999450683594,171,8729200,169.5114288330078
META,2017-08-16,171.25,171.3800048828125,169.24000549316406,170,15779900,168.5201416015625
META,2017-08-17,169.33999633789063,169.86000061035156,166.85000610351563,166.91000366210938,17216000,165.45700073242188
META,2017-08-18,166.83999633789063,168.6699981689453,166.2100067138672,167.41000366210938,15093600,165.95266723632813
META,2017-08-21,167.16000366210938,168,165.82000732421875,167.77999877929688,11907500,166.31947326660156
META,2017-08-22,168.27999877929688,169.8699951171875,167.14999389648438,169.63999938964844,11391000,168.1632537841797
META,2017-08-23,168.83999633789063,169.36000061035156,168.1999969482422,168.7100067138672,9856500,167.2413787841797
META,2017-08-24,168.8800048828125,169.2899932861328,166.41000366210938,167.74000549316406,14030400,166.27980041503906
META,2017-08-25,167.86000061035156,168.3800048828125,166.17999267578125,166.32000732421875,12614500,164.87217712402344
META,2017-08-28,166.91000366210938,167.6999969482422,166.3300018310547,167.24000549316406,8553700,165.78416442871094
META,2017-08-29,165.25,168.42999267578125,165,168.0500030517578,11121000,166.5871124267578
META,2017-08-30,168.1699981689453,170.17999267578125,167.6300048828125,169.9199981689453,11138300,168.44082641601563
META,2017-08-31,170.39999389648438,172.14999389648438,170.05999755859375,171.97000122070313,17226500,170.47296142578125
META,2017-09-01,172.39999389648438,172.9199981689453,171.30999755859375,172.02000427246094,11677600,170.52255249023438
META,2017-09-05,171.27000427246094,172.38999938964844,169.5500030517578,170.72000122070313,13210900,169.23388671875
META,2017-09-06,170.91000366210938,172.47999572753906,169.57000732421875,172.08999633789063,13906300,170.59193420410156
META,2017-09-07,171.94000244140625,173.30999755859375,170.27000427246094,173.2100067138672,18049500,171.7021942138672
META,2017-09-08,173.08999633789063,173.49000549316406,170.8000030517578,170.9499969482422,10998500,169.46185302734375
META,2017-09-11,172.39999389648438,173.88999938964844,172.1999969482422,173.50999450683594,12372000,171.9995880126953
META,2017-09-12,173.75999450683594,174,171.75,172.9600067138672,11186300,171.45436096191406
META,2017-09-13,173.00999450683594,173.1699981689453,172.05999755859375,173.0500030517578,9119300,171.5435791015625
META,2017-09-14,172.25999450683594,172.27999877929688,170.5,170.9600067138672,15615700,169.47178649902344
META,2017-09-15,170.8800048828125,172.33999633789063,170.25999450683594,171.63999938964844,15660500,170.14585876464844
META,2017-09-18,171.99000549316406,172.07000732421875,169.33999633789063,170.00999450683594,12954000,168.53004455566406
META,2017-09-19,170.6199951171875,172.55999755859375,170.36000061035156,172.52000427246094,13168600,171.0181884765625
META,2017-09-20,172.5,173.0500030517578,170.6999969482422,172.1699981689453,12264100,170.67124938964844
META,2017-09-21,171.69000244140625,172.27000427246094,170.00999450683594,171.11000061035156,11161400,169.62046813964844
META,2017-09-22,170.2100067138672,171.72999572753906,169.22000122070313,170.5399932861328,12097100,169.055419921875
META,2017-09-25,169.24000549316406,169.3000030517578,161.55999755859375,162.8699951171875,41251600,161.45220947265625
META,2017-09-26,164.5,165.5,162.77999877929688,164.2100067138672,23363300,162.78053283691406
META,2017-09-27,165.89999389648438,168.33999633789063,165.57000732421875,167.67999267578125,19242500,166.22032165527344
META,2017-09-28,167.94000244140625,169.07000732421875,167.16000366210938,168.72999572753906,12178700,167.26119995117188
META,2017-09-29,168.8300018310547,171.66000366210938,168.80999755859375,170.8699951171875,15340400,169.38255310058594
META,2017-10-02,171.38999938964844,171.8699951171875,168.75,169.47000122070313,13392300,167.99473571777344
META,2017-10-03,169.3000030517578,170.72999572753906,169.1999969482422,169.9600067138672,8190300,168.48048400878906
META,2017-10-04,169.8300018310547,170.6699981689453,168.2899932861328,168.4199981689453,12127900,166.953857421875
META,2017-10-05,169.17999267578125,171.30999755859375,168.60000610351563,171.24000549316406,14580600,169.74937438964844
META,2017-10-06,170.25,172.3699951171875,169.75,172.22999572753906,13124500,170.730712890625
META,2017-10-09,172.6999969482422,174.8800048828125,172,172.5,14570400,170.99835205078125
META,2017-10-10,173,173.1999969482422,170.8000030517578,171.58999633789063,11341100,170.0962677001953
META,2017-10-11,171.9499969482422,172.77999877929688,171.39999389648438,172.74000549316406,11283700,171.23626708984375
META,2017-10-12,172.61000061035156,173.85000610351563,172.2899932861328,172.5500030517578,10351000,171.0479278564453
META,2017-10-13,173.4499969482422,174.64999389648438,173.1999969482422,173.74000549316406,13658300,172.2275848388672
META,2017-10-16,174.49000549316406,175,174.05999755859375,174.52000427246094,11498800,173.0007781982422
META,2017-10-17,174.7100067138672,176.1300048828125,174.36000061035156,176.11000061035156,15990100,174.5769500732422
META,2017-10-18,176.64999389648438,176.74000549316406,175.75,176.02999877929688,12752400,174.49765014648438
META,2017-10-19,174.92999267578125,176.02999877929688,172.6300048828125,174.55999755859375,14048400,173.04043579101563
META,2017-10-20,175.5,175.8800048828125,174.6300048828125,174.97999572753906,12602200,173.45680236816406
META,2017-10-23,175.1999969482422,175.33999633789063,171.25,171.27000427246094,13852700,169.77906799316406
META,2017-10-24,172.3000030517578,173.24000549316406,171.5,171.8000030517578,12267900,170.30447387695313
META,2017-10-25,171.89999389648438,172.25,168.88999938964844,170.60000610351563,15868200,169.11489868164063
META,2017-10-26,171.3800048828125,172.2899932861328,170.38999938964844,170.6300048828125,11833100,169.14468383789063
META,2017-10-27,174.14999389648438,178.2100067138672,173.89999389648438,177.8800048828125,30285300,176.33155822753906
META,2017-10-30,179.25999450683594,180.69000244140625,177.61000061035156,179.8699951171875,24353200,178.30419921875
META,2017-10-31,180.57000732421875,180.8000030517578,178.94000244140625,180.05999755859375,20174200,178.49253845214844
META,2017-11-01,182.36000061035156,182.89999389648438,180.57000732421875,182.66000366210938,40918300,181.06991577148438
META,2017-11-02,180.6300048828125,181.94000244140625,177.33999633789063,178.9199981689453,35529900,177.36245727539063
META,2017-11-03,179.2899932861328,179.86000061035156,176.7100067138672,178.9199981689453,17822100,177.36245727539063
META,2017-11-06,178.55999755859375,180.4499969482422,178.30999755859375,180.1699981689453,13312700,178.60162353515625
META,2017-11-07,180.5,180.75,178.9600067138672,180.25,12928200,178.68089294433594
META,2017-11-08,179.7899932861328,180.35000610351563,179.11000061035156,179.55999755859375,10494100,177.99693298339844
META,2017-11-09,178.30999755859375,179.39999389648438,177.08999633789063,179.3000030517578,12610300,177.73916625976563
META,2017-11-10,178.35000610351563,179.10000610351563,177.9600067138672,178.4600067138672,11070200,176.906494140625
META,2017-11-13,177.5,179.0399932861328,177.3000030517578,178.77000427246094,9523400,177.2137908935547
META,2017-11-14,178.1300048828125,178.97000122070313,177.17999267578125,178.07000732421875,9585900,176.5198974609375
META,2017-11-15,176.66000366210938,178.57000732421875,176.39999389648438,177.9499969482422,10253700,176.4009246826172
META,2017-11-16,178.75999450683594,179.8300018310547,178.5,179.58999633789063,15607600,178.0266571044922
META,2017-11-17,179.3000030517578,179.97999572753906,178.89999389648438,179,13018000,177.44178771972656
META,2017-11-20,178.8699951171875,179.5,178.10000610351563,178.74000549316406,10052400,177.18406677246094
META,2017-11-21,179.14999389648438,181.88999938964844,178.99000549316406,181.86000061035156,14504000,180.27688598632813
META,2017-11-22,181.3000030517578,181.72999572753906,180.44000244140625,180.8699951171875,10376300,179.2954864501953
META,2017-11-24,180.39999389648438,183.14999389648438,180.2899932861328,182.77999877929688,9426300,181.1888885498047
META,2017-11-27,182.55999755859375,183.72999572753906,181.99000549316406,183.02999877929688,12344500,181.4366912841797
META,2017-11-28,183.50999450683594,184.25,182.08999633789063,182.4199981689453,14379700,180.8319854736328
META,2017-11-29,181.88999938964844,181.97000122070313,174,175.1300048828125,41933500,173.60548400878906
META,2017-11-30,176.85000610351563,178.27999877929688,175.1999969482422,177.17999267578125,25307600,175.63760375976563
META,2017-12-01,176.02999877929688,177.47999572753906,172.33999633789063,175.10000610351563,20182500,173.5757598876953
META,2017-12-04,176.2899932861328,176.57000732421875,170.7899932861328,171.47000122070313,24459400,169.9773406982422
META,2017-12-05,170.4499969482422,175.3800048828125,169.00999450683594,172.8300018310547,20184900,171.32546997070313
META,2017-12-06,172.5,176.77000427246094,171.89999389648438,176.05999755859375,20255800,174.52737426757813
META,2017-12-07,175.8000030517578,180.38999938964844,175.8000030517578,180.13999938964844,20404500,178.5718536376953
META,2017-12-08,181.52999877929688,182.27999877929688,178.74000549316406,179,19883800,177.44178771972656
META,2017-12-11,179.3000030517578,180.22000122070313,178.8000030517578,179.0399932861328,13168600,177.48143005371094
META,2017-12-12,178.60000610351563,179.17999267578125,176.60000610351563,176.9600067138672,16854100,175.4195556640625
META,2017-12-13,177.3000030517578,179.16000366210938,177.25,178.3000030517578,14615700,176.7478790283203
META,2017-12-14,178.2899932861328,180.36000061035156,177.67999267578125,178.38999938964844,13591000,176.83706665039063
META,2017-12-15,179.02000427246094,180.49000549316406,178.36000061035156,180.17999267578125,28463100,178.61148071289063
META,2017-12-18,181.00999450683594,181.3000030517578,179.75,180.82000732421875,17265400,179.24594116210938
META,2017-12-19,179.9499969482422,180.0800018310547,178.22000122070313,179.50999450683594,14920600,177.9473419189453
META,2017-12-20,179.80999755859375,179.80999755859375,177.36000061035156,177.88999938964844,11860500,176.34146118164063
META,2017-12-21,177.94000244140625,178.67999267578125,177.0500030517578,177.4499969482422,11600700,175.90525817871094
META,2017-12-22,177.13999938964844,177.52999877929688,176.22999572753906,177.1999969482422,8509500,175.65745544433594
META,2017-12-26,176.6300048828125,177,174.6699981689453,175.99000549316406,8897300,174.45799255371094
META,2017-12-27,176.5500030517578,178.44000244140625,176.25999450683594,177.6199951171875,9496100,176.07379150390625
META,2017-12-28,177.9499969482422,178.94000244140625,177.67999267578125,177.9199981689453,12220800,176.37120056152344
META,2017-12-29,178,178.85000610351563,176.4600067138672,176.4600067138672,10261500,174.92388916015625
META,2018-01-02,177.67999267578125,181.5800018310547,177.5500030517578,181.4199981689453,18151900,179.8406982421875
META,2018-01-03,181.8800048828125,184.77999877929688,181.3300018310547,184.6699981689453,16886600,183.0624237060547
META,2018-01-04,184.89999389648438,186.2100067138672,184.10000610351563,184.3300018310547,13880900,182.72540283203125
META,2018-01-05,185.58999633789063,186.89999389648438,184.92999267578125,186.85000610351563,13574500,185.2234649658203
META,2018-01-08,187.1999969482422,188.89999389648438,186.3300018310547,188.27999877929688,17994700,186.6409912109375
META,2018-01-09,188.6999969482422,188.8000030517578,187.10000610351563,187.8699951171875,12393100,186.2345733642578
META,2018-01-10,186.94000244140625,187.88999938964844,185.6300048828125,187.83999633789063,10529900,186.20484924316406
META,2018-01-11,188.39999389648438,188.39999389648438,187.3800048828125,187.77000427246094,9588600,186.1354217529297
META,2018-01-12,178.05999755859375,181.47999572753906,177.39999389648438,179.3699951171875,77551300,177.8085479736328
META,2018-01-16,181.5,181.75,178.0399932861328,178.38999938964844,36183800,176.83706665039063
META,2018-01-17,179.25999450683594,179.32000732421875,175.8000030517578,177.60000610351563,27992400,176.05397033691406
META,2018-01-18,178.1300048828125,180.97999572753906,177.0800018310547,179.8000030517578,23304900,178.2348175048828
META,2018-01-19,180.85000610351563,182.3699951171875,180.1699981689453,181.2899932861328,26826500,179.7118377685547
META,2018-01-22,180.8000030517578,185.38999938964844,180.41000366210938,185.3699951171875,21059500,183.75633239746094
META,2018-01-23,186.0500030517578,189.5500030517578,185.5500030517578,189.35000610351563,25678800,187.70169067382813
META,2018-01-24,189.88999938964844,190.66000366210938,186.52000427246094,186.5500030517578,24334500,184.92605590820313
META,2018-01-25,187.9499969482422,188.6199951171875,186.60000610351563,187.47999572753906,17377700,185.8479766845703
META,2018-01-26,187.75,190,186.80999755859375,190,17759200,188.34600830078125
META,2018-01-29,188.75,188.83999633789063,185.6300048828125,185.97999572753906,20453200,184.36102294921875
META,2018-01-30,187.6199951171875,188.17999267578125,181.83999633789063,187.1199951171875,20858600,185.49110412597656
META,2018-01-31,188.3699951171875,189.8300018310547,185.22000122070313,186.88999938964844,43275100,185.26309204101563
META,2018-02-01,188.22000122070313,195.32000732421875,187.88999938964844,193.08999633789063,54211300,191.4091339111328
META,2018-02-02,192.0399932861328,194.2100067138672,189.97999572753906,190.27999877929688,26677500,188.6236114501953
META,2018-02-05,186.92999267578125,190.61000061035156,180.61000061035156,181.25999450683594,33128200,179.68211364746094
META,2018-02-06,178.57000732421875,185.77000427246094,177.74000549316406,185.30999755859375,37758500,183.6968536376953
META,2018-02-07,184.14999389648438,185.0800018310547,179.9499969482422,180.17999267578125,27601900,178.61148071289063
META,2018-02-08,181.00999450683594,181.83999633789063,171.47999572753906,171.5800018310547,38478300,170.08641052246094
META,2018-02-09,174.75999450683594,176.89999389648438,167.17999267578125,176.11000061035156,39887600,174.5769500732422
META,2018-02-12,177.05999755859375,177.5500030517578,171.83999633789063,176.41000366210938,32092100,174.8743438720703
META,2018-02-13,175.6199951171875,175.97000122070313,173.10000610351563,173.14999389648438,21809400,171.6427001953125
META,2018-02-14,173.4499969482422,179.80999755859375,173.2100067138672,179.52000427246094,28929700,177.95726013183594
META,2018-02-15,180.5,180.5,176.83999633789063,179.9600067138672,20922100,178.39344787597656
META,2018-02-16,178.99000549316406,179.8800048828125,176.3000030517578,177.36000061035156,20645300,175.81607055664063
META,2018-02-20,175.77000427246094,177.9499969482422,175.11000061035156,176.00999450683594,21204900,174.47781372070313
META,2018-02-21,176.7100067138672,181.27000427246094,176.39999389648438,177.91000366210938,23200800,176.3612823486328
META,2018-02-22,178.6999969482422,180.2100067138672,177.41000366210938,178.99000549316406,18464200,177.43186950683594
META,2018-02-23,179.89999389648438,183.38999938964844,179.50999450683594,183.2899932861328,19007300,181.69444274902344
META,2018-02-26,184.5800018310547,185.66000366210938,183.22000122070313,184.92999267578125,17599700,183.3201446533203
META,2018-02-27,184.4499969482422,184.6999969482422,181.4600067138672,181.4600067138672,15849800,179.88037109375
META,2018-02-28,182.3000030517578,182.8800048828125,178.13999938964844,178.32000732421875,18783000,176.76771545410156
META,2018-03-01,179.00999450683594,180.1199951171875,174.41000366210938,175.94000244140625,23201600,174.40843200683594
META,2018-03-02,173.2899932861328,177.11000061035156,172.99000549316406,176.6199951171875,20025900,175.08251953125
META,2018-03-05,176.1999969482422,181.14999389648438,175.88999938964844,180.39999389648438,16189300,178.82958984375
META,2018-03-06,181.77999877929688,182.3800048828125,179.11000061035156,179.77999877929688,15086800,178.21499633789063
META,2018-03-07,178.74000549316406,183.82000732421875,178.07000732421875,183.7100067138672,19097300,182.1107635498047
META,2018-03-08,183.55999755859375,184.39999389648438,181.4499969482422,182.33999633789063,17225900,180.75270080566406
META,2018-03-09,183.91000366210938,185.50999450683594,183.2100067138672,185.22999572753906,18526300,183.61753845214844
META,2018-03-12,185.22999572753906,186.10000610351563,184.22000122070313,184.75999450683594,15301200,183.15164184570313
META,2018-03-13,185.61000061035156,185.99000549316406,181.11000061035156,181.8800048828125,18067500,180.29673767089844
META,2018-03-14,182.60000610351563,184.25,181.85000610351563,184.19000244140625,16821700,182.58660888671875
META,2018-03-15,183.24000549316406,184,182.19000244140625,183.86000061035156,15614300,182.25949096679688
META,2018-03-16,184.49000549316406,185.3300018310547,183.41000366210938,185.08999633789063,24403400,183.47877502441406
META,2018-03-19,177.00999450683594,177.1699981689453,170.05999755859375,172.55999755859375,88140100,171.05784606933594
META,2018-03-20,167.47000122070313,170.1999969482422,161.9499969482422,168.14999389648438,129851800,166.6862030029297
META,2018-03-21,164.8000030517578,173.39999389648438,163.3000030517578,169.38999938964844,106598800,167.91543579101563
META,2018-03-22,166.1300048828125,170.27000427246094,163.72000122070313,164.88999938964844,73743000,163.45458984375
META,2018-03-23,165.44000244140625,166.60000610351563,159.02000427246094,159.38999938964844,53609700,158.0024871826172
META,2018-03-26,160.82000732421875,161.10000610351563,149.02000427246094,160.05999755859375,126116600,158.6666717529297
META,2018-03-27,156.30999755859375,162.85000610351563,150.75,152.22000122070313,79117000,150.8948974609375
META,2018-03-28,151.64999389648438,155.8800048828125,150.8000030517578,153.02999877929688,60029200,151.6978759765625
META,2018-03-29,155.14999389648438,161.4199981689453,154.13999938964844,159.7899932861328,59434300,158.3990020751953
META,2018-04-02,157.80999755859375,159.1999969482422,154.11000061035156,155.38999938964844,36796000,154.0373077392578
META,2018-04-03,156.5500030517578,157.38999938964844,150.80999755859375,156.11000061035156,42543900,154.7510223388672
META,2018-04-04,152.02999877929688,155.55999755859375,150.50999450683594,155.10000610351563,49885600,153.74984741210938
META,2018-04-05,161.55999755859375,161.57000732421875,156.64999389648438,159.33999633789063,41449600,157.9529266357422
META,2018-04-06,157.72999572753906,161.4199981689453,156.80999755859375,157.1999969482422,41644800,155.83151245117188
META,2018-04-09,157.82000732421875,160.52999877929688,156.0399932861328,157.92999267578125,34915200,156.55519104003906
META,2018-04-10,157.92999267578125,165.97999572753906,157.00999450683594,165.0399932861328,57889300,163.60330200195313
META,2018-04-11,165.36000061035156,168.64999389648438,163.25,166.32000732421875,56144600,164.87217712402344
META,2018-04-12,166.97999572753906,167.4499969482422,163.10000610351563,163.8699951171875,38263000,162.4434814453125
META,2018-04-13,164.5800018310547,165.6999969482422,163.77000427246094,164.52000427246094,19990600,163.0878448486328
META,2018-04-16,165.72000122070313,165.77999877929688,163.38999938964844,164.8300018310547,18119400,163.39511108398438
META,2018-04-17,165.8300018310547,169,165.66000366210938,168.66000366210938,22743000,167.1918182373047
META,2018-04-18,166.8800048828125,168.1199951171875,165.77000427246094,166.36000061035156,20969600,164.91180419921875
META,2018-04-19,166.1999969482422,168.3300018310547,165.1999969482422,168.10000610351563,22235000,166.63665771484375
META,2018-04-20,167.7899932861328,168.42999267578125,165.80999755859375,166.27999877929688,19119400,164.83250427246094
META,2018-04-23,167.27000427246094,168.4499969482422,165.08999633789063,165.83999633789063,23088100,164.39633178710938
META,2018-04-24,165.42999267578125,166.10000610351563,158.19000244140625,159.69000244140625,35079900,158.2998809814453
META,2018-04-25,160.13999938964844,161.05999755859375,156.19000244140625,159.69000244140625,41083600,158.2998809814453
META,2018-04-26,173.22000122070313,176.27000427246094,170.8000030517578,174.16000366210938,77556900,172.6439666748047
META,2018-04-27,176.80999755859375,177.10000610351563,172.60000610351563,173.58999633789063,29804700,172.078857421875
META,2018-04-30,173.7899932861328,175.72000122070313,171.7100067138672,172,20750500,170.5027313232422
META,2018-05-01,172,174.02000427246094,170.22999572753906,173.86000061035156,26025900,172.34654235839844
META,2018-05-02,174.25,178.0800018310547,174.1999969482422,176.07000732421875,30424500,174.5372772216797
META,2018-05-03,175.1300048828125,176.1199951171875,172.1199951171875,174.02000427246094,24026100,172.50514221191406
META,2018-05-04,173.0800018310547,176.97999572753906,173.05999755859375,176.61000061035156,17677800,175.0725860595703
META,2018-05-07,177.35000610351563,179.5,177.1699981689453,177.97000122070313,18697200,176.42074584960938
META,2018-05-08,178.25,179.0399932861328,177.11000061035156,178.9199981689453,15577200,177.36245727539063
META,2018-05-09,179.6699981689453,183.00999450683594,178.77999877929688,182.66000366210938,23282800,181.06991577148438
META,2018-05-10,183.14999389648438,186.1300048828125,182.5,185.52999877929688,21071400,183.91494750976563
META,2018-05-11,184.85000610351563,188.32000732421875,184.17999267578125,186.99000549316406,21207800,185.3622283935547
META,2018-05-14,187.7100067138672,187.86000061035156,186.1999969482422,186.63999938964844,15646700,185.01528930664063
META,2018-05-15,184.8800048828125,185.2899932861328,183.1999969482422,184.32000732421875,15429400,182.7154541015625
META,2018-05-16,183.6999969482422,184.32000732421875,182.66000366210938,183.1999969482422,16975500,181.60520935058594
META,2018-05-17,182.67999267578125,184.05999755859375,182.22000122070313,183.75999450683594,14840700,182.16033935546875
META,2018-05-18,183.49000549316406,184.19000244140625,182.61000061035156,182.67999267578125,13130500,181.08973693847656
META,2018-05-21,183.77000427246094,185.3000030517578,183.1300048828125,184.49000549316406,13532900,182.88400268554688
META,2018-05-22,184.92999267578125,185.4199981689453,183.42999267578125,183.8000030517578,12731400,182.20001220703125
META,2018-05-23,182.5,186.91000366210938,182.17999267578125,186.89999389648438,16628100,185.27301025390625
META,2018-05-24,185.8800048828125,186.8000030517578,185.02999877929688,185.92999267578125,12354700,184.31143188476563
META,2018-05-25,186.02000427246094,186.3300018310547,184.4499969482422,184.9199981689453,10965100,183.3102569580078
META,2018-05-29,184.33999633789063,186.80999755859375,183.7100067138672,185.74000549316406,16398900,184.12310791015625
META,2018-05-30,186.5399932861328,188,185.25,187.6699981689453,13736900,186.03631591796875
META,2018-05-31,187.8699951171875,192.72000122070313,187.47999572753906,191.77999877929688,30782600,190.1105499267578
META,2018-06-01,193.07000732421875,194.5500030517578,192.07000732421875,193.99000549316406,17307200,192.30128479003906
META,2018-06-04,191.83999633789063,193.97999572753906,191.47000122070313,193.27999877929688,18939800,191.59747314453125
META,2018-06-05,194.3000030517578,195,192.6199951171875,192.94000244140625,15544300,191.2604217529297
META,2018-06-06,191.02999877929688,192.52999877929688,189.11000061035156,191.33999633789063,22558900,189.67433166503906
META,2018-06-07,190.75,190.97000122070313,186.77000427246094,188.17999267578125,21503200,186.5418701171875
META,2018-06-08,187.52999877929688,189.47999572753906,186.42999267578125,189.10000610351563,12677100,187.453857421875
META,2018-06-11,188.80999755859375,192.60000610351563,188.8000030517578,191.5399932861328,12928900,189.87261962890625
META,2018-06-12,192.1699981689453,193.27999877929688,191.55999755859375,192.39999389648438,11562700,190.72512817382813
META,2018-06-13,192.74000549316406,194.5,191.91000366210938,192.41000366210938,15853800,190.73504638671875
META,2018-06-14,193.10000610351563,197.27999877929688,192.91000366210938,196.80999755859375,19120900,195.0967559814453
META,2018-06-15,195.7899932861328,197.07000732421875,194.63999938964844,195.85000610351563,21860900,194.14511108398438
META,2018-06-18,194.8000030517578,199.5800018310547,194.1300048828125,198.30999755859375,16826000,196.5836639404297
META,2018-06-19,196.24000549316406,197.9600067138672,193.7899932861328,197.49000549316406,19994000,195.77081298828125
META,2018-06-20,199.10000610351563,203.5500030517578,198.80999755859375,202,28230900,200.2415771484375
META,2018-06-21,202.75999450683594,203.38999938964844,200.08999633789063,201.5,19045700,199.74591064453125
META,2018-06-22,201.16000366210938,202.24000549316406,199.30999755859375,201.74000549316406,17420200,199.98382568359375
META,2018-06-25,200,200,193.11000061035156,196.35000610351563,25275100,194.64077758789063
META,2018-06-26,197.60000610351563,199.10000610351563,196.22999572753906,199,17897600,197.2677001953125
META,2018-06-27,199.17999267578125,200.75,195.8000030517578,195.83999633789063,18734400,194.1351776123047
META,2018-06-28,195.17999267578125,197.33999633789063,193.25999450683594,196.22999572753906,18172400,194.52178955078125
META,2018-06-29,197.32000732421875,197.60000610351563,193.9600067138672,194.32000732421875,15811600,192.62841796875
META,2018-07-02,193.3699951171875,197.4499969482422,192.22000122070313,197.36000061035156,13961600,195.64193725585938
META,2018-07-03,194.5500030517578,195.39999389648438,192.52000427246094,192.72999572753906,13489500,191.05227661132813
META,2018-07-05,194.74000549316406,198.64999389648438,194.02999877929688,198.4499969482422,19684200,196.72247314453125
META,2018-07-06,198.4499969482422,203.63999938964844,197.6999969482422,203.22999572753906,19740100,201.46084594726563
META,2018-07-09,204.92999267578125,205.8000030517578,202.1199951171875,204.74000549316406,18149400,202.9577178955078
META,2018-07-10,204.5,204.91000366210938,202.25999450683594,203.5399932861328,13190100,201.7681427001953
META,2018-07-11,202.22000122070313,204.5,201.75,202.5399932861328,12927400,200.77684020996094
META,2018-07-12,203.42999267578125,207.0800018310547,203.19000244140625,206.9199981689453,15454700,205.11874389648438
META,2018-07-13,207.80999755859375,208.42999267578125,206.4499969482422,207.32000732421875,11486800,205.51527404785156
META,2018-07-16,207.5,208.72000122070313,206.83999633789063,207.22999572753906,11078200,205.426025390625
META,2018-07-17,204.89999389648438,210.4600067138672,204.83999633789063,209.99000549316406,15349900,208.16201782226563
META,2018-07-18,209.82000732421875,210.99000549316406,208.44000244140625,209.36000061035156,15334900,207.5374755859375
META,2018-07-19,208.77000427246094,209.99000549316406,207.75999450683594,208.08999633789063,11350400,206.278564453125
META,2018-07-20,208.85000610351563,211.5,208.5,209.94000244140625,16163900,208.11244201660156
META,2018-07-23,210.5800018310547,211.6199951171875,208.8000030517578,210.91000366210938,16732000,209.07400512695313
META,2018-07-24,215.11000061035156,216.1999969482422,212.60000610351563,214.6699981689453,28468700,212.80128479003906
META,2018-07-25,215.72000122070313,218.6199951171875,214.27000427246094,217.5,58954200,215.6066131591797
META,2018-07-26,174.88999938964844,180.1300048828125,173.75,176.25999450683594,169803700,174.72560119628906
META,2018-07-27,179.8699951171875,179.92999267578125,173,174.88999938964844,60073700,173.36753845214844
META,2018-07-30,175.3000030517578,175.3000030517578,166.55999755859375,171.05999755859375,65280800,169.5709228515625
META,2018-07-31,170.6699981689453,174.24000549316406,170,172.5800018310547,40356500,171.0776824951172
META,2018-08-01,173.92999267578125,175.0800018310547,170.89999389648438,171.64999389648438,34042100,170.15577697753906
META,2018-08-02,170.67999267578125,176.7899932861328,170.27000427246094,176.3699951171875,32400000,174.8346710205078
META,2018-08-03,177.69000244140625,178.85000610351563,176.14999389648438,177.77999877929688,24763400,176.23240661621094
META,2018-08-06,178.97000122070313,185.7899932861328,178.3800048828125,185.69000244140625,49716200,184.07354736328125
META,2018-08-07,186.5,188.3000030517578,183.72000122070313,183.80999755859375,33398600,182.2099151611328
META,2018-08-08,184.75,186.85000610351563,183.75999450683594,185.17999267578125,22205200,183.5679473876953
META,2018-08-09,185.85000610351563,186.57000732421875,182.47999572753906,183.08999633789063,19732100,181.49620056152344
META,2018-08-10,182.0399932861328,182.10000610351563,179.4199981689453,180.25999450683594,21500400,178.6907958984375
META,2018-08-13,180.10000610351563,182.61000061035156,178.89999389648438,180.0500030517578,17423300,178.48265075683594
META,2018-08-14,180.7100067138672,181.99000549316406,178.6199951171875,181.11000061035156,19102000,179.5334014892578
META,2018-08-15,179.33999633789063,180.8699951171875,174.77999877929688,179.52999877929688,33020200,177.9671630859375
META,2018-08-16,180.4199981689453,180.5,174.00999450683594,174.6999969482422,31351800,173.17921447753906
META,2018-08-17,174.5,176.22000122070313,172.0399932861328,173.8000030517578,24893200,172.28704833984375
META,2018-08-20,174.0399932861328,174.57000732421875,170.91000366210938,172.5,21518000,170.99835205078125
META,2018-08-21,172.80999755859375,174.1699981689453,171.38999938964844,172.6199951171875,19578500,171.1173095703125
META,2018-08-22,172.2100067138672,174.24000549316406,172.1300048828125,173.63999938964844,16894100,172.12844848632813
META,2018-08-23,173.08999633789063,175.5500030517578,172.8300018310547,172.89999389648438,18053600,171.39488220214844
META,2018-08-24,173.6999969482422,174.82000732421875,172.9199981689453,174.64999389648438,14631600,173.12965393066406
META,2018-08-27,175.99000549316406,178.6699981689453,175.7899932861328,177.4600067138672,17921900,175.9152069091797
META,2018-08-28,178.10000610351563,178.24000549316406,175.8300018310547,176.25999450683594,15910700,174.72560119628906
META,2018-08-29,176.3000030517578,176.7899932861328,174.75,175.89999389648438,18494100,174.36875915527344
META,2018-08-30,175.89999389648438,179.7899932861328,175.6999969482422,177.63999938964844,24216500,176.09361267089844
META,2018-08-31,177.14999389648438,177.6199951171875,174.97999572753906,175.72999572753906,18065200,174.2002410888672
META,2018-09-04,173.5,173.88999938964844,168.8000030517578,171.16000366210938,29809000,169.67002868652344
META,2018-09-05,169.49000549316406,171.1300048828125,166.6699981689453,167.17999267578125,31226700,165.72467041015625
META,2018-09-06,166.97999572753906,166.97999572753906,160,162.52999877929688,41514800,161.1151580810547
META,2018-09-07,160.30999755859375,164.6300048828125,160.16000366210938,163.0399932861328,24300600,161.62069702148438
META,2018-09-10,163.50999450683594,165.00999450683594,162.16000366210938,164.17999267578125,20197700,162.7508087158203
META,2018-09-11,163.94000244140625,167.19000244140625,163.72000122070313,165.94000244140625,20457100,164.49546813964844
META,2018-09-12,163.25,164.49000549316406,161.8000030517578,162,24078100,160.5897674560547
META,2018-09-13,162,163.32000732421875,160.86000061035156,161.36000061035156,25453800,159.955322265625
META,2018-09-14,161.72000122070313,162.83999633789063,160.33999633789063,162.32000732421875,21770400,160.90699768066406
META,2018-09-17,161.9199981689453,162.05999755859375,159.77000427246094,160.5800018310547,21005300,159.18211364746094
META,2018-09-18,159.38999938964844,161.75999450683594,158.8699951171875,160.3000030517578,22465200,158.904541015625
META,2018-09-19,160.0800018310547,163.44000244140625,159.47999572753906,163.05999755859375,19629000,161.64051818847656
META,2018-09-20,164.5,166.4499969482422,164.47000122070313,166.02000427246094,18936000,164.5747833251953
META,2018-09-21,166.63999938964844,167.25,162.80999755859375,162.92999267578125,45994800,161.5116424560547
META,2018-09-24,161.02999877929688,165.6999969482422,160.8800048828125,165.41000366210938,19222800,163.97007751464844
META,2018-09-25,161.99000549316406,165.58999633789063,161.14999389648438,164.91000366210938,27622800,163.47442626953125
META,2018-09-26,164.3000030517578,169.3000030517578,164.2100067138672,166.9499969482422,25252200,165.49664306640625
META,2018-09-27,167.5500030517578,171.77000427246094,167.2100067138672,168.83999633789063,27266900,167.37020874023438
META,2018-09-28,168.3300018310547,168.7899932861328,162.55999755859375,164.4600067138672,34265600,163.02833557128906
META,2018-10-01,163.02999877929688,165.8800048828125,161.25999450683594,162.44000244140625,26407700,161.02593994140625
META,2018-10-02,161.5800018310547,162.27999877929688,158.6699981689453,159.3300018310547,36031000,157.94300842285156
META,2018-10-03,160,163.66000366210938,159.52999877929688,162.42999267578125,23109500,161.0159912109375
META,2018-10-04,161.4600067138672,161.4600067138672,157.35000610351563,158.85000610351563,25739600,157.46717834472656
META,2018-10-05,159.2100067138672,160.89999389648438,156.1999969482422,157.3300018310547,25744000,155.96041870117188
META,2018-10-08,155.5399932861328,158.33999633789063,154.38999938964844,157.25,24046000,155.88113403320313
META,2018-10-09,157.69000244140625,160.58999633789063,157.4199981689453,157.89999389648438,18844400,156.5254669189453
META,2018-10-10,156.82000732421875,157.69000244140625,151.30999755859375,151.3800048828125,30610000,150.0622100830078
META,2018-10-11,150.1300048828125,154.80999755859375,149.16000366210938,153.35000610351563,35338900,152.01504516601563
META,2018-10-12,156.72999572753906,156.88999938964844,151.3000030517578,153.74000549316406,25293500,152.40167236328125
META,2018-10-15,153.32000732421875,155.57000732421875,152.5500030517578,153.52000427246094,15433500,152.18359375
META,2018-10-16,155.39999389648438,159.4600067138672,155.00999450683594,158.77999877929688,19180100,157.39776611328125
META,2018-10-17,159.55999755859375,160.49000549316406,157.9499969482422,159.4199981689453,17592000,158.0322265625
META,2018-10-18,158.50999450683594,158.66000366210938,153.27999877929688,154.9199981689453,21675100,153.5714111328125
META,2018-10-19,155.86000061035156,157.35000610351563,153.5500030517578,154.0500030517578,19761300,152.70899963378906
META,2018-10-22,154.75999450683594,157.33999633789063,154.4600067138672,154.77999877929688,15424700,153.4326171875
META,2018-10-23,151.22000122070313,154.77000427246094,150.85000610351563,154.38999938964844,19095000,153.04600524902344
META,2018-10-24,154.27999877929688,154.64999389648438,145.60000610351563,146.0399932861328,27744600,144.76870727539063
META,2018-10-25,147.72999572753906,152.2100067138672,147,150.9499969482422,22105700,149.63595581054688
META,2018-10-26,145.82000732421875,149,143.8000030517578,145.3699951171875,31303300,144.1045379638672
META,2018-10-29,148.5,148.8300018310547,139.02999877929688,142.08999633789063,31336800,140.85308837890625
META,2018-10-30,139.94000244140625,146.63999938964844,139.74000549316406,146.22000122070313,50528300,144.9471435546875
META,2018-10-31,155,156.39999389648438,148.9600067138672,151.7899932861328,60101300,150.46864318847656
META,2018-11-01,151.52000427246094,152.75,149.35000610351563,151.75,25640800,150.4290008544922
META,2018-11-02,151.8000030517578,154.1300048828125,148.9600067138672,150.35000610351563,24708700,149.0411834716797
META,2018-11-05,150.10000610351563,150.19000244140625,147.44000244140625,148.67999267578125,15971200,147.38572692871094
META,2018-11-06,149.30999755859375,150.97000122070313,148,149.94000244140625,16667100,148.63478088378906
META,2018-11-07,151.57000732421875,153.00999450683594,149.8300018310547,151.52999877929688,21877400,150.21092224121094
META,2018-11-08,150.49000549316406,150.94000244140625,146.74000549316406,147.8699951171875,24145800,146.582763671875
META,2018-11-09,146.75,147.75999450683594,144.07000732421875,144.9600067138672,17326900,143.6981201171875
META,2018-11-12,144.47999572753906,145.0399932861328,140.49000549316406,141.5500030517578,18542100,140.31777954101563
META,2018-11-13,142,144.8800048828125,141.6199951171875,142.16000366210938,15141700,140.92247009277344
META,2018-11-14,143.6999969482422,145.5800018310547,141.5500030517578,144.22000122070313,22068400,142.96453857421875
META,2018-11-15,142.3300018310547,144.83999633789063,140.8300018310547,143.85000610351563,30320300,142.59779357910156
META,2018-11-16,141.07000732421875,141.77000427246094,137.77000427246094,139.52999877929688,37250600,138.3153533935547
META,2018-11-19,137.61000061035156,137.75,131.2100067138672,131.5500030517578,44362700,130.4048309326172
META,2018-11-20,127.02999877929688,134.16000366210938,126.8499984741211,132.42999267578125,41939500,131.2771759033203
META,2018-11-21,134.39999389648438,137.19000244140625,134.1300048828125,134.82000732421875,25469700,133.6464080810547
META,2018-11-23,133.64999389648438,134.5,131.25999450683594,131.72999572753906,11886100,130.583251953125
META,2018-11-26,133,137,132.77999877929688,136.3800048828125,24263600,135.19281005859375
META,2018-11-27,135.75,136.61000061035156,133.7100067138672,135,20750300,133.8248291015625
META,2018-11-28,136.27999877929688,136.7899932861328,131.85000610351563,136.75999450683594,29847500,135.5694580078125
META,2018-11-29,135.9199981689453,139.99000549316406,135.66000366210938,138.67999267578125,24238700,137.47276306152344
META,2018-11-30,138.25999450683594,140.97000122070313,137.36000061035156,140.61000061035156,25732600,139.38597106933594
META,2018-12-03,143,143.67999267578125,140.75999450683594,141.08999633789063,24819200,139.86178588867188
META,2018-12-04,140.72999572753906,143.38999938964844,137.16000366210938,137.92999267578125,30307400,136.72930908203125
META,2018-12-06,133.82000732421875,139.6999969482422,133.6699981689453,139.6300048828125,28218100,138.41448974609375
META,2018-12-07,139.25,140.8699951171875,136.66000366210938,137.4199981689453,21195500,136.22373962402344
META,2018-12-10,139.60000610351563,143.0500030517578,139.00999450683594,141.85000610351563,26422200,140.61520385742188
META,2018-12-11,143.8800048828125,143.8800048828125,141.10000610351563,142.0800018310547,20300300,140.84317016601563
META,2018-12-12,143.0800018310547,147.19000244140625,142.50999450683594,144.5,23696900,143.24209594726563
META,2018-12-13,145.57000732421875,145.85000610351563,143.19000244140625,145.00999450683594,18148600,143.7476806640625
META,2018-12-14,143.33999633789063,146.00999450683594,142.50999450683594,144.05999755859375,21785800,142.80593872070313
META,2018-12-17,143.0800018310547,144.9199981689453,138.4199981689453,140.19000244140625,24334000,138.96966552734375
META,2018-12-18,141.0800018310547,145.92999267578125,139.8300018310547,143.66000366210938,24709100,142.409423828125
META,2018-12-19,141.2100067138672,144.91000366210938,132.5,133.24000549316406,57404900,132.0801544189453
META,2018-12-20,130.6999969482422,135.57000732421875,130,133.39999389648438,40297900,132.23870849609375
META,2018-12-21,133.38999938964844,134.89999389648438,123.41999816894531,124.94999694824219,56901500,123.86228942871094
META,2018-12-24,123.0999984741211,129.74000549316406,123.0199966430664,124.05999755859375,22066000,122.98004150390625
META,2018-12-26,126,134.24000549316406,125.88999938964844,134.17999267578125,39723400,133.01193237304688
META,2018-12-27,132.44000244140625,134.99000549316406,129.6699981689453,134.52000427246094,31202500,133.34898376464844
META,2018-12-28,135.33999633789063,135.9199981689453,132.1999969482422,133.1999969482422,22627600,132.04046630859375
META,2018-12-31,134.4499969482422,134.63999938964844,129.9499969482422,131.08999633789063,24625300,129.9488525390625
META,2019-01-02,128.99000549316406,137.50999450683594,128.55999755859375,135.67999267578125,28146200,134.4989013671875
META,2019-01-03,134.69000244140625,137.1699981689453,131.1199951171875,131.74000549316406,22717900,130.59320068359375
META,2019-01-04,134.00999450683594,138,133.75,137.9499969482422,29002100,136.74911499023438
META,2019-01-07,137.55999755859375,138.8699951171875,135.91000366210938,138.0500030517578,20089300,136.8482666015625
META,2019-01-08,139.88999938964844,143.13999938964844,139.5399932861328,142.52999877929688,26263800,141.2892303466797
META,2019-01-09,142.9499969482422,144.6999969482422,141.27000427246094,144.22999572753906,22205900,142.97445678710938
META,2019-01-10,143.0800018310547,144.55999755859375,140.83999633789063,144.1999969482422,16125000,142.94473266601563
META,2019-01-11,143.14999389648438,145.36000061035156,142.57000732421875,143.8000030517578,12908000,142.54820251464844
META,2019-01-14,142,146.57000732421875,141.27000427246094,145.38999938964844,20520300,144.1243896484375
META,2019-01-15,146.00999450683594,150.67999267578125,145.99000549316406,148.9499969482422,24069000,147.65338134765625
META,2019-01-16,149,149.64999389648438,147,147.5399932861328,18025700,146.25564575195313
META,2019-01-17,146.9499969482422,149,146.5,148.3000030517578,15787900,147.00906372070313
META,2019-01-18,149.75,152.42999267578125,148.5500030517578,150.0399932861328,31029600,148.73387145996094
META,2019-01-22,149.1999969482422,151.52999877929688,146.3699951171875,147.57000732421875,22378700,146.285400390625
META,2019-01-23,148.27999877929688,148.8000030517578,143.05999755859375,144.3000030517578,20098400,143.0438690185547
META,2019-01-24,144.63999938964844,146.44000244140625,142.52000427246094,145.8300018310547,20955500,144.56053161621094
META,2019-01-25,147.47999572753906,149.8300018310547,146.5399932861328,149.00999450683594,22237200,147.7128448486328
META,2019-01-28,148.0500030517578,148.9600067138672,146.2100067138672,147.47000122070313,15508500,146.18624877929688
META,2019-01-29,148.08999633789063,148.10000610351563,143.42999267578125,144.19000244140625,17632100,142.93479919433594
META,2019-01-30,146.22000122070313,150.9499969482422,145.6999969482422,150.4199981689453,44613200,149.110595703125
META,2019-01-31,165.60000610351563,171.67999267578125,165,166.69000244140625,77233600,165.2389373779297
META,2019-02-01,165.83999633789063,169.10000610351563,165.66000366210938,165.7100067138672,30806500,164.26748657226563
META,2019-02-04,165.6999969482422,169.3000030517578,163.6199951171875,169.25,20036000,167.7766876220703
META,2019-02-05,169.14999389648438,171.97999572753906,168.69000244140625,171.16000366210938,22557000,169.67002868652344
META,2019-02-06,171.1999969482422,172.47000122070313,169.27000427246094,170.49000549316406,13281200,169.00587463378906
META,2019-02-07,168.1999969482422,169.24000549316406,165.25,166.3800048828125,17517600,164.931640625
META,2019-02-08,164.47000122070313,167.3699951171875,164.2100067138672,167.3300018310547,12561400,165.87335205078125
META,2019-02-11,167.89999389648438,168.3000030517578,165.0800018310547,165.7899932861328,12811200,164.34678649902344
META,2019-02-12,166.86000061035156,168.33999633789063,164.5,165.0399932861328,16292300,163.60330200195313
META,2019-02-13,165.3800048828125,166.22000122070313,163.72999572753906,164.07000732421875,14205100,162.6417694091797
META,2019-02-14,163.19000244140625,164.8699951171875,162.25,163.9499969482422,12755200,162.52279663085938
META,2019-02-15,164.50999450683594,164.6999969482422,160.86000061035156,162.5,15504400,161.08541870117188
META,2019-02-19,160.5,164.14999389648438,160.3300018310547,162.2899932861328,14345400,160.8772430419922
META,2019-02-20,162.25,163.72000122070313,161.25,162.55999755859375,11770700,161.14486694335938
META,2019-02-21,161.92999267578125,162.24000549316406,159.58999633789063,160.0399932861328,15607800,158.64682006835938
META,2019-02-22,160.5800018310547,162.41000366210938,160.30999755859375,161.88999938964844,15858500,160.48074340820313
META,2019-02-25,163.07000732421875,166.07000732421875,162.89999389648438,164.6199951171875,18737100,163.1869354248047
META,2019-02-26,164.33999633789063,166.24000549316406,163.8000030517578,164.1300048828125,13784100,162.7012176513672
META,2019-02-27,162.89999389648438,163.92999267578125,160.41000366210938,162.80999755859375,12697500,161.39271545410156
META,2019-02-28,162.3699951171875,163.5,160.86000061035156,161.4499969482422,11114200,160.04457092285156
META,2019-03-01,162.60000610351563,163.1300048828125,161.69000244140625,162.27999877929688,11097800,160.86732482910156
META,2019-03-04,163.89999389648438,167.5,163.8300018310547,167.3699951171875,18894700,165.91302490234375
META,2019-03-05,167.3699951171875,171.8800048828125,166.5500030517578,171.25999450683594,28187900,169.76914978027344
META,2019-03-06,172.89999389648438,173.57000732421875,171.27000427246094,172.50999450683594,21531700,171.00828552246094
META,2019-03-07,171.5,171.74000549316406,167.61000061035156,169.1300048828125,18306500,167.65769958496094
META,2019-03-08,166.1999969482422,169.6199951171875,165.97000122070313,169.60000610351563,13184800,168.1235809326172
META,2019-03-11,171.60000610351563,174.3000030517578,171.5800018310547,172.07000732421875,18884000,170.57211303710938
META,2019-03-12,172.08999633789063,173.8000030517578,171.22000122070313,171.9199981689453,12155300,170.4234161376953
META,2019-03-13,172.32000732421875,174.02999877929688,172.1199951171875,173.3699951171875,11973300,171.86083984375
META,2019-03-14,169.75999450683594,171.14999389648438,168.16000366210938,170.1699981689453,18037400,168.68862915039063
META,2019-03-15,167.16000366210938,167.5800018310547,162.50999450683594,165.97999572753906,37135400,164.5351104736328
META,2019-03-18,163.57000732421875,163.89999389648438,159.27999877929688,160.47000122070313,37524200,159.07310485839844
META,2019-03-19,161.47999572753906,163.82000732421875,160.82000732421875,161.57000732421875,25611500,160.16351318359375
META,2019-03-20,161.5,166.1199951171875,161.24000549316406,165.44000244140625,20211500,163.99981689453125
META,2019-03-21,164.88999938964844,166.38999938964844,163.75,166.0800018310547,16223000,164.63427734375
META,2019-03-22,165.64999389648438,167.4199981689453,164.08999633789063,164.33999633789063,16389200,162.90939331054688
META,2019-03-25,163,166.5399932861328,162,166.2899932861328,12631200,164.84239196777344
META,2019-03-26,167.35000610351563,169.4499969482422,166.35000610351563,167.67999267578125,15437900,166.22032165527344
META,2019-03-27,167.85000610351563,168.94000244140625,164.7899932861328,165.8699951171875,10620300,164.42608642578125
META,2019-03-28,164.57000732421875,166.72000122070313,163.3300018310547,165.5500030517578,10443000,164.10887145996094
META,2019-03-29,166.38999938964844,167.19000244140625,164.80999755859375,166.69000244140625,13455500,165.2389373779297
META,2019-04-01,167.8300018310547,168.89999389648438,167.27999877929688,168.6999969482422,10381500,167.23143005371094
META,2019-04-02,170.13999938964844,174.89999389648438,169.5500030517578,174.1999969482422,23946500,172.6835479736328
META,2019-04-03,174.5,177.9600067138672,172.9499969482422,173.5399932861328,27391100,172.02931213378906
META,2019-04-04,176.02000427246094,178,175.52999877929688,176.02000427246094,17847700,174.48773193359375
META,2019-04-05,176.8800048828125,177,175.10000610351563,175.72000122070313,9594100,174.19036865234375
META,2019-04-08,175.2100067138672,175.5,174.22999572753906,174.92999267578125,7297400,173.4072265625
META,2019-04-09,175.6199951171875,179.19000244140625,175.5500030517578,177.5800018310547,19751000,176.0341339111328
META,2019-04-10,178.17999267578125,178.7899932861328,176.5399932861328,177.82000732421875,11701500,176.27206420898438
META,2019-04-11,178.24000549316406,178.39999389648438,177,177.50999450683594,8071000,175.9647674560547
META,2019-04-12,178,179.6300048828125,177.9499969482422,179.10000610351563,12329800,177.54092407226563
META,2019-04-15,178.5,180.5,176.8699951171875,179.64999389648438,10834800,178.08612060546875
META,2019-04-16,179,180.1699981689453,178.3000030517578,178.8699951171875,11215200,177.31289672851563
META,2019-04-17,179.60000610351563,180.74000549316406,178.36000061035156,178.77999877929688,9973700,177.22369384765625
META,2019-04-18,178.8000030517578,178.8800048828125,177.33999633789063,178.27999877929688,11655600,176.72804260253906
META,2019-04-22,178.25,181.6699981689453,178.25,181.44000244140625,13389900,179.8605499267578
META,2019-04-23,182.74000549316406,184.22000122070313,181.47999572753906,183.77999877929688,19954800,182.18017578125
META,2019-04-24,184.49000549316406,185.13999938964844,181.64999389648438,182.5800018310547,37289900,180.99058532714844
META,2019-04-25,196.97999572753906,198.47999572753906,192.1199951171875,193.25999450683594,54148800,191.57763671875
META,2019-04-26,192.5,192.89999389648438,189.08999633789063,191.49000549316406,22075000,189.8230743408203
META,2019-04-29,190.9499969482422,195.41000366210938,190.64999389648438,194.77999877929688,19641300,193.0844268798828
META,2019-04-30,194.19000244140625,197.38999938964844,192.27999877929688,193.39999389648438,23494700,191.71640014648438
META,2019-05-01,194.77999877929688,196.17999267578125,193.00999450683594,193.02999877929688,15996600,191.34963989257813
META,2019-05-02,193,194,189.75,192.52999877929688,13209500,190.85401916503906
META,2019-05-03,194.3800048828125,196.16000366210938,193.7100067138672,195.47000122070313,14575400,193.7684326171875
META,2019-05-06,191.24000549316406,194.27999877929688,190.5500030517578,193.8800048828125,13994900,192.19224548339844
META,2019-05-07,192.5399932861328,192.89999389648438,187.85000610351563,189.77000427246094,16253000,188.1180419921875
META,2019-05-08,189.38999938964844,190.72000122070313,188.5500030517578,189.5399932861328,12505700,187.89004516601563
META,2019-05-09,187.1999969482422,189.77000427246094,186.25999450683594,188.64999389648438,12967000,187.0077667236328
META,2019-05-10,188.25,190,184.58999633789063,188.33999633789063,12578500,186.70046997070313
META,2019-05-13,183.5,185.42999267578125,180.83999633789063,181.5399932861328,16833300,179.95968627929688
META,2019-05-14,182.52000427246094,183.49000549316406,178.10000610351563,180.72999572753906,17628100,179.15672302246094
META,2019-05-15,180.4199981689453,187.27999877929688,180.02000427246094,186.27000427246094,16746900,184.64846801757813
META,2019-05-16,185.0500030517578,188.5800018310547,185.0500030517578,186.99000549316406,12953100,185.3622283935547
META,2019-05-17,184.83999633789063,187.5800018310547,184.27999877929688,185.3000030517578,10485400,183.6869659423828
META,2019-05-20,181.8800048828125,184.22999572753906,181.3699951171875,182.72000122070313,10352000,181.12940979003906
META,2019-05-21,184.57000732421875,185.6999969482422,183.88999938964844,184.82000732421875,7502800,183.2111053466797
META,2019-05-22,184.72999572753906,186.74000549316406,183.61000061035156,185.32000732421875,9213800,183.70677185058594
META,2019-05-23,182.4199981689453,183.89999389648438,179.6699981689453,180.8699951171875,12768800,179.2954864501953
META,2019-05-24,182.3300018310547,183.6300048828125,180.8300018310547,181.05999755859375,8807700,179.48385620117188
META,2019-05-28,181.5399932861328,184.7100067138672,181.4499969482422,184.30999755859375,14843300,182.70556640625
META,2019-05-29,183.5,184.55999755859375,181.35000610351563,182.19000244140625,12797700,180.60400390625
META,2019-05-30,183.0800018310547,183.47999572753906,180.88999938964844,183.00999450683594,8581500,181.41688537597656
META,2019-05-31,180.27999877929688,180.5399932861328,177.16000366210938,177.47000122070313,15226500,175.9250946044922
META,2019-06-03,175,175.0500030517578,161.00999450683594,164.14999389648438,56059600,162.7210235595703
META,2019-06-04,163.7100067138672,168.27999877929688,160.83999633789063,167.5,46044300,166.04190063476563
META,2019-06-05,167.47999572753906,168.72000122070313,164.6300048828125,168.1699981689453,19758300,166.7060546875
META,2019-06-06,168.3000030517578,169.6999969482422,167.22999572753906,168.3300018310547,12446400,166.8646697998047
META,2019-06-07,170.1699981689453,173.8699951171875,168.83999633789063,173.35000610351563,16917300,171.8409881591797
META,2019-06-10,174.75,177.86000061035156,173.8000030517578,174.82000732421875,14767900,173.29818725585938
META,2019-06-11,178.47999572753906,179.97999572753906,176.7899932861328,178.10000610351563,15266600,176.54962158203125
META,2019-06-12,178.3800048828125,179.27000427246094,172.8800048828125,175.0399932861328,17699800,173.51625061035156
META,2019-06-13,175.52999877929688,178.02999877929688,174.61000061035156,177.47000122070313,12253600,175.9250946044922
META,2019-06-14,180.50999450683594,181.83999633789063,180,181.3300018310547,16773700,179.7515106201172
META,2019-06-17,185.00999450683594,189.5,184.41000366210938,189.00999450683594,29459900,187.3646240234375
META,2019-06-18,194,194.52999877929688,187.27999877929688,188.47000122070313,37571400,186.82937622070313
META,2019-06-19,187,188.10000610351563,184.5500030517578,187.47999572753906,21417100,185.8479766845703
META,2019-06-20,190.9499969482422,191.16000366210938,187.63999938964844,189.52999877929688,14635700,187.88011169433594
META,2019-06-21,188.75,192,188.75,191.13999938964844,22751200,189.47610473632813
META,2019-06-24,192.4199981689453,193.97999572753906,191.57000732421875,192.60000610351563,15509000,190.9233856201172
META,2019-06-25,192.8800048828125,193.13999938964844,188.1300048828125,188.83999633789063,16750300,187.19610595703125
META,2019-06-26,189.5399932861328,190.75999450683594,187.30999755859375,187.66000366210938,12808600,186.0264129638672
META,2019-06-27,189.8800048828125,198.8800048828125,188.27000427246094,189.5,11159000,187.85037231445313
META,2019-06-28,190.5500030517578,193.1999969482422,189.94000244140625,193,16378900,191.3199005126953
META,2019-07-01,195.2100067138672,195.27999877929688,191.92999267578125,193,14181800,191.3199005126953
META,2019-07-02,193,195,192.7100067138672,195,9050000,193.30247497558594
META,2019-07-03,194.16000366210938,197.39999389648438,194.16000366210938,197.1999969482422,10246100,195.48333740234375
META,2019-07-05,196.17999267578125,197.07000732421875,194.1699981689453,196.39999389648438,11164100,194.69029235839844
META,2019-07-08,195.19000244140625,196.67999267578125,193.63999938964844,195.75999450683594,9723900,194.05589294433594
META,2019-07-09,194.97000122070313,199.4600067138672,194.88999938964844,199.2100067138672,14698600,197.47584533691406
META,2019-07-10,200,202.9600067138672,199.6699981689453,202.72999572753906,20571700,200.96519470214844
META,2019-07-11,203.25999450683594,203.8000030517578,200.2100067138672,201.22999572753906,13678500,199.47825622558594
META,2019-07-12,199.67999267578125,205.3000030517578,199.16000366210938,204.8699951171875,15366300,203.08656311035156
META,2019-07-15,204.25,205.3300018310547,201.82000732421875,203.91000366210938,16030300,202.13494873046875
META,2019-07-16,203.88999938964844,205.47000122070313,203.10000610351563,203.83999633789063,12132700,202.06556701660156
META,2019-07-17,204.17999267578125,204.36000061035156,201.58999633789063,201.8000030517578,12083700,200.04331970214844
META,2019-07-18,200.14999389648438,202.47000122070313,199.3800048828125,200.77999877929688,11937900,199.03216552734375
META,2019-07-19,202.17999267578125,202.3300018310547,198.07000732421875,198.36000061035156,12098300,196.63327026367188
META,2019-07-22,199.91000366210938,202.57000732421875,198.80999755859375,202.32000732421875,13589000,200.5587921142578
META,2019-07-23,202.83999633789063,204.24000549316406,200.9600067138672,202.36000061035156,14583700,200.59841918945313
META,2019-07-24,197.6300048828125,204.80999755859375,197.22000122070313,204.66000366210938,32532500,202.87840270996094
META,2019-07-25,206.6999969482422,208.66000366210938,198.25999450683594,200.7100067138672,39889900,198.96279907226563
META,2019-07-26,200.19000244140625,202.8800048828125,196.25,199.75,24434000,198.0111541748047
META,2019-07-29,199,199.6300048828125,195.3000030517578,195.94000244140625,16530800,194.23431396484375
META,2019-07-30,195.38999938964844,198.7100067138672,193.5,197.0399932861328,11903600,195.32473754882813
META,2019-07-31,196.9499969482422,198.75999450683594,192.67999267578125,194.22999572753906,14593500,192.53919982910156
META,2019-08-01,194.1699981689453,198.47000122070313,190.8800048828125,192.72999572753906,17777000,191.05227661132813
META,2019-08-02,191.10000610351563,192.6199951171875,188.07000732421875,189.02000427246094,15297000,187.3745574951172
META,2019-08-05,184.69000244140625,185.6699981689453,179.33999633789063,181.72999572753906,23086700,180.14801025390625
META,2019-08-06,183.69000244140625,185.7899932861328,183.08999633789063,184.50999450683594,18035700,182.90382385253906
META,2019-08-07,183.60000610351563,186.3699951171875,181.22000122070313,185.14999389648438,15833200,183.5382537841797
META,2019-08-08,186.6199951171875,190.33999633789063,184.0500030517578,190.16000366210938,14828900,188.50462341308594
META,2019-08-09,190,190.97999572753906,187.1199951171875,187.85000610351563,11058800,186.21473693847656
META,2019-08-12,186.85000610351563,187.58999633789063,184.4600067138672,185.3699951171875,10930900,183.75633239746094
META,2019-08-13,185.52000427246094,191.3800048828125,185.3699951171875,188.4499969482422,13577000,186.8095245361328
META,2019-08-14,185.8000030517578,185.99000549316406,179.30999755859375,179.7100067138672,18903700,178.14559936523438
META,2019-08-15,180.9499969482422,183.1999969482422,180.02999877929688,182.58999633789063,12925900,181.00054931640625
META,2019-08-16,183.75,185.10000610351563,182.36000061035156,183.6999969482422,12654600,182.10089111328125
META,2019-08-19,186.00999450683594,187.5,184.85000610351563,186.1699981689453,9691200,184.5493621826172
META,2019-08-20,185.4499969482422,186,182.38999938964844,183.80999755859375,10083400,182.2099151611328
META,2019-08-21,185,185.89999389648438,183.13999938964844,183.5500030517578,8398200,181.95217895507813
META,2019-08-22,183.42999267578125,184.11000061035156,179.91000366210938,182.0399932861328,10821400,180.45530700683594
META,2019-08-23,180.83999633789063,183.1300048828125,176.66000366210938,177.75,17323400,176.2026824951172
META,2019-08-26,179.39999389648438,180.5,178.24000549316406,180.36000061035156,8773600,178.78994750976563
META,2019-08-27,181.92999267578125,184.0399932861328,181.00999450683594,181.3000030517578,14399600,179.7217559814453
META,2019-08-28,180.52999877929688,181.9499969482422,178.9199981689453,181.75999450683594,9386100,180.177734375
META,2019-08-29,183.77000427246094,186.0800018310547,183.47000122070313,185.57000732421875,10128700,183.95460510253906
META,2019-08-30,186.77999877929688,186.8000030517578,183.4600067138672,185.6699981689453,10774500,184.05372619628906
META,2019-09-03,184,185.6699981689453,182.11000061035156,182.38999938964844,9779400,180.80227661132813
META,2019-09-04,184.64999389648438,187.75,183.88999938964844,187.13999938964844,11308000,185.51092529296875
META,2019-09-05,188.52999877929688,191.36000061035156,187.94000244140625,190.89999389648438,13876700,189.2382049560547
META,2019-09-06,190.2100067138672,190.2100067138672,186.35000610351563,187.49000549316406,15226800,185.85787963867188
META,2019-09-09,187.72999572753906,188.97999572753906,185.85000610351563,188.75999450683594,14722400,187.11679077148438
META,2019-09-10,187.44000244140625,188.10000610351563,184.5500030517578,186.1699981689453,15455900,184.5493621826172
META,2019-09-11,186.4600067138672,189.44000244140625,186.0800018310547,188.49000549316406,11761700,186.84921264648438
META,2019-09-12,189.86000061035156,190.92999267578125,187.22999572753906,187.47000122070313,11419800,185.83804321289063
META,2019-09-13,187.3300018310547,187.97000122070313,186.5399932861328,187.19000244140625,11441100,185.56048583984375
META,2019-09-16,186.92999267578125,187.7899932861328,185.77000427246094,186.22000122070313,8444800,184.5989227294922
META,2019-09-17,186.66000366210938,188.32000732421875,185.5399932861328,188.0800018310547,9671100,186.44271850585938
META,2019-09-18,188.08999633789063,189.0800018310547,186.00999450683594,188.13999938964844,9681900,186.50221252441406
META,2019-09-19,188.66000366210938,191.10000610351563,188.14999389648438,190.13999938964844,10392700,188.48480224609375
META,2019-09-20,190.66000366210938,193.10000610351563,188.1199951171875,189.92999267578125,19934200,188.276611328125
META,2019-09-23,189.33999633789063,190.10000610351563,185.2100067138672,186.82000732421875,13327600,185.1937255859375
META,2019-09-24,187.97999572753906,188.0399932861328,180.38999938964844,181.27999877929688,18546600,179.70191955566406
META,2019-09-25,181.4499969482422,183.4199981689453,177.8699951171875,182.8000030517578,18068300,181.20870971679688
META,2019-09-26,181.3300018310547,181.39999389648438,177.6699981689453,180.11000061035156,16083300,178.5421142578125
META,2019-09-27,180.49000549316406,180.75999450683594,175.66000366210938,177.10000610351563,14656200,175.55833435058594
META,2019-09-30,177.8699951171875,178.6699981689453,176.85000610351563,178.0800018310547,10740000,176.52978515625
META,2019-10-01,179.14999389648438,179.83999633789063,174.8800048828125,175.80999755859375,17073000,174.279541015625
META,2019-10-02,174.83999633789063,176.52999877929688,173.08999633789063,174.60000610351563,16151700,173.080078125
META,2019-10-03,175.57000732421875,179.83999633789063,173.6300048828125,179.3800048828125,16086300,177.81849670410156
META,2019-10-04,179.5500030517578,180.97999572753906,178.10000610351563,180.4499969482422,10430200,178.87916564941406
META,2019-10-07,180,181.17999267578125,178.08999633789063,179.67999267578125,9178300,178.11585998535156
META,2019-10-08,178.25999450683594,180.3699951171875,177.72000122070313,177.75,9466900,176.2026824951172
META,2019-10-09,179.16000366210938,180.72000122070313,177.94000244140625,179.85000610351563,7556900,178.28439331054688
META,2019-10-10,180.32000732421875,181.61000061035156,179.1699981689453,180.02999877929688,8605000,178.46279907226563
META,2019-10-11,182.14999389648438,186.49000549316406,182.13999938964844,184.19000244140625,14930500,182.58660888671875
META,2019-10-14,184.1999969482422,184.6199951171875,182.57000732421875,183.27999877929688,7006000,181.6845245361328
META,2019-10-15,183.8000030517578,190.3800048828125,183.66000366210938,188.88999938964844,15039100,187.2456817626953
META,2019-10-16,188.32000732421875,189.6999969482422,186.89999389648438,189.5500030517578,10516900,187.8999481201172
META,2019-10-17,190.3000030517578,190.83999633789063,188.77000427246094,190.38999938964844,9603000,188.73260498046875
META,2019-10-18,190.22999572753906,191.49000549316406,183.9199981689453,185.85000610351563,16874200,184.23216247558594
META,2019-10-21,187.0399932861328,189.91000366210938,186.75,189.75999450683594,8122600,188.10812377929688
META,2019-10-22,190,190.64999389648438,181.5,182.33999633789063,19537600,180.75270080566406
META,2019-10-23,182.00999450683594,186.3800048828125,182,186.14999389648438,12300400,184.52952575683594
META,2019-10-24,184.6199951171875,186.72999572753906,182.8000030517578,186.3800048828125,11413500,184.75753784179688
META,2019-10-25,185.8300018310547,189,185.08999633789063,187.88999938964844,8061200,186.25439453125
META,2019-10-28,187.1999969482422,189.52999877929688,185.0800018310547,189.39999389648438,13657900,187.75123596191406
META,2019-10-29,191.69000244140625,192.52999877929688,188.47000122070313,189.30999755859375,13574900,187.66204833984375
META,2019-10-30,189.55999755859375,190.4499969482422,185.97999572753906,188.25,28734600,186.6112823486328
META,2019-10-31,196.6999969482422,198.08999633789063,188.25,191.64999389648438,42286500,189.9816436767578
META,2019-11-01,192.85000610351563,194.11000061035156,189.91000366210938,193.6199951171875,21711800,191.9344940185547
META,2019-11-04,194.5500030517578,197.3699951171875,193.80999755859375,194.72000122070313,16371300,193.0249481201172
META,2019-11-05,195.3699951171875,195.75,193.60000610351563,194.32000732421875,9942000,192.62841796875
META,2019-11-06,194.02999877929688,194.3699951171875,191.35000610351563,191.5500030517578,10973000,189.88253784179688
META,2019-11-07,191.91000366210938,193.44000244140625,189.47000122070313,190.4199981689453,13473000,188.7623748779297
META,2019-11-08,190,192.33999633789063,189.6999969482422,190.83999633789063,10760800,189.17869567871094
META,2019-11-11,189.92999267578125,190.0800018310547,188.5399932861328,189.61000061035156,8631200,187.9594268798828
META,2019-11-12,190,195.05999755859375,189.74000549316406,194.47000122070313,17615500,192.77711486816406
META,2019-11-13,194.6999969482422,195.6999969482422,192.74000549316406,193.19000244140625,10860700,191.5082550048828
META,2019-11-14,192.92999267578125,194.02999877929688,191.4499969482422,193.14999389648438,9040500,191.46859741210938
META,2019-11-15,194.25999450683594,195.3000030517578,193.3800048828125,195.10000610351563,11524300,193.40162658691406
META,2019-11-18,194.55999755859375,198.6300048828125,193.0500030517578,197.39999389648438,16167200,195.68161010742188
META,2019-11-19,197.39999389648438,200,196.86000061035156,199.32000732421875,19056800,197.5849151611328
META,2019-11-20,198.5800018310547,199.58999633789063,195.42999267578125,197.50999450683594,12355400,195.7906494140625
META,2019-11-21,197.4199981689453,199.08999633789063,196.86000061035156,197.92999267578125,12131000,196.20700073242188
META,2019-11-22,198.3800048828125,199.3000030517578,197.6199951171875,198.82000732421875,9959800,197.08926391601563
META,2019-11-25,199.52000427246094,200.97000122070313,199.25,199.7899932861328,15272300,198.05081176757813
META,2019-11-26,200,200.14999389648438,198.0399932861328,198.97000122070313,11735500,197.23794555664063
META,2019-11-27,199.89999389648438,203.13999938964844,199.4199981689453,202,12736600,200.2415771484375
META,2019-11-29,201.60000610351563,203.8000030517578,201.2100067138672,201.63999938964844,7985200,199.8846893310547
META,2019-12-02,202.1300048828125,202.17999267578125,198.0500030517578,199.6999969482422,11503400,197.96157836914063
META,2019-12-03,197.60000610351563,198.92999267578125,195.0800018310547,198.82000732421875,11595300,197.08926391601563
META,2019-12-04,200,200.02999877929688,198.0500030517578,198.7100067138672,8456300,196.98019409179688
META,2019-12-05,199.86000061035156,201.2899932861328,198.2100067138672,199.36000061035156,9740400,197.6245574951172
META,2019-12-06,200.5,201.57000732421875,200.05999755859375,201.0500030517578,12270600,199.29983520507813
META,2019-12-09,200.64999389648438,203.13999938964844,200.2100067138672,201.33999633789063,11954800,199.58729553222656
META,2019-12-10,201.66000366210938,202.0500030517578,200.14999389648438,200.8699951171875,9475700,199.1214141845703
META,2019-12-11,200.27999877929688,202.6300048828125,200.27999877929688,202.25999450683594,8036800,200.49929809570313
META,2019-12-12,202.35000610351563,203.66000366210938,194.10000610351563,196.75,23734800,195.03726196289063
META,2019-12-13,196.39999389648438,196.8000030517578,193.1699981689453,194.11000061035156,18798000,192.4202423095703
META,2019-12-16,195.27000427246094,199.1199951171875,194.80999755859375,197.9199981689453,14911500,196.1970672607422
META,2019-12-17,198.83999633789063,199,196.1300048828125,198.38999938964844,10175700,196.6630096435547
META,2019-12-18,200.08999633789063,204.3000030517578,200.08999633789063,202.5,23274400,200.73721313476563
META,2019-12-19,202.77999877929688,206.3000030517578,202.50999450683594,206.05999755859375,16514600,204.2662353515625
META,2019-12-20,207.47999572753906,207.7100067138672,203.42999267578125,206.3000030517578,27306900,204.50413513183594
META,2019-12-23,206.6999969482422,208.58999633789063,205.67999267578125,206.17999267578125,13348900,204.38516235351563
META,2019-12-24,206.3000030517578,206.7899932861328,205,205.1199951171875,6046300,203.3343963623047
META,2019-12-26,205.57000732421875,207.82000732421875,205.30999755859375,207.7899932861328,9350700,205.9811553955078
META,2019-12-27,208.6699981689453,208.92999267578125,206.58999633789063,208.10000610351563,10284200,206.2884521484375
META,2019-12-30,207.86000061035156,207.89999389648438,203.89999389648438,204.41000366210938,10524300,202.63058471679688
META,2019-12-31,204,205.55999755859375,203.60000610351563,205.25,8953500,203.46327209472656
META,2020-01-02,206.75,209.7899932861328,206.27000427246094,209.77999877929688,12077100,207.95384216308594
META,2020-01-03,207.2100067138672,210.39999389648438,206.9499969482422,208.6699981689453,11188400,206.85350036621094
META,2020-01-06,206.6999969482422,212.77999877929688,206.52000427246094,212.60000610351563,17058900,210.74929809570313
META,2020-01-07,212.82000732421875,214.5800018310547,211.75,213.05999755859375,14912400,211.20529174804688
META,2020-01-08,213,216.24000549316406,212.61000061035156,215.22000122070313,13475000,213.3464813232422
META,2020-01-09,217.5399932861328,218.3800048828125,216.27999877929688,218.3000030517578,12642800,216.399658203125
META,2020-01-10,219.1999969482422,219.8800048828125,217.4199981689453,218.05999755859375,12119400,216.16177368164063
META,2020-01-13,219.60000610351563,221.97000122070313,219.2100067138672,221.91000366210938,14463400,219.97824096679688
META,2020-01-14,221.61000061035156,222.3800048828125,218.6300048828125,219.05999755859375,13288900,217.153076171875
META,2020-01-15,220.61000061035156,221.67999267578125,220.13999938964844,221.14999389648438,10036500,219.224853515625
META,2020-01-16,222.57000732421875,222.6300048828125,220.38999938964844,221.77000427246094,10015300,219.8394775390625
META,2020-01-17,222.02999877929688,222.2899932861328,220.52999877929688,222.13999938964844,15905900,220.2062225341797
META,2020-01-21,222.16000366210938,222.3699951171875,219.1199951171875,221.44000244140625,14275800,219.51235961914063
META,2020-01-22,222.30999755859375,222.75,221.27999877929688,221.32000732421875,12212800,219.3933868408203
META,2020-01-23,220.75,221.49000549316406,219.27000427246094,219.75999450683594,11195000,217.84695434570313
META,2020-01-24,220.8000030517578,221.77999877929688,216.11000061035156,217.94000244140625,11905800,216.04283142089844
META,2020-01-27,213.10000610351563,216.05999755859375,212.5,214.8699951171875,13810700,212.99952697753906
META,2020-01-28,216.13999938964844,218.74000549316406,213.52000427246094,217.7899932861328,13413800,215.89407348632813
META,2020-01-29,221.44000244140625,224.1999969482422,218.4499969482422,223.22999572753906,33181300,221.28675842285156
META,2020-01-30,206.52999877929688,211.42999267578125,204.75,209.52999877929688,48775500,207.70602416992188
META,2020-01-31,208.42999267578125,208.69000244140625,201.05999755859375,201.91000366210938,31359900,200.15234375
META,2020-02-03,203.44000244140625,205.13999938964844,202.5,204.19000244140625,15495600,202.41249084472656
META,2020-02-04,206.6199951171875,210.60000610351563,205.1999969482422,209.8300018310547,19628900,208.00340270996094
META,2020-02-05,212.50999450683594,212.72999572753906,208.7100067138672,210.11000061035156,12538200,208.28097534179688
META,2020-02-06,210.47000122070313,211.19000244140625,209.33999633789063,210.85000610351563,10567500,209.01454162597656
META,2020-02-07,210.3000030517578,212.82000732421875,209.92999267578125,212.3300018310547,12242500,210.48162841796875
META,2020-02-10,211.52000427246094,213.8000030517578,210.66000366210938,213.05999755859375,11856400,211.20529174804688
META,2020-02-11,210.19000244140625,210.86000061035156,206.50999450683594,207.19000244140625,25030800,205.38641357421875
META,2020-02-12,207.85000610351563,211.22000122070313,207.39999389648438,210.75999450683594,13813700,208.92530822753906
META,2020-02-13,209.52000427246094,214.3300018310547,209.17999267578125,213.13999938964844,15396600,211.2845916748047
META,2020-02-14,214,214.92999267578125,212.64999389648438,214.17999267578125,10741700,212.31553649902344
META,2020-02-18,213.5500030517578,217.97999572753906,213.39999389648438,217.8000030517578,15609200,215.904052734375
META,2020-02-19,217.99000549316406,218.32000732421875,216.11000061035156,217.49000549316406,12135100,215.59674072265625
META,2020-02-20,216.52000427246094,218.77000427246094,212.9499969482422,214.5800018310547,13109200,212.7120361328125
META,2020-02-21,213.47999572753906,214.24000549316406,208.8300018310547,210.17999267578125,14092300,208.35035705566406
META,2020-02-24,201.8000030517578,203.64999389648438,198.1699981689453,200.72000122070313,23080100,198.97271728515625
META,2020-02-25,202.25,203.5,195.9499969482422,196.77000427246094,21433500,195.05709838867188
META,2020-02-26,197.19000244140625,201.2100067138672,195.49000549316406,197.1999969482422,16524500,195.48333740234375
META,2020-02-27,191.82000732421875,195.8800048828125,189.5,189.75,21682600,188.0982208251953
META,2020-02-28,182.6999969482422,192.74000549316406,181.82000732421875,192.47000122070313,32568900,190.7945098876953
META,2020-03-02,194.02999877929688,196.57000732421875,188.85000610351563,196.44000244140625,24949000,194.72998046875
META,2020-03-03,196.22000122070313,197.24000549316406,183.97000122070313,185.88999938964844,27984100,184.27182006835938
META,2020-03-04,189.1699981689453,191.8300018310547,186.38999938964844,191.75999450683594,23062500,190.0906982421875
META,2020-03-05,186.77999877929688,188.99000549316406,183.88999938964844,185.1699981689453,19333400,183.55810546875
META,2020-03-06,178.3300018310547,183.77999877929688,176.25999450683594,181.08999633789063,24559600,179.5135955810547
META,2020-03-09,169.60000610351563,175,165.19000244140625,169.5,29949000,168.02450561523438
META,2020-03-10,174.6699981689453,178.2899932861328,169.5,178.19000244140625,24517800,176.6388397216797
META,2020-03-11,174.00999450683594,175.8800048828125,167.66000366210938,170.24000549316406,20373900,168.75804138183594
META,2020-03-12,159.5399932861328,166.60000610351563,154.33999633789063,154.47000122070313,43266300,153.1253204345703
META,2020-03-13,163.52999877929688,170.7899932861328,157.60000610351563,170.27999877929688,35028600,168.7976837158203
META,2020-03-16,152.32000732421875,159.1300048828125,143.10000610351563,146.00999450683594,39120400,144.73898315429688
META,2020-03-17,150.74000549316406,153.94000244140625,140,149.4199981689453,34255600,148.1192626953125
META,2020-03-18,139.75,148.17999267578125,137.10000610351563,146.9600067138672,37553100,145.6807098388672
META,2020-03-19,146.6199951171875,159.92999267578125,144.8000030517578,153.1300048828125,39862300,151.79701232910156
META,2020-03-20,156.02000427246094,159.27000427246094,148,149.72999572753906,32568400,148.4265899658203
META,2020-03-23,149.66000366210938,152.30999755859375,142.25,148.10000610351563,29830800,146.81077575683594
META,2020-03-24,155.2100067138672,161.30999755859375,152.57000732421875,160.97999572753906,30440400,159.57862854003906
META,2020-03-25,158.9199981689453,162.99000549316406,153.05999755859375,156.2100067138672,35184300,154.8501739501953
META,2020-03-26,158.25,164,157.02000427246094,163.33999633789063,26556800,161.91812133789063
META,2020-03-27,158.1999969482422,160.08999633789063,154.75,156.7899932861328,24879900,155.4251251220703
META,2020-03-30,159.17999267578125,166.75,158.05999755859375,165.9499969482422,22515200,164.50540161132813
META,2020-03-31,165.47999572753906,170.92999267578125,164.1999969482422,166.8000030517578,23676300,165.34799194335938
META,2020-04-01,161.6199951171875,164.14999389648438,158.0399932861328,159.60000610351563,19507600,158.210693359375
META,2020-04-02,159.10000610351563,161.35000610351563,155.9199981689453,158.19000244140625,20886300,156.8129425048828
META,2020-04-03,157.14999389648438,157.91000366210938,150.8300018310547,154.17999267578125,25983300,152.83786010742188
META,2020-04-06,160.14999389648438,166.1999969482422,158.50999450683594,165.5500030517578,28453600,164.10887145996094
META,2020-04-07,171.7899932861328,173.38999938964844,166.00999450683594,168.8300018310547,31411900,167.36032104492188
META,2020-04-08,171.25,175,167.74000549316406,174.27999877929688,21664200,172.7628631591797
META,2020-04-09,175.89999389648438,177.0800018310547,171.57000732421875,175.19000244140625,23534300,173.66494750976563
META,2020-04-13,173.6699981689453,175,169.4499969482422,174.7899932861328,19355400,173.2684326171875
META,2020-04-14,178.97999572753906,181.22999572753906,176.6199951171875,178.1699981689453,21011800,176.61898803710938
META,2020-04-15,175.19000244140625,178.19000244140625,172.82000732421875,176.97000122070313,17423000,175.429443359375
META,2020-04-16,177.9499969482422,178.0500030517578,172.50999450683594,176.25,23593200,174.71571350097656
META,2020-04-17,179.1999969482422,180.27999877929688,176.66000366210938,179.24000549316406,20974800,177.6796875
META,2020-04-20,177.41000366210938,180.5,176.77000427246094,178.24000549316406,16110700,176.68841552734375
META,2020-04-21,175.25,175.3800048828125,168.33999633789063,170.8000030517578,24850500,169.31317138671875
META,2020-04-22,178.4499969482422,184.77999877929688,178.13999938964844,182.27999877929688,33242000,180.6932373046875
META,2020-04-23,184.0800018310547,187.0500030517578,183.14999389648438,185.1300048828125,21426600,183.5184326171875
META,2020-04-24,183.22999572753906,190.41000366210938,180.8300018310547,190.07000732421875,28792000,188.41542053222656
META,2020-04-27,192.66000366210938,193.75,187.41000366210938,187.5,29197800,185.86781311035156
META,2020-04-28,188.66000366210938,189.1999969482422,182.55999755859375,182.91000366210938,21731000,181.3177490234375
META,2020-04-29,190.92999267578125,196.91000366210938,190,194.19000244140625,45954500,192.49952697753906
META,2020-04-30,206.9199981689453,209.69000244140625,201.57000732421875,204.7100067138672,46230100,202.92800903320313
META,2020-05-01,201.60000610351563,207.27999877929688,199.0500030517578,202.27000427246094,30415600,200.50921630859375
META,2020-05-04,200.1999969482422,205.91000366210938,198.75999450683594,205.25999450683594,19250700,203.47317504882813
META,2020-05-05,207.02000427246094,210.3800048828125,206.5,207.07000732421875,21071200,205.26742553710938
META,2020-05-06,208.1199951171875,211.60000610351563,206.66000366210938,208.47000122070313,21857000,206.65525817871094
META,2020-05-07,211.16000366210938,211.60000610351563,209.0399932861328,211.25999450683594,15152000,209.4209442138672
META,2020-05-08,212.24000549316406,213.2100067138672,210.85000610351563,212.35000610351563,12506000,210.50148010253906
META,2020-05-11,210.88999938964844,215,210.3699951171875,213.17999267578125,12911900,211.32423400878906
META,2020-05-12,213.2899932861328,215.27999877929688,210,210.10000610351563,14704600,208.2710418701172
META,2020-05-13,209.42999267578125,210.77999877929688,202.11000061035156,205.10000610351563,20684600,203.31455993652344
META,2020-05-14,202.55999755859375,206.92999267578125,200.69000244140625,206.80999755859375,17178900,205.0096893310547
META,2020-05-15,205.27000427246094,211.33999633789063,204.1199951171875,210.8800048828125,19383200,209.0442657470703
META,2020-05-18,212.14999389648438,214.63999938964844,210.94000244140625,213.19000244140625,20151900,211.33416748046875
META,2020-05-19,213.27000427246094,220.49000549316406,212.8300018310547,216.8800048828125,31843200,214.99203491210938
META,2020-05-20,223.5,231.33999633789063,223.19000244140625,229.97000122070313,50162900,227.9680938720703
META,2020-05-21,234.72000122070313,237.1999969482422,231.1999969482422,231.38999938964844,47782600,229.37574768066406
META,2020-05-22,231.50999450683594,235.99000549316406,228.74000549316406,234.91000366210938,33925600,232.8650665283203
META,2020-05-26,239.77000427246094,240.89999389648438,231.6699981689453,232.1999969482422,33178300,230.1786651611328
META,2020-05-27,229.07000732421875,230.55999755859375,221.1300048828125,229.13999938964844,34697600,227.14527893066406
META,2020-05-28,224.3000030517578,231.6300048828125,224,225.4600067138672,29377200,223.4973602294922
META,2020-05-29,225.1999969482422,227.49000549316406,222.8800048828125,225.08999633789063,23241500,223.1305694580078
META,2020-06-01,224.58999633789063,232.44000244140625,223.5,231.91000366210938,18223800,229.8911895751953
META,2020-06-02,230.94000244140625,233,226.55999755859375,232.72000122070313,20919000,230.6941375732422
META,2020-06-03,232.11000061035156,232.64999389648438,228.52999877929688,230.16000366210938,15380300,228.15643310546875
META,2020-06-04,229.55999755859375,231.6300048828125,224.61000061035156,226.2899932861328,17041500,224.32009887695313
META,2020-06-05,226.7100067138672,231.35000610351563,225.30999755859375,230.77000427246094,16750400,228.7611083984375
META,2020-06-08,229.02999877929688,231.5500030517578,227.41000366210938,231.39999389648438,15466500,229.38563537597656
META,2020-06-09,231.52000427246094,239.77000427246094,230.41000366210938,238.6699981689453,27462900,236.5923309326172
META,2020-06-10,240.9600067138672,241.2100067138672,235.27999877929688,236.72999572753906,20720700,234.6692657470703
META,2020-06-11,229.94000244140625,232.88999938964844,223.5500030517578,224.42999267578125,26708200,222.4762725830078
META,2020-06-12,229.89999389648438,231.66000366210938,224.5,228.5800018310547,22091400,226.59017944335938
META,2020-06-15,225.08999633789063,233.77000427246094,224.8000030517578,232.5,15340300,230.47607421875
META,2020-06-16,237.13999938964844,238.4600067138672,233,235.64999389648438,15236700,233.59864807128906
META,2020-06-17,235,237.58999633789063,231.72999572753906,235.52999877929688,19578100,233.4796905517578
META,2020-06-18,234.99000549316406,236.13999938964844,232.14999389648438,235.94000244140625,15782500,233.88612365722656
META,2020-06-19,237.7899932861328,240.8300018310547,235.5500030517578,238.7899932861328,30081300,236.7113037109375
META,2020-06-22,238.55999755859375,240.6999969482422,236.91000366210938,239.22000122070313,18917800,237.1375732421875
META,2020-06-23,241.27999877929688,245.19000244140625,239.86000061035156,242.24000549316406,24017900,240.1312713623047
META,2020-06-24,241.1999969482422,243.22000122070313,232.67999267578125,234.02000427246094,20834900,231.9828643798828
META,2020-06-25,234.6199951171875,237.3000030517578,232.74000549316406,235.67999267578125,18704300,233.62835693359375
META,2020-06-26,232.63999938964844,233.08999633789063,215.39999389648438,216.0800018310547,76343900,214.19898986816406
META,2020-06-29,209.75,220.75,207.11000061035156,220.63999938964844,58514300,218.71929931640625
META,2020-06-30,220.58999633789063,227.5,218.47000122070313,227.07000732421875,33927100,225.09335327148438
META,2020-07-01,228.5,239,227.55999755859375,237.5500030517578,43399700,235.4821319580078
META,2020-07-02,239,240,232.61000061035156,233.4199981689453,30633600,231.38804626464844
META,2020-07-06,233.75999450683594,240.39999389648438,232.27000427246094,240.27999877929688,26206200,238.1883087158203
META,2020-07-07,239.41000366210938,247.64999389648438,238.82000732421875,240.86000061035156,27887800,238.76327514648438
META,2020-07-08,238.11000061035156,246.99000549316406,236.58999633789063,243.5800018310547,29791300,241.45960998535156
META,2020-07-09,245,246.52999877929688,239.24000549316406,244.5,22174900,242.37159729003906
META,2020-07-10,243.69000244140625,245.49000549316406,239.32000732421875,245.07000732421875,22982700,242.93666076660156
META,2020-07-13,247.00999450683594,250.14999389648438,238.4199981689453,239,24674900,236.91949462890625
META,2020-07-14,236.75999450683594,240.3300018310547,232.02999877929688,239.72999572753906,23378100,237.6431121826172
META,2020-07-15,241.5500030517578,244.82000732421875,238.0500030517578,240.27999877929688,19133600,238.1883087158203
META,2020-07-16,238,241.75999450683594,236.3300018310547,240.92999267578125,18880700,238.83267211914063
META,2020-07-17,241,244.16000366210938,237.86000061035156,242.02999877929688,18152400,239.92311096191406
META,2020-07-20,240.05999755859375,246.0500030517578,235.63999938964844,245.4199981689453,20872200,243.28358459472656
META,2020-07-21,246.22000122070313,246.91000366210938,240.0800018310547,241.75,19364200,239.64552307128906
META,2020-07-22,240.25999450683594,241.89999389648438,238.1199951171875,239.8699951171875,15427900,237.7819061279297
META,2020-07-23,239.6300048828125,242.4199981689453,231.75,232.60000610351563,21771800,230.57516479492188
META,2020-07-24,230.19000244140625,233.49000549316406,226.89999389648438,230.7100067138672,18325800,228.70166015625
META,2020-07-27,231.4600067138672,234.9499969482422,230.8300018310547,233.5,13163100,231.4673614501953
META,2020-07-28,234.6300048828125,234.9600067138672,229.8300018310547,230.1199951171875,14170100,228.11679077148438
META,2020-07-29,231.13999938964844,233.6999969482422,230.30999755859375,233.2899932861328,13588300,231.2592010498047
META,2020-07-30,230.22000122070313,234.88999938964844,229,234.5,20615300,232.45864868164063
META,2020-07-31,255.82000732421875,255.85000610351563,249,253.6699981689453,53005100,251.46177673339844
META,2020-08-03,252.64999389648438,255.39999389648438,250.3300018310547,251.9600067138672,23124900,249.76666259765625
META,2020-08-04,251.55999755859375,252.8000030517578,247.42999267578125,249.8300018310547,17183500,247.65518188476563
META,2020-08-05,250.19000244140625,252.27000427246094,247.77000427246094,249.1199951171875,13050100,246.95138549804688
META,2020-08-06,249.0399932861328,266.6000061035156,248.6699981689453,265.2799987792969,45241600,262.9706726074219
META,2020-08-07,264.0799865722656,278.8900146484375,263.42999267578125,268.44000244140625,72766400,266.1031799316406
META,2020-08-10,268.0400085449219,273.8599853515625,259.69000244140625,263,30248800,260.7105712890625
META,2020-08-11,260.19000244140625,265.9200134277344,255.1300048828125,256.1300048828125,28238300,253.90036010742188
META,2020-08-12,258.9700012207031,263.8999938964844,258.1099853515625,259.8900146484375,21415700,257.627685546875
META,2020-08-13,261.54998779296875,265.1600036621094,259.57000732421875,261.29998779296875,17374000,259.0252990722656
META,2020-08-14,262.30999755859375,262.6499938964844,258.67999267578125,261.239990234375,14792700,258.9658508300781
META,2020-08-17,262.5,264.1000061035156,259.3999938964844,261.1600036621094,13351100,258.8865661621094
META,2020-08-18,260.95001220703125,265.1499938964844,259.260009765625,262.3399963378906,18690400,260.0562744140625
META,2020-08-19,261.3900146484375,267.9100036621094,261.3500061035156,262.5899963378906,23291500,260.3040466308594
META,2020-08-20,261.5,269.6300048828125,261.4599914550781,269.010009765625,20299700,266.668212890625
META,2020-08-21,268.69000244140625,270.489990234375,266.4200134277344,267.010009765625,15538600,264.68560791015625
META,2020-08-24,271.07000732421875,277.25,268.7699890136719,271.3900146484375,23685600,269.02752685546875
META,2020-08-25,272.4100036621094,283.0899963378906,270.260009765625,280.82000732421875,42127200,278.37542724609375
META,2020-08-26,284,304.6700134277344,284,303.9100036621094,69015200,301.264404296875
META,2020-08-27,300.1600036621094,301.2300109863281,292.0199890136719,293.2200012207031,30301300,290.66748046875
META,2020-08-28,295,297.2300109863281,290.9800109863281,293.6600036621094,17157400,291.1036376953125
META,2020-08-31,293.95001220703125,296.8800048828125,291.54998779296875,293.20001220703125,17345100,290.64764404296875
META,2020-09-01,294.7099914550781,301.489990234375,292.7099914550781,295.44000244140625,17295900,292.8681640625
META,2020-09-02,298.8800048828125,303.6000061035156,293.04998779296875,302.5,24341400,299.86669921875
META,2020-09-03,295.989990234375,297.6000061035156,283.6300048828125,291.1199951171875,32294100,288.58575439453125
META,2020-09-04,287.25,289,271.1400146484375,282.7300109863281,30333700,280.268798828125
META,2020-09-08,271.2799987792969,279.29998779296875,269.4200134277344,271.1600036621094,24864000,268.79949951171875
META,2020-09-09,275.7699890136719,278.4800109863281,271.3500061035156,273.7200012207031,22918800,271.33721923828125
META,2020-09-10,275.510009765625,279.1600036621094,267.0299987792969,268.0899963378906,24814700,265.75628662109375
META,2020-09-11,270.05999755859375,271.3900146484375,262.6400146484375,266.6099853515625,18913900,264.28912353515625
META,2020-09-14,270.95001220703125,276.6400146484375,265.70001220703125,266.1499938964844,24093800,263.8331604003906
META,2020-09-15,270.6700134277344,274.5199890136719,269.29998779296875,272.4200134277344,18478500,270.0485534667969
META,2020-09-16,267.2900085449219,272.44000244140625,261.7900085449219,263.5199890136719,29183400,261.22601318359375
META,2020-09-17,258.2799987792969,261.5,250.19000244140625,254.82000732421875,31281400,252.60177612304688
META,2020-09-18,258.3999938964844,259.20001220703125,250.0500030517578,252.52999877929688,28130800,250.33172607421875
META,2020-09-21,247.5399932861328,249.9499969482422,244.1300048828125,248.14999389648438,24709400,245.9898223876953
META,2020-09-22,253.30999755859375,255.32000732421875,248.22000122070313,254.75,30293100,252.53236389160156
META,2020-09-23,255.25999450683594,257.989990234375,248.14999389648438,249.02000427246094,19641300,246.8522491455078
META,2020-09-24,246.5,252.24000549316406,245.6199951171875,249.52999877929688,20006800,247.35780334472656
META,2020-09-25,249.39999389648438,255.75,246.61000061035156,254.82000732421875,18351300,252.60177612304688
META,2020-09-28,259.3999938964844,259.6000061035156,254.82000732421875,256.82000732421875,18826300,254.5843505859375
META,2020-09-29,257.80999755859375,263.3299865722656,256.8999938964844,261.7900085449219,20200200,259.5111083984375
META,2020-09-30,261.9800109863281,266.0799865722656,260.1000061035156,261.8999938964844,20142500,259.6201171875
META,2020-10-01,265.3500061035156,268.3299865722656,264.79998779296875,266.6300048828125,20009800,264.3089904785156
META,2020-10-02,261.2099914550781,265.1499938964844,259.17999267578125,259.94000244140625,16367600,257.67718505859375
META,2020-10-05,262.20001220703125,264.8699951171875,260.8399963378906,264.6499938964844,12822300,262.34619140625
META,2020-10-06,261.7799987792969,265.69000244140625,258.239990234375,258.6600036621094,18696900,256.4083251953125
META,2020-10-07,259.2099914550781,260.17999267578125,254.82000732421875,258.1199951171875,23133400,255.87301635742188
META,2020-10-08,259.75,264.6199951171875,259.1499938964844,263.760009765625,16312800,261.4639587402344
META,2020-10-09,264.5199890136719,264.75,262.1700134277344,264.45001220703125,14107800,262.1479797363281
META,2020-10-12,270.20001220703125,280.17999267578125,267.8699951171875,275.75,31019300,273.34954833984375
META,2020-10-13,277.5799865722656,279.1000061035156,273.3900146484375,276.1400146484375,18063300,273.7362060546875
META,2020-10-14,277.6199951171875,278.75,271.5,271.82000732421875,15577800,269.4537658691406
META,2020-10-15,267.6000061035156,269.0400085449219,263.6700134277344,266.7200012207031,15416100,264.3981628417969
META,2020-10-16,267.3800048828125,271.3699951171875,265.29998779296875,265.92999267578125,16622700,263.6150207519531
META,2020-10-19,265.5299987792969,268.54998779296875,259.8800048828125,261.3999938964844,13587000,259.12451171875
META,2020-10-20,263.05999755859375,269.70001220703125,262.8800048828125,267.55999755859375,18763200,265.23089599609375
META,2020-10-21,279.55999755859375,283.04998779296875,276.3699951171875,278.7300109863281,28998600,276.3036804199219
META,2020-10-22,279.8699951171875,282.45001220703125,275.0400085449219,278.1199951171875,16720000,275.6989440917969
META,2020-10-23,278.79998779296875,285.239990234375,276.82000732421875,284.7900085449219,17535200,282.3108825683594
META,2020-10-26,283.1600036621094,285.2300109863281,274.260009765625,277.1099853515625,21322900,274.69769287109375
META,2020-10-27,278.760009765625,284.510009765625,276.30999755859375,283.2900085449219,16287200,280.8239440917969
META,2020-10-28,278.7900085449219,278.7900085449219,267.260009765625,267.6700134277344,23121800,265.33990478515625
META,2020-10-29,276.54998779296875,283.6000061035156,273.7799987792969,280.8299865722656,32368100,278.3853454589844
META,2020-10-30,274.5,276.70001220703125,259.1000061035156,263.1099853515625,47247800,260.8195495605469
META,2020-11-02,264.6000061035156,270.4700012207031,257.3399963378906,261.3599853515625,27165700,259.0848388671875
META,2020-11-03,263.1600036621094,270.04998779296875,260.8800048828125,265.29998779296875,17961900,262.9905090332031
META,2020-11-04,281,288.94000244140625,278.6199951171875,287.3800048828125,35364400,284.8782653808594
META,2020-11-05,291.8999938964844,297.3800048828125,288.95001220703125,294.67999267578125,23823600,292.11480712890625
META,2020-11-06,293.95001220703125,294.6000061035156,288.05999755859375,293.4100036621094,13891000,290.8558349609375
META,2020-11-09,289.8699951171875,292.5799865722656,278.5299987792969,278.7699890136719,25117700,276.3432922363281
META,2020-11-10,273.1000061035156,274,264,272.42999267578125,29067700,270.0584411621094
META,2020-11-11,273.4700012207031,278.3999938964844,272.4800109863281,276.4800109863281,14957000,274.0732116699219
META,2020-11-12,277.17999267578125,279.75,274.42999267578125,275.0799865722656,12899500,272.6854248046875
META,2020-11-13,277.7200012207031,277.760009765625,273.1000061035156,276.95001220703125,10391200,274.53912353515625
META,2020-11-16,275.04998779296875,279.4100036621094,274.6300048828125,278.9599914550781,12970400,276.5316467285156
META,2020-11-17,277.67999267578125,277.67999267578125,273.2900085449219,275,15040300,272.6060791015625
META,2020-11-18,274.5199890136719,277.3900146484375,271.8399963378906,271.9700012207031,12152900,269.6024475097656
META,2020-11-19,271.0199890136719,273.4700012207031,269.19000244140625,272.94000244140625,12963700,270.5640869140625
META,2020-11-20,272.55999755859375,273,269.4100036621094,269.70001220703125,18114700,267.35223388671875
META,2020-11-23,270.8900146484375,270.95001220703125,264.5299987792969,268.42999267578125,20990800,266.09326171875
META,2020-11-24,268.489990234375,277.82000732421875,267.8699951171875,276.9200134277344,16930400,274.5093688964844
META,2020-11-25,278.1400146484375,280.17999267578125,272.6499938964844,275.5899963378906,12467000,273.1909484863281
META,2020-11-27,277.3900146484375,279.1300048828125,274.82000732421875,277.80999755859375,7808400,275.3916320800781
META,2020-11-30,276.0299987792969,277.70001220703125,271.010009765625,276.9700012207031,16693300,274.5589599609375
META,2020-12-01,279.1600036621094,289.29998779296875,278.9599914550781,286.54998779296875,20738900,284.0555419921875
META,2020-12-02,285.3599853515625,291.7799987792969,280.8299865722656,287.5199890136719,17361600,285.0171203613281
META,2020-12-03,286.25,286.6499938964844,281.07000732421875,281.8500061035156,12921700,279.3964538574219
META,2020-12-04,280.29998779296875,283.4599914550781,279.29998779296875,279.70001220703125,10880300,277.26519775390625
META,2020-12-07,279.19000244140625,288.489990234375,278.20001220703125,285.5799865722656,13007700,283.09393310546875
META,2020-12-08,286.010009765625,286.42999267578125,281.54998779296875,283.3999938964844,10747700,280.9329528808594
META,2020-12-09,283.6600036621094,287.6300048828125,271.75,277.9200134277344,25189700,275.5007019042969
META,2020-12-10,275.5400085449219,278.7300109863281,271.8599853515625,277.1199951171875,20065100,274.7076110839844
META,2020-12-11,274.5299987792969,276.4800109863281,270.25,273.54998779296875,14391400,271.168701171875
META,2020-12-14,273.3699951171875,277.2200012207031,271.55999755859375,274.19000244140625,16376900,271.8031921386719
META,2020-12-15,274.8299865722656,276.0799865722656,267.4700012207031,275.54998779296875,23979500,273.1512756347656
META,2020-12-16,274.760009765625,277.8599853515625,272.510009765625,275.6700134277344,15885000,273.2702331542969
META,2020-12-17,277.07000732421875,280.44000244140625,273.6099853515625,274.4800109863281,16377800,272.0906677246094
META,2020-12-18,275.7699890136719,278,271.1400146484375,276.3999938964844,26693200,273.993896484375
META,2020-12-21,272.9800109863281,274.6700134277344,267.7900085449219,272.7900085449219,16553700,270.4153747558594
META,2020-12-22,271.5,271.5,264.6300048828125,267.0899963378906,17312900,264.76495361328125
META,2020-12-23,266.8900146484375,272.1700134277344,266.2300109863281,268.1099853515625,14329000,265.7760314941406
META,2020-12-24,268.8800048828125,270.3999938964844,266.20001220703125,267.3999938964844,6702000,265.0722351074219
META,2020-12-28,268.739990234375,277.29998779296875,265.6600036621094,277,23299700,274.58868408203125
META,2020-12-29,276.95001220703125,280.510009765625,276.2799987792969,276.7799987792969,16383000,274.37060546875
META,2020-12-30,277.95001220703125,278.0799865722656,271.7099914550781,271.8699951171875,11803800,269.5032958984375
META,2020-12-31,272,277.0899963378906,269.80999755859375,273.1600036621094,12900400,270.7820739746094
META,2021-01-04,274.7799987792969,275,265.20001220703125,268.94000244140625,15106100,266.59881591796875
META,2021-01-05,268.2900085449219,272.3999938964844,268.2099914550781,270.9700012207031,9871600,268.6112060546875
META,2021-01-06,262,267.75,260.010009765625,263.30999755859375,24354100,261.0178527832031
META,2021-01-07,265.8999938964844,271.6099853515625,264.7799987792969,268.739990234375,15789800,266.4006042480469
META,2021-01-08,268.30999755859375,268.95001220703125,263.17999267578125,267.57000732421875,18528300,265.2407531738281
META,2021-01-11,260.4800109863281,263.4700012207031,255.89999389648438,256.8399963378906,30412300,254.6041717529297
META,2021-01-12,256.6300048828125,259.7200012207031,250.3000030517578,251.08999633789063,26383500,248.9042205810547
META,2021-01-13,251.5500030517578,253.9499969482422,249.1999969482422,251.63999938964844,19528900,249.44944763183594
META,2021-01-14,253.39999389648438,255.02999877929688,244.61000061035156,245.63999938964844,29739400,243.50167846679688
META,2021-01-15,247.89999389648438,253.86000061035156,247.16000366210938,251.36000061035156,24942900,249.171875
META,2021-01-19,256.8999938964844,262.20001220703125,252.72000122070313,261.1000061035156,28028500,258.8270568847656
META,2021-01-20,268.92999267578125,270.32000732421875,263.6000061035156,267.4800109863281,25199900,265.1515808105469
META,2021-01-21,269.260009765625,273.6000061035156,267.489990234375,272.8699951171875,20838700,270.4945983886719
META,2021-01-22,272.010009765625,278.4700012207031,272,274.5,21954000,272.1104736328125
META,2021-01-25,278.1400146484375,280.1000061035156,271.510009765625,278.010009765625,19087000,275.5899353027344
META,2021-01-26,278.1400146484375,285.3900146484375,277.80999755859375,282.04998779296875,19373600,279.5947265625
META,2021-01-27,282.5299987792969,283.45001220703125,268.1199951171875,272.1400146484375,35346200,269.7710266113281
META,2021-01-28,277.17999267578125,286.7900085449219,264.70001220703125,265,37758800,262.69317626953125
META,2021-01-29,265.29998779296875,266.55999755859375,254.85000610351563,258.3299865722656,30389500,256.0811462402344
META,2021-02-01,259.5199890136719,264.1700134277344,254.91000366210938,262.010009765625,22914300,259.7291564941406
META,2021-02-02,264,268.8500061035156,263.2699890136719,267.0799865722656,17320800,264.7549743652344
META,2021-02-03,265.6199951171875,269.20001220703125,263.8399963378906,266.6499938964844,14223400,264.3287353515625
META,2021-02-04,267.010009765625,268.1600036621094,264,266.489990234375,16060000,264.1701354980469
META,2021-02-05,266.79998779296875,269.1700134277344,265.6700134277344,268.1000061035156,12454400,265.7661437988281
META,2021-02-08,268.75,269.8599853515625,265,266.5799865722656,13755200,264.2593994140625
META,2021-02-09,266.44000244140625,273.3900146484375,265.75,269.45001220703125,14613400,267.1044616699219
META,2021-02-10,272.45001220703125,273.79998779296875,267.7200012207031,271.8699951171875,14687200,269.5032958984375
META,2021-02-11,271.8900146484375,273.5799865722656,268.489990234375,270.3900146484375,12828600,268.03619384765625
META,2021-02-12,270.5199890136719,271.17999267578125,268.3399963378906,270.5,9097600,268.14532470703125
META,2021-02-16,270.79998779296875,276.6000061035156,270.04998779296875,273.9700012207031,15417200,271.5850830078125
META,2021-02-17,271.239990234375,273.9700012207031,269.5799865722656,273.57000732421875,12763200,271.1885681152344
META,2021-02-18,269.57000732421875,271.95001220703125,266.0299987792969,269.3900146484375,15249100,267.044921875
META,2021-02-19,269.8599853515625,270.2699890136719,260.1499938964844,261.55999755859375,25622600,259.2830810546875
META,2021-02-22,257.95001220703125,263.07000732421875,257.5299987792969,260.3299865722656,17434900,258.06378173828125
META,2021-02-23,259.5,267.4599914550781,254.9600067138672,265.8599853515625,21924600,263.545654296875
META,2021-02-24,262.3299865722656,266.3800048828125,258.3900146484375,264.30999755859375,15736100,262.0091552734375
META,2021-02-25,262.29998779296875,266.94000244140625,254.0399932861328,254.69000244140625,19053100,252.47291564941406
META,2021-02-26,256.4700012207031,265.54998779296875,256.4700012207031,257.6199951171875,26619500,255.3773651123047
META,2021-03-01,260.82000732421875,266.6499938964844,257.8999938964844,264.9100036621094,22157300,262.6039123535156
META,2021-03-02,265.7799987792969,266.7099914550781,258.6499938964844,259,15191700,256.74542236328125
META,2021-03-03,260.2900085449219,260.989990234375,255.10000610351563,255.41000366210938,15513500,253.1866455078125
META,2021-03-04,256.4700012207031,266.489990234375,253.5,257.6400146484375,31626500,255.39723205566406
META,2021-03-05,260.6700134277344,265.45001220703125,255.61000061035156,264.2799987792969,26820100,261.9794616699219
META,2021-03-08,265.54998779296875,265.5799865722656,255.0500030517578,255.30999755859375,18391800,253.08750915527344
META,2021-03-09,261.17999267578125,268.5299987792969,259.80999755859375,265.739990234375,22039700,263.4267272949219
META,2021-03-10,268.6400146484375,268.9700012207031,262.8699951171875,264.8999938964844,14210300,262.5940246582031
META,2021-03-11,268.1099853515625,277.8999938964844,267.82000732421875,273.8800048828125,21834000,271.4958190917969
META,2021-03-12,269.1400146484375,269.739990234375,264.0199890136719,268.3999938964844,20600200,266.06353759765625
META,2021-03-15,269.0799865722656,275.9599914550781,268.5,273.75,16844800,271.3669738769531
META,2021-03-16,276.0799865722656,282.1400146484375,274.79998779296875,279.2799987792969,22437700,276.8488464355469
META,2021-03-17,275.7099914550781,286.2300109863281,275.4100036621094,284.010009765625,21315000,281.5377197265625
META,2021-03-18,279.8699951171875,285.19000244140625,278.2799987792969,278.6199951171875,18728300,276.1945495605469
META,2021-03-19,281.2200012207031,292.79998779296875,281.20001220703125,290.1099853515625,38930500,287.5845642089844
META,2021-03-22,290.45001220703125,299.7099914550781,286.75,293.5400085449219,28273100,290.98468017578125
META,2021-03-23,293.1499938964844,298,289.80999755859375,290.6300048828125,23000900,288.1000671386719
META,2021-03-24,291,291.7200012207031,281.1600036621094,282.1400146484375,18675000,279.6839904785156
META,2021-03-25,280.9800109863281,288.05999755859375,277.75,278.739990234375,24505600,276.3135070800781
META,2021-03-26,278.29998779296875,284.5,277.7699890136719,283.0199890136719,17629200,280.5562438964844
META,2021-03-29,285.7699890136719,293.17999267578125,284.70001220703125,290.82000732421875,21718800,288.288330078125
META,2021-03-30,289.8299865722656,292.4700012207031,286.70001220703125,288,17474500,285.492919921875
META,2021-03-31,289.989990234375,296.5,288.6099853515625,294.5299987792969,19498200,291.9660949707031
META,2021-04-01,298.3999938964844,302.3999938964844,296.6000061035156,298.6600036621094,17616000,296.0601501464844
META,2021-04-05,300.8900146484375,310.7699890136719,300.67999267578125,308.9100036621094,28237000,306.2209167480469
META,2021-04-06,308.8399963378906,311.3500061035156,305.25,306.260009765625,17335200,303.5940246582031
META,2021-04-07,306.3399963378906,314.25,305.5,313.0899963378906,22855200,310.3645324707031
META,2021-04-08,314.8500061035156,315.8800048828125,310.04998779296875,313.0199890136719,20894100,310.29510498046875
META,2021-04-09,311.3999938964844,314.739990234375,310.3299865722656,312.4599914550781,15988600,309.7399597167969
META,2021-04-12,311.04998779296875,312.1499938964844,307.92999267578125,311.5400085449219,10881900,308.8279724121094
META,2021-04-13,312.2099914550781,314.42999267578125,309.32000732421875,309.760009765625,14036900,307.06353759765625
META,2021-04-14,307.29998779296875,308.0299987792969,301.95001220703125,302.82000732421875,17421400,300.1839599609375
META,2021-04-15,306.3399963378906,310.1400146484375,304.1000061035156,307.82000732421875,14558300,305.1404113769531
META,2021-04-16,308.1700134277344,308.95001220703125,304.6099853515625,306.17999267578125,13059200,303.5146484375
META,2021-04-19,305.010009765625,307.70001220703125,300.55999755859375,302.239990234375,14553500,299.60894775390625
META,2021-04-20,301.989990234375,305.1000061035156,297.2099914550781,302.6499938964844,16796400,300.015380859375
META,2021-04-21,301.95001220703125,301.9800109863281,297.3900146484375,301.4700012207031,14863500,298.84564208984375
META,2021-04-22,301.3299865722656,302.9200134277344,296.0400085449219,296.5199890136719,16375400,293.9387512207031
META,2021-04-23,298.760009765625,302.5899963378906,297.1499938964844,301.1300048828125,17536800,298.5086669921875
META,2021-04-26,303.3399963378906,305.79998779296875,301.55999755859375,303.0400085449219,16172600,300.4019775390625
META,2021-04-27,304.2799987792969,305.3399963378906,301.1099853515625,303.57000732421875,15309300,300.9273681640625
META,2021-04-28,307.3599853515625,310.9200134277344,305.3699951171875,307.1000061035156,33907200,304.42669677734375
META,2021-04-29,330.1199951171875,331.80999755859375,321.6099853515625,329.510009765625,56526800,326.6415710449219
META,2021-04-30,326.1400146484375,329.82000732421875,324.5,325.0799865722656,26332400,322.2500915527344
META,2021-05-03,326.1700134277344,328.54998779296875,321.8399963378906,322.5799865722656,18719500,319.7718811035156
META,2021-05-04,320.0199890136719,322.19000244140625,313.1199951171875,318.3599853515625,24032600,315.5886535644531
META,2021-05-05,318.19000244140625,321.05999755859375,314.489990234375,315.0199890136719,15577600,312.2777099609375
META,2021-05-06,314.5199890136719,320.239990234375,313.2699890136719,320.0199890136719,19012200,317.2341613769531
META,2021-05-07,322.3800048828125,322.94000244140625,318.75,319.0799865722656,15916700,316.3023681640625
META,2021-05-10,314.3500061035156,314.5799865722656,304.8299865722656,305.9700012207031,24239200,303.3065185546875
META,2021-05-11,300.75,306.8399963378906,299.69000244140625,306.5299987792969,18920100,303.8616027832031
META,2021-05-12,301.1300048828125,304.9599914550781,298.19000244140625,302.54998779296875,24645500,299.9162292480469
META,2021-05-13,306.0799865722656,308.8599853515625,302.7699890136719,305.260009765625,18079200,302.6026916503906
META,2021-05-14,309.5400085449219,316.8500061035156,309.0799865722656,315.94000244140625,19245700,313.189697265625
META,2021-05-17,313.54998779296875,315.67999267578125,311.5799865722656,315.4599914550781,15401300,312.7138977050781
META,2021-05-18,315.5899963378906,316.5,309.80999755859375,309.9599914550781,14522400,307.2617492675781
META,2021-05-19,304.19000244140625,314.6600036621094,303.57000732421875,313.5899963378906,19106200,310.8602294921875
META,2021-05-20,313.5799865722656,319.25,313.1600036621094,318.6099853515625,17320200,315.83642578125
META,2021-05-21,319.2900085449219,319.92999267578125,315.80999755859375,316.2300109863281,13600900,313.4772033691406
META,2021-05-24,318.2099914550781,325.95001220703125,318.0299987792969,324.6300048828125,16445400,321.8040466308594
META,2021-05-25,327.0799865722656,329.17999267578125,324.79998779296875,327.7900085449219,16437000,324.9365539550781
META,2021-05-26,328.3500061035156,329.8299865722656,325.82000732421875,327.6600036621094,9686900,324.8076477050781
META,2021-05-27,328,333.7799987792969,326.760009765625,332.75,20477700,329.85333251953125
META,2021-05-28,331,332.8699951171875,328.3299865722656,328.7300109863281,12037400,325.8683776855469
META,2021-06-01,330.1499938964844,331.4200134277344,326.6400146484375,329.1300048828125,11765900,326.264892578125
META,2021-06-02,330.3800048828125,331.8699951171875,327.1199951171875,329.1499938964844,11654300,326.28472900390625
META,2021-06-03,325.7799987792969,327.3800048828125,323.4800109863281,326.0400085449219,12610800,323.2017822265625
META,2021-06-04,325.8999938964844,332.4599914550781,325.17999267578125,330.3500061035156,13289400,327.4742736816406
META,2021-06-07,329.4800109863281,337.69000244140625,328.92999267578125,336.5799865722656,20136700,333.6499938964844
META,2021-06-08,336.70001220703125,338.29998779296875,332.239990234375,333.67999267578125,14580500,330.7752685546875
META,2021-06-09,335.739990234375,336.79998779296875,330,330.25,13727900,327.3751220703125
META,2021-06-10,330.7900085449219,333.94000244140625,328.54998779296875,332.4599914550781,13240200,329.56585693359375
META,2021-06-11,332.5799865722656,332.8299865722656,328.92999267578125,331.260009765625,13587900,328.3764343261719
META,2021-06-14,331.8999938964844,336.82000732421875,329.80999755859375,336.7699890136719,12250800,333.8384094238281
META,2021-06-15,336.989990234375,339.9200134277344,335.0299987792969,336.75,15795200,333.8185119628906
META,2021-06-16,336.70001220703125,337.54998779296875,328.7200012207031,331.0799865722656,17232200,328.1979064941406
META,2021-06-17,330.489990234375,337.9800109863281,330.1499938964844,336.510009765625,17794100,333.5806579589844
META,2021-06-18,334.5299987792969,336.1499938964844,329,329.6600036621094,23039500,326.79022216796875
META,2021-06-21,331.0899963378906,332.9200134277344,327.6499938964844,332.2900085449219,11337500,329.39739990234375
META,2021-06-22,332.69000244140625,339.9200134277344,332.6000061035156,339.0299987792969,15345300,336.0787048339844
META,2021-06-23,339.3500061035156,343.4200134277344,338.20001220703125,340.5899963378906,14817800,337.62506103515625
META,2021-06-24,341.8500061035156,344.8999938964844,341.7900085449219,343.17999267578125,12329100,340.1925354003906
META,2021-06-25,342.5899963378906,344.1199951171875,339.67999267578125,341.3699951171875,14594400,338.39837646484375
META,2021-06-28,342.4599914550781,358.1400146484375,341.7699890136719,355.6400146484375,29156100,352.54412841796875
META,2021-06-29,356.2699890136719,356.739990234375,349.04998779296875,351.8900146484375,21417300,348.8268127441406
META,2021-06-30,352.1700134277344,352.9200134277344,347.1700134277344,347.7099914550781,15107500,344.6831359863281
META,2021-07-01,346.82000732421875,354.6700134277344,346.5,354.3900146484375,17137000,351.304931640625
META,2021-07-02,355.1000061035156,356.44000244140625,352.6199951171875,354.70001220703125,11521300,351.6122741699219
META,2021-07-06,356.5,358.7900085449219,349.17999267578125,352.7799987792969,13488500,349.7090148925781
META,2021-07-07,355.260009765625,356.489990234375,350,350.489990234375,14218900,347.4389343261719
META,2021-07-08,345.7300109863281,348.3299865722656,342.55999755859375,345.6499938964844,14406500,342.6410827636719
META,2021-07-09,345.32000732421875,350.7099914550781,345.2699890136719,350.4200134277344,13018700,347.36956787109375
META,2021-07-12,351.2300109863281,354.19000244140625,349.6400146484375,353.1600036621094,10018600,350.085693359375
META,2021-07-13,351.5,358.489990234375,348.79998779296875,352.0899963378906,11456000,349.0249938964844
META,2021-07-14,354.55999755859375,355.20001220703125,346.7300109863281,347.6300048828125,13894200,344.6038818359375
META,2021-07-15,349.2300109863281,349.2300109863281,340.2200012207031,344.4599914550781,14781600,341.46142578125
META,2021-07-16,344.9100036621094,345.989990234375,340.1400146484375,341.1600036621094,11026100,338.190185546875
META,2021-07-19,337.57000732421875,339.7900085449219,334.5400085449219,336.95001220703125,14372300,334.0168151855469
META,2021-07-20,338.79998779296875,343.45001220703125,334.5,341.6600036621094,11024300,338.685791015625
META,2021-07-21,341.5,346.5199890136719,341.25,346.2300109863281,9279700,343.21600341796875
META,2021-07-22,346.67999267578125,351.5400085449219,345.2099914550781,351.19000244140625,12385400,348.1328125
META,2021-07-23,360.9100036621094,375.3299865722656,357.19000244140625,369.7900085449219,33694300,366.5709533691406
META,2021-07-26,369.5799865722656,374.44000244140625,368.2200012207031,372.4599914550781,14925200,369.2176818847656
META,2021-07-27,371.9100036621094,373.1499938964844,364.54998779296875,367.80999755859375,15705400,364.608154296875
META,2021-07-28,374.55999755859375,377.54998779296875,366.92999267578125,373.2799987792969,29676900,370.03057861328125
META,2021-07-29,361,365.5199890136719,356.739990234375,358.32000732421875,33413200,355.2008056640625
META,2021-07-30,354,360.7300109863281,352.94000244140625,356.29998779296875,15976200,353.1983337402344
META,2021-08-02,358.1000061035156,359.3999938964844,350.739990234375,351.95001220703125,13180400,348.88623046875
META,2021-08-03,352.7300109863281,353.7699890136719,347.70001220703125,351.239990234375,12406100,348.1824035644531
META,2021-08-04,352.4200134277344,360.4800109863281,351.510009765625,358.9200134277344,14180600,355.7956237792969
META,2021-08-05,359.6400146484375,363.8999938964844,356.8999938964844,362.9700012207031,10247200,359.8103332519531
META,2021-08-06,361.3999938964844,365.1499938964844,361.3999938964844,363.510009765625,8925000,360.34564208984375
META,2021-08-09,363.760009765625,365.7799987792969,360.75,361.6099853515625,7798900,358.4621276855469
META,2021-08-10,361.8299865722656,364.1000061035156,359.0400085449219,361.1300048828125,7469900,357.986328125
META,2021-08-11,362.1000061035156,362.3599853515625,357.80999755859375,359.9599914550781,8400300,356.8265380859375
META,2021-08-12,358.45001220703125,363,357.1099853515625,362.6499938964844,7170700,359.49310302734375
META,2021-08-13,362.9700012207031,364.6600036621094,361.4800109863281,363.17999267578125,7195700,360.01849365234375
META,2021-08-16,362.5199890136719,366.95001220703125,357.3800048828125,366.55999755859375,11222100,363.3690490722656
META,2021-08-17,362.9800109863281,364.6700134277344,355.07000732421875,358.45001220703125,12328700,355.32965087890625
META,2021-08-18,356.25,359.8599853515625,355.1499938964844,355.45001220703125,10042400,352.3558044433594
META,2021-08-19,351.3500061035156,357.57000732421875,351,355.1199951171875,12004500,352.0286560058594
META,2021-08-20,354.6000061035156,359.989990234375,353.30999755859375,359.3699951171875,8697700,356.24163818359375
META,2021-08-23,359.44000244140625,365.69000244140625,359.1000061035156,363.3500061035156,10942000,360.1869812011719
META,2021-08-24,363.6600036621094,367.9599914550781,361.8399963378906,365.510009765625,9235100,362.32818603515625
META,2021-08-25,365.6000061035156,370.8599853515625,365.3999938964844,368.3900146484375,9684500,365.18316650390625
META,2021-08-26,368.3800048828125,369.44000244140625,364.1300048828125,364.3800048828125,7888700,361.2080078125
META,2021-08-27,365.1000061035156,373.739990234375,364.0799865722656,372.6300048828125,11219100,369.38623046875
META,2021-08-30,372.55999755859375,381.489990234375,370.5199890136719,380.6600036621094,13547300,377.3463134765625
META,2021-08-31,379.95001220703125,382.760009765625,378.79998779296875,379.3800048828125,12345400,376.0774841308594
META,2021-09-01,379.5899963378906,384.3299865722656,378.80999755859375,382.04998779296875,11567200,378.72418212890625
META,2021-09-02,381.5,381.75,374.05999755859375,375.2799987792969,14832900,372.0131530761719
META,2021-09-03,374.75,377.1600036621094,373.1099853515625,376.260009765625,7509600,372.9845886230469
META,2021-09-07,375.8800048828125,382.9599914550781,373.1499938964844,382.17999267578125,10793800,378.8530578613281
META,2021-09-08,380.1600036621094,380.8699951171875,374.7900085449219,377.57000732421875,11067200,374.283203125
META,2021-09-09,377.6400146484375,379.8299865722656,376.57000732421875,378,9098900,374.7095031738281
META,2021-09-10,381.3599853515625,383.7900085449219,378.260009765625,378.69000244140625,11549600,375.3934631347656
META,2021-09-13,381.67999267578125,381.75,374.3500061035156,376.510009765625,13026300,373.2324523925781
META,2021-09-14,377.3999938964844,378.5899963378906,375.1099853515625,376.5299987792969,8711600,373.25225830078125
META,2021-09-15,377,377.55999755859375,367.6700134277344,373.9200134277344,17940300,370.66497802734375
META,2021-09-16,372.7900085449219,373.55999755859375,369.7099914550781,373.05999755859375,11934200,369.8124084472656
META,2021-09-17,371.4100036621094,371.4100036621094,361.5899963378906,364.7200012207031,26299000,361.54510498046875
META,2021-09-20,359.29998779296875,361.0299987792969,349.79998779296875,355.70001220703125,19822800,352.6036071777344
META,2021-09-21,358.5,360.0400085449219,355.19000244140625,357.4800109863281,11751900,354.3681335449219
META,2021-09-22,347.2300109863281,349.8399963378906,340.69000244140625,343.2099914550781,43692900,340.2222900390625
META,2021-09-23,345.3599853515625,349.6700134277344,343,345.9599914550781,21806300,342.9483642578125
META,2021-09-24,343.239990234375,354.3500061035156,342.3699951171875,352.9599914550781,18801900,349.887451171875
META,2021-09-27,349.80999755859375,355.1499938964844,347.0799865722656,353.5799865722656,15205800,350.5020446777344
META,2021-09-28,347.9700012207031,349.6000061035156,338.9200134277344,340.6499938964844,21710300,337.6846008300781
META,2021-09-29,343.1499938964844,345.2300109863281,338.8800048828125,339.6099853515625,14452200,336.6536560058594
META,2021-09-30,340.45001220703125,342.79998779296875,338.1499938964844,339.3900146484375,16547100,336.4355773925781
META,2021-10-01,341.6099853515625,345.0199890136719,338.6400146484375,343.010009765625,14905300,340.0240783691406
META,2021-10-04,335.5299987792969,335.94000244140625,322.70001220703125,326.2300109863281,42885000,323.39013671875
META,2021-10-05,328.5799865722656,335.17999267578125,326.1600036621094,332.9599914550781,35377900,330.0615234375
META,2021-10-06,329.739990234375,334.3800048828125,325.79998779296875,333.6400146484375,26443000,330.7356262207031
META,2021-10-07,337,338.8399963378906,328.9800109863281,329.2200012207031,28307500,326.3541564941406
META,2021-10-08,331.510009765625,333.3999938964844,328.7099914550781,330.04998779296875,15946100,327.1768493652344
META,2021-10-11,327.6300048828125,330.4599914550781,325.30999755859375,325.45001220703125,14708200,322.616943359375
META,2021-10-12,323.0299987792969,324.3800048828125,317.3699951171875,323.7699890136719,31658700,320.9515686035156
META,2021-10-13,326.9700012207031,327,322.6600036621094,324.5400085449219,14761500,321.7148132324219
META,2021-10-14,328.3599853515625,330.5199890136719,327.1000061035156,328.5299987792969,14302200,325.67010498046875
META,2021-10-15,328.67999267578125,329.07000732421875,322.510009765625,324.760009765625,21596400,321.9329528808594
META,2021-10-18,328.95001220703125,335.8900146484375,327.5,335.3399963378906,21585000,332.4208068847656
META,2021-10-19,339.6499938964844,342.4599914550781,337.2799987792969,339.989990234375,18786300,337.0303649902344
META,2021-10-20,343.45001220703125,343.9800109863281,339.45001220703125,340.7799987792969,13639500,337.8134460449219
META,2021-10-21,340.2799987792969,342.30999755859375,337.79998779296875,341.8800048828125,16354400,338.9039001464844
META,2021-10-22,326.3500061035156,329.6300048828125,321.1099853515625,324.6099853515625,35224500,321.7842712402344
META,2021-10-25,320.29998779296875,329.55999755859375,319.7200012207031,328.69000244140625,38409000,325.82867431640625
META,2021-10-26,328.260009765625,330.2099914550781,309.6000061035156,315.80999755859375,65654000,313.0608215332031
META,2021-10-27,314.19000244140625,319.25,312.05999755859375,312.2200012207031,29971800,309.5020446777344
META,2021-10-28,312.989990234375,325.5199890136719,308.1099853515625,316.9200134277344,50806800,314.16119384765625
META,2021-10-29,320.19000244140625,326,319.6000061035156,323.57000732421875,37059400,320.7532653808594
META,2021-11-01,326.0400085449219,333.45001220703125,326,329.9800109863281,31518900,327.10748291015625
META,2021-11-02,331.3800048828125,334.7900085449219,323.79998779296875,328.0799865722656,28353000,325.2239990234375
META,2021-11-03,327.489990234375,332.1499938964844,323.20001220703125,331.6199951171875,20786500,328.7331848144531
META,2021-11-04,334.010009765625,337.2699890136719,332.6499938964844,335.8500061035156,22495300,332.92633056640625
META,2021-11-05,340.30999755859375,346.7900085449219,339.6400146484375,341.1300048828125,26872800,338.1603698730469
META,2021-11-08,344.4200134277344,344.7900085449219,338.3399963378906,338.6199951171875,18342500,335.6722717285156
META,2021-11-09,340,341.30999755859375,334.4700012207031,335.3699951171875,17556700,332.4505310058594
META,2021-11-10,332.489990234375,333.19000244140625,325.510009765625,327.6400146484375,21872600,324.78790283203125
META,2021-11-11,329.82000732421875,332.4599914550781,327,327.739990234375,12376600,324.886962890625
META,2021-11-12,330.17999267578125,341.8599853515625,329.7799987792969,340.8900146484375,25414300,337.92254638671875
META,2021-11-15,344.3399963378906,353.6499938964844,343.20001220703125,347.55999755859375,25076600,344.534423828125
META,2021-11-16,343.8299865722656,346.6499938964844,340.8699951171875,342.9599914550781,18181100,339.9744873046875
META,2021-11-17,344.239990234375,347.29998779296875,340.1000061035156,340.7699890136719,13602800,337.80352783203125
META,2021-11-18,339.7200012207031,342.4599914550781,335.29998779296875,338.69000244140625,17487200,335.74163818359375
META,2021-11-19,342.20001220703125,352.1000061035156,339.8999938964844,345.29998779296875,26488500,342.29412841796875
META,2021-11-22,349.04998779296875,353.8299865722656,340.510009765625,341.010009765625,27116800,338.04150390625
META,2021-11-23,338.92999267578125,341.3999938964844,333.5,337.25,17225000,334.314208984375
META,2021-11-24,336,341.7799987792969,332.80999755859375,341.05999755859375,13566200,338.091064453125
META,2021-11-26,335.79998779296875,337.75,331.8999938964844,333.1199951171875,14750700,330.2201843261719
META,2021-11-29,336.8900146484375,340.6700134277344,335.30999755859375,338.0299987792969,16650900,335.08740234375
META,2021-11-30,335,335.80999755859375,323.42999267578125,324.4599914550781,25390000,321.6355285644531
META,2021-12-01,330.2900085449219,330.5,310.2900085449219,310.6000061035156,30329600,307.8961486816406
META,2021-12-02,311.3999938964844,314.6000061035156,307.20001220703125,310.3900146484375,24396200,307.6880187988281
META,2021-12-03,313.7300109863281,313.75,299.5,306.8399963378906,27471000,304.1688537597656
META,2021-12-06,308.1300048828125,320.1000061035156,306.3399963378906,317.8699951171875,21758300,315.1029052734375
META,2021-12-07,321.57000732421875,326.5400085449219,321,322.80999755859375,18794000,319.9998779296875
META,2021-12-08,325,332.75,323.07000732421875,330.55999755859375,19937700,327.6824035644531
META,2021-12-09,329.5400085449219,336.1300048828125,328,329.82000732421875,16879200,326.9488525390625
META,2021-12-10,332.55999755859375,335.0299987792969,326.3699951171875,329.75,14528000,326.87945556640625
META,2021-12-13,330.95001220703125,341.0899963378906,329.5899963378906,334.489990234375,22948700,331.5782165527344
META,2021-12-14,328.04998779296875,335.70001220703125,327.6499938964844,333.739990234375,20461000,330.83477783203125
META,2021-12-15,332.489990234375,342.1099853515625,323.9800109863281,341.6600036621094,24681300,338.685791015625
META,2021-12-16,338.9800109863281,344.4599914550781,333.739990234375,334.8999938964844,22635000,331.9846496582031
META,2021-12-17,332.79998779296875,337.1099853515625,330.75,333.7900085449219,40012600,330.8843078613281
META,2021-12-20,329.7799987792969,329.8999938964844,322.5299987792969,325.45001220703125,17901800,322.616943359375
META,2021-12-21,326.4100036621094,336,323.75,334.20001220703125,16116800,331.290771484375
META,2021-12-22,333.79998779296875,334.510009765625,328.260009765625,330.45001220703125,16764600,327.57342529296875
META,2021-12-23,330.1000061035156,336.6700134277344,328.3599853515625,335.239990234375,13987700,332.32171630859375
META,2021-12-27,338.8500061035156,347.8699951171875,338.010009765625,346.17999267578125,17795000,343.1664733886719
META,2021-12-28,346.6300048828125,352.7099914550781,345.20001220703125,346.2200012207031,16637600,343.2061462402344
META,2021-12-29,346.9100036621094,349.69000244140625,341.6400146484375,342.94000244140625,10747000,339.9546813964844
META,2021-12-30,344,347.2300109863281,343.2200012207031,344.3599853515625,10593300,341.36224365234375
META,2021-12-31,343.0199890136719,343.44000244140625,336.2699890136719,336.3500061035156,12870500,333.4220275878906
META,2022-01-03,338.29998779296875,341.0799865722656,337.19000244140625,338.5400085449219,14537900,335.5930480957031
META,2022-01-04,339.95001220703125,343.0899963378906,331.8699951171875,336.5299987792969,15998000,333.6004333496094
META,2022-01-05,333.0199890136719,335.760009765625,323.8399963378906,324.1700134277344,20564500,321.3480529785156
META,2022-01-06,322.82000732421875,339.1700134277344,322.7200012207031,332.4599914550781,27962800,329.56585693359375
META,2022-01-07,332.739990234375,337,328.8800048828125,331.7900085449219,14722000,328.9017639160156
META,2022-01-10,325.30999755859375,328.3399963378906,315.42999267578125,328.07000732421875,24942400,325.21417236328125
META,2022-01-11,326.7799987792969,334.6300048828125,325.2799987792969,334.3699951171875,16226800,331.459228515625
META,2022-01-12,335.17999267578125,336.3699951171875,330.0299987792969,333.260009765625,14104900,330.35894775390625
META,2022-01-13,334.9800109863281,335.6300048828125,325.760009765625,326.4800109863281,14797100,323.6379699707031
META,2022-01-14,321.7900085449219,332.7300109863281,321.2099914550781,331.8999938964844,16868500,329.01080322265625
META,2022-01-18,323.2900085449219,324.2099914550781,317.6400146484375,318.1499938964844,22645600,315.3804016113281
META,2022-01-19,319.5799865722656,327.1000061035156,319.3299865722656,319.5899963378906,20814700,316.8079528808594
META,2022-01-20,323.8999938964844,327.82000732421875,315.9800109863281,316.55999755859375,16925000,313.8043212890625
META,2022-01-21,314.80999755859375,318.30999755859375,303.0400085449219,303.1700134277344,28710700,300.5308837890625
META,2022-01-24,297.8399963378906,309.5299987792969,289.010009765625,308.7099914550781,38878100,306.0226135253906
META,2022-01-25,299.95001220703125,306.2300109863281,297.5799865722656,300.1499938964844,25108500,297.53717041015625
META,2022-01-26,307.010009765625,307.510009765625,290.8500061035156,294.6300048828125,28348800,292.065185546875
META,2022-01-27,297.75,301.7099914550781,294.260009765625,294.6400146484375,21629900,292.0751647949219
META,2022-01-28,295.6199951171875,301.8999938964844,293.0299987792969,301.7099914550781,21871600,299.0835876464844
META,2022-01-31,300.67999267578125,313.7900085449219,299.32000732421875,313.260009765625,21579500,310.5330505371094
META,2022-02-01,314.55999755859375,319.6600036621094,312.1199951171875,319,18023800,316.2231140136719
META,2022-02-02,327.82000732421875,328,316.8699951171875,323,58458300,320.1882629394531
META,2022-02-03,244.64999389648438,248,235.75,237.75999450683594,188119900,235.69027709960938
META,2022-02-04,234.97000122070313,242.61000061035156,230.11000061035156,237.08999633789063,89342200,235.02609252929688
META,2022-02-07,237.6999969482422,238.3000030517578,224.00999450683594,224.91000366210938,88613800,222.95213317871094
META,2022-02-08,220.85000610351563,225.77000427246094,216.14999389648438,220.17999267578125,94729700,218.26327514648438
META,2022-02-09,224.1999969482422,233.3699951171875,222.2100067138672,232,86563300,229.9804229736328
META,2022-02-10,228.27000427246094,235,226.6999969482422,228.07000732421875,49310400,226.08465576171875
META,2022-02-11,228.4600067138672,230.4199981689453,218.77000427246094,219.5500030517578,46156900,217.6387939453125
META,2022-02-14,219.30999755859375,221,214.77999877929688,217.6999969482422,38184000,215.80490112304688
META,2022-02-15,220.47000122070313,221.14999389648438,215.05999755859375,221,42685500,219.07615661621094
META,2022-02-16,212.41000366210938,217.4600067138672,212.36000061035156,216.5399932861328,45817500,214.6549835205078
META,2022-02-17,214.02000427246094,217.5,207.16000366210938,207.7100067138672,38747500,205.90188598632813
META,2022-02-18,209.38999938964844,210.75,205.17999267578125,206.16000366210938,37128400,204.3653564453125
META,2022-02-22,202.33999633789063,207.47999572753906,200.05999755859375,202.0800018310547,39852400,200.32086181640625
META,2022-02-23,204.16000366210938,206.94000244140625,198.0500030517578,198.4499969482422,44481400,196.72247314453125
META,2022-02-24,191.05999755859375,208.35000610351563,190.22000122070313,207.60000610351563,49957200,205.79283142089844
META,2022-02-25,204.94000244140625,211.32000732421875,203.17999267578125,210.47999572753906,37627600,208.6477508544922
META,2022-02-28,207.67999267578125,213.14999389648438,206.8300018310547,211.02999877929688,34239800,209.1929473876953
META,2022-03-01,209.8699951171875,211.75,202.22000122070313,203.49000549316406,27094900,201.71859741210938
META,2022-03-02,204.77999877929688,209.14999389648438,202.02000427246094,208.11000061035156,29452100,206.29837036132813
META,2022-03-03,209.02000427246094,209.0800018310547,201.4199981689453,202.97000122070313,27263500,201.20310974121094
META,2022-03-04,202.3699951171875,205.88999938964844,198.7899932861328,200.05999755859375,32130900,198.31845092773438
META,2022-03-07,200.7899932861328,200.88999938964844,187.27999877929688,187.47000122070313,38560600,185.83804321289063
META,2022-03-08,187.85000610351563,196.6999969482422,186.11000061035156,190.2899932861328,37508100,188.63348388671875
META,2022-03-09,195.74000549316406,199.10000610351563,193.9199981689453,198.5,31894700,196.77203369140625
META,2022-03-10,194.83999633789063,196.27999877929688,191.07000732421875,195.2100067138672,24853000,193.51065063476563
META,2022-03-11,192.63999938964844,193.55999755859375,186.6699981689453,187.61000061035156,34694500,185.97683715820313
META,2022-03-14,187.02999877929688,192.2899932861328,185.82000732421875,186.6300048828125,31010500,185.00534057617188
META,2022-03-15,190.8000030517578,192.27999877929688,185.91000366210938,192.02999877929688,31721700,190.3583526611328
META,2022-03-16,194.6999969482422,203.72999572753906,194.52000427246094,203.6300048828125,40640300,201.85736083984375
META,2022-03-17,201.6999969482422,208.0399932861328,201.11000061035156,207.83999633789063,29499700,206.03070068359375
META,2022-03-18,206.6999969482422,216.8000030517578,206,216.49000549316406,52128000,214.6054229736328
META,2022-03-21,214.5,214.7100067138672,207.6300048828125,211.49000549316406,30142300,209.64895629882813
META,2022-03-22,211.3699951171875,219.4600067138672,210.17999267578125,216.64999389648438,31998800,214.7640380859375
META,2022-03-23,213.3300018310547,216.8000030517578,212.16000366210938,213.4600067138672,23717300,211.601806640625
META,2022-03-24,215,220.6699981689453,214.7899932861328,219.57000732421875,31502300,217.65863037109375
META,2022-03-25,220.50999450683594,225.5,218.88999938964844,221.82000732421875,40039000,219.88905334472656
META,2022-03-28,222.1300048828125,224.0399932861328,219.5399932861328,223.58999633789063,26224100,221.6436309814453
META,2022-03-29,226.07000732421875,230.88999938964844,225.2899932861328,229.86000061035156,31417900,227.85902404785156
META,2022-03-30,228.91000366210938,231.14999389648438,226.7100067138672,227.85000610351563,25588000,225.86651611328125
META,2022-03-31,228.4499969482422,228.49000549316406,222.25999450683594,222.36000061035156,24192300,220.42434692382813
META,2022-04-01,224.5500030517578,227.27999877929688,222.6999969482422,224.85000610351563,19544800,222.8926544189453
META,2022-04-04,225.97999572753906,234.35000610351563,225.86000061035156,233.88999938964844,28054800,231.8539581298828
META,2022-04-05,234.0800018310547,236.86000061035156,231.02000427246094,231.83999633789063,29727200,229.8218231201172
META,2022-04-06,226.91000366210938,228.99000549316406,221.41000366210938,223.3000030517578,28995100,221.35614013671875
META,2022-04-07,223.92999267578125,225.52000427246094,218.55999755859375,222.9499969482422,21037200,221.00918579101563
META,2022-04-08,222.3800048828125,225.1300048828125,220.02999877929688,222.3300018310547,18375700,220.3945770263672
META,2022-04-11,218.4199981689453,220.61000061035156,215.22000122070313,216.4600067138672,20516600,214.57569885253906
META,2022-04-12,220.24000549316406,222.02999877929688,213.1300048828125,214.13999938964844,20128800,212.27589416503906
META,2022-04-13,211.82000732421875,216.61000061035156,211.3300018310547,214.99000549316406,19231800,213.11849975585938
META,2022-04-14,214.88999938964844,214.99000549316406,210,210.17999267578125,18379500,208.35035705566406
META,2022-04-18,210,213.3800048828125,208.3000030517578,210.77000427246094,16580800,208.9352264404297
META,2022-04-19,210.52000427246094,218.42999267578125,209,217.30999755859375,20089900,215.4182891845703
META,2022-04-20,213.61000061035156,214.16000366210938,198.9199981689453,200.4199981689453,43036500,198.67532348632813
META,2022-04-21,201.60000610351563,202.97000122070313,185.5800018310547,188.07000732421875,49954100,186.43284606933594
META,2022-04-22,190.3699951171875,192.72000122070313,183.27000427246094,184.11000061035156,36426800,182.50729370117188
META,2022-04-25,182.72999572753906,187.17999267578125,181.66000366210938,186.99000549316406,29281100,185.3622283935547
META,2022-04-26,186.6300048828125,187.19000244140625,179.5,180.9499969482422,31747400,179.3748016357422
META,2022-04-27,174.42999267578125,181.2100067138672,169,174.9499969482422,71062900,173.42703247070313
META,2022-04-28,202.9199981689453,208.52999877929688,192.89999389648438,205.72999572753906,100890600,203.93905639648438
META,2022-04-29,204.4600067138672,212.47999572753906,199.89999389648438,200.47000122070313,49193400,198.72491455078125
META,2022-05-02,201.1699981689453,211.8800048828125,200.99000549316406,211.1300048828125,49915300,209.29208374023438
META,2022-05-03,210.4499969482422,214.89999389648438,208.08999633789063,212.02999877929688,41556300,210.18426513671875
META,2022-05-04,210.64999389648438,224.3000030517578,206.9600067138672,223.41000366210938,41375900,221.46519470214844
META,2022-05-05,218.74000549316406,220.1699981689453,206.16000366210938,208.27999877929688,41129200,206.46690368652344
META,2022-05-06,207.33999633789063,209.3800048828125,201.02000427246094,203.77000427246094,34747200,201.9961700439453
META,2022-05-09,199.83999633789063,202.57000732421875,195.5800018310547,196.2100067138672,36303200,194.50198364257813
META,2022-05-10,199.50999450683594,202.9600067138672,194.19000244140625,197.64999389648438,34452500,195.929443359375
META,2022-05-11,196.3300018310547,200.6699981689453,188.27000427246094,188.74000549316406,31153400,187.0970001220703
META,2022-05-12,187.05999755859375,198.0500030517578,184.77999877929688,191.24000549316406,38262200,189.5752410888672
META,2022-05-13,192.5800018310547,199.88999938964844,191.27999877929688,198.6199951171875,24549800,196.89097595214844
META,2022-05-16,197.0500030517578,205.3699951171875,195.92999267578125,200.0399932861328,27112600,198.29859924316406
META,2022-05-17,202.1199951171875,205.4600067138672,198.36000061035156,202.6199951171875,24872700,200.85618591308594
META,2022-05-18,200,201,191.6300048828125,192.24000549316406,23960000,190.56649780273438
META,2022-05-19,191.1999969482422,195.2899932861328,189.60000610351563,191.2899932861328,24446900,189.62478637695313
META,2022-05-20,194.97000122070313,197.91000366210938,187.8699951171875,193.5399932861328,31465600,191.85520935058594
META,2022-05-23,195.19000244140625,196.99000549316406,191.24000549316406,196.22999572753906,25059200,194.52178955078125
META,2022-05-24,180.5500030517578,183.67999267578125,176.11000061035156,181.27999877929688,50406300,179.70191955566406
META,2022-05-25,180.39999389648438,185.4499969482422,179.32000732421875,183.8300018310547,28030200,182.22976684570313
META,2022-05-26,182.8800048828125,192.8300018310547,182.25999450683594,191.6300048828125,23056500,189.9618377685547
META,2022-05-27,191.36000061035156,195.3300018310547,189.8000030517578,195.1300048828125,22562700,193.431396484375
META,2022-05-31,194.88999938964844,197.60000610351563,192.00999450683594,193.63999938964844,26131100,191.95436096191406
META,2022-06-01,196.50999450683594,199.52999877929688,185,188.63999938964844,36623500,186.99786376953125
META,2022-06-02,188.4499969482422,200.94000244140625,187.72999572753906,198.86000061035156,31951600,197.12890625
META,2022-06-03,195.97999572753906,196.61000061035156,189.77999877929688,190.77999877929688,19465000,189.1192626953125
META,2022-06-06,193.99000549316406,196.9199981689453,188.39999389648438,194.25,30574200,192.55902099609375
META,2022-06-07,191.92999267578125,196.52999877929688,191.49000549316406,195.64999389648438,18828700,193.9468536376953
META,2022-06-08,194.6699981689453,202.02999877929688,194.41000366210938,196.63999938964844,22267200,194.92822265625
META,2022-06-09,194.27999877929688,199.4499969482422,183.67999267578125,184,23501600,182.3982696533203
META,2022-06-10,183.0399932861328,183.10000610351563,175.02000427246094,175.57000732421875,27450800,174.04164123535156
META,2022-06-13,170.58999633789063,172.5800018310547,164.02999877929688,164.25999450683594,31749300,162.830078125
META,2022-06-14,166.02999877929688,166.75,161.36000061035156,163.72999572753906,27244300,162.30471801757813
META,2022-06-15,167.1999969482422,172.16000366210938,163.97999572753906,169.35000610351563,30008300,167.8758087158203
META,2022-06-16,163.72000122070313,165.0800018310547,159.61000061035156,160.8699951171875,26944100,159.46958923339844
META,2022-06-17,161.67999267578125,165.89999389648438,159.89999389648438,163.74000549316406,31374200,162.31463623046875
META,2022-06-21,165.92999267578125,167.75999450683594,155.97000122070313,157.0500030517578,50724900,155.68287658691406
META,2022-06-22,158.3800048828125,160.7899932861328,155.44000244140625,155.85000610351563,47267800,154.49331665039063
META,2022-06-23,156.27000427246094,159.75,154.25,158.75,40499200,157.36805725097656
META,2022-06-24,161.72999572753906,170.25,161.3000030517578,170.16000366210938,68736000,168.67874145507813
META,2022-06-27,171.32000732421875,171.75,168.00999450683594,169.49000549316406,29174600,168.0145721435547
META,2022-06-28,169.89999389648438,171.3000030517578,160.61000061035156,160.67999267578125,27744500,159.28125
META,2022-06-29,163.57000732421875,166.3300018310547,160.32000732421875,163.94000244140625,28595200,162.51287841796875
META,2022-06-30,162.14999389648438,165.22999572753906,158.49000549316406,161.25,35250600,159.84629821777344
META,2022-07-01,160.30999755859375,160.6199951171875,155,160.02999877929688,31423900,158.63693237304688
META,2022-07-05,158.13999938964844,168.25,157.02000427246094,168.19000244140625,28618600,166.72586059570313
META,2022-07-06,168.1999969482422,171.58999633789063,165.4600067138672,169.77000427246094,23085900,168.29217529296875
META,2022-07-07,169.4499969482422,172.72000122070313,167.77999877929688,172.19000244140625,24083400,170.69107055664063
META,2022-07-08,169.97999572753906,172.39999389648438,168.14999389648438,170.8800048828125,19249200,169.39247131347656
META,2022-07-11,167.07000732421875,167.49000549316406,161.91000366210938,162.8800048828125,21885600,161.4621124267578
META,2022-07-12,164.8000030517578,165.91000366210938,162.10000610351563,163.27000427246094,16639700,161.84869384765625
META,2022-07-13,160.16000366210938,164.97999572753906,159.61000061035156,163.49000549316406,16555100,162.06680297851563
META,2022-07-14,161.22000122070313,162.58999633789063,157.27999877929688,158.0500030517578,23765200,156.67417907714844
META,2022-07-15,160.5399932861328,164.97999572753906,159.82000732421875,164.6999969482422,23342800,163.26625061035156
META,2022-07-18,166.75,171.69000244140625,165.63999938964844,167.22999572753906,23574300,165.7742156982422
META,2022-07-19,170.3699951171875,176.49000549316406,169.50999450683594,175.77999877929688,25933700,174.24981689453125
META,2022-07-20,177.49000549316406,183.60000610351563,176.6999969482422,183.08999633789063,24784300,181.49620056152344
META,2022-07-21,180.6300048828125,183.85000610351563,178.8699951171875,183.1699981689453,27195800,181.57546997070313
META,2022-07-22,173.07000732421875,175.60000610351563,168.41000366210938,169.27000427246094,42583900,167.79652404785156
META,2022-07-25,169,170.57000732421875,164.80999755859375,166.64999389648438,26166300,165.19927978515625
META,2022-07-26,165.94000244140625,166,157.9499969482422,159.14999389648438,28468400,157.7645721435547
META,2022-07-27,162.58999633789063,170.8699951171875,162.02000427246094,169.5800018310547,43846600,168.10379028320313
META,2022-07-28,161.05999755859375,161.50999450683594,154.85000610351563,160.72000122070313,73214300,159.3209228515625
META,2022-07-29,157.69000244140625,160.13999938964844,155.1699981689453,159.10000610351563,42065400,157.71502685546875
META,2022-08-01,157.25,165.19000244140625,155.22999572753906,159.92999267578125,40596700,158.5377960205078
META,2022-08-02,158.30999755859375,162.24000549316406,158.00999450683594,160.19000244140625,27374500,158.7955322265625
META,2022-08-03,162.69000244140625,169.5399932861328,161.57000732421875,168.8000030517578,31721900,167.33058166503906
META,2022-08-04,168.3000030517578,172.14999389648438,166.8000030517578,170.57000732421875,23938200,169.08517456054688
META,2022-08-05,166.99000549316406,171.61000061035156,165.8000030517578,167.11000061035156,25832700,165.65528869628906
META,2022-08-08,168,177.50999450683594,167.1300048828125,170.25,27299100,168.7679443359375
META,2022-08-09,168.9499969482422,169.52999877929688,166.60000610351563,168.52999877929688,18655100,167.06292724609375
META,2022-08-10,175.99000549316406,180.47999572753906,173.9499969482422,178.33999633789063,30262100,176.78750610351563
META,2022-08-11,179.7100067138672,183.10000610351563,176.3699951171875,177.49000549316406,24079100,175.94493103027344
META,2022-08-12,180.80999755859375,181.4600067138672,178.91000366210938,180.5,21274000,178.92872619628906
META,2022-08-15,178.9600067138672,181.44000244140625,178.1999969482422,180.88999938964844,15878700,179.31533813476563
META,2022-08-16,179.44000244140625,180.99000549316406,177.0399932861328,179.47000122070313,21156700,177.9076690673828
META,2022-08-17,176.75999450683594,178.13999938964844,174.1699981689453,174.85000610351563,20118100,173.32791137695313
META,2022-08-18,174.33999633789063,175.75999450683594,171.86000061035156,174.66000366210938,18844500,173.13954162597656
META,2022-08-19,170.1999969482422,172.32000732421875,167.0500030517578,167.9600067138672,26240800,166.49789428710938
META,2022-08-22,165.49000549316406,165.49000549316406,162.25999450683594,163.0500030517578,19499700,161.63064575195313
META,2022-08-23,162.47999572753906,165.0500030517578,160.6999969482422,161.11000061035156,18111800,159.70750427246094
META,2022-08-24,160.60000610351563,165.4600067138672,159.77000427246094,163.25999450683594,20891500,161.83880615234375
META,2022-08-25,165.17999267578125,168.8800048828125,164.02000427246094,168.77999877929688,15550500,167.31072998046875
META,2022-08-26,168.47999572753906,170.9199981689453,161.6699981689453,161.77999877929688,24023600,160.37168884277344
META,2022-08-29,160.66000366210938,163.0500030517578,159.00999450683594,159.1699981689453,20052700,157.7843780517578
META,2022-08-30,160.35000610351563,161.66000366210938,155.91000366210938,157.16000366210938,19567900,155.79190063476563
META,2022-08-31,167.07000732421875,167.83999633789063,162.13999938964844,162.92999267578125,40953000,161.5116424560547
META,2022-09-01,163.5800018310547,167.36000061035156,160.35000610351563,165.36000061035156,30145700,163.9205322265625
META,2022-09-02,167.4499969482422,167.92999267578125,159.22000122070313,160.32000732421875,22634200,158.9243927001953
META,2022-09-06,160.10000610351563,161.69000244140625,157.69000244140625,158.5399932861328,19339800,157.15988159179688
META,2022-09-07,157.75999450683594,160.9600067138672,156.80999755859375,160.38999938964844,16831200,158.99378967285156
META,2022-09-08,158.7100067138672,162.22999572753906,157.74000549316406,162.05999755859375,22530800,160.6492462158203
META,2022-09-09,163.25,169.5399932861328,163.02000427246094,169.14999389648438,22086800,167.67750549316406
META,2022-09-12,167.38999938964844,171.38999938964844,167.27999877929688,168.9600067138672,23220400,167.48919677734375
META,2022-09-13,161.5399932861328,161.6300048828125,152.6699981689453,153.1300048828125,44444100,151.79701232910156
META,2022-09-14,153.3300018310547,153.5399932861328,149.0500030517578,151.47000122070313,43064200,150.1514434814453
META,2022-09-15,149.8000030517578,154.1999969482422,148.6999969482422,149.5500030517578,34606300,148.24813842773438
META,2022-09-16,148.0500030517578,148.5800018310547,144.2899932861328,146.2899932861328,40122800,145.01651000976563
META,2022-09-19,145.24000549316406,148.5800018310547,145.10000610351563,148.02000427246094,22169500,146.73147583007813
META,2022-09-20,145.77999877929688,148.83999633789063,145.22000122070313,146.08999633789063,23217400,144.81826782226563
META,2022-09-21,146.38999938964844,149.60000610351563,142,142.1199951171875,38338600,140.88284301757813
META,2022-09-22,141.5500030517578,144.5800018310547,140.8699951171875,142.82000732421875,34418500,141.57675170898438
META,2022-09-23,141.4199981689453,142.6199951171875,138.88999938964844,140.41000366210938,31710700,139.18771362304688
META,2022-09-26,140.1199951171875,142.24000549316406,136.19000244140625,136.3699951171875,30497000,135.182861328125
META,2022-09-27,137.9199981689453,139.4199981689453,134.1199951171875,134.39999389648438,30826500,133.23004150390625
META,2022-09-28,134.6199951171875,142.02999877929688,134.27000427246094,141.61000061035156,32658500,140.37725830078125
META,2022-09-29,139.36000061035156,139.83999633789063,135.1999969482422,136.41000366210938,38985400,135.22254943847656
META,2022-09-30,136.0500030517578,140.99000549316406,135.5,135.67999267578125,33166400,134.4989013671875
META,2022-10-03,137.13999938964844,139.6199951171875,136.10000610351563,138.61000061035156,27723100,137.4033966064453
META,2022-10-04,140.49000549316406,142.38999938964844,139.33999633789063,140.27999877929688,34670700,139.05886840820313
META,2022-10-05,138.24000549316406,140.2100067138672,134.77999877929688,138.97999572753906,27979300,137.77017211914063
META,2022-10-06,137.72000122070313,141.4499969482422,136.60000610351563,139.07000732421875,36231100,137.859375
META,2022-10-07,136.75999450683594,138.2899932861328,132.44000244140625,133.4499969482422,33214800,132.28831481933594
META,2022-10-10,133.5500030517578,136.11000061035156,131.8699951171875,133.7899932861328,24024000,132.62533569335938
META,2022-10-11,131.6199951171875,132.66000366210938,126.98999786376953,128.5399932861328,38481400,127.4210433959961
META,2022-10-12,128.32000732421875,129.6699981689453,126.25,127.5,34605200,126.39009857177734
META,2022-10-13,123.52999877929688,131.13999938964844,122.52999877929688,130.2899932861328,34325700,129.15582275390625
META,2022-10-14,131,131.7899932861328,126.5199966430664,126.76000213623047,23559400,125.65654754638672
META,2022-10-17,130.3000030517578,134.7899932861328,130.17999267578125,134.0399932861328,29612200,132.87315368652344
META,2022-10-18,137.08999633789063,137.83999633789063,131.39999389648438,132.8000030517578,25445000,131.64395141601563
META,2022-10-19,132.88999938964844,137,132.22000122070313,133.22999572753906,30691000,132.0701904296875
META,2022-10-20,132.92999267578125,136.77000427246094,131.30999755859375,131.52999877929688,26356300,130.385009765625
META,2022-10-21,126.30999755859375,130.1199951171875,125.44000244140625,130.00999450683594,46348600,128.8782196044922
META,2022-10-24,127.25,133.47999572753906,124.56999969482422,129.72000122070313,63563400,128.5907745361328
META,2022-10-25,130.8800048828125,138.35000610351563,130.58999633789063,137.50999450683594,38433200,136.31297302246094
META,2022-10-26,131.67999267578125,135.5500030517578,128.52999877929688,129.82000732421875,82791500,128.68994140625
META,2022-10-27,97.9800033569336,102.5,96.37999725341797,97.94000244140625,232316600,97.08740997314453
META,2022-10-28,99.58000183105469,100.8499984741211,97.51000213623047,99.19999694824219,95928300,98.33643341064453
META,2022-10-31,98.220001220703125,99.31999969482422,92.5999984741211,93.160003662109375,121361400,92.349029541015625
META,2022-11-01,94.33000183105469,97.48999786376953,93.55000305175781,95.19999694824219,110189600,94.37127685546875
META,2022-11-02,94.20999908447266,95.19999694824219,90.4800033569336,90.54000091552734,71821100,89.75182342529297
META,2022-11-03,90.08000183105469,90.45999908447266,88.410003662109375,88.910003662109375,60664000,88.13603210449219
META,2022-11-04,90.3499984741211,91.38999938964844,88.089996337890625,90.79000091552734,55638100,89.999664306640625
META,2022-11-07,94.779998779296875,96.87999725341797,93.0999984741211,96.720001220703125,81987300,95.87804412841797
META,2022-11-08,95.91999816894531,97.80000305175781,94.79000091552734,96.470001220703125,52088300,95.63021087646484
META,2022-11-09,101.72000122070313,104.9000015258789,100.73999786376953,101.47000122070313,107677300,100.58668518066406
META,2022-11-10,107.12000274658203,112.75,104.61000061035156,111.87000274658203,80671000,110.89615631103516
META,2022-11-11,109.2300033569336,114.9000015258789,108.80999755859375,113.0199966430664,59961700,112.03614044189453
META,2022-11-14,110.98999786376953,116.2699966430664,110.80000305175781,114.22000122070313,53395000,113.22569274902344
META,2022-11-15,116.06999969482422,118.73999786376953,114.41000366210938,117.08000183105469,50670500,116.06080627441406
META,2022-11-16,114.5,116.08000183105469,112.66000366210938,113.2300033569336,33287800,112.24432373046875
META,2022-11-17,110.41000366210938,112.33000183105469,109.80000305175781,111.44999694824219,35093800,110.47981262207031
META,2022-11-18,113.80000305175781,114.31999969482422,110.62000274658203,112.05000305175781,33357700,111.07460021972656
META,2022-11-21,111.5199966430664,112.37000274658203,109.19000244140625,109.86000061035156,24351100,108.9036636352539
META,2022-11-22,109.86000061035156,111.62000274658203,108.31999969482422,111.44000244140625,29029000,110.46990203857422
META,2022-11-23,111.72000122070313,112.66999816894531,110.7300033569336,112.23999786376953,21343100,111.26292419433594
META,2022-11-25,111.30000305175781,112.7300033569336,111.0199966430664,111.41000366210938,12007600,110.44017028808594
META,2022-11-28,110.77999877929688,112.04000091552734,108.37999725341797,108.77999877929688,23309400,107.83306121826172
META,2022-11-29,109.54000091552734,110.94000244140625,108.54000091552734,109.45999908447266,23899200,108.50713348388672
META,2022-11-30,109.51000213623047,118.16000366210938,109.37999725341797,118.0999984741211,43348600,117.07190704345703
META,2022-12-01,119.19999694824219,121.19999694824219,118.4000015258789,120.44000244140625,36551400,119.39155578613281
META,2022-12-02,117.83000183105469,124.04000091552734,117.61000061035156,123.48999786376953,39950500,122.41500854492188
META,2022-12-05,121.75,124.66999816894531,121.3499984741211,122.43000030517578,35474900,121.3642349243164
META,2022-12-06,119.91000366210938,120.55000305175781,113.73999786376953,114.12000274658203,43689200,113.12657928466797
META,2022-12-07,113.76000213623047,115.87999725341797,112.87999725341797,113.93000030517578,29461100,112.93824005126953
META,2022-12-08,116.38999938964844,117.33999633789063,114.58999633789063,115.33000183105469,30619400,114.3260498046875
META,2022-12-09,115.30000305175781,117.54000091552734,113.87000274658203,115.9000015258789,26033400,114.89107513427734
META,2022-12-12,115.18000030517578,115.72000122070313,113.13999938964844,114.70999908447266,24747100,113.71144104003906
META,2022-12-13,122.12999725341797,123.30000305175781,118.63999938964844,120.1500015258789,44701100,119.10408020019531
META,2022-12-14,119.38999938964844,124.13999938964844,119.38999938964844,121.58999633789063,36922000,120.53154754638672
META,2022-12-15,118.33000183105469,118.62999725341797,114.01000213623047,116.1500015258789,34531000,115.13890075683594
META,2022-12-16,120.2300033569336,123.30999755859375,118.81999969482422,119.43000030517578,67064000,118.39035034179688
META,2022-12-19,116.83000183105469,117.80000305175781,114.33000183105469,114.4800033569336,29769900,113.48343658447266
META,2022-12-20,113.26000213623047,117.33000183105469,112.45999908447266,117.08999633789063,28742500,116.07072448730469
META,2022-12-21,116.69999694824219,120.33999633789063,115.62000274658203,119.76000213623047,20392800,118.71746063232422
META,2022-12-22,117.19999694824219,118.62000274658203,114.37999725341797,117.12000274658203,23618100,116.10045623779297
META,2022-12-23,116.02999877929688,118.18000030517578,115.54000091552734,118.04000091552734,17796600,117.01245880126953
META,2022-12-27,117.93000030517578,118.5999984741211,116.05000305175781,116.87999725341797,21392300,115.86254119873047
META,2022-12-28,116.25,118.1500015258789,115.51000213623047,115.62000274658203,19612500,114.61351776123047
META,2022-12-29,116.4000015258789,121.02999877929688,115.7699966430664,120.26000213623047,22366200,119.21312713623047
META,2022-12-30,118.16000366210938,120.41999816894531,117.73999786376953,120.33999633789063,19583800,119.29241943359375
META,2023-01-03,122.81999969482422,126.37000274658203,122.27999877929688,124.73999786376953,35528500,123.65413665771484
META,2023-01-04,127.37999725341797,129.0500030517578,125.8499984741211,127.37000274658203,32397100,126.26123046875
META,2023-01-05,126.12999725341797,128.52000427246094,124.54000091552734,126.94000244140625,25447100,125.83497619628906
META,2023-01-06,128.97000122070313,130.3300018310547,126.04000091552734,130.02000427246094,27584500,128.88818359375
META,2023-01-09,131.16000366210938,132.9499969482422,129.27999877929688,129.47000122070313,26649100,128.34292602539063
META,2023-01-10,127.2699966430664,133.44000244140625,127.1500015258789,132.99000549316406,28684400,131.8323211669922
META,2023-01-11,130.9600067138672,133.85000610351563,130.33999633789063,132.88999938964844,25423000,131.73316955566406
META,2023-01-12,133.44000244140625,137.67999267578125,131.75999450683594,136.7100067138672,30757700,135.51991271972656
META,2023-01-13,134.97000122070313,137.38999938964844,134.83999633789063,136.97999572753906,22423800,135.78756713867188
META,2023-01-17,136.17999267578125,136.75,134.25,135.36000061035156,21147600,134.18170166015625
META,2023-01-18,135.80999755859375,137.25,132.8000030517578,133.02000427246094,20215500,131.86203002929688
META,2023-01-19,132.49000549316406,137.4499969482422,132.13999938964844,136.14999389648438,28625200,134.96478271484375
META,2023-01-20,135.88999938964844,139.94000244140625,134.61000061035156,139.3699951171875,28688600,138.15675354003906
META,2023-01-23,139.2899932861328,143.75999450683594,138.66000366210938,143.27000427246094,27470100,142.02281188964844
META,2023-01-24,141.69000244140625,145,141.36000061035156,143.13999938964844,21970200,141.8939666748047
META,2023-01-25,141.22000122070313,143.1699981689453,140.30999755859375,141.5,26622000,140.26821899414063
META,2023-01-26,144.39999389648438,147.50999450683594,143.3000030517578,147.3000030517578,25482100,146.0177459716797
META,2023-01-27,148.24000549316406,153.19000244140625,147.38999938964844,151.74000549316406,35771900,150.41909790039063
META,2023-01-30,149.41000366210938,151.1199951171875,146.9499969482422,147.05999755859375,28040100,145.77981567382813
META,2023-01-31,147.9499969482422,149.8800048828125,147.52000427246094,148.97000122070313,29842100,147.67320251464844
META,2023-02-01,148.02999877929688,153.5800018310547,147.05999755859375,153.1199951171875,55661000,151.7870635986328
META,2023-02-02,183.3800048828125,197.16000366210938,180.16000366210938,188.77000427246094,150475700,187.1267547607422
META,2023-02-03,183.47000122070313,196.77000427246094,182.88999938964844,186.52999877929688,76809700,184.9062042236328
META,2023-02-06,186.52999877929688,190.6999969482422,185.52000427246094,186.05999755859375,42483800,184.44032287597656
META,2023-02-07,185.5800018310547,193.77999877929688,184.39999389648438,191.6199951171875,47080700,189.95193481445313
META,2023-02-08,190,190.8300018310547,182.9199981689453,183.42999267578125,36139100,181.83322143554688
META,2023-02-09,186.1300048828125,186.64999389648438,177.27000427246094,177.9199981689453,37118800,176.37120056152344
META,2023-02-10,176.35000610351563,178.88999938964844,173.35000610351563,174.14999389648438,33433600,172.6339874267578
META,2023-02-13,178.22000122070313,181,175.82000732421875,179.42999267578125,31463200,177.86802673339844
META,2023-02-14,177.16000366210938,181.50999450683594,175.8800048828125,179.47999572753906,24034600,177.91761779785156
META,2023-02-15,176.4199981689453,178.19000244140625,175.3300018310547,177.16000366210938,25308900,175.6177978515625
META,2023-02-16,172.75,175.85000610351563,171.7899932861328,172.44000244140625,25827500,170.93890380859375
META,2023-02-17,170.22000122070313,173.17999267578125,169.6999969482422,172.8800048828125,24171300,171.37506103515625
META,2023-02-21,174.30999755859375,178.1699981689453,171.8800048828125,172.0800018310547,34592600,170.58204650878906
META,2023-02-22,171.07000732421875,172.75999450683594,169.69000244140625,171.1199951171875,22433200,169.63037109375
META,2023-02-23,172,173.69000244140625,169.3800048828125,172.0399932861328,20017800,170.54237365722656
META,2023-02-24,168.63999938964844,170.72000122070313,167.66000366210938,170.38999938964844,19791300,168.90672302246094
META,2023-02-27,171.8800048828125,173.1199951171875,169.05999755859375,169.5399932861328,19277000,168.06414794921875
META,2023-02-28,171.89999389648438,177.5500030517578,171.8699951171875,174.94000244140625,46051100,173.41712951660156
META,2023-03-01,174.58999633789063,177.85000610351563,173.0500030517578,173.4199981689453,30998400,171.9103240966797
META,2023-03-02,172.3800048828125,175.00999450683594,171.42999267578125,174.52999877929688,17352000,173.0106964111328
META,2023-03-03,178.9199981689453,186.6199951171875,177.0500030517578,185.25,45877700,183.63735961914063
META,2023-03-06,188,189.66000366210938,184.63999938964844,184.89999389648438,33209400,183.29042053222656
META,2023-03-07,189,190.36000061035156,184.00999450683594,184.50999450683594,36701500,182.90382385253906
META,2023-03-08,182.8699951171875,185.25999450683594,181.33999633789063,184.97000122070313,19432400,183.3598175048828
META,2023-03-09,186.35000610351563,188.92999267578125,180.3000030517578,181.69000244140625,26582800,180.10838317871094
META,2023-03-10,181.00999450683594,184.77000427246094,178.8000030517578,179.50999450683594,25665000,177.9473419189453
META,2023-03-13,177.9600067138672,183.77999877929688,174.82000732421875,180.89999389648438,24728000,179.32521057128906
META,2023-03-14,187.5800018310547,194.32000732421875,186.55999755859375,194.02000427246094,41642600,192.3310546875
META,2023-03-15,192.9499969482422,197.77999877929688,190.83999633789063,197.75,42123600,196.028564453125
META,2023-03-16,198.25999450683594,205.75999450683594,196.08999633789063,204.92999267578125,50447100,203.14605712890625
META,2023-03-17,200.55999755859375,201.89999389648438,195.42999267578125,195.61000061035156,50141100,193.90719604492188
META,2023-03-20,198.47999572753906,199.36000061035156,193.63999938964844,197.80999755859375,25186300,196.0880126953125
META,2023-03-21,203.1999969482422,203.5500030517578,197.9499969482422,202.16000366210938,31827000,200.400146484375
META,2023-03-22,202.5,207.3699951171875,199.6699981689453,199.80999755859375,28477800,198.0706329345703
META,2023-03-23,202.83999633789063,207.8800048828125,202.14999389648438,204.27999877929688,27389700,202.50169372558594
META,2023-03-24,205.17999267578125,207.5800018310547,203.5500030517578,206.00999450683594,27716400,204.21664428710938
META,2023-03-27,204.80999755859375,205.86000061035156,201.36000061035156,202.83999633789063,18527200,201.07424926757813
META,2023-03-28,200.14999389648438,201.02999877929688,197.89999389648438,200.67999267578125,19127300,198.93304443359375
META,2023-03-29,203.55999755859375,205.72000122070313,202.5399932861328,205.35000610351563,18851100,203.56240844726563
META,2023-03-30,203.3800048828125,208.08999633789063,202.82000732421875,207.83999633789063,22608300,206.03070068359375
META,2023-03-31,207.24000549316406,212.1699981689453,206.77000427246094,211.94000244140625,25440300,210.0950164794922
META,2023-04-03,208.83999633789063,213.49000549316406,208.1999969482422,213.07000732421875,17924600,211.21522521972656
META,2023-04-04,213.38999938964844,216.24000549316406,212.5399932861328,214.72000122070313,21026400,212.85084533691406
META,2023-04-05,214.14999389648438,215.19000244140625,209.94000244140625,211.47999572753906,19396600,209.6390380859375
META,2023-04-06,209.25,216.94000244140625,208.64999389648438,216.10000610351563,26104400,214.2188262939453
META,2023-04-10,214.7100067138672,215.66000366210938,210.66000366210938,214.75,16106100,212.88058471679688
META,2023-04-11,215.47999572753906,216.02000427246094,213.41000366210938,213.85000610351563,16710100,211.98841857910156
META,2023-04-12,214.83999633789063,216.83999633789063,212.5800018310547,214,18972200,212.1370849609375
META,2023-04-13,215.72999572753906,221.14999389648438,215.69000244140625,220.35000610351563,23310400,218.43185424804688
META,2023-04-14,217.8800048828125,222.11000061035156,217.5500030517578,221.49000549316406,21591200,219.5618896484375
META,2023-04-17,219.7899932861328,220.97999572753906,217.1300048828125,218.86000061035156,15481900,216.95480346679688
META,2023-04-18,219.91000366210938,220.44000244140625,216.2100067138672,217.88999938964844,12281000,215.9932403564453
META,2023-04-19,213.47000122070313,217.3300018310547,212.92999267578125,215.6999969482422,15898100,213.82229614257813
META,2023-04-20,213.47999572753906,216.75,212.77000427246094,213.07000732421875,16475400,211.21522521972656
META,2023-04-21,210.2100067138672,213.41000366210938,209.5800018310547,212.88999938964844,17717200,211.0367431640625
META,2023-04-24,213.67999267578125,213.9199981689453,210.7100067138672,212.7899932861328,15750900,210.9376220703125
META,2023-04-25,210.82000732421875,211.25999450683594,207.1300048828125,207.5500030517578,19198200,205.74325561523438
META,2023-04-26,212.5,214.11000061035156,208.8800048828125,209.39999389648438,41992700,207.5771484375
META,2023-04-27,239.88999938964844,241.69000244140625,236.77000427246094,238.55999755859375,71196500,236.48330688476563
META,2023-04-28,239.00999450683594,240.42999267578125,235.75,240.32000732421875,39554000,238.22799682617188
META,2023-05-01,238.6199951171875,244,236.4600067138672,243.17999267578125,29143900,241.06309509277344
META,2023-05-02,243.17999267578125,244.9199981689453,238.99000549316406,239.24000549316406,24350100,237.15737915039063
META,2023-05-03,239.47000122070313,241.75,232.75,237.02999877929688,34463900,234.9666290283203
META,2023-05-04,236.05999755859375,238.1999969482422,232.92999267578125,233.52000427246094,17889400,231.48719787597656
META,2023-05-05,232.24000549316406,234.67999267578125,229.85000610351563,232.77999877929688,27000500,230.75364685058594
META,2023-05-08,231.4199981689453,235.6199951171875,230.27000427246094,233.27000427246094,16400500,231.2393798828125
META,2023-05-09,231.4600067138672,235.8800048828125,231.0800018310547,233.3699951171875,16865600,231.33848571777344
META,2023-05-10,236.1699981689453,236.75,230.72000122070313,233.0800018310547,19119000,231.05099487304688
META,2023-05-11,233.0500030517578,238.2100067138672,232.3000030517578,235.7899932861328,20449000,233.73739624023438
META,2023-05-12,236.74000549316406,236.9600067138672,231.4499969482422,233.80999755859375,16161400,231.774658203125
META,2023-05-15,236.9199981689453,240.25999450683594,235.3300018310547,238.86000061035156,20653200,236.78070068359375
META,2023-05-16,235.7899932861328,239.63999938964844,235.52000427246094,238.82000732421875,18163800,236.74105834960938
META,2023-05-17,238.4499969482422,243.83999633789063,238.13999938964844,242.49000549316406,21193100,240.37908935546875
META,2023-05-18,241.3000030517578,247.08999633789063,241.19000244140625,246.85000610351563,22943300,244.70114135742188
META,2023-05-19,247.47000122070313,248.69000244140625,243.41000366210938,245.63999938964844,21733600,243.50167846679688
META,2023-05-22,245.41000366210938,253.57000732421875,245.1199951171875,248.32000732421875,27738500,246.15835571289063
META,2023-05-23,246.80999755859375,251.61000061035156,246.64999389648438,246.74000549316406,17748100,244.59213256835938
META,2023-05-24,245.27999877929688,249.58999633789063,244.9499969482422,249.2100067138672,17724300,247.04058837890625
META,2023-05-25,253.39999389648438,255.6199951171875,249.1699981689453,252.69000244140625,22371400,250.4903106689453
META,2023-05-26,252.92999267578125,262.30999755859375,252.7100067138672,262.0400085449219,25727200,259.7589111328125
META,2023-05-30,265.25,268.6499938964844,261.2900085449219,262.5199890136719,23816500,260.2347412109375
META,2023-05-31,260,265,258.45001220703125,264.7200012207031,25473700,262.4155578613281
META,2023-06-01,265.8999938964844,274,265.8900146484375,272.6099853515625,25609500,270.2369079589844
META,2023-06-02,272.6600036621094,275.3500061035156,271.1199951171875,272.6099853515625,19416900,270.2369079589844
META,2023-06-05,270.29998779296875,275.57000732421875,269.55999755859375,271.3900146484375,20742900,269.02752685546875
META,2023-06-06,270.1400146484375,276.57000732421875,269.69000244140625,271.1199951171875,19419000,268.7598571777344
META,2023-06-07,271.6700134277344,274.25,262.79998779296875,263.6000061035156,26163600,261.3053283691406
META,2023-06-08,260.6199951171875,267.6499938964844,258.8800048828125,264.5799865722656,20899400,262.27679443359375
META,2023-06-09,262.4800109863281,267.95001220703125,261.70001220703125,264.95001220703125,16949800,262.6435852050781
META,2023-06-12,267.1700134277344,271.75,265.3299865722656,271.04998779296875,15442500,268.6904296875
META,2023-06-13,274.8800048828125,275.7200012207031,269.0899963378906,271.32000732421875,16164000,268.9581298828125
META,2023-06-14,271.8900146484375,274.989990234375,268.32000732421875,273.3500061035156,19175100,270.97052001953125
META,2023-06-15,272.29998779296875,283.989990234375,271.4200134277344,281.8299865722656,25973500,279.3766784667969
META,2023-06-16,284.75,287.8500061035156,280.1300048828125,281,43127700,278.5538330078125
META,2023-06-20,278.7300109863281,284.79998779296875,276.2200012207031,284.3299865722656,20701600,281.8548889160156
META,2023-06-21,283.5299987792969,284,278.3599853515625,281.6400146484375,20556200,279.1882629394531
META,2023-06-22,279.0799865722656,285.260009765625,277.7900085449219,284.8800048828125,17563100,282.4001159667969
META,2023-06-23,281.510009765625,289.6700134277344,278.95001220703125,288.7300109863281,51092000,286.21661376953125
META,2023-06-26,288.70001220703125,289.7900085449219,277.6000061035156,278.4700012207031,24232700,276.04583740234375
META,2023-06-27,282.010009765625,289.3500061035156,280.6499938964844,287.04998779296875,26108300,284.5511779785156
META,2023-06-28,284.82000732421875,289.54998779296875,284.05999755859375,285.2900085449219,16722100,282.8065490722656
META,2023-06-29,284.5,286.57000732421875,280.69000244140625,281.5299987792969,15395700,279.07928466796875
META,2023-06-30,284.760009765625,289.04998779296875,284.4200134277344,286.9800109863281,19694900,284.4818420410156
META,2023-07-03,286.70001220703125,289.3999938964844,284.8500061035156,286.0199890136719,8629300,283.5301818847656
META,2023-07-05,287.6499938964844,298.1199951171875,286.3599853515625,294.3699951171875,33865500,291.8074951171875
META,2023-07-06,295.8900146484375,298.1199951171875,291.30999755859375,291.989990234375,47600500,289.4481506347656
META,2023-07-07,292.17999267578125,296.20001220703125,288.6600036621094,290.5299987792969,25586000,288.0009765625
META,2023-07-10,295.54998779296875,298.1300048828125,287.04998779296875,294.1000061035156,37058300,291.5398254394531
META,2023-07-11,293.8999938964844,300.17999267578125,291.8999938964844,298.2900085449219,27585900,295.6933288574219
META,2023-07-12,301.75,309.45001220703125,300.1000061035156,309.3399963378906,36677100,306.64715576171875
META,2023-07-13,313.6199951171875,316.239990234375,310.2900085449219,313.4100036621094,30281000,310.68170166015625
META,2023-07-14,311.7900085449219,314.8800048828125,307.3599853515625,308.8699951171875,23054100,306.18121337890625
META,2023-07-17,307.5400085449219,311.7099914550781,304.7099914550781,310.6199951171875,25323100,307.9160461425781
META,2023-07-18,310.8800048828125,314.20001220703125,307.6199951171875,312.04998779296875,20731900,309.3335266113281
META,2023-07-19,313.0299987792969,318.67999267578125,310.5199890136719,316.010009765625,21763700,313.2590637207031
META,2023-07-20,313.5,315.5400085449219,302.2200012207031,302.5199890136719,23836900,299.8865051269531
META,2023-07-21,304.57000732421875,305.4599914550781,291.20001220703125,294.260009765625,42139300,291.6983947753906
META,2023-07-24,295.7799987792969,297.5199890136719,288.29998779296875,291.6099853515625,24915700,289.07147216796875
META,2023-07-25,295.19000244140625,298.29998779296875,291.8599853515625,294.4700012207031,19585600,291.9066467285156
META,2023-07-26,301.19000244140625,301.7699890136719,291.8999938964844,298.57000732421875,47256900,295.970947265625
META,2023-07-27,325.1199951171875,325.3500061035156,309.8399963378906,311.7099914550781,64229200,308.99652099609375
META,2023-07-28,316.8800048828125,326.20001220703125,314.25,325.4800109863281,39220300,322.6466369628906
META,2023-07-31,323.69000244140625,325.6600036621094,317.5899963378906,318.6000061035156,25799600,315.8265380859375
META,2023-08-01,317.5400085449219,324.1400146484375,314.6600036621094,322.7099914550781,22817900,319.9007568359375
META,2023-08-02,318,318.3900146484375,310.6499938964844,314.30999755859375,20461100,311.57391357421875
META,2023-08-03,309.92999267578125,315.95001220703125,309.92999267578125,313.19000244140625,15180200,310.4636535644531
META,2023-08-04,314.9599914550781,318.4100036621094,310.20001220703125,310.7300109863281,17612800,308.0249938964844
META,2023-08-07,313.2300109863281,317.07000732421875,310.4599914550781,316.55999755859375,16236500,313.8043212890625
META,2023-08-08,314.3999938964844,317.8900146484375,310.1099853515625,312.6400146484375,15183500,309.9183654785156
META,2023-08-09,312.8800048828125,313.6300048828125,302.8500061035156,305.2099914550781,19955800,302.55303955078125
META,2023-08-10,307.94000244140625,312.3399963378906,303.8699951171875,305.739990234375,14358900,303.0784912109375
META,2023-08-11,302.57000732421875,304.7200012207031,300.3599853515625,301.6400146484375,14046300,299.01422119140625
META,2023-08-14,300.9800109863281,306.2099914550781,298.25,306.19000244140625,15641900,303.52459716796875
META,2023-08-15,306.1400146484375,307.2300109863281,300.0299987792969,301.95001220703125,11623600,299.3215026855469
META,2023-08-16,300.20001220703125,301.0799865722656,294.2799987792969,294.2900085449219,18547700,291.7281799316406
META,2023-08-17,293.04998779296875,296.04998779296875,284.95001220703125,285.0899963378906,23950100,282.6081848144531
META,2023-08-18,279.0299987792969,285.69000244140625,274.3800048828125,283.25,35347900,280.7843017578125
META,2023-08-21,283.45001220703125,290.5,281.8500061035156,289.8999938964844,20181500,287.3763427734375
META,2023-08-22,292.54998779296875,292.8999938964844,286.75,287.6000061035156,12980200,285.0964050292969
META,2023-08-23,288.5,297.3999938964844,287.6700134277344,294.239990234375,18287000,291.67864990234375
META,2023-08-24,298.5,299.4599914550781,286.6400146484375,286.75,18360900,284.2538146972656
META,2023-08-25,286.1300048828125,288.3900146484375,276.0299987792969,285.5,23701400,283.0146789550781
META,2023-08-28,288,291.45001220703125,285.79998779296875,290.260009765625,14239300,287.7332763671875
META,2023-08-29,288.5799865722656,299.1499938964844,288.17999267578125,297.989990234375,20844500,295.3959655761719
META,2023-08-30,297.1700134277344,298.2900085449219,293.42999267578125,295.1000061035156,17717000,292.5311279296875
META,2023-08-31,295.79998779296875,301.1000061035156,295.6600036621094,295.8900146484375,17229900,293.3142395019531
META,2023-09-01,299.3699951171875,301.739990234375,294.4700012207031,296.3800048828125,12842300,293.79998779296875
META,2023-09-05,297.0199890136719,301.3900146484375,295.510009765625,300.1499938964844,14956000,297.53717041015625
META,2023-09-06,301.7099914550781,303.29998779296875,295.6600036621094,299.1700134277344,15418100,296.565673828125
META,2023-09-07,298,307.04998779296875,292.2200012207031,298.6700134277344,33748700,296.0700378417969
META,2023-09-08,299.2200012207031,305.25,296.7799987792969,297.8900146484375,17548000,295.2968444824219
META,2023-09-11,301.4100036621094,309.0400085449219,301.2799987792969,307.55999755859375,19489300,304.88262939453125
META,2023-09-12,306.3299865722656,308.6600036621094,300.2300109863281,301.6600036621094,13480400,299.03399658203125
META,2023-09-13,302.3599853515625,307.17999267578125,301.32000732421875,305.05999755859375,13210900,302.4044189453125
META,2023-09-14,306.739990234375,312.8699951171875,305.0299987792969,311.7200012207031,19343100,309.0065002441406
META,2023-09-15,311.6099853515625,312,298.75,300.30999755859375,28131100,297.69573974609375
META,2023-09-18,298.19000244140625,303.6000061035156,297.79998779296875,302.54998779296875,14234200,299.9162292480469
META,2023-09-19,302.4800109863281,306.1700134277344,299.80999755859375,305.07000732421875,15924400,302.41436767578125
META,2023-09-20,305.04998779296875,308.05999755859375,299.42999267578125,299.6700134277344,19379500,297.061279296875
META,2023-09-21,295.70001220703125,300.260009765625,293.2699890136719,295.7300109863281,21319600,293.1556091308594
META,2023-09-22,299.29998779296875,305.3800048828125,298.2699890136719,299.0799865722656,25369600,296.4764709472656
META,2023-09-25,295.6400146484375,300.95001220703125,293.70001220703125,300.8299865722656,18987000,298.211181640625
META,2023-09-26,297.6600036621094,300.29998779296875,296.010009765625,298.9599914550781,19417200,296.3575134277344
META,2023-09-27,300.45001220703125,301.29998779296875,286.7900085449219,297.739990234375,36429800,295.14813232421875
META,2023-09-28,298.94000244140625,306.3299865722656,296.70001220703125,303.9599914550781,22167100,301.3139953613281
META,2023-09-29,307.3800048828125,310.6400146484375,299.3599853515625,300.2099914550781,25373700,297.5966491699219
META,2023-10-02,302.739990234375,307.17999267578125,301.6300048828125,306.82000732421875,16265600,304.1491394042969
META,2023-10-03,304.260009765625,306.7699890136719,299.6400146484375,300.94000244140625,17362300,298.32025146484375
META,2023-10-04,298.7300109863281,306.8999938964844,298.5,305.5799865722656,16880500,302.91986083984375
META,2023-10-05,304.6300048828125,306.2099914550781,299.5,304.7900085449219,19130000,302.1368408203125
META,2023-10-06,301.44000244140625,316.30999755859375,300.9100036621094,315.42999267578125,21803900,312.68414306640625
META,2023-10-09,312.5,320.3299865722656,311.82000732421875,318.3599853515625,22503700,315.5886535644531
META,2023-10-10,319.1199951171875,324.6600036621094,318.1600036621094,321.8399963378906,19038000,319.038330078125
META,2023-10-11,323.010009765625,328.8399963378906,322.95001220703125,327.82000732421875,22036300,324.96630859375
META,2023-10-12,328,330.5400085449219,322.69000244140625,324.1600036621094,20530500,321.3381652832031
META,2023-10-13,323.5299987792969,325.04998779296875,312.3699951171875,314.69000244140625,21341000,311.9505920410156
META,2023-10-16,318.6400146484375,321.82000732421875,315.5199890136719,321.1499938964844,16536100,318.3543395996094
META,2023-10-17,318.17999267578125,324.3999938964844,317.29998779296875,324,16387800,321.1795349121094
META,2023-10-18,321.3900146484375,325.94000244140625,315.55999755859375,316.9700012207031,16851000,314.21075439453125
META,2023-10-19,319.8800048828125,321.8900146484375,311.75,312.80999755859375,18709200,310.0869445800781
META,2023-10-20,314.1400146484375,315.29998779296875,306.4700012207031,308.6499938964844,22312300,305.9631652832031
META,2023-10-23,309.5,317.3599853515625,307.260009765625,314.010009765625,17796800,311.27655029296875
META,2023-10-24,316.7799987792969,318.3500061035156,310.6300048828125,312.54998779296875,19525500,309.8292236328125
META,2023-10-25,310,310.8800048828125,298.8399963378906,299.5299987792969,42192500,296.92254638671875
META,2023-10-26,295,295,279.3999938964844,288.3500061035156,66684100,285.8398742675781
META,2023-10-27,294.4800109863281,299.30999755859375,292.9700012207031,296.7300109863281,29596300,294.14691162109375
META,2023-10-30,299.0899963378906,309.3999938964844,299.04998779296875,302.6600036621094,28435100,300.0253601074219
META,2023-10-31,303.30999755859375,303.67999267578125,296.8599853515625,301.2699890136719,19434200,298.6474304199219
META,2023-11-01,301.8500061035156,312.739990234375,301.8500061035156,311.8500061035156,20434600,309.13531494140625
META,2023-11-02,317.29998779296875,318.82000732421875,308.3299865722656,310.8699951171875,21631800,308.163818359375
META,2023-11-03,312.54998779296875,315.54998779296875,311.0199890136719,314.6000061035156,16764300,311.8613586425781
META,2023-11-06,315.9800109863281,318.3299865722656,314.45001220703125,315.79998779296875,12887700,313.0509338378906
META,2023-11-07,317.05999755859375,321,315.1199951171875,318.82000732421875,14055600,316.0446472167969
META,2023-11-08,318.1400146484375,321.3299865722656,314.8800048828125,319.7799987792969,13609700,316.9962463378906
META,2023-11-09,319.4200134277344,324.17999267578125,318.79998779296875,320.54998779296875,16103100,317.7596130371094
META,2023-11-10,319.94000244140625,329.1000061035156,319.4599914550781,328.7699890136719,19096200,325.90802001953125
META,2023-11-13,326.20001220703125,332.3299865722656,325.70001220703125,329.19000244140625,16908900,326.3243713378906
META,2023-11-14,334.5400085449219,338.1000061035156,333.3299865722656,336.30999755859375,17179400,333.38238525390625
META,2023-11-15,337.92999267578125,338.3999938964844,330.0199890136719,332.7099914550781,14531200,329.813720703125
META,2023-11-16,329.3699951171875,334.5799865722656,326.3800048828125,334.19000244140625,18932600,331.2808837890625
META,2023-11-17,330.260009765625,335.5,329.3500061035156,335.0400085449219,14494400,332.1234436035156
META,2023-11-20,334.8900146484375,341.8699951171875,334.19000244140625,339.9700012207031,16960500,337.0105285644531
META,2023-11-21,338.3299865722656,339.8999938964844,335.8999938964844,336.9800109863281,12027900,334.0465393066406
META,2023-11-22,339.2099914550781,342.9200134277344,338.5799865722656,341.489990234375,10702700,338.51727294921875
META,2023-11-24,340.1300048828125,341.8599853515625,336.7699890136719,338.2300109863281,5467500,335.2856750488281
META,2023-11-27,336.17999267578125,339.8999938964844,334.20001220703125,334.70001220703125,15684500,331.78643798828125
META,2023-11-28,333.3999938964844,339.3800048828125,333.3999938964844,338.989990234375,12637200,336.0390319824219
META,2023-11-29,339.69000244140625,339.8999938964844,330.7799987792969,332.20001220703125,16024500,329.3081359863281
META,2023-11-30,331.8900146484375,333.5,322.3999938964844,327.1499938964844,23146400,324.3020935058594
META,2023-12-01,325.4800109863281,326.8599853515625,320.760009765625,324.82000732421875,15276400,321.9923400878906
META,2023-12-04,317.2900085449219,320.8599853515625,313.6600036621094,320.0199890136719,19037100,317.2341613769531
META,2023-12-05,318.9800109863281,321.8800048828125,315.3900146484375,318.2900085449219,16952100,315.5192565917969
META,2023-12-06,321.92999267578125,322.25,317.0400085449219,317.45001220703125,11294300,314.68658447265625
META,2023-12-07,317.7699890136719,328.239990234375,317.7699890136719,326.5899963378906,15905100,323.74700927734375
META,2023-12-08,323.0899963378906,333.1700134277344,323,332.75,14087400,329.85333251953125
META,2023-12-11,329.3999938964844,329.8900146484375,320,325.2799987792969,25802500,322.44842529296875
META,2023-12-12,324.6000061035156,334.4700012207031,324.55999755859375,334.2200012207031,18485500,331.3105773925781
META,2023-12-13,333.92999267578125,338.3699951171875,332.6400146484375,334.739990234375,16353300,331.8260498046875
META,2023-12-14,333.8500061035156,334.70001220703125,328.6400146484375,333.1700134277344,19607300,330.26971435546875
META,2023-12-15,331.989990234375,338.6600036621094,331.2200012207031,334.9200134277344,31776900,332.0045166015625
META,2023-12-18,337.4800109863281,347.55999755859375,337.0199890136719,344.6199951171875,18993900,341.6199951171875
META,2023-12-19,345.5799865722656,353.6000061035156,345.1199951171875,350.3599853515625,17729400,347.31005859375
META,2023-12-20,348.6499938964844,354.9599914550781,347.7900085449219,349.2799987792969,16369900,346.239501953125
META,2023-12-21,352.9800109863281,356.4100036621094,349.2099914550781,354.0899963378906,15289600,351.0075988769531
META,2023-12-22,355.5799865722656,357.20001220703125,351.2200012207031,353.3900146484375,11772800,350.3137512207031
META,2023-12-26,354.989990234375,356.9800109863281,353.45001220703125,354.8299865722656,9898600,351.7411193847656
META,2023-12-27,356.07000732421875,359,355.30999755859375,357.8299865722656,13207900,354.7150573730469
META,2023-12-28,359.70001220703125,361.8999938964844,357.80999755859375,358.32000732421875,11798800,355.2008056640625
META,2023-12-29,358.989990234375,360,351.82000732421875,353.9599914550781,14987100,350.8787536621094
META,2024-01-02,351.32000732421875,353.1600036621094,340.010009765625,346.2900085449219,19042200,343.2754821777344
META,2024-01-03,344.9800109863281,347.95001220703125,343.17999267578125,344.4700012207031,15451100,341.4713439941406
META,2024-01-04,344.5,348.1499938964844,343.3999938964844,347.1199951171875,12099900,344.0982666015625
META,2024-01-05,346.989990234375,353.5,346.260009765625,351.95001220703125,13920700,348.88623046875
META,2024-01-08,354.70001220703125,358.9800109863281,352.04998779296875,358.6600036621094,13890200,355.53778076171875
META,2024-01-09,356.3999938964844,360.6400146484375,355.3599853515625,357.42999267578125,13463900,354.3185119628906
META,2024-01-10,360.1700134277344,372.94000244140625,359.0799865722656,370.4700012207031,22117200,367.2449951171875
META,2024-01-11,372.1300048828125,372.7799987792969,362.92999267578125,369.6700134277344,17205400,366.4519958496094
META,2024-01-12,370.1600036621094,377.05999755859375,369.5400085449219,374.489990234375,19310000,371.2300109863281
META,2024-01-16,373.6499938964844,375.6099853515625,367.2300109863281,367.4599914550781,15306900,364.2611999511719
META,2024-01-17,366.29998779296875,368.5400085449219,358.6099853515625,368.3699951171875,12724800,365.16326904296875
META,2024-01-18,371.489990234375,376.8500061035156,370.95001220703125,376.1300048828125,16354300,372.8557434082031
META,2024-01-19,379,384.3599853515625,377.9700012207031,383.45001220703125,21670800,380.112060546875
META,2024-01-22,387.95001220703125,390.3500061035156,381.1600036621094,381.7799987792969,17680500,378.4565734863281
META,2024-01-23,384.6199951171875,388.3800048828125,382.0799865722656,385.20001220703125,15506100,381.8467712402344
META,2024-01-24,390,396.1499938964844,387.80999755859375,390.70001220703125,15698500,387.2989196777344
META,2024-01-25,390.1700134277344,395.489990234375,385.6600036621094,393.17999267578125,15091100,389.7572937011719
META,2024-01-26,394.3500061035156,396.7900085449219,391.5899963378906,394.1400146484375,13163700,390.708984375
META,2024-01-29,394.989990234375,402.92999267578125,393.1000061035156,401.0199890136719,18742400,397.5290832519531
META,2024-01-30,403.5899963378906,406.3599853515625,399.57000732421875,400.05999755859375,18614700,396.57745361328125
META,2024-01-31,389,398,387.1000061035156,390.1400146484375,20180800,386.7437744140625
META,2024-02-01,393.94000244140625,400.5,393.04998779296875,394.7799987792969,29727100,391.3434143066406
META,2024-02-02,459.6000061035156,485.9599914550781,453.010009765625,474.989990234375,84707600,470.85516357421875
META,2024-02-05,469.8800048828125,471.8999938964844,459.2200012207031,459.4100036621094,40832400,455.4107666015625
META,2024-02-06,464,467.1199951171875,453,454.7200012207031,21655200,450.76165771484375
META,2024-02-07,458,471.5199890136719,456.17999267578125,469.5899963378906,23066000,465.5021667480469
META,2024-02-08,468.32000732421875,470.5899963378906,465.0299987792969,470,18815100,465.9085998535156
META,2024-02-09,472.95001220703125,473.5899963378906,467.4700012207031,468.1099853515625,18413100,464.0350036621094
META,2024-02-12,468.19000244140625,479.1499938964844,466.5799865722656,468.8999938964844,19382000,464.81817626953125
META,2024-02-13,456.8699951171875,467.8900146484375,455.0899963378906,460.1199951171875,20916600,456.1145935058594
META,2024-02-14,467.92999267578125,474.1099853515625,466.0899963378906,473.2799987792969,16858400,469.1600341796875
META,2024-02-15,475.2799987792969,488.6199951171875,472.2200012207031,484.0299987792969,24212300,479.81646728515625
META,2024-02-16,478.1099853515625,478.9599914550781,469.2099914550781,473.32000732421875,23324600,469.1996765136719
META,2024-02-20,469.7200012207031,476.17999267578125,466.55999755859375,471.75,18015500,467.6434020996094
META,2024-02-21,466.5,469,461.7900085449219,468.0299987792969,12921800,464.44805908203125
META,2024-02-22,480.239990234375,489.989990234375,476.05999755859375,486.1300048828125,21625800,482.4095458984375
META,2024-02-23,488.04998779296875,494.3599853515625,482.3500061035156,484.0299987792969,18374300,480.3255310058594
META,2024-02-26,483.4700012207031,486.1400146484375,480.6000061035156,481.739990234375,12101400,478.0530700683594
META,2024-02-27,479.9800109863281,487.2699890136719,479.9200134277344,487.04998779296875,10809600,483.3224182128906
META,2024-02-28,485,491.04998779296875,482.75,484.0199890136719,12715500,480.31561279296875
META,2024-02-29,488.44000244140625,491.70001220703125,482.6099853515625,490.1300048828125,17732000,486.3788757324219
META,2024-03-01,492.1099853515625,504.25,491.8500061035156,502.29998779296875,16273600,498.4557800292969
META,2024-03-04,503,504.4200134277344,496.4200134277344,498.19000244140625,12324100,494.3771667480469
META,2024-03-05,495,495.5799865722656,487.8900146484375,490.2200012207031,15325300,486.4681701660156
META,2024-03-06,497.6300048828125,502.9700012207031,494.2900085449219,496.0899963378906,11757900,492.2932434082031
META,2024-03-07,503.2799987792969,519.8499755859375,501.3800048828125,512.19000244140625,18586400,508.27008056640625
META,2024-03-08,514.19000244140625,523.57000732421875,499.3500061035156,505.95001220703125,18597100,502.0778503417969
META,2024-03-11,497.010009765625,497.32000732421875,476,483.5899963378906,20428300,479.8888854980469
META,2024-03-12,493.260009765625,502.30999755859375,484.7300109863281,499.75,15448200,495.92529296875
META,2024-03-13,495.3900146484375,500.9800109863281,491.0299987792969,495.57000732421875,12090700,491.77728271484375
META,2024-03-14,500.260009765625,501.3500061035156,488.1600036621094,491.8299865722656,12620000,488.06585693359375
META,2024-03-15,489.010009765625,491.8299865722656,481.29998779296875,484.1000061035156,29153600,480.39501953125
META,2024-03-18,491.9100036621094,497.4200134277344,486.80999755859375,496.9800109863281,11755300,493.17645263671875
META,2024-03-19,488.1700134277344,496.6300048828125,481.2799987792969,496.239990234375,10903100,492.44207763671875
META,2024-03-20,499.5,508.20001220703125,495.1700134277344,505.5199890136719,11711100,501.6510925292969
META,2024-03-21,514.71002197265625,515.03997802734375,506.010009765625,507.760009765625,9712500,503.8739318847656
META,2024-03-22,507,509.9700012207031,504.3399963378906,509.5799865722656,8120600,505.67999267578125
META,2024-03-25,505.7900085449219,507.2200012207031,500.239990234375,503.0199890136719,8380600,499.17022705078125
META,2024-03-26,505.1300048828125,510,495.2099914550781,495.8900146484375,11205400,492.0948181152344
META,2024-03-27,499.29998779296875,499.8900146484375,488.07000732421875,493.8599853515625,9989700,490.0803527832031
META,2024-03-28,492.8399963378906,492.8900146484375,485.1499938964844,485.5799865722656,15212800,481.86370849609375
META,2024-04-01,487.20001220703125,497.42999267578125,481.7799987792969,491.3500061035156,9247000,487.58953857421875
META,2024-04-02,485.1000061035156,497.5299987792969,484.6499938964844,497.3699951171875,11081000,493.5634460449219
META,2024-04-03,498.92999267578125,507.239990234375,498.75,506.739990234375,12099200,502.86175537109375
META,2024-04-04,516.41998291015625,530,510.5799865722656,510.9200134277344,26476300,507.009765625
META,2024-04-05,516.8599853515625,530.70001220703125,514.40997314453125,527.34002685546875,19263300,523.3040771484375
META,2024-04-08,529.280029296875,531.489990234375,518.8900146484375,519.25,13260600,515.27606201171875
META,2024-04-09,522.22998046875,525.8699951171875,506.739990234375,516.9000244140625,10863800,512.9439697265625
META,2024-04-10,509.2900085449219,522.55999755859375,505.79998779296875,519.83001708984375,11418500,515.8515625
META,2024-04-11,521.1099853515625,523.8599853515625,517.28997802734375,523.15997314453125,10369500,519.1561279296875
META,2024-04-12,517.75,520.19000244140625,509.3299865722656,511.8999938964844,11984500,507.98223876953125
META,2024-04-15,516.719970703125,518.530029296875,497.2799987792969,500.2300109863281,13512900,496.401611328125
META,2024-04-16,498.1099853515625,504.7699890136719,497.1099853515625,499.760009765625,9847900,495.9352111816406
META,2024-04-17,503.1000061035156,503.1600036621094,487.1400146484375,494.1700134277344,12193700,490.387939453125
META,2024-04-18,499.82000732421875,512.21002197265625,499.0400085449219,501.79998779296875,14808700,497.95953369140625
META,2024-04-19,502.79998779296875,502.79998779296875,475.7300109863281,481.07000732421875,25215400,477.3882141113281
META,2024-04-22,489.7200012207031,492.010009765625,473.3999938964844,481.7300109863281,17271100,478.04315185546875
META,2024-04-23,491.25,498.760009765625,488.9700012207031,496.1000061035156,15079200,492.3031921386719
META,2024-04-24,508.05999755859375,510,484.5799865722656,493.5,37772700,489.72308349609375
META,2024-04-25,421.3999938964844,445.7699890136719,414.5,441.3800048828125,82890700,438.00201416015625
META,2024-04-26,441.4599914550781,446.44000244140625,431.9599914550781,443.2900085449219,32691400,439.89739990234375
META,2024-04-29,439.55999755859375,439.760009765625,428.55999755859375,432.6199951171875,21502600,429.3089904785156
META,2024-04-30,431.04998779296875,439.6199951171875,429.7200012207031,430.1700134277344,18429500,426.8777770996094
META,2024-05-01,428.6000061035156,449.9599914550781,427.1099853515625,439.19000244140625,20344900,435.8287048339844
META,2024-05-02,438.8399963378906,443.9599914550781,432.2799987792969,441.67999267578125,15221300,438.2996826171875
META,2024-05-03,445.92999267578125,454.1700134277344,443.8500061035156,451.9599914550781,16489100,448.5009765625
META,2024-05-06,455.5799865722656,466.1600036621094,453.3399963378906,465.67999267578125,15094600,462.1159973144531
META,2024-05-07,466.2900085449219,471.5299987792969,461.30999755859375,468.239990234375,13406800,464.6563415527344
META,2024-05-08,463.5,475.5799865722656,463,472.6000061035156,11683900,468.9830627441406
META,2024-05-09,470,476.0799865722656,467.6300048828125,475.4200134277344,9437700,471.7814636230469
META,2024-05-10,477.0899963378906,477.5,469.6000061035156,476.20001220703125,10750000,472.5555114746094
META,2024-05-13,472.75,473.3500061035156,462.8500061035156,468.010009765625,14668800,464.4281311035156
META,2024-05-14,463.3699951171875,472.5400085449219,460.0799865722656,471.8500061035156,10478600,468.2388000488281
META,2024-05-15,474.9800109863281,482.5,471.20001220703125,481.5400085449219,13100500,477.8546447753906
META,2024-05-16,475,477.69000244140625,472.75,473.2300109863281,16608200,469.6082458496094
META,2024-05-17,470.8299865722656,472.79998779296875,468.4200134277344,471.9100036621094,10807300,468.29827880859375
META,2024-05-20,469.95001220703125,473.20001220703125,467.0400085449219,468.8399963378906,11745100,465.2518005371094
META,2024-05-21,467.1199951171875,470.70001220703125,462.2699890136719,464.6300048828125,11742200,461.0740051269531
META,2024-05-22,467.8699951171875,473.7200012207031,465.6499938964844,467.7799987792969,10078600,464.19989013671875
META,2024-05-23,472.8800048828125,474.3599853515625,461.5400085449219,465.7799987792969,11747900,462.2152404785156
META,2024-05-24,467.6199951171875,479.8500061035156,466.29998779296875,478.2200012207031,12024300,474.5600280761719
META,2024-05-28,476.5799865722656,480.8599853515625,474.8399963378906,479.9200134277344,10175800,476.24700927734375
META,2024-05-29,474.6600036621094,479.8500061035156,473.70001220703125,474.3599853515625,9226200,470.7295227050781
META,2024-05-30,471.6700134277344,471.7300109863281,464.7099914550781,467.04998779296875,10719600,463.4754943847656
META,2024-05-31,465.79998779296875,469.1199951171875,454.4599914550781,466.8299865722656,16919800,463.2572021484375
META,2024-06-03,470.8599853515625,479.6000061035156,468.239990234375,477.489990234375,11279400,473.83563232421875
META,2024-06-04,477,478.8900146484375,473.2300109863281,476.989990234375,7088700,473.33941650390625
META,2024-06-05,484.45001220703125,496.6499938964844,483.9100036621094,495.05999755859375,15690500,491.2711486816406
META,2024-06-06,492.9800109863281,502.82000732421875,490.8900146484375,493.760009765625,10667300,489.9810791015625
META,2024-06-07,495.9100036621094,498.9100036621094,490.1700134277344,492.9599914550781,9380700,489.187255859375
META,2024-06-10,493.8599853515625,502.6600036621094,493.4100036621094,502.6000061035156,11220900,498.75341796875
META,2024-06-11,500.1600036621094,507.6000061035156,498.2699890136719,507.4700012207031,9673700,503.5861511230469
META,2024-06-12,513.989990234375,514.010009765625,504.4700012207031,508.8399963378906,11983200,504.9457092285156
META,2024-06-13,505.7099914550781,509.3599853515625,501.3599853515625,504.1000061035156,9954600,500.241943359375
META,2024-06-14,502.6499938964844,507.1499938964844,500.75,504.1600036621094,10243300,500.7982177734375
META,2024-06-17,501.6700134277344,510.75,496.010009765625,506.6300048828125,11266600,503.25177001953125
META,2024-06-18,504.55999755859375,506,495.0199890136719,499.489990234375,13060400,496.1593322753906
META,2024-06-20,502,503.6700134277344,496.7699890136719,501.70001220703125,11801200,498.35467529296875
META,2024-06-21,503.45001220703125,503.45001220703125,492.3900146484375,494.7799987792969,22359200,491.4808044433594
META,2024-06-24,499.20001220703125,507.79998779296875,494.2900085449219,498.9100036621094,13525300,495.58319091796875
META,2024-06-25,497.04998779296875,510.7099914550781,495.5,510.6000061035156,12063200,507.1953125
META,2024-06-26,506.6499938964844,513.80999755859375,504.67999267578125,513.1199951171875,8882300,509.6985168457031
META,2024-06-27,514.25,522.8800048828125,513.9000244140625,519.55999755859375,10121200,516.095458984375
META,2024-06-28,517.1500244140625,521.8800048828125,503.8399963378906,504.2200012207031,15855100,500.8578186035156
META,2024-07-01,504.95001220703125,506.5799865722656,493.1700134277344,504.67999267578125,10328200,501.3147277832031
META,2024-07-02,500.760009765625,510.5,499.45001220703125,509.5,7739500,506.1026306152344
META,2024-07-03,506.3699951171875,511.2799987792969,506.0199890136719,509.9599914550781,6005600,506.5595397949219
META,2024-07-05,511.6000061035156,540.8699951171875,511.6000061035156,539.90997314453125,21354100,536.30987548828125
META,2024-07-08,542.3499755859375,542.80999755859375,526.6500244140625,529.32000732421875,14917500,525.7904052734375
META,2024-07-09,533.75,537.47998046875,528.19000244140625,530,8753200,526.4658203125
META,2024-07-10,530.78997802734375,538.8800048828125,528.3599853515625,534.69000244140625,10983300,531.1246337890625
META,2024-07-11,530.8900146484375,535.46002197265625,508.3699951171875,512.70001220703125,16458300,509.2812805175781
META,2024-07-12,497.760009765625,508.0899963378906,494.2300109863281,498.8699951171875,19750500,495.54351806640625
META,2024-07-15,498.6300048828125,506.67999267578125,493.3699951171875,496.1600036621094,12539200,492.8515625
META,2024-07-16,501.5,503.95001220703125,485.7900085449219,489.7900085449219,14075800,486.5240173339844
META,2024-07-17,479.1700134277344,479.1700134277344,459.1199951171875,461.989990234375,28076600,458.909423828125
META,2024-07-18,475,479.239990234375,464.5400085449219,475.8500061035156,19267200,472.677001953125
META,2024-07-19,476.05999755859375,486.7099914550781,475.7099914550781,476.7900085449219,15149400,473.6107177734375
META,2024-07-22,486.5799865722656,492.05999755859375,483.8999938964844,487.3999938964844,12023100,484.14996337890625
META,2024-07-23,489.8399963378906,495.2200012207031,487.7200012207031,488.69000244140625,9455500,485.43133544921875
META,2024-07-24,472.30999755859375,476.29998779296875,460.5799865722656,461.2699890136719,17649700,458.1942138671875
META,2024-07-25,463.260009765625,463.54998779296875,442.6499938964844,453.4100036621094,18240500,450.3866271972656
META,2024-07-26,464.20001220703125,469.7699890136719,459.4200134277344,465.70001220703125,14222400,462.59466552734375
META,2024-07-29,469.8800048828125,473.9599914550781,465.0199890136719,465.7099914550781,11339600,462.6046142578125
META,2024-07-30,467,472.7300109863281,456.70001220703125,463.19000244140625,11390400,460.1014099121094
META,2024-07-31,471.0199890136719,476.5,466.75,474.8299865722656,24285800,471.663818359375
META,2024-08-01,521,527.16998291015625,492.1000061035156,497.739990234375,43083100,494.4210205078125
META,2024-08-02,489,501.1499938964844,476.1499938964844,488.1400146484375,24044700,484.8850402832031
META,2024-08-05,451.3500061035156,483.4800109863281,450.79998779296875,475.7300109863281,21396200,472.5578308105469
META,2024-08-06,479,502.55999755859375,478.6499938964844,494.0899963378906,20955000,490.7953796386719
META,2024-08-07,503.1300048828125,510.1499938964844,486.8599853515625,488.9200134277344,20105300,485.65985107421875
META,2024-08-08,497.5,509.9599914550781,494.7200012207031,509.6300048828125,16156800,506.23175048828125
META,2024-08-09,507.7099914550781,518.34002685546875,505.70001220703125,517.77001953125,13696600,514.31744384765625
META,2024-08-12,516.8599853515625,518.02001953125,509.1000061035156,515.95001220703125,9767400,512.5096435546875
META,2024-08-13,520.010009765625,531.5,518.1500244140625,528.53997802734375,13743800,525.01568603515625
META,2024-08-14,528.05999755859375,534,523.1300048828125,526.760009765625,11444200,523.24755859375
META,2024-08-15,531.78997802734375,539.77001953125,526.70001220703125,537.33001708984375,13482100,533.7470703125
META,2024-08-16,531.9000244140625,533.65997314453125,524.65997314453125,527.41998291015625,14776700,523.90313720703125
META,2024-08-19,526.8699951171875,531.65997314453125,522.760009765625,529.280029296875,9879700,525.750732421875
META,2024-08-20,528.3499755859375,531.09002685546875,525.8800048828125,526.72998046875,7944400,523.2176513671875
META,2024-08-21,527.1500244140625,539.4000244140625,526.92999267578125,535.15997314453125,13423300,531.591552734375
META,2024-08-22,537,544.22998046875,528.59002685546875,531.92999267578125,15708300,528.383056640625
META,2024-08-23,536.91998291015625,539.8699951171875,525.05999755859375,528,11323900,524.479248046875
META,2024-08-26,527.5999755859375,528,514.95001220703125,521.1199951171875,9584000,517.64508056640625
META,2024-08-27,518.97998046875,524.010009765625,515.30999755859375,519.0999755859375,6282700,515.638671875
META,2024-08-28,517.66998291015625,521.09002685546875,512.45001220703125,516.780029296875,9106100,513.3341064453125
META,2024-08-29,519.04998779296875,527.20001220703125,515.67999267578125,518.219970703125,8317400,514.764404296875
META,2024-08-30,521.3499755859375,523.53997802734375,515.20001220703125,521.30999755859375,9157500,517.83392333984375
META,2024-09-03,519.6400146484375,525.489990234375,508.6199951171875,511.760009765625,12459100,508.3475646972656
META,2024-09-04,506.07000732421875,516.59002685546875,504.07000732421875,512.739990234375,8335200,509.321044921875
META,2024-09-05,511.7200012207031,521.6300048828125,511.1499938964844,516.8599853515625,8640900,513.41351318359375
META,2024-09-06,521.8800048828125,524.58001708984375,498.25,500.2699890136719,14744500,496.9341125488281
META,2024-09-09,506.1600036621094,511.3299865722656,502.0799865722656,504.7900085449219,11047800,501.42401123046875
META,2024-09-10,508.1600036621094,514.17999267578125,500.0299987792969,504.7900085449219,9899000,501.42401123046875
META,2024-09-11,507.010009765625,513.1199951171875,495.6000061035156,511.8299865722656,10782500,508.4170837402344
META,2024-09-12,517.04998779296875,526.71002197265625,515.219970703125,525.5999755859375,11970500,522.09527587890625
META,2024-09-13,520.34002685546875,527.58001708984375,517.1099853515625,524.6199951171875,10321400,521.121826171875
META,2024-09-16,524.53997802734375,534.0999755859375,517.4000244140625,533.280029296875,9527600,530.2294921875
META,2024-09-17,537.5999755859375,542.0999755859375,530.57000732421875,536.32000732421875,11690800,533.25201416015625
META,2024-09-18,537.07000732421875,544.20001220703125,533.9000244140625,537.95001220703125,10323500,534.87261962890625
META,2024-09-19,550,562.07000732421875,546.52001953125,559.0999755859375,15647000,555.90167236328125
META,2024-09-20,560,564.5,556.29998779296875,561.3499755859375,22066800,558.13885498046875
META,2024-09-23,569.5,573.97998046875,562.40997314453125,564.40997314453125,12830700,561.18133544921875
META,2024-09-24,566.67999267578125,567.75,554.19000244140625,563.33001708984375,12993000,560.1075439453125
META,2024-09-25,564.04998779296875,576.8800048828125,563.719970703125,568.30999755859375,16543400,565.05902099609375
META,2024-09-26,575.72998046875,577.4000244140625,562.3499755859375,567.84002685546875,14400800,564.591796875
META,2024-09-27,570.0999755859375,570.84002685546875,564.510009765625,567.3599853515625,9398400,564.11444091796875
META,2024-09-30,567.70001220703125,574.67999267578125,564.79998779296875,572.44000244140625,12792300,569.16534423828125
META,2024-10-01,577.97998046875,583.03997802734375,570.0999755859375,576.469970703125,15259300,573.1722412109375
META,2024-10-02,574.8599853515625,576,569.34002685546875,572.80999755859375,6524700,569.53326416015625
META,2024-10-03,570.1500244140625,583.3599853515625,568.72998046875,582.77001953125,11581000,579.43634033203125
META,2024-10-04,583.72998046875,596.8499755859375,581.42999267578125,595.94000244140625,14169500,592.5308837890625
META,2024-10-07,598.219970703125,602.95001220703125,584.03997802734375,584.780029296875,12014200,581.434814453125
META,2024-10-08,589.69000244140625,593.55999755859375,585.969970703125,592.8900146484375,7857400,589.4984130859375
META,2024-10-09,593.989990234375,594.3900146484375,581.6099853515625,590.510009765625,9529700,587.1319580078125
META,2024-10-10,587.57000732421875,590.22998046875,582.52001953125,583.83001708984375,7740400,580.49017333984375
META,2024-10-11,584.83001708984375,591.21002197265625,582.71002197265625,589.95001220703125,8587100,586.57525634765625
META,2024-10-14,594.219970703125,600.0999755859375,589.96002197265625,590.41998291015625,8252000,587.04254150390625
META,2024-10-15,590.15997314453125,590.6099853515625,580.1400146484375,586.27001953125,9564200,582.916259765625
META,2024-10-16,581.4000244140625,582.08001708984375,574.030029296875,576.78997802734375,11268400,573.490478515625
META,2024-10-17,583.33001708984375,584.969970703125,575.20001220703125,576.92999267578125,8701200,573.629638671875
META,2024-10-18,581.0999755859375,583.969970703125,575.25,576.469970703125,7694300,573.1722412109375
META,2024-10-21,576.030029296875,577.239990234375,569.1099853515625,575.15997314453125,8171900,571.86968994140625
META,2024-10-22,574.28997802734375,583.530029296875,572.1199951171875,582.010009765625,8544500,578.68060302734375
META,2024-10-23,579.969970703125,585,562.5,563.69000244140625,14248400,560.46551513671875
META,2024-10-24,567.1300048828125,568.8800048828125,561.52001953125,567.780029296875,7184700,564.53204345703125
META,2024-10-25,573.92999267578125,581.28997802734375,571.719970703125,573.25,11337900,569.970703125
META,2024-10-28,582,583.75,574.1199951171875,578.15997314453125,10925100,574.8526611328125
META,2024-10-29,580.1500244140625,593.66998291015625,575.4000244140625,593.280029296875,13019100,589.88623046875
META,2024-10-30,600.97998046875,601.20001220703125,589.3800048828125,591.79998779296875,26864900,588.41461181640625
META,2024-10-31,585,589.9000244140625,563.010009765625,567.58001708984375,26838400,564.33319091796875
META,2024-11-01,567.6099853515625,573.66998291015625,562.55999755859375,567.15997314453125,15303200,563.9154052734375
META,2024-11-04,564.0999755859375,568.69000244140625,557.8900146484375,560.67999267578125,12064600,557.47271728515625
META,2024-11-05,567.29998779296875,573.47998046875,566.66998291015625,572.42999267578125,9775400,569.15545654296875
META,2024-11-06,562.75,573,555.16998291015625,572.04998779296875,18305400,568.777587890625
META,2024-11-07,576.8900146484375,594.79998779296875,575.21002197265625,591.70001220703125,14653700,588.315185546875
META,2024-11-08,591.53997802734375,593.0999755859375,584.52001953125,589.34002685546875,9415700,585.96868896484375
META,2024-11-11,586.3599853515625,587,576.510009765625,583.16998291015625,10209100,579.83404541015625
META,2024-11-12,588.53997802734375,599.65997314453125,580.3800048828125,584.82000732421875,16287700,581.4744873046875
META,2024-11-13,582.6099853515625,585.6400146484375,575.16998291015625,580,10757600,576.68218994140625
META,2024-11-14,577,580.760009765625,573.010009765625,577.15997314453125,11053700,573.8582763671875
META,2024-11-15,571.219970703125,572.57000732421875,551.5,554.08001708984375,17712900,550.91046142578125
META,2024-11-18,557.03997802734375,559.9000244140625,550.09002685546875,554.4000244140625,14327300,551.22857666015625
META,2024-11-19,551.8599853515625,561.42999267578125,550.5999755859375,561.09002685546875,9522400,557.88037109375
META,2024-11-20,562.92999267578125,566.3499755859375,554.20001220703125,565.52001953125,9797300,562.28497314453125
META,2024-11-21,569.52001953125,570,549.04998779296875,563.09002685546875,11154700,559.868896484375
META,2024-11-22,563.54998779296875,563.83001708984375,554.59002685546875,559.1400146484375,9164000,555.94146728515625
META,2024-11-25,562.0999755859375,572.59002685546875,556.3900146484375,565.1099853515625,13599800,561.8773193359375
META,2024-11-26,566,577.5,565.20001220703125,573.53997802734375,10356600,570.25909423828125
META,2024-11-27,574.8900146484375,574.97998046875,564.0999755859375,569.20001220703125,7200200,565.9439697265625
META,2024-11-29,569,578.46002197265625,566.9000244140625,574.32000732421875,7130500,571.03460693359375
META,2024-12-02,577.5,594.5,575.57000732421875,592.83001708984375,12522400,589.43878173828125
META,2024-12-03,595,614.20001220703125,591.25,613.6500244140625,14907200,610.13970947265625
META,2024-12-04,612.96002197265625,617.780029296875,605.0999755859375,613.780029296875,14697000,610.2689208984375
META,2024-12-05,617.08001708984375,619.9000244140625,607.04998779296875,608.92999267578125,8081200,605.44671630859375
META,2024-12-06,610.0999755859375,629.78997802734375,608.530029296875,623.77001953125,16935500,620.20172119140625
META,2024-12-09,623.91998291015625,626.4000244140625,606.16998291015625,613.57000732421875,11426000,610.06011962890625
META,2024-12-10,617.55999755859375,625.59002685546875,612.739990234375,619.32000732421875,10938900,615.7772216796875
META,2024-12-11,623.3699951171875,638.4000244140625,621.530029296875,632.67999267578125,10837200,629.060791015625
META,2024-12-12,631.5,636.65997314453125,627.21002197265625,630.78997802734375,7474700,627.18157958984375
META,2024-12-13,627.219970703125,631.08001708984375,616.8900146484375,620.3499755859375,8453300,616.80133056640625
META,2024-12-16,629.97998046875,631.1500244140625,618.58001708984375,624.239990234375,10885600,621.16973876953125
META,2024-12-17,626.16998291015625,632.3699951171875,616.53997802734375,619.44000244140625,12897800,616.39337158203125
META,2024-12-18,621,627.3599853515625,596.32000732421875,597.19000244140625,17075500,594.25274658203125
META,2024-12-19,610.3900146484375,611.52001953125,595,595.57000732421875,14958100,592.64068603515625
META,2024-12-20,590.58001708984375,603.1099853515625,580,585.25,48989400,582.3714599609375
META,2024-12-23,589.5999755859375,601.09002685546875,586.25,599.8499755859375,10205800,596.89959716796875
META,2024-12-24,602.719970703125,607.989990234375,599.280029296875,607.75,4726100,604.7608642578125
META,2024-12-26,605.47998046875,606.29998779296875,598.94000244140625,603.3499755859375,6081400,600.38250732421875
META,2024-12-27,599.40997314453125,601.8499755859375,589.79998779296875,599.80999755859375,8084200,596.85986328125
META,2024-12-30,588.75,596.94000244140625,585.58001708984375,591.239990234375,7025900,588.33197021484375
META,2024-12-31,592.27001953125,593.969970703125,583.8499755859375,585.510009765625,6019500,582.63018798828125
META,2025-01-02,589.719970703125,604.90997314453125,587.82000732421875,599.239990234375,12682300,596.29266357421875
META,2025-01-03,604.760009765625,609.5,596.40997314453125,604.6300048828125,11436800,601.6561279296875
META,2025-01-06,611.83001708984375,630.989990234375,605.6199951171875,630.20001220703125,14560800,627.10040283203125
META,2025-01-07,631.70001220703125,632.0999755859375,608.22998046875,617.8900146484375,12071500,614.8509521484375
META,2025-01-08,613.4000244140625,616.44000244140625,602.78997802734375,610.719970703125,10085800,607.7161865234375
META,2025-01-10,610.030029296875,629.90997314453125,597.34002685546875,615.8599853515625,19256600,612.8309326171875
META,2025-01-13,607.0999755859375,608.969970703125,598.45001220703125,608.33001708984375,10785000,605.337890625
META,2025-01-14,605.07000732421875,605.489990234375,588.54998779296875,594.25,13598000,591.3272705078125
META,2025-01-15,610.21002197265625,622.46002197265625,606.5,617.1199951171875,15524300,614.084716796875
META,2025-01-16,611.5,616.25,609.71002197265625,611.29998779296875,8355300,608.2933349609375
META,2025-01-17,624.04998779296875,624.969970703125,603.66998291015625,612.77001953125,17280600,609.756103515625
META,2025-01-21,617.83001708984375,621.5,609.010009765625,616.46002197265625,11674000,613.427978515625
META,2025-01-22,623.29998779296875,633.70001220703125,619.42999267578125,623.5,12274000,620.433349609375
META,2025-01-23,627.3599853515625,636.5999755859375,621.1500244140625,636.45001220703125,9910200,633.3197021484375
META,2025-01-24,636.4000244140625,652,634.20001220703125,647.489990234375,19065300,644.30535888671875
META,2025-01-27,626.6099853515625,663.8699951171875,625.0999755859375,659.8800048828125,28399200,656.63446044921875
META,2025-01-28,666,682.58001708984375,659.469970703125,674.33001708984375,20950100,671.01336669921875
META,2025-01-29,675,681.04998779296875,665.66998291015625,676.489990234375,21377800,673.1627197265625
META,2025-01-30,696.82000732421875,710.78997802734375,676.0999755859375,687,29322900,683.62103271484375
META,2025-01-31,691,705.29998779296875,685.58001708984375,689.17999267578125,19303900,685.79034423828125
META,2025-02-03,675.90997314453125,704,675.25,697.46002197265625,21415700,694.0296630859375
META,2025-02-04,702.5,707.71002197265625,691.6099853515625,704.19000244140625,13826300,700.72650146484375
META,2025-02-05,703.54998779296875,718.1400146484375,699.010009765625,704.8699951171875,17778200,701.40313720703125
META,2025-02-06,705.8800048828125,718.9000244140625,703.5,711.989990234375,13080700,708.4881591796875
META,2025-02-07,716.79998779296875,725.010009765625,711.75,714.52001953125,16427100,711.00567626953125
META,2025-02-10,718.55999755859375,721.20001220703125,711.33001708984375,717.4000244140625,12904300,713.87152099609375
META,2025-02-11,713.32000732421875,723.65997314453125,710.03997802734375,719.79998779296875,12998000,716.2596435546875
META,2025-02-12,715.29998779296875,727.0999755859375,712.5999755859375,725.3800048828125,12016500,721.81231689453125
META,2025-02-13,721.52001953125,729,718.03997802734375,728.55999755859375,12569100,724.97662353515625
META,2025-02-14,726.1400146484375,740.90997314453125,725.6199951171875,736.66998291015625,16901200,733.0467529296875
META,2025-02-18,736,737,706.44000244140625,716.3699951171875,21938700,712.84661865234375
META,2025-02-19,704.0999755859375,707,695.3900146484375,703.77001953125,17535500,700.30859375
META,2025-02-20,697.280029296875,705.6300048828125,693.6400146484375,694.84002685546875,12587400,691.4224853515625
META,2025-02-21,696.58001708984375,703.8699951171875,682.3599853515625,683.54998779296875,15660400,680.18792724609375
META,2025-02-24,686.280029296875,687.27001953125,662.45001220703125,668.1300048828125,15677000,664.84393310546875
META,2025-02-25,665.969970703125,668,641.8599853515625,657.5,20579700,654.26611328125
META,2025-02-26,659.6500244140625,683.010009765625,658,673.70001220703125,14488700,670.38641357421875
META,2025-02-27,682.45001220703125,688.6500244140625,657.57000732421875,658.239990234375,12500000,655.00250244140625
META,2025-02-28,658.03997802734375,669.6300048828125,642.5999755859375,668.20001220703125,17534200,664.91357421875
META,2025-03-03,673.67999267578125,681.25,650.84002685546875,655.04998779296875,10843800,651.82818603515625
META,2025-03-04,645.510009765625,649.75,623.6500244140625,640,21495200,636.85223388671875
META,2025-03-05,641,659.5,637.65997314453125,656.469970703125,13770000,653.2410888671875
META,2025-03-06,648,650.55999755859375,624.1099853515625,627.92999267578125,13446500,624.841552734375
META,2025-03-07,625.3699951171875,634.78997802734375,600.6099853515625,625.65997314453125,21375700,622.58270263671875
META,2025-03-10,608.07000732421875,610.1099853515625,586.8699951171875,597.989990234375,21999900,595.04876708984375
META,2025-03-11,595.04998779296875,614.92999267578125,593.33001708984375,605.71002197265625,17401500,602.7308349609375
META,2025-03-12,629.9000244140625,633.33001708984375,609.3499755859375,619.55999755859375,15747000,616.51263427734375
META,2025-03-13,620.25,620.5,586.510009765625,590.6400146484375,16480300,587.73504638671875
META,2025-03-14,602.79998779296875,608.8599853515625,594.780029296875,607.5999755859375,12364500,605.14947509765625
META,2025-03-17,607.46002197265625,613.0999755859375,598,604.9000244140625,15473900,602.4603271484375
META,2025-03-18,600.04998779296875,600.25,574.65997314453125,582.3599853515625,20297700,580.01123046875
META,2025-03-19,584.280029296875,592.32000732421875,574.77001953125,584.05999755859375,20537500,581.70440673828125
META,2025-03-20,582.760009765625,610.20001220703125,579.510009765625,586,24336500,583.6365966796875
META,2025-03-21,583.41998291015625,597.53997802734375,580.95001220703125,596.25,25015900,593.84521484375
META,2025-03-24,614.969970703125,622.53997802734375,612.20001220703125,618.8499755859375,15741300,616.35406494140625
META,2025-03-25,626.760009765625,633.8800048828125,621.17999267578125,626.30999755859375,15312500,623.7840576171875
META,2025-03-26,624.8900146484375,626.75,606.6099853515625,610.97998046875,12609800,608.51580810546875
META,2025-03-27,602,614.25,600.0999755859375,602.58001708984375,10436500,600.14971923828125
META,2025-03-28,600.30999755859375,601.75,573.91998291015625,576.739990234375,17602800,574.4139404296875
META,2025-03-31,563.5,578.70001220703125,553.29998779296875,576.3599853515625,21124700,574.03546142578125
META,2025-04-01,570.84002685546875,589.90997314453125,570,586,12836600,583.6365966796875
META,2025-04-02,574.90997314453125,592.65997314453125,573.3599853515625,583.92999267578125,13470800,581.57489013671875
META,2025-04-03,546.219970703125,552.55999755859375,530.29998779296875,531.6199951171875,34777500,529.47589111328125
META,2025-04-04,506.6199951171875,518,494.20001220703125,504.7300109863281,38589800,502.6943664550781
META,2025-04-07,485.1000061035156,539.3699951171875,481.8999938964844,516.25,36606100,514.1678466796875
META,2025-04-08,543.25,547.42999267578125,502.8599853515625,510.45001220703125,28034200,508.39129638671875
META,2025-04-09,509.2699890136719,587.8900146484375,502.1099853515625,585.77001953125,39216600,583.40753173828125
META,2025-04-10,575.489990234375,581.29998779296875,535.29998779296875,546.28997802734375,28173500,544.08673095703125
META,2025-04-11,535.510009765625,547.4000244140625,528.59002685546875,543.57000732421875,17642300,541.37774658203125
META,2025-04-14,556.16998291015625,557.77001953125,528.280029296875,531.47998046875,14130900,529.33648681640625
META,2025-04-15,532.1099853515625,537.94000244140625,517.5,521.52001953125,15558700,519.4166259765625
META,2025-04-16,508.510009765625,513.3699951171875,495.6300048828125,502.30999755859375,18735100,500.2840881347656
META,2025-04-17,505.25,507.29998779296875,498.010009765625,501.4800109863281,14593500,499.4574890136719
META,2025-04-21,491.3299865722656,493.5,479.79998779296875,484.6600036621094,16166000,482.7052917480469
META,2025-04-22,491.8699951171875,506.8800048828125,486.3599853515625,500.2799987792969,17399400,498.2622985839844
META,2025-04-23,528.530029296875,535.34002685546875,516.52001953125,520.27001953125,18173900,518.17169189453125
META,2025-04-24,518.72998046875,533.9000244140625,517.5,533.1500244140625,13910000,530.99969482421875
META,2025-04-25,546.79998779296875,549.8599853515625,536.25,547.27001953125,17098900,545.062744140625
META,2025-04-28,555.6400146484375,558.489990234375,540.59002685546875,549.739990234375,15179000,547.5228271484375
META,2025-04-29,546,556.57000732421875,544.1199951171875,554.44000244140625,11835000,552.203857421875
META,2025-04-30,538.4000244140625,549.0999755859375,529.5,549,29244000,546.7857666015625
META,2025-05-01,592.08001708984375,592.95001220703125,570.5,572.21002197265625,31159000,569.90228271484375
META,2025-05-02,583.46002197265625,604.34002685546875,578.33001708984375,597.02001953125,24739300,594.6121826171875
META,2025-05-05,591.219970703125,603.21002197265625,588.04998779296875,599.27001953125,13887700,596.8531494140625
META,2025-05-06,592.530029296875,596.030029296875,586.58001708984375,587.30999755859375,10600700,584.94134521484375
META,2025-05-07,590.3599853515625,603.08001708984375,586.66998291015625,596.80999755859375,13139100,594.40301513671875
META,2025-05-08,606.28997802734375,611.29998779296875,596.6199951171875,598.010009765625,14622800,595.59820556640625
META,2025-05-09,603.719970703125,606.969970703125,591.71002197265625,592.489990234375,10427300,590.10040283203125
META,2025-05-12,630.91998291015625,640.3900146484375,621.030029296875,639.42999267578125,21965100,636.85107421875
META,2025-05-13,645.53997802734375,660.91998291015625,642.83001708984375,656.030029296875,18570800,653.3841552734375
META,2025-05-14,661.21002197265625,662.66998291015625,654.30999755859375,659.3599853515625,12348200,656.70074462890625
META,2025-05-15,654.280029296875,657.30999755859375,638.58001708984375,643.8800048828125,14341800,641.28314208984375
META,2025-05-16,637.96002197265625,640.44000244140625,626.1500244140625,640.34002685546875,18519000,637.75750732421875
META,2025-05-19,628.25,643,627.79998779296875,640.42999267578125,9592400,637.84716796875
META,2025-05-20,636.010009765625,639.3499755859375,632.260009765625,637.0999755859375,6743500,634.53045654296875
META,2025-05-21,631.78997802734375,646.6099853515625,630.16998291015625,635.5,11464600,632.9368896484375
META,2025-05-22,634.04998779296875,643.25,630.71002197265625,636.57000732421875,8228400,634.0025634765625
META,2025-05-23,624,632.45001220703125,622.6500244140625,627.05999755859375,8454100,624.53094482421875
META,2025-05-27,635.40997314453125,643.08001708984375,632.75,642.32000732421875,9508400,639.72943115234375
META,2025-05-28,642.5999755859375,650.8800048828125,642.54998779296875,643.58001708984375,9042900,640.98443603515625
META,2025-05-29,651.6500244140625,653.32000732421875,639.5,645.04998779296875,8858800,642.448486328125
META,2025-05-30,642.5,649.40997314453125,632.780029296875,647.489990234375,16241000,644.87860107421875
META,2025-06-02,644.3900146484375,673.260009765625,644.260009765625,670.9000244140625,15766300,668.1942138671875
META,2025-06-03,671.45001220703125,675.58001708984375,665.030029296875,666.8499755859375,11585000,664.16046142578125
META,2025-06-04,669.32000732421875,689,668.57000732421875,687.95001220703125,14031900,685.17547607421875
META,2025-06-05,691.65997314453125,694.3800048828125,682.25,684.6199951171875,13083100,681.85882568359375
META,2025-06-06,696.16998291015625,702.80999755859375,691.8699951171875,697.71002197265625,11728000,694.89605712890625
META,2025-06-09,698.46002197265625,705.19000244140625,693.94000244140625,694.05999755859375,12773200,691.2607421875
META,2025-06-10,701.3499755859375,703.22998046875,691.55999755859375,702.4000244140625,10850100,699.567138671875
META,2025-06-11,703.71002197265625,708.8699951171875,691.989990234375,694.1400146484375,9582500,691.34039306640625
META,2025-06-12,693.29998779296875,695.3800048828125,687,693.3599853515625,7322700,690.56353759765625
META,2025-06-13,687.95001220703125,694.57000732421875,681.010009765625,682.8699951171875,9274400,680.11590576171875
META,2025-06-16,699.33001708984375,707.1500244140625,693.510009765625,702.1199951171875,13720300,699.8262939453125
META,2025-06-17,702,705.969970703125,696.05999755859375,697.22998046875,10066100,694.9522705078125
META,2025-06-18,698.17999267578125,701.59002685546875,694.9000244140625,695.77001953125,10068300,693.4970703125
META,2025-06-20,700.75,701.82000732421875,678.66998291015625,682.3499755859375,22538600,680.120849609375
META,2025-06-23,683.69000244140625,699.04998779296875,678.75,698.530029296875,11080100,696.248046875
META,2025-06-24,704.8900146484375,713.19000244140625,702.1099853515625,712.20001220703125,13823200,709.8734130859375
META,2025-06-25,713.32000732421875,716.58001708984375,705.3800048828125,708.67999267578125,9320400,706.3648681640625
META,2025-06-26,714.3599853515625,728.219970703125,711.04998779296875,726.09002685546875,13964800,723.718017578125
META,2025-06-27,726.52001953125,735.42999267578125,725.8599853515625,733.6300048828125,18775700,731.23345947265625
META,2025-06-30,744.54998779296875,747.9000244140625,734.25,738.09002685546875,15402100,735.6788330078125
META,2025-07-01,736.8800048828125,737.75,715.3699951171875,719.219970703125,13431200,716.87042236328125
META,2025-07-02,715.33001708984375,720.29998779296875,712.79998779296875,713.57000732421875,9336700,711.2388916015625
META,2025-07-03,726.6099853515625,729.030029296875,714.41998291015625,719.010009765625,8601700,716.66107177734375
META,2025-07-07,717.5999755859375,727,713.510009765625,718.3499755859375,9457100,716.00323486328125
META,2025-07-08,721.57000732421875,722.90997314453125,714.80999755859375,720.66998291015625,7770700,718.315673828125
META,2025-07-09,722.719970703125,737.530029296875,722.719970703125,732.780029296875,11418000,730.38616943359375
META,2025-07-10,731.54998779296875,735.79998779296875,719.5999755859375,727.239990234375,9913600,724.8642578125
META,2025-07-11,722.5,725.15997314453125,709.70001220703125,717.510009765625,10873900,715.166015625
META,2025-07-14,717.5999755859375,728,716.54998779296875,720.91998291015625,8939400,718.5648193359375
META,2025-07-15,723.9000244140625,724.469970703125,709.82000732421875,710.3900146484375,11529500,708.06927490234375
META,2025-07-16,713.3699951171875,713.969970703125,699.27001953125,702.90997314453125,13067600,700.6136474609375
META,2025-07-17,704.3900146484375,705.9000244140625,697.1099853515625,701.40997314453125,11803300,699.11859130859375
META,2025-07-18,702.19000244140625,704.71002197265625,691.6500244140625,704.280029296875,12779800,701.97930908203125
META,2025-07-21,706.79998779296875,717,705.760009765625,712.969970703125,9404400,710.64080810546875
META,2025-07-22,716.19000244140625,716.5999755859375,701.40997314453125,704.80999755859375,8921100,702.50750732421875
META,2025-07-23,706.3699951171875,714.6300048828125,704.92999267578125,713.58001708984375,8771600,711.2489013671875
META,2025-07-24,717.04998779296875,723.6199951171875,714,714.79998779296875,10920800,712.46490478515625
META,2025-07-25,716.91998291015625,720.6500244140625,711.9000244140625,712.67999267578125,8271700,710.35174560546875
META,2025-07-28,715.20001220703125,724.739990234375,712.67999267578125,717.6300048828125,8715700,715.28564453125
META,2025-07-29,720,724.469970703125,699.90997314453125,700,13267000,697.7132568359375
META,2025-07-30,708.09002685546875,708.5,691.20001220703125,695.21002197265625,27077300,692.93890380859375
META,2025-07-31,775.20001220703125,784.75,765.510009765625,773.44000244140625,38831100,770.913330078125
META,2025-08-01,760.72998046875,766,745.30999755859375,750.010009765625,19028700,747.55987548828125
META,2025-08-04,760,776.8499755859375,758.40997314453125,776.3699951171875,15801700,773.83380126953125
META,2025-08-05,776.45001220703125,783.1300048828125,763,763.46002197265625,11640300,760.96588134765625
META,2025-08-06,770,773.6400146484375,760.46002197265625,771.989990234375,9733900,769.468017578125
META,2025-08-07,773.489990234375,775,759.54998779296875,761.83001708984375,9019700,759.34124755859375
META,2025-08-08,762.75,769.9000244140625,758.58001708984375,769.29998779296875,7320800,766.786865234375
META,2025-08-11,770.08001708984375,773.46002197265625,764.66998291015625,765.8699951171875,7612000,763.36810302734375
META,2025-08-12,773,793.66998291015625,772.42999267578125,790,14563100,787.419189453125
META,2025-08-13,791.1500244140625,795.46002197265625,778.22998046875,780.08001708984375,8811800,777.5316162109375
META,2025-08-14,777.8800048828125,787.80999755859375,772.510009765625,782.1300048828125,8116200,779.57489013671875
META,2025-08-15,784.1500244140625,796.25,780.82000732421875,785.22998046875,13375400,782.664794921875
META,2025-08-18,775.09002685546875,775.80999755859375,756.55999755859375,767.3699951171875,16513700,764.8631591796875
META,2025-08-19,767.1199951171875,767.16998291015625,749.3599853515625,751.47998046875,12286700,749.02508544921875
META,2025-08-20,747.57000732421875,750.20001220703125,731,747.719970703125,11898200,745.27734375
META,2025-08-21,744.71002197265625,745.5,733.1099853515625,739.0999755859375,8876300,736.68548583984375
META,2025-08-22,739.22998046875,756.9000244140625,734.3900146484375,754.78997802734375,10612700,752.32421875
META,2025-08-25,754.82000732421875,758.8800048828125,750.1300048828125,753.29998779296875,6861200,750.83905029296875
META,2025-08-26,750.79998779296875,754.8699951171875,747.94000244140625,754.0999755859375,7601800,751.636474609375
META,2025-08-27,752.29998779296875,754.1500244140625,742.84002685546875,747.3800048828125,8315400,744.93841552734375
META,2025-08-28,744,753.04998779296875,740.79998779296875,751.1099853515625,7468000,748.65631103515625
META,2025-08-29,745.280029296875,747.1400146484375,735.3499755859375,738.70001220703125,9070500,736.286865234375
META,2025-09-02,726.03997802734375,736,721.72998046875,735.1099853515625,9350900,732.70849609375
META,2025-09-03,736,740.25,733.989990234375,737.04998779296875,7699300,734.6422119140625
META,2025-09-04,748.57000732421875,761.15997314453125,745.82000732421875,748.6500244140625,11439100,746.204345703125
META,2025-09-05,752.6199951171875,757.95001220703125,745.030029296875,752.45001220703125,9663400,749.99188232421875
META,2025-09-08,756,766.510009765625,752.02001953125,752.29998779296875,13087800,749.84234619140625
META,2025-09-09,757.489990234375,766.29998779296875,753.42999267578125,765.70001220703125,10999000,763.19854736328125
META,2025-09-10,765.1300048828125,765.70001220703125,751,751.97998046875,12478300,749.52337646484375
META,2025-09-11,754.6500244140625,757.0999755859375,748.3699951171875,750.9000244140625,7923300,748.44696044921875
META,2025-09-12,748.72998046875,757.57000732421875,743.760009765625,755.59002685546875,8248600,753.12164306640625
META,2025-09-15,757.469970703125,774.07000732421875,751.989990234375,764.70001220703125,10533800,762.20184326171875
META,2025-09-16,767,781.3599853515625,765.0999755859375,779,11782500,776.45513916015625
META,2025-09-17,779.989990234375,783.28997802734375,766.30999755859375,775.719970703125,9400900,773.18585205078125
META,2025-09-18,780.75,788.780029296875,773.3599853515625,780.25,10955000,777.70111083984375
META,2025-09-19,786.41998291015625,790.79998779296875,769.19000244140625,778.3800048828125,23696800,775.837158203125
META,2025-09-22,781.8499755859375,785.72998046875,764.469970703125,765.15997314453125,11706900,763.175048828125
META,2025-09-23,769.25,770.5999755859375,751.07000732421875,755.4000244140625,10872600,753.44049072265625
META,2025-09-24,757.5,761.1099853515625,752.530029296875,760.65997314453125,8828200,758.68670654296875
META,2025-09-25,753.45001220703125,756.77001953125,744.54998779296875,748.90997314453125,10591100,746.96722412109375
META,2025-09-26,750,751.92999267578125,737.3499755859375,743.75,9696300,741.8206787109375
META,2025-09-29,748.719970703125,750.780029296875,739.1500244140625,743.4000244140625,9246800,741.47161865234375
META,2025-09-30,742.25,742.969970703125,726.29998779296875,734.3800048828125,16226800,732.4749755859375
META,2025-10-01,721.489990234375,721.8499755859375,710.20001220703125,717.34002685546875,20419600,715.47918701171875
META,2025-10-02,722.58001708984375,727.77001953125,718.1400146484375,727.04998779296875,11415300,725.16400146484375
META,2025-10-03,729.6300048828125,731,710.17999267578125,710.55999755859375,16154300,708.71673583984375
META,2025-10-06,705.19000244140625,716.8800048828125,690.510009765625,715.65997314453125,21654700,713.80352783203125
META,2025-10-07,717.719970703125,718.5,705.75,713.08001708984375,12062900,711.230224609375
META,2025-10-08,713.45001220703125,719.6500244140625,707.80999755859375,717.84002685546875,10790600,715.97796630859375
META,2025-10-09,718.280029296875,733.510009765625,712.44000244140625,733.510009765625,12717200,731.60723876953125
META,2025-10-10,730.91998291015625,735.27001953125,704.510009765625,705.29998779296875,16980100,703.47039794921875
META,2025-10-13,713.010009765625,719.94000244140625,707.6400146484375,715.70001220703125,9251800,713.8433837890625
META,2025-10-14,707.780029296875,715.54998779296875,699.33001708984375,708.6500244140625,8829800,706.81170654296875
META,2025-10-15,717.05999755859375,723.9000244140625,709.510009765625,717.54998779296875,10246800,715.6885986328125
META,2025-10-16,717.54998779296875,725.489990234375,703.8800048828125,712.07000732421875,9017000,710.22283935546875
META,2025-10-17,707.08001708984375,718.53997802734375,706.1199951171875,716.91998291015625,12232400,715.06024169921875
META,2025-10-20,721.19000244140625,733.77001953125,720.17999267578125,732.16998291015625,8900200,730.2706298828125
META,2025-10-21,736.02001953125,738.5,728.75,733.27001953125,7647300,731.367919921875
META,2025-10-22,733.83001708984375,740.5999755859375,724.030029296875,733.40997314453125,8734500,731.50750732421875
META,2025-10-23,734.70001220703125,742.40997314453125,733.0999755859375,734,9856000,732.095947265625
META,2025-10-24,736.78997802734375,741.21002197265625,731.1500244140625,738.3599853515625,9151300,736.444580078125
META,2025-10-27,749.72998046875,755.75,748.010009765625,750.82000732421875,11321100,748.872314453125
META,2025-10-28,752.6300048828125,758.4000244140625,745.52001953125,751.44000244140625,12193800,749.49066162109375
META,2025-10-29,754.75,759.15997314453125,742.510009765625,751.66998291015625,26818600,749.72003173828125
META,2025-10-30,669.1500244140625,680.96002197265625,650.16998291015625,666.469970703125,88440100,664.7410888671875
META,2025-10-31,674.510009765625,674.8900146484375,645.57000732421875,648.3499755859375,56953200,646.66815185546875
META,2025-11-03,656,659.33001708984375,636.17999267578125,637.71002197265625,33003600,636.05572509765625
META,2025-11-04,628.03997802734375,641.739990234375,626.010009765625,627.32000732421875,27356600,625.69268798828125
META,2025-11-05,632.30999755859375,642.22998046875,626.53997802734375,635.95001220703125,20219900,634.30029296875
META,2025-11-06,635.8499755859375,636,618,618.94000244140625,23628800,617.33441162109375
META,2025-11-07,616.489990234375,622.1300048828125,601.20001220703125,621.71002197265625,29946800,620.0972900390625
META,2025-11-10,631.09002685546875,635,618.1099853515625,631.760009765625,19245000,630.1212158203125
META,2025-11-11,628,629.55999755859375,619.3900146484375,627.08001708984375,13302200,625.45330810546875
META,2025-11-12,628.1300048828125,628.989990234375,607.77001953125,609.010009765625,24493300,607.43017578125
META,2025-11-13,613.07000732421875,617.6500244140625,603,609.8900146484375,20973800,608.30792236328125
META,2025-11-14,601.78997802734375,613.67999267578125,595.20001220703125,609.46002197265625,20724100,607.8790283203125
META,2025-11-17,609.03997802734375,611.69000244140625,595.4000244140625,602.010009765625,16501300,600.4483642578125
META,2025-11-18,591.5999755859375,603.65997314453125,583.780029296875,597.69000244140625,25500600,596.13958740234375
META,2025-11-19,593.719970703125,595.33001708984375,581.25,590.32000732421875,24744700,588.7886962890625
META,2025-11-20,603.5,606.719970703125,583.3499755859375,589.1500244140625,20603000,587.6217041015625
META,2025-11-21,588.5,598.1199951171875,581.8599853515625,594.25,21052600,592.70849609375
META,2025-11-24,598.719970703125,616.70001220703125,597.6300048828125,613.04998779296875,23554900,611.45965576171875
META,2025-11-25,624,637.04998779296875,618.29998779296875,636.219970703125,25213000,634.56951904296875
META,2025-11-26,637.69000244140625,638.3599853515625,631.6300048828125,633.6099853515625,15209500,631.96636962890625
META,2025-11-28,636.08001708984375,648.04998779296875,635.5,647.95001220703125,11033200,646.2691650390625
META,2025-12-01,639.54998779296875,645.32000732421875,637.760009765625,640.8699951171875,13029900,639.20745849609375
META,2025-12-02,642.34002685546875,647.8699951171875,638.07000732421875,647.0999755859375,11640900,645.42132568359375
META,2025-12-03,644.40997314453125,648.8499755859375,637.54998779296875,639.5999755859375,11134300,637.9407958984375
META,2025-12-04,676,676.0999755859375,660.04998779296875,661.530029296875,29874600,659.81396484375
META,2025-12-05,664,674.69000244140625,662.3900146484375,673.41998291015625,21207900,671.673095703125
META,2025-12-08,669.34002685546875,676.71002197265625,665.07000732421875,666.79998779296875,13161000,665.07025146484375
META,2025-12-09,663.77001953125,664.47998046875,653.34002685546875,656.96002197265625,12997100,655.25579833984375
META,2025-12-10,649.95001220703125,654.510009765625,643.4000244140625,650.1300048828125,16910900,648.44354248046875
META,2025-12-11,643.28997802734375,655.280029296875,640.79998779296875,652.71002197265625,13056700,651.016845703125
META,2025-12-12,649.79998779296875,711,638.6099853515625,644.22998046875,14016900,642.5587158203125
META,2025-12-15,645.70001220703125,653,638.70001220703125,647.510009765625,15549100,646.3570556640625
META,2025-12-16,643.5,662.53997802734375,643.20001220703125,657.1500244140625,14309100,655.9798583984375
META,2025-12-17,655.6099853515625,661.22998046875,649.20001220703125,649.5,15598500,648.343505859375
META,2025-12-18,657.030029296875,670.55999755859375,656.46002197265625,664.45001220703125,20260300,663.26690673828125
META,2025-12-19,666.41998291015625,671,658.17999267578125,658.77001953125,49977100,657.59698486328125
META,2025-12-22,661.6500244140625,673.58001708984375,656.6500244140625,661.5,15659400,660.32208251953125
META,2025-12-23,660.04998779296875,666,658.25,664.94000244140625,8486800,663.7559814453125
META,2025-12-24,662.530029296875,668.17999267578125,662.20001220703125,667.54998779296875,5627500,666.36138916015625
META,2025-12-26,668.05999755859375,668.95001220703125,661.32000732421875,663.28997802734375,7133800,662.10888671875
META,2025-12-29,658.010009765625,660.25,654.3900146484375,658.69000244140625,8506500,657.51715087890625
META,2025-12-30,658.69000244140625,672.219970703125,657.84002685546875,665.95001220703125,9187500,664.76422119140625
META,2025-12-31,664.75,665,659.44000244140625,660.09002685546875,7940400,658.9146728515625
META,2026-01-02,662.72998046875,664.3900146484375,643.5,650.40997314453125,13726500,649.25189208984375
META,2026-01-05,651.010009765625,664.53997802734375,647.75,658.78997802734375,12213700,657.616943359375
META,2026-01-06,659.57000732421875,665.52001953125,651.9000244140625,660.6199951171875,11074400,659.4437255859375
META,2026-01-07,655.6400146484375,659.1500244140625,644.80999755859375,648.69000244140625,12846300,647.53497314453125
META,2026-01-08,645.8800048828125,647.0999755859375,635.719970703125,646.05999755859375,11921700,644.90960693359375
META,2026-01-09,645.44000244140625,654.95001220703125,642.8499755859375,653.05999755859375,11634900,651.8970947265625
META,2026-01-12,652.530029296875,653.969970703125,641.22998046875,641.969970703125,14797200,640.826904296875
META,2026-01-13,642.27001953125,642.27001953125,624.0999755859375,631.09002685546875,18030400,629.96630859375
META,2026-01-14,626.5,628.45001220703125,614.82000732421875,615.52001953125,15527900,614.42401123046875
META,2026-01-15,618.47998046875,624.16998291015625,614.22998046875,620.79998779296875,13076100,619.694580078125
META,2026-01-16,624.17999267578125,629.08001708984375,620.08001708984375,620.25,17012500,619.14556884765625
META,2026-01-20,607.8800048828125,611.4000244140625,600,604.1199951171875,15169600,603.0443115234375
META,2026-01-21,606.739990234375,618.27001953125,600.08001708984375,612.96002197265625,14494700,611.86859130859375
META,2026-01-22,629.3499755859375,660.57000732421875,626.54998779296875,647.6300048828125,21394700,646.476806640625
META,2026-01-23,644.77001953125,666.489990234375,644.45001220703125,658.760009765625,22797700,657.5870361328125
META,2026-01-26,665.1300048828125,675.280029296875,661.28997802734375,672.3599853515625,16327400,671.16278076171875
META,2026-01-27,674.59002685546875,676.82000732421875,664.65997314453125,672.969970703125,13297400,671.77166748046875
META,2026-01-28,674.5,677.67999267578125,666.0999755859375,668.72998046875,25709600,667.53924560546875
META,2026-01-29,737.42999267578125,744,712.54998779296875,738.30999755859375,59852900,736.995361328125
META,2026-01-30,727.5,732.16998291015625,713.59002685546875,716.5,23744600,715.22418212890625
META,2026-02-02,714.5999755859375,721.29998779296875,703.52001953125,706.40997314453125,14365200,705.152099609375
META,2026-02-03,707.3699951171875,717,686.40997314453125,691.70001220703125,13760700,690.46832275390625
META,2026-02-04,687.72998046875,688.83001708984375,667.46002197265625,668.989990234375,16882800,667.79876708984375
META,2026-02-05,663.58001708984375,681.5,653.5,670.21002197265625,17131800,669.0166015625
META,2026-02-06,665.489990234375,671.989990234375,646.5,661.46002197265625,18159300,660.2822265625
META,2026-02-09,663.17999267578125,683.30999755859375,658.780029296875,677.219970703125,14837500,676.01409912109375
META,2026-02-10,677.5999755859375,680.6500244140625,669.78997802734375,670.719970703125,10455800,669.52569580078125
META,2026-02-11,674,679.27001953125,657.0999755859375,668.69000244140625,14323800,667.49932861328125
META,2026-02-12,669.969970703125,676,645.280029296875,649.80999755859375,14960100,648.6529541015625
META,2026-02-13,645.0999755859375,651.42999267578125,634.57000732421875,639.77001953125,12336400,638.630859375
META,2026-02-17,639.5,642.5999755859375,628.79998779296875,639.28997802734375,12674700,638.151611328125
META,2026-02-18,633.79998779296875,645,628.1500244140625,643.219970703125,14649200,642.07464599609375
META,2026-02-19,638.57000732421875,647.19000244140625,636.719970703125,644.780029296875,10035700,643.63189697265625
META,2026-02-20,639.69000244140625,663.3499755859375,638.780029296875,655.65997314453125,14183500,654.49249267578125
META,2026-02-23,652.53997802734375,657.70001220703125,636,637.25,8605900,636.11529541015625
META,2026-02-24,633.08001708984375,641.1099853515625,628.97998046875,639.29998779296875,10135600,638.16162109375
META,2026-02-25,642.530029296875,653.8800048828125,642.1400146484375,653.69000244140625,11330700,652.52606201171875
META,2026-02-26,650.54998779296875,661,647.5,657.010009765625,10637700,655.84014892578125
META,2026-02-27,643.45001220703125,649.44000244140625,638.1199951171875,648.17999267578125,15703000,647.02587890625
META,2026-03-02,637.15997314453125,659.94000244140625,634.5,653.55999755859375,9816100,652.396240234375
META,2026-03-03,648.28997802734375,659.03997802734375,638.84002685546875,655.08001708984375,12263800,653.91357421875
META,2026-03-04,657.96002197265625,672.77001953125,657.66998291015625,667.72998046875,10810100,666.541015625
META,2026-03-05,661.92999267578125,670.70001220703125,650.30999755859375,660.57000732421875,13341400,659.393798828125
META,2026-03-06,647.9000244140625,649.469970703125,636.1099853515625,644.8599853515625,13159400,643.71173095703125
META,2026-03-09,634.780029296875,647.75,626.780029296875,647.3900146484375,13489700,646.2373046875
META,2026-03-10,653.55999755859375,660.29998779296875,649,654.07000732421875,9859300,652.90533447265625
META,2026-03-11,654.760009765625,659.1199951171875,648.3599853515625,654.8599853515625,8977200,653.69390869140625
META,2026-03-12,648.75,653.5,636.9000244140625,638.17999267578125,11617500,637.04364013671875
META,2026-03-13,623.8900146484375,629.16998291015625,609.54998779296875,613.71002197265625,18957600,612.6171875
META,2026-03-16,632,634.75,623.0999755859375,627.45001220703125,15134900,626.8690185546875
META,2026-03-17,627.989990234375,636.54998779296875,621.70001220703125,622.65997314453125,10348800,622.08343505859375
META,2026-03-18,616.34002685546875,622.6500244140625,614.6099853515625,615.67999267578125,11726300,615.10992431640625
META,2026-03-19,612.1500244140625,613,602.260009765625,606.70001220703125,13247700,606.13824462890625
META,2026-03-20,603.530029296875,603.96002197265625,587.25,593.65997314453125,21214900,593.11029052734375
META,2026-03-23,605.78997802734375,608.6400146484375,599.010009765625,604.05999755859375,13638000,603.50067138671875
META,2026-03-24,599.0999755859375,601,591,592.91998291015625,10739700,592.3709716796875
META,2026-03-25,598.739990234375,603.66998291015625,593.4000244140625,594.8900146484375,12585000,594.33917236328125
META,2026-03-26,582.489990234375,583,543.3499755859375,547.53997802734375,35780100,547.032958984375
META,2026-03-27,540.0999755859375,543.5999755859375,520.260009765625,525.719970703125,30133000,525.233154296875
META,2026-03-30,536.3800048828125,539.54998779296875,528.53997802734375,536.3800048828125,22795200,535.88336181640625
META,2026-03-31,549.97998046875,573.69000244140625,546.77001953125,572.1300048828125,32898300,571.6002197265625
META,2026-04-01,580.1300048828125,592.54998779296875,573.82000732421875,579.22998046875,23608100,578.69366455078125
META,2026-04-02,566.03997802734375,578.5,559.70001220703125,574.46002197265625,13518500,573.9281005859375
META,2026-04-06,577.69000244140625,582.78997802734375,572,573.02001953125,9515700,572.48944091796875
META,2026-04-07,572.47998046875,575.22998046875,564.760009765625,575.04998779296875,9580800,574.51751708984375
META,2026-04-08,606,629.95001220703125,591.83001708984375,612.41998291015625,32036600,611.8529052734375
META,2026-04-09,626.969970703125,637.5,623,628.3900146484375,19012900,627.80816650390625
META,2026-04-10,634.469970703125,638.58001708984375,624.33001708984375,629.8599853515625,13294800,629.2767333984375
META,2026-04-13,629.5,635,624.4000244140625,634.530029296875,9538900,633.9425048828125
META,2026-04-14,643.219970703125,666.260009765625,639.3699951171875,662.489990234375,17818000,661.87652587890625
META,2026-04-15,667,678.5,664.219970703125,671.58001708984375,14952600,670.95819091796875
META,2026-04-16,675.989990234375,677.58001708984375,667.75,676.8699951171875,9544800,676.24322509765625
META,2026-04-17,678.5999755859375,691.52001953125,675.1300048828125,688.54998779296875,16283500,687.91241455078125
META,2026-04-20,681.3599853515625,683.3800048828125,668,670.90997314453125,12534000,670.28875732421875
META,2026-04-21,671,676.20001220703125,667.33001708984375,668.84002685546875,8660100,668.220703125
META,2026-04-22,674.3599853515625,678.3800048828125,669.75,674.719970703125,9215600,674.09521484375
META,2026-04-23,663.70001220703125,669.55999755859375,653.04998779296875,659.1500244140625,11667000,658.5396728515625
META,2026-04-24,660.32000732421875,680.66998291015625,653.84002685546875,675.030029296875,13348300,674.40496826171875
META,2026-04-27,671,682.5,670.84002685546875,678.6199951171875,12805200,677.99163818359375
META,2026-04-28,674.239990234375,678.17999267578125,665.6300048828125,671.34002685546875,10606800,670.7183837890625
META,2026-04-29,668.90997314453125,674.25,663.80999755859375,669.1199951171875,18947500,668.50042724609375
META,2026-04-30,619.32000732421875,620.8499755859375,600,611.90997314453125,52765000,611.3433837890625
META,2026-05-01,614.69000244140625,618.8800048828125,606.1099853515625,608.75,21404000,608.18634033203125
META,2026-05-04,607.94000244140625,614,602.75,610.40997314453125,16203900,609.84478759765625
META,2026-05-05,613.30999755859375,614.3499755859375,600.3599853515625,604.96002197265625,17171300,604.39984130859375
META,2026-05-06,601.04998779296875,619.95001220703125,598.0999755859375,612.8800048828125,19915500,612.3125
META,2026-05-07,614.719970703125,624.97998046875,613.53997802734375,616.80999755859375,12307400,616.23883056640625
META,2026-05-08,615.20001220703125,616.77001953125,606.05999755859375,609.6300048828125,13557000,609.06549072265625
META,2026-05-11,604.57000732421875,604.90997314453125,598.08001708984375,598.8599853515625,15940600,598.30548095703125
META,2026-05-12,594.82000732421875,603.75,592.5999755859375,603,11351600,602.441650390625
META,2026-05-13,598.83001708984375,619.9000244140625,596.65997314453125,616.6300048828125,14634400,616.05902099609375
META,2026-05-14,616,623.72998046875,615,618.42999267578125,10651200,617.85736083984375
META,2026-05-15,613.989990234375,621.20001220703125,609.30999755859375,614.22998046875,13272600,613.6612548828125
META,2026-05-18,609.1099853515625,615.59002685546875,603.69000244140625,611.21002197265625,13772400,610.64404296875
META,2026-05-19,608.91998291015625,613.92999267578125,600.54998779296875,602.6099853515625,11749900,602.052001953125
META,2026-05-20,600.760009765625,608,597.80999755859375,605.05999755859375,11329700,604.499755859375
META,2026-05-21,600,609.5999755859375,594.80999755859375,607.3800048828125,13476100,606.81756591796875
META,2026-05-22,607.8800048828125,614.80999755859375,606.95001220703125,610.260009765625,11688600,609.6949462890625
META,2026-05-26,608.8900146484375,614.469970703125,605.29998779296875,612.34002685546875,12234200,611.77301025390625
META,2026-05-27,609.4000244140625,638.5,609,635.260009765625,23143600,634.67181396484375
META,2026-05-28,639.5,643,629.30999755859375,635.28997802734375,16772400,634.70172119140625
META,2026-05-29,633.5,634.5,623.3499755859375,632.510009765625,19806500,631.92431640625
META,2026-06-01,630.4000244140625,635.75,599.530029296875,600.469970703125,29138800,599.9139404296875
META,2026-06-02,603.239990234375,608.8800048828125,596.67999267578125,597.6300048828125,18252000,597.07659912109375
META,2026-06-03,603,624.1500244140625,600.27001953125,622.97998046875,23020100,622.40313720703125
META,2026-06-04,623.66998291015625,642.4000244140625,622.42999267578125,627.57000732421875,21469200,626.9888916015625
META,2026-06-05,623.46002197265625,629.1500244140625,582.90997314453125,593,30091600,592.450927734375
META,2026-06-08,592,592,579.219970703125,585.3900146484375,19512400,584.84796142578125
META,2026-06-09,591,597.6300048828125,581.010009765625,584.59002685546875,16977400,584.0487060546875
META,2026-06-10,580.72998046875,591.32000732421875,570.5999755859375,570.97998046875,17064000,570.4512939453125
META,2026-06-11,565.83001708984375,572.16998291015625,557.010009765625,568.42999267578125,17628000,567.90362548828125
META,2026-06-12,572.95001220703125,576.07000732421875,560.9000244140625,566.97998046875,14326400,566.4549560546875
META,2026-06-15,579.9000244140625,601.27001953125,579.29998779296875,593.47998046875,17653300,593.47998046875
META,2026-06-16,593.6500244140625,605.80999755859375,592,600.21002197265625,11344400,600.21002197265625
META,2026-06-17,592,593.80999755859375,566.19000244140625,567.58001708984375,20478300,567.58001708984375
META,2026-06-18,572.82000732421875,580.219970703125,563.0999755859375,577.219970703125,28824600,577.219970703125
META,2026-06-22,572.02001953125,575.80999755859375,559.80999755859375,563.8499755859375,15405500,563.8499755859375
META,2026-06-23,562.25,572.20001220703125,561.02001953125,562.20001220703125,13103300,562.20001220703125
META,2026-06-24,561.8900146484375,569.03997802734375,555.54998779296875,557.66998291015625,13963600,557.66998291015625
META,2026-06-25,555.54998779296875,556.34002685546875,540.17999267578125,542.8699951171875,16968600,542.8699951171875
META,2026-06-26,543.34002685546875,556.8499755859375,540.4000244140625,550.25,18867700,550.25
META,2026-06-29,560,570.9000244140625,558,562.5999755859375,15011400,562.5999755859375
META,2026-06-30,560.94000244140625,565.53997802734375,551.42999267578125,563.28997802734375,18111100,563.28997802734375
META,2026-07-01,607.90997314453125,628.280029296875,595.0999755859375,612.90997314453125,45536300,612.90997314453125
META,2026-07-02,607.9000244140625,610,580.41998291015625,582.9000244140625,21705900,582.9000244140625
META,2026-07-06,594.84002685546875,603.58001708984375,581.760009765625,600.28997802734375,17674100,600.28997802734375
META,2026-07-07,607.59002685546875,625.3699951171875,603.65997314453125,615.58001708984375,18560800,615.58001708984375
META,2026-07-08,614.3900146484375,616,598.010009765625,603.1199951171875,13606500,603.1199951171875
META,2026-07-09,583.989990234375,633.27001953125,577.07000732421875,631.47998046875,26579700,631.47998046875
META,2026-07-10,660.34002685546875,677.8599853515625,658.010009765625,669.21002197265625,40608900,669.21002197265625
META,2026-07-13,661.3800048828125,676.6199951171875,654.20001220703125,656.72998046875,19840700,656.72998046875
META,2026-07-14,652,666.5,649.04998779296875,661.03997802734375,16748200,661.03997802734375
META,2026-07-15,663.5999755859375,686.08001708984375,656.65997314453125,681.30999755859375,19003400,681.30999755859375
META,2026-07-16,677.280029296875,681.9000244140625,660.15997314453125,664.53997802734375,15816000,664.53997802734375
META,2026-07-17,647.70001220703125,652.20001220703125,626,646.010009765625,22267900,646.010009765625
META,2026-07-20,646.70001220703125,653.29998779296875,636.010009765625,645.8499755859375,10225200,645.8499755859375
META,2026-07-21,654.17999267578125,655.8800048828125,643.20001220703125,643.80999755859375,9140500,643.80999755859375
META,2026-07-22,647.70001220703125,649,624,627.16998291015625,11019600,627.16998291015625
META,2026-07-23,608.40997314453125,614.6500244140625,597.219970703125,606.0999755859375,15494800,606.0999755859375
META,2026-07-24,605.29998779296875,609.97998046875,594.45001220703125,595.19000244140625,11503500,595.19000244140625
META,2026-07-27,607.219970703125,611.260009765625,593.1300048828125,593.8699951171875,11195300,593.8699951171875
META,2026-07-28,596.82000732421875,601,587,593.40997314453125,12009300,593.40997314453125
META,2026-07-29,593.25,599.969970703125,582.219970703125,585.6099853515625,22371100,585.6099853515625
META,2026-07-30,526,539.8800048828125,524.489990234375,539.030029296875,42271500,539.030029296875
META,2026-07-31,543.5999755859375,558.33001708984375,540.219970703125,556.71002197265625,24261500,556.71002197265625
META,2026-08-03,562.239990234375,597.52001953125,559.3599853515625,590.239990234375,25938100,590.239990234375
META,2026-08-04,581.5,592.78997802734375,578.25,587.94000244140625,17959200,587.94000244140625
META,2026-08-05,600.46002197265625,601,580.1199951171875,588.77001953125,14897200,588.77001953125
META,2026-08-06,586.95001220703125,595.30999755859375,586,589.9000244140625,11811500,589.9000244140625
META,2026-08-07,585.6400146484375,598.739990234375,585.6199951171875,592.0999755859375,11250300,592.0999755859375
META,2026-08-10,599.1300048828125,608.21002197265625,592.030029296875,594.91998291015625,14967300,594.91998291015625
META,2026-08-11,598,612.42999267578125,593.4000244140625,599.1199951171875,13146900,599.1199951171875
META,2026-08-12,601.07000732421875,604.5,578.21002197265625,578.8499755859375,16186900,578.8499755859375
META,2026-08-13,580.71002197265625,595.8499755859375,579.3900146484375,594.969970703125,11164200,594.969970703125
META,2026-08-14,596.97998046875,601.8599853515625,589.28997802734375,589.8499755859375,8758000,589.8499755859375
META,2026-08-17,589.75,590.239990234375,564.75,568.969970703125,17225600,568.969970703125
META,2026-08-18,557.47998046875,560.65997314453125,543.21002197265625,543.66998291015625,27094900,543.66998291015625
META,2026-08-19,541.34002685546875,554.07000732421875,537.27001953125,546.030029296875,16971700,546.030029296875
META,2026-08-20,546.95001220703125,549.989990234375,539.30999755859375,545.83001708984375,13872200,545.83001708984375
META,2026-08-21,546.8900146484375,553.8699951171875,543.22998046875,549.9000244140625,13848000,549.9000244140625
META,2026-08-24,550.20001220703125,561.41998291015625,546.29998779296875,559.02001953125,12990600,559.02001953125
META,2026-08-25,563.8800048828125,570.79998779296875,561.4000244140625,570.04998779296875,9769100,570.04998779296875
META,2026-08-26,590.30999755859375,593.34002685546875,561.8800048828125,576.1400146484375,31416300,576.1400146484375
META,2026-08-27,576.47998046875,588.3900146484375,567.6199951171875,571.0999755859375,15221400,571.0999755859375
META,2026-08-28,571.54998779296875,589.19000244140625,571,578.02001953125,16042400,578.02001953125
META,2026-08-31,577.6300048828125,578.67999267578125,569.1400146484375,572.34002685546875,13383800,572.34002685546875
META,2026-09-01,558.3499755859375,584.95001220703125,556.0999755859375,578.53997802734375,15796900,578.53997802734375
META,2026-09-02,578.78997802734375,600.3800048828125,577,592.8499755859375,16487300,592.8499755859375
