symbol,date,open,high,low,close,volume,adjusted
UNH,2015-01-02,101.5,102.62000274658203,100.01000213623047,100.77999877929688,3060900,83.35271453857422
UNH,2015-01-05,100.30000305175781,100.44999694824219,98.75,99.12000274658203,4679000,81.979766845703125
UNH,2015-01-06,99.83000183105469,100.13999938964844,98.45999908447266,98.91999816894531,3468300,81.81434631347656
UNH,2015-01-07,98.95999908447266,100.30000305175781,98.91999816894531,99.93000030517578,3225800,82.6496810913086
UNH,2015-01-08,101.56999969482422,104.9800033569336,100.72000122070313,104.69999694824219,5346100,86.5948486328125
UNH,2015-01-09,104.41999816894531,104.62999725341797,102.9000015258789,103.72000122070313,3397600,85.78430938720703
UNH,2015-01-12,103.83000183105469,104,101.91000366210938,102.55000305175781,3051500,84.81664276123047
UNH,2015-01-13,103.94000244140625,105.5999984741211,101.83999633789063,103.06999969482422,3856500,85.24671936035156
UNH,2015-01-14,101.61000061035156,103.4800033569336,101.18000030517578,103.33000183105469,4725600,85.4617691040039
UNH,2015-01-15,103.55999755859375,104.58999633789063,103.12999725341797,104.45999908447266,5888900,86.396331787109375
UNH,2015-01-16,104.5,106,103.6500015258789,105.7699966430664,6045500,87.47982025146484
UNH,2015-01-20,106.19999694824219,106.37999725341797,104.5,105.62000274658203,6526800,87.355743408203125
UNH,2015-01-21,106.5199966430664,109.44999694824219,105.62000274658203,109.31999969482422,8293700,90.41593933105469
UNH,2015-01-22,109.75,114.12000274658203,109.33000183105469,113.8499984741211,8055200,94.16258239746094
UNH,2015-01-23,113.63999938964844,114.31999969482422,112,112,5256000,92.63250732421875
UNH,2015-01-26,112,112,110.76000213623047,111.61000061035156,4203400,92.30995178222656
UNH,2015-01-27,110.94999694824219,111.25,109.91999816894531,110.01000213623047,4718300,90.98661804199219
UNH,2015-01-28,110.56999969482422,110.87999725341797,108.44999694824219,108.45999908447266,6633500,89.70465850830078
UNH,2015-01-29,108.1500015258789,109.58000183105469,106.73999786376953,109.38999938964844,4912300,90.47383117675781
UNH,2015-01-30,108.62000274658203,109.38999938964844,106.13999938964844,106.25,5397500,87.8768081665039
UNH,2015-02-02,106.7300033569336,107.33999633789063,105.06999969482422,107.29000091552734,4657100,88.736968994140625
UNH,2015-02-03,107.3499984741211,108,106.5199966430664,107.80999755859375,4192600,89.167022705078125
UNH,2015-02-04,106.83000183105469,108.73999786376953,106.75,107.91999816894531,4768900,89.25801086425781
UNH,2015-02-05,108.31999969482422,109.80999755859375,108.31999969482422,108.81999969482422,3297700,90.00240325927734
UNH,2015-02-06,108.58999633789063,109.4000015258789,107.19000244140625,107.5999984741211,3661400,88.99335479736328
UNH,2015-02-09,106.93000030517578,107.23999786376953,106.27999877929688,106.48999786376953,3909700,88.07532501220703
UNH,2015-02-10,107.26000213623047,109.45999908447266,107.12999725341797,108.97000122070313,5437400,90.12645721435547
UNH,2015-02-11,108.7300033569336,110.05999755859375,108.37999725341797,109.8499984741211,3798500,90.854278564453125
UNH,2015-02-12,110.69999694824219,110.77999877929688,108.83000183105469,109.83999633789063,3378000,90.84600830078125
UNH,2015-02-13,109.69000244140625,109.83999633789063,108.68000030517578,109.44000244140625,3727600,90.51519775390625
UNH,2015-02-17,109.33999633789063,109.76000213623047,108.5199966430664,109.76000213623047,3430600,90.77985382080078
UNH,2015-02-18,109.76000213623047,110.22000122070313,108.94999694824219,109.7699966430664,2958700,90.78809356689453
UNH,2015-02-19,109.54000091552734,110.36000061035156,109.44000244140625,110.02999877929688,2674800,91.00316619873047
UNH,2015-02-20,109.95999908447266,112.81999969482422,109.44000244140625,112.62000274658203,4647100,93.1452865600586
UNH,2015-02-23,112.98999786376953,116.48999786376953,112.8499984741211,116.4000015258789,7060000,96.27164459228516
UNH,2015-02-24,116.26000213623047,116.58000183105469,115.31999969482422,115.43000030517578,3582800,95.469390869140625
UNH,2015-02-25,115.81999969482422,115.81999969482422,113.72000122070313,114.05000305175781,3845900,94.32801055908203
UNH,2015-02-26,114.41000366210938,114.62000274658203,113.37000274658203,113.66000366210938,3126800,94.0054702758789
UNH,2015-02-27,113.7699966430664,114.25,113.41000366210938,113.62999725341797,4016400,93.98063659667969
UNH,2015-03-02,113.62999725341797,114.8499984741211,113.62999725341797,114.4000015258789,2952200,94.61748504638672
UNH,2015-03-03,113.94999694824219,114.48999786376953,112.36000061035156,112.86000061035156,3163700,93.3437728881836
UNH,2015-03-04,112.25,113.97000122070313,111.6500015258789,113.81999969482422,3180900,94.13776397705078
UNH,2015-03-05,114.06999969482422,115.72000122070313,114.06999969482422,114.79000091552734,2941400,94.94005584716797
UNH,2015-03-06,115.16000366210938,115.16000366210938,112.61000061035156,112.87999725341797,3196900,93.36031341552734
UNH,2015-03-09,112.97000122070313,114.95999908447266,112.87000274658203,114.9000015258789,3942000,95.03099060058594
UNH,2015-03-10,114.26000213623047,114.41000366210938,112.45999908447266,112.45999908447266,3957900,93.01293182373047
UNH,2015-03-11,112.9000015258789,113.58999633789063,112.63999938964844,112.72000122070313,2593700,93.5398941040039
UNH,2015-03-12,113.31999969482422,115.05000305175781,113.1500015258789,114.87999725341797,3258600,95.33235931396484
UNH,2015-03-13,114.44000244140625,115.38999938964844,113.52999877929688,115.25,3066800,95.63938903808594
UNH,2015-03-16,116,118.69000244140625,115.81999969482422,118.5199966430664,4692200,98.35298156738281
UNH,2015-03-17,118.08000183105469,118.12999725341797,116.91999816894531,117.5999984741211,3303500,97.589569091796875
UNH,2015-03-18,117.43000030517578,120.5199966430664,116.7300033569336,119.95999908447266,5533500,99.547943115234375
UNH,2015-03-19,120,121.0999984741211,119.81999969482422,120.76000213623047,4032500,100.21183013916016
UNH,2015-03-20,121.3499984741211,121.52999877929688,119,119.13999938964844,7195700,98.86750030517578
UNH,2015-03-23,119.4800033569336,120.4800033569336,118.58999633789063,119.04000091552734,4576500,98.78449249267578
UNH,2015-03-24,118.9000015258789,119.63999938964844,118.08000183105469,118.12000274658203,3054700,98.02104187011719
UNH,2015-03-25,118.8499984741211,119.75,116.51000213623047,116.54000091552734,3385500,96.70991516113281
UNH,2015-03-26,116.06999969482422,117.20999908447266,114.5999984741211,116.25,2856400,96.4692611694336
UNH,2015-03-27,116.05999755859375,118.22000122070313,116.0199966430664,118.01000213623047,2608500,97.929779052734375
UNH,2015-03-30,122.31999969482422,123.76000213623047,120.52999877929688,121,5178500,100.4110107421875
UNH,2015-03-31,120.80000305175781,120.93000030517578,118.22000122070313,118.29000091552734,4573100,98.16210174560547
UNH,2015-04-01,119.5199966430664,119.5199966430664,116.54000091552734,117.44999694824219,4826200,97.46504211425781
UNH,2015-04-02,117.5999984741211,118.37999725341797,116.87000274658203,117.36000061035156,2497100,97.39038848876953
UNH,2015-04-06,116.0199966430664,118.5199966430664,115.94999694824219,117.69999694824219,2544700,97.67252349853516
UNH,2015-04-07,119.44999694824219,119.83000183105469,117.2699966430664,117.3499984741211,2528500,97.3820571899414
UNH,2015-04-08,117.77999877929688,118.83000183105469,117.47000122070313,118.19000244140625,2627000,98.0791244506836
UNH,2015-04-09,117.83000183105469,118.76000213623047,117.5999984741211,118.55000305175781,2247200,98.377899169921875
UNH,2015-04-10,118.55000305175781,119.0999984741211,117.97000122070313,119,2232600,98.75132751464844
UNH,2015-04-13,121,121.30999755859375,119.12999725341797,119.37000274658203,3961000,99.05836486816406
UNH,2015-04-14,119.33999633789063,120.18000030517578,118.5199966430664,119.91999816894531,3208800,99.51478576660156
UNH,2015-04-15,120.37999725341797,120.73999786376953,116.55000305175781,117.31999969482422,7344000,97.35716247558594
UNH,2015-04-16,121.93000030517578,122.31999969482422,120.5199966430664,121.5999984741211,7068000,100.90887451171875
UNH,2015-04-17,121,121.05000305175781,117.73999786376953,118.70999908447266,4390000,98.51066589355469
UNH,2015-04-20,119.8499984741211,120.33000183105469,118.06999969482422,118.58000183105469,4650700,98.40277099609375
UNH,2015-04-21,119,119.62999725341797,118.76000213623047,119.27999877929688,3379800,98.98365783691406
UNH,2015-04-22,119.54000091552734,119.94000244140625,117.16999816894531,117.80999755859375,3846700,97.76377868652344
UNH,2015-04-23,117.4800033569336,118.58000183105469,116.95999908447266,118.26000213623047,3244300,98.1372299194336
UNH,2015-04-24,118.27999877929688,119.08999633789063,118.0199966430664,118.69000244140625,3139200,98.49406433105469
UNH,2015-04-27,119.18000030517578,119.41000366210938,116.06999969482422,116.23999786376953,5174300,96.4609375
UNH,2015-04-28,116.88999938964844,117.73999786376953,114.27999877929688,117.58999633789063,4144800,97.58121490478516
UNH,2015-04-29,116.22000122070313,117.31999969482422,112.04000091552734,113.61000061035156,7122600,94.278472900390625
UNH,2015-04-30,113.52999877929688,114.33000183105469,111.12000274658203,111.4000015258789,6705600,92.44450378417969
UNH,2015-05-01,112.29000091552734,113.66000366210938,111.73999786376953,113.19999694824219,5805100,93.93821716308594
UNH,2015-05-04,113.69999694824219,114.93000030517578,113.44999694824219,114.55999755859375,3531500,95.06684112548828
UNH,2015-05-05,113.94000244140625,114.27999877929688,113.01000213623047,113.37000274658203,3960400,94.07929229736328
UNH,2015-05-06,114,114.48999786376953,112.66000366210938,113.48999786376953,3369800,94.17889404296875
UNH,2015-05-07,113.1500015258789,115.13999938964844,113.11000061035156,114.76000213623047,3300200,95.23278045654297
UNH,2015-05-08,115.93000030517578,116.58999633789063,115.05000305175781,115.68000030517578,3066000,95.99623107910156
UNH,2015-05-11,115.61000061035156,115.79000091552734,114.72000122070313,114.7699966430664,3376400,95.24107360839844
UNH,2015-05-12,114.2300033569336,115.08000183105469,113.83000183105469,114.63999938964844,3844600,95.133209228515625
UNH,2015-05-13,114.62000274658203,116.30000305175781,114.62000274658203,115.86000061035156,3667700,96.14562225341797
UNH,2015-05-14,117.18000030517578,118.62000274658203,116.20999908447266,118.52999877929688,4771400,98.361297607421875
UNH,2015-05-15,118.77999877929688,119.3499984741211,118.30999755859375,119.33000183105469,3083800,99.02516174316406
UNH,2015-05-18,119.22000122070313,119.9800033569336,118.83999633789063,119.80000305175781,2824700,99.4151840209961
UNH,2015-05-19,119.81999969482422,121.12999725341797,119.69000244140625,120.55000305175781,3554900,100.0375747680664
UNH,2015-05-20,120.7300033569336,121.8499984741211,120.02999877929688,121.23999786376953,3379200,100.61017608642578
UNH,2015-05-21,120.76000213623047,120.83999633789063,120.05000305175781,120.45999908447266,2983500,99.96289825439453
UNH,2015-05-22,120.30000305175781,120.77999877929688,119.13999938964844,119.58999633789063,2945900,99.24089813232422
UNH,2015-05-26,119.22000122070313,119.58999633789063,117.69999694824219,118.23999786376953,3014500,98.120635986328125
UNH,2015-05-27,118.87999725341797,119.8499984741211,118.2699966430664,119.44999694824219,2887700,99.1247329711914
UNH,2015-05-28,119.30999755859375,119.81999969482422,118.29000091552734,119.62000274658203,2873600,99.26583099365234
UNH,2015-05-29,120.05999755859375,121.62000274658203,117.73999786376953,120.20999908447266,6019900,99.75542449951172
UNH,2015-06-01,120.54000091552734,120.55999755859375,118.75,119.86000061035156,3876400,99.46495056152344
UNH,2015-06-02,119.48999786376953,119.68000030517578,117.41000366210938,117.75,4219500,97.71403503417969
UNH,2015-06-03,118,118.98999786376953,117.44999694824219,118.3499984741211,3438100,98.2119140625
UNH,2015-06-04,117.91999816894531,117.97000122070313,116.02999877929688,116.6500015258789,3300300,96.80120849609375
UNH,2015-06-05,116.33000183105469,116.75,115.36000061035156,116.52999877929688,2724500,96.70161437988281
UNH,2015-06-08,116.37999725341797,117.66999816894531,116.31999969482422,116.91000366210938,3271300,97.016937255859375
UNH,2015-06-09,116.93000030517578,117.37999725341797,115.79000091552734,116.98999786376953,3047300,97.08332824707031
UNH,2015-06-10,117.02999877929688,118.87999725341797,116.7300033569336,118.55000305175781,4006400,98.377899169921875
UNH,2015-06-11,118.41000366210938,119.94000244140625,118.22000122070313,119.31999969482422,3815600,99.43627166748047
UNH,2015-06-12,118.83999633789063,119,117.5,117.6500015258789,3076600,98.0445327758789
UNH,2015-06-15,116.83000183105469,120.87999725341797,116,118.9800033569336,6809500,99.15291595458984
UNH,2015-06-16,119.13999938964844,122.18000030517578,119,121.55000305175781,7229400,101.29461669921875
UNH,2015-06-17,121.9000015258789,122.19999694824219,119.16999816894531,119.73999786376953,4805900,99.7862548828125
UNH,2015-06-18,120.38999938964844,121.37999725341797,119.91999816894531,120.88999938964844,3478300,100.74461364746094
UNH,2015-06-19,120.6500015258789,120.87999725341797,119.9000015258789,120.33000183105469,4178700,100.2779312133789
UNH,2015-06-22,121.62999725341797,122.2300033569336,119.94000244140625,120.25,4435600,100.21127319335938
UNH,2015-06-23,121.37000274658203,122.7699966430664,121.01000213623047,122.73999786376953,4991000,102.28633117675781
UNH,2015-06-24,122.80000305175781,123,119.0999984741211,119.16999816894531,4650500,99.31122589111328
UNH,2015-06-25,119.56999969482422,123.41000366210938,119.5,122.33000183105469,6149500,101.94464874267578
UNH,2015-06-26,123.79000091552734,124.11000061035156,122.7300033569336,123.25,16358200,102.71134185791016
UNH,2015-06-29,122.04000091552734,123.02999877929688,121.11000061035156,121.19000244140625,3604000,100.99464416503906
UNH,2015-06-30,122.41999816894531,122.94000244140625,121,122,4982600,101.6696548461914
UNH,2015-07-01,122.94999694824219,123.6500015258789,122.22000122070313,123.37999725341797,3269300,102.8196792602539
UNH,2015-07-02,123.81999969482422,123.87999725341797,121.0199966430664,121.80999755859375,3682300,101.51131439208984
UNH,2015-07-06,119.5999984741211,123.0999984741211,119.26000213623047,122.16000366210938,6522800,101.802978515625
UNH,2015-07-07,122.36000061035156,122.80000305175781,117.80999755859375,120.69999694824219,6476200,100.58627319335938
UNH,2015-07-08,119.05000305175781,119.98999786376953,118.4000015258789,118.77999877929688,4009800,98.986236572265625
UNH,2015-07-09,120.04000091552734,120.55999755859375,119.30999755859375,119.33999633789063,3315600,99.452911376953125
UNH,2015-07-10,120.98999786376953,122.75,120.69999694824219,122.1500015258789,4033500,101.79466247558594
UNH,2015-07-13,123.0999984741211,123.75,121.80999755859375,122.44999694824219,3766900,102.0446548461914
UNH,2015-07-14,122.18000030517578,125.19999694824219,122,125,4192400,104.16973876953125
UNH,2015-07-15,124.94999694824219,126.05000305175781,123.80999755859375,125.86000061035156,5067300,104.88642883300781
UNH,2015-07-16,125.41999816894531,125.5,122.0999984741211,124.93000030517578,7216600,104.11138916015625
UNH,2015-07-17,124.69999694824219,124.9800033569336,123.69999694824219,123.8499984741211,3702700,103.21134185791016
UNH,2015-07-20,124.05000305175781,124.2300033569336,122.33000183105469,122.6500015258789,3199700,102.21134185791016
UNH,2015-07-21,122.56999969482422,122.72000122070313,120.33999633789063,120.86000061035156,4239100,100.71961212158203
UNH,2015-07-22,120.97000122070313,121.23999786376953,120.08000183105469,120.61000061035156,3384700,100.51130676269531
UNH,2015-07-23,121.62999725341797,121.68000030517578,118.76000213623047,119.33000183105469,4896100,99.444580078125
UNH,2015-07-24,119.12000274658203,119.72000122070313,117.58000183105469,117.94000244140625,3840600,98.28620147705078
UNH,2015-07-27,117.87999725341797,118.08999633789063,116.66000366210938,117.87999725341797,3752300,98.23621368408203
UNH,2015-07-28,118.73999786376953,121.56999969482422,118.5,121.5199966430664,5216900,101.26964569091797
UNH,2015-07-29,121.81999969482422,122.11000061035156,120.62000274658203,121.5199966430664,3924400,101.26964569091797
UNH,2015-07-30,121.13999938964844,121.91999816894531,119.55000305175781,120.55999755859375,3732400,100.4696273803711
UNH,2015-07-31,120.47000122070313,122.72000122070313,120.47000122070313,121.4000015258789,3593000,101.16963195800781
UNH,2015-08-03,121.61000061035156,122.16999816894531,120.13999938964844,120.88999938964844,2541300,100.74461364746094
UNH,2015-08-04,121.58000183105469,121.62999725341797,120.2300033569336,120.83999633789063,2058200,100.70294952392578
UNH,2015-08-05,121.76000213623047,124.23999786376953,121.76000213623047,123.91999816894531,3831900,103.26969146728516
UNH,2015-08-06,124.37000274658203,124.63999938964844,121.80000305175781,122.04000091552734,3014900,101.70298767089844
UNH,2015-08-07,121.70999908447266,121.86000061035156,120.26000213623047,121.81999969482422,2276300,101.51964569091797
UNH,2015-08-10,122.5,123.33999633789063,121.94000244140625,122.4800033569336,2480000,102.06965637207031
UNH,2015-08-11,121.2699966430664,123.0199966430664,121.2699966430664,122.26000213623047,2756000,101.88634490966797
UNH,2015-08-12,121.26000213623047,121.77999877929688,119.05000305175781,121.19999694824219,3005300,101.00297546386719
UNH,2015-08-13,121.33000183105469,121.98999786376953,120.29000091552734,120.5199966430664,3253400,100.43629455566406
UNH,2015-08-14,120.56999969482422,121.18000030517578,120.26000213623047,121.0199966430664,2040500,100.85295867919922
UNH,2015-08-17,120.4000015258789,123.94999694824219,120.30000305175781,123.81999969482422,2951800,103.18637084960938
UNH,2015-08-18,123.87999725341797,126.20999908447266,123.81999969482422,125.5,4140200,104.58638000488281
UNH,2015-08-19,124.70999908447266,124.98999786376953,122.8499984741211,123.22000122070313,3411500,102.68634796142578
UNH,2015-08-20,122.23999786376953,122.41999816894531,119.79000091552734,119.79000091552734,3201600,99.82794952392578
UNH,2015-08-21,118.25,118.80000305175781,116.01000213623047,116.27999877929688,5627800,96.90283966064453
UNH,2015-08-24,110.86000061035156,112.43000030517578,95,110.43000030517578,8824900,92.02770233154297
UNH,2015-08-25,113,114.58999633789063,109.80000305175781,109.9800033569336,8109900,91.652679443359375
UNH,2015-08-26,112.55999755859375,113.83000183105469,110.27999877929688,113.45999908447266,7503200,94.552764892578125
UNH,2015-08-27,115.25,117.83000183105469,114.95999908447266,117.7699966430664,5783700,98.1445541381836
UNH,2015-08-28,117.38999938964844,117.83999633789063,116,117.27999877929688,3333100,97.73619842529297
UNH,2015-08-31,117.20999908447266,118.77999877929688,115.16000366210938,115.69999694824219,4087000,96.419525146484375
UNH,2015-09-01,113.36000061035156,114.22000122070313,112.06999969482422,112.62999725341797,4658100,93.86107635498047
UNH,2015-09-02,113.83000183105469,114.5999984741211,112.52999877929688,114.2300033569336,4522100,95.194488525390625
UNH,2015-09-03,114.73999786376953,115.91999816894531,113.45999908447266,113.98999786376953,3137100,94.99444580078125
UNH,2015-09-04,112.5,113.06999969482422,111.26000213623047,112.36000061035156,3394900,93.6360855102539
UNH,2015-09-08,114.12999725341797,116.20999908447266,113.66999816894531,116.08999633789063,3990600,96.74451446533203
UNH,2015-09-09,117.29000091552734,117.72000122070313,114.83000183105469,115.08000183105469,3753500,96.31766510009766
UNH,2015-09-10,114.8499984741211,117.94000244140625,114.7300033569336,116.7699966430664,5525700,97.73210906982422
UNH,2015-09-11,116.16999816894531,118.87000274658203,115.86000061035156,118.69999694824219,3752500,99.3474349975586
UNH,2015-09-14,119.02999877929688,119.5,117.1500015258789,117.80000305175781,2686500,98.59418487548828
UNH,2015-09-15,118.61000061035156,120.61000061035156,117.43000030517578,120.02999877929688,3072100,100.46063995361328
UNH,2015-09-16,120.2699966430664,121.36000061035156,119.55000305175781,121.1500015258789,3475700,101.3980484008789
UNH,2015-09-17,121.5,125.12000274658203,120.9000015258789,123.26000213623047,5466500,103.16402435302734
UNH,2015-09-18,122.20999908447266,123.7699966430664,121.81999969482422,122.47000122070313,7458400,102.50279235839844
UNH,2015-09-21,123.48999786376953,124.2699966430664,121.38999938964844,123.94000244140625,3476700,103.73314666748047
UNH,2015-09-22,121.44000244140625,123.79000091552734,121.44000244140625,122.93000030517578,4566800,102.88780975341797
UNH,2015-09-23,123,124.20999908447266,122.04000091552734,123.27999877929688,3131300,103.18075561523438
UNH,2015-09-24,122.3499984741211,122.62999725341797,119.2699966430664,121.08999633789063,4735800,101.34778594970703
UNH,2015-09-25,122.18000030517578,122.41000366210938,115.2300033569336,116.37000274658203,8060200,97.39735412597656
UNH,2015-09-28,115.55000305175781,115.81999969482422,111.01000213623047,112.69999694824219,5727000,94.32567596435547
UNH,2015-09-29,112.88999938964844,114.86000061035156,111.61000061035156,114.22000122070313,5142700,95.597869873046875
UNH,2015-09-30,115.38999938964844,116.91999816894531,114.87999725341797,116.01000213623047,4638600,97.096038818359375
UNH,2015-10-01,115.94000244140625,116.70999908447266,114.91000366210938,116.61000061035156,3768300,97.59819793701172
UNH,2015-10-02,115.13999938964844,118.8499984741211,114.81999969482422,118.83000183105469,3521600,99.45625305175781
UNH,2015-10-05,119.66999816894531,120.33999633789063,118.12999725341797,119.6500015258789,3491200,100.14256286621094
UNH,2015-10-06,119.45999908447266,119.5999984741211,114.66999816894531,116.05000305175781,4652000,97.12950897216797
UNH,2015-10-07,116.45999908447266,116.80999755859375,114.5999984741211,116.43000030517578,4282000,97.447540283203125
UNH,2015-10-08,116.43000030517578,116.94000244140625,114.9000015258789,116.08000183105469,3646500,97.15462493896484
UNH,2015-10-09,115.98999786376953,119.47000122070313,115.95999908447266,119.2699966430664,4485100,99.82453918457031
UNH,2015-10-12,119.01000213623047,123.06999969482422,118.55999755859375,122.51000213623047,5840000,102.53630065917969
UNH,2015-10-13,123.16000366210938,125.98999786376953,121.58999633789063,123.98999786376953,6655700,103.77499389648438
UNH,2015-10-14,123.8499984741211,125,120.83999633789063,122.06999969482422,5592200,102.16802215576172
UNH,2015-10-15,119,120.5,115.95999908447266,120.16999816894531,8012400,100.57780456542969
UNH,2015-10-16,120.8499984741211,120.8499984741211,118.58000183105469,119.9800033569336,4416500,100.41879272460938
UNH,2015-10-19,119.77999877929688,120.91000366210938,119.19999694824219,120.7300033569336,3707500,101.0465087890625
UNH,2015-10-20,120.63999938964844,121.56999969482422,119.69000244140625,120.41999816894531,3278400,100.78702545166016
UNH,2015-10-21,120.69000244140625,120.80000305175781,115.2699966430664,118.11000061035156,5305600,98.853668212890625
UNH,2015-10-22,118.20999908447266,119.02999877929688,110.06999969482422,113.80999755859375,10475000,95.25472259521484
UNH,2015-10-23,114.44999694824219,116.62000274658203,114.04000091552734,115.91999816894531,5497500,97.020660400390625
UNH,2015-10-26,115.91999816894531,117,115,116.52999877929688,3377100,97.53126525878906
UNH,2015-10-27,116.38999938964844,119.5199966430664,115.9000015258789,119.37000274658203,4008400,99.908233642578125
UNH,2015-10-28,119.76000213623047,120.13999938964844,115.91000366210938,119.77999877929688,4405500,100.25138854980469
UNH,2015-10-29,119.79000091552734,121.66999816894531,119.5,119.70999908447266,3257500,100.19278717041016
UNH,2015-10-30,119.93000030517578,120.37000274658203,117.77999877929688,117.77999877929688,4237800,98.577484130859375
UNH,2015-11-02,118.63999938964844,119.94999694824219,117.83999633789063,118.69000244140625,3874200,99.3390884399414
UNH,2015-11-03,118.16999816894531,118.45999908447266,116.25,117.66000366210938,2758200,98.4770278930664
UNH,2015-11-04,117.5999984741211,117.75,114.05999755859375,114.63999938964844,5396100,95.94940185546875
UNH,2015-11-05,114.9800033569336,116.7699966430664,113.62999725341797,116.2300033569336,4009100,97.28016662597656
UNH,2015-11-06,115.2300033569336,115.80000305175781,114.01000213623047,114.80999755859375,4106900,96.09165954589844
UNH,2015-11-09,114.12999725341797,114.63999938964844,113.01000213623047,114.26000213623047,2755100,95.6313247680664
UNH,2015-11-10,114.2699966430664,116.19999694824219,114.02999877929688,115.88999938964844,2842600,96.99560546875
UNH,2015-11-11,116.3499984741211,116.86000061035156,114.3499984741211,114.54000091552734,2374200,95.86571502685547
UNH,2015-11-12,113.76000213623047,114.73999786376953,112.52999877929688,112.81999969482422,3341300,94.42613220214844
UNH,2015-11-13,112.48999786376953,113.0199966430664,111.18000030517578,111.41000366210938,3767300,93.246002197265625
UNH,2015-11-16,110.9000015258789,114.13999938964844,110.79000091552734,113.81999969482422,2450000,95.26306915283203
UNH,2015-11-17,113.7300033569336,115.44000244140625,113.16999816894531,114.38999938964844,1981400,95.7401351928711
UNH,2015-11-18,114.25,117.52999877929688,113.75,117.25,3319900,98.13386535644531
UNH,2015-11-19,109.79000091552734,113.70999908447266,109.61000061035156,110.62999725341797,15731900,92.59317779541016
UNH,2015-11-20,110.88999938964844,114.44000244140625,110.5999984741211,112.97000122070313,7059400,94.551666259765625
UNH,2015-11-23,112.97000122070313,114.48999786376953,112.0999984741211,112.16000366210938,3780400,93.87374114990234
UNH,2015-11-24,111.37999725341797,113.44999694824219,111.05999755859375,113.19000244140625,3244800,94.73583221435547
UNH,2015-11-25,113.47000122070313,115.05000305175781,113,114.41000366210938,2959200,95.75689697265625
UNH,2015-11-27,114.48999786376953,115.9000015258789,114.08000183105469,114.33999633789063,1740400,95.69828796386719
UNH,2015-11-30,114.55999755859375,114.81999969482422,112.62000274658203,112.70999908447266,4605200,94.33405303955078
UNH,2015-12-01,113.52999877929688,116.37000274658203,113.05000305175781,116.26000213623047,5467000,97.305267333984375
UNH,2015-12-02,116.23999786376953,119.37999725341797,116.11000061035156,117.63999938964844,6071100,98.88557434082031
UNH,2015-12-03,117.80000305175781,118.27999877929688,114.43000030517578,115,4286600,96.666412353515625
UNH,2015-12-04,115.58999633789063,118.25,115.23999786376953,117.73999786376953,3588200,98.969635009765625
UNH,2015-12-07,117.88999938964844,117.88999938964844,115.19999694824219,115.91000366210938,3164300,97.4313735961914
UNH,2015-12-08,114.94999694824219,116.3499984741211,113.94999694824219,115.87999725341797,3551900,97.4061508178711
UNH,2015-12-09,115.4000015258789,116.81999969482422,114.66000366210938,115.05000305175781,3839100,96.70845794677734
UNH,2015-12-10,115.05000305175781,117.05000305175781,114.33999633789063,116.20999908447266,3202600,97.68354034423828
UNH,2015-12-11,116.20999908447266,117.33999633789063,114.62000274658203,115.9800033569336,3830800,97.490203857421875
UNH,2015-12-14,115.87999725341797,116.73999786376953,114.43000030517578,115.8499984741211,3867200,97.38093566894531
UNH,2015-12-15,116.87000274658203,118.5,116.66000366210938,117.61000061035156,3124100,98.86036682128906
UNH,2015-12-16,118.30000305175781,119.76000213623047,116.9000015258789,118.83000183105469,3516900,99.88584899902344
UNH,2015-12-17,118.83000183105469,121.08999633789063,118.63999938964844,119.22000122070313,3945800,100.21366882324219
UNH,2015-12-18,118.61000061035156,118.86000061035156,115.81999969482422,115.81999969482422,7574800,97.35572814941406
UNH,2015-12-21,116.56999969482422,117.7699966430664,116,117.41000366210938,3185200,98.6922378540039
UNH,2015-12-22,118.19000244140625,118.33999633789063,116.20999908447266,117.44000244140625,2821600,98.71746063232422
UNH,2015-12-23,117.9000015258789,118.83000183105469,117.55000305175781,118.69000244140625,2479600,99.7681655883789
UNH,2015-12-24,118.52999877929688,119.18000030517578,118.29000091552734,118.33999633789063,900100,99.47395324707031
UNH,2015-12-28,118.26000213623047,118.61000061035156,117.37999725341797,118.33000183105469,1582600,99.4655532836914
UNH,2015-12-29,118.87000274658203,120.41000366210938,118.69999694824219,119.81999969482422,2027600,100.7180404663086
UNH,2015-12-30,120.02999877929688,120.11000061035156,118.66000366210938,118.91999816894531,1747700,99.96148681640625
UNH,2015-12-31,118.63999938964844,119.37000274658203,117.36000061035156,117.63999938964844,2372500,98.88557434082031
UNH,2016-01-04,116.91000366210938,116.91000366210938,114.52999877929688,116.45999908447266,4991000,97.89369201660156
UNH,2016-01-05,116.72000122070313,117.88999938964844,116.20999908447266,116.68000030517578,2816800,98.07860565185547
UNH,2016-01-06,115.77999877929688,116.6500015258789,114.5,115.48999786376953,2677300,97.07831573486328
UNH,2016-01-07,113.62999725341797,114.08999633789063,111.41999816894531,112.08999633789063,5277200,94.2203598022461
UNH,2016-01-08,112.3499984741211,113,109.76000213623047,110.16000366210938,4422400,92.59803771972656
UNH,2016-01-11,110.51000213623047,110.62000274658203,108.19000244140625,109.58000183105469,4525800,92.11051940917969
UNH,2016-01-12,110.36000061035156,113.12999725341797,110.05000305175781,112.26000213623047,4037800,94.3632583618164
UNH,2016-01-13,112.41000366210938,113.04000091552734,108.93000030517578,109.2300033569336,3434300,91.81629180908203
UNH,2016-01-14,108.73999786376953,111.80000305175781,107.51000213623047,110.76000213623047,4238200,93.1023941040039
UNH,2016-01-15,109.08000183105469,110.6500015258789,107.79000091552734,109.2699966430664,6357000,91.84992218017578
UNH,2016-01-19,111.48999786376953,114.16000366210938,109.5999984741211,112.58000183105469,7122800,94.63224029541016
UNH,2016-01-20,112.08999633789063,115.73999786376953,110.1500015258789,114.79000091552734,8380700,96.48991394042969
UNH,2016-01-21,114.66999816894531,115.4800033569336,112.26000213623047,113.5,5413900,95.4055404663086
UNH,2016-01-22,114.66999816894531,115.1500015258789,113.88999938964844,114.33000183105469,3622200,96.10325622558594
UNH,2016-01-25,114.5199966430664,115.30999755859375,112.8499984741211,113.37999725341797,2908500,95.3047103881836
UNH,2016-01-26,112.91000366210938,114.18000030517578,111.76000213623047,113.95999908447266,4592500,95.79222106933594
UNH,2016-01-27,114.43000030517578,114.80999755859375,111.83999633789063,112.33000183105469,4720300,94.42211151123047
UNH,2016-01-28,112.29000091552734,113.25,110.61000061035156,111.37999725341797,3525600,93.62354278564453
UNH,2016-01-29,111.93000030517578,115.16000366210938,110.62000274658203,115.16000366210938,5280800,96.80096435546875
UNH,2016-02-01,114.83000183105469,116.1500015258789,114.11000061035156,115.88999938964844,4333500,97.41455841064453
UNH,2016-02-02,114.94999694824219,115.38999938964844,113.2699966430664,113.87999725341797,2997700,95.7249984741211
UNH,2016-02-03,114.37000274658203,114.37000274658203,110.30000305175781,112.75,3462300,94.775146484375
UNH,2016-02-04,112.66999816894531,114.55000305175781,112.04000091552734,114.19999694824219,3608300,95.99395751953125
UNH,2016-02-05,114.06999969482422,114.20999908447266,110.9000015258789,111.72000122070313,3330800,93.90935516357422
UNH,2016-02-08,110.5,111.12000274658203,108.83000183105469,110.0199966430664,5050200,92.480316162109375
UNH,2016-02-09,109.37000274658203,112.27999877929688,109.13999938964844,111.16000366210938,3680200,93.438629150390625
UNH,2016-02-10,111.33000183105469,114.4800033569336,111.33000183105469,112.73999786376953,3023200,94.76670837402344
UNH,2016-02-11,111.31999969482422,111.69000244140625,110.08999633789063,110.62000274658203,3955000,92.9847183227539
UNH,2016-02-12,111.19999694824219,111.91000366210938,110.20999908447266,111.81999969482422,2552100,93.993408203125
UNH,2016-02-16,112.62999725341797,115.2699966430664,112.52999877929688,115.1500015258789,3445700,96.792510986328125
UNH,2016-02-17,115.5,118.38999938964844,115.19999694824219,118.30000305175781,4466000,99.44035339355469
UNH,2016-02-18,118.5,120,117.05999755859375,117.44999694824219,3847100,98.72586822509766
UNH,2016-02-19,117.5,118.55000305175781,116.0199966430664,117.68000030517578,4481400,98.9192123413086
UNH,2016-02-22,119.0999984741211,122.13999938964844,118.95999908447266,121.2699966430664,5054800,101.93684387207031
UNH,2016-02-23,120.63999938964844,121.80000305175781,120.2699966430664,121.1500015258789,2804400,101.83602142333984
UNH,2016-02-24,119.93000030517578,120.31999969482422,117.83000183105469,120.19999694824219,2559700,101.03742218017578
UNH,2016-02-25,120.19999694824219,121.2300033569336,119.81999969482422,121.19999694824219,2281700,101.8780288696289
UNH,2016-02-26,121.4800033569336,122.26000213623047,120.88999938964844,121.33000183105469,2877500,101.98731994628906
UNH,2016-02-29,121.0999984741211,121.81999969482422,118.97000122070313,119.0999984741211,4526300,100.1127700805664
UNH,2016-03-01,119.48999786376953,122.22000122070313,119.37000274658203,121.66999816894531,3295600,102.27308654785156
UNH,2016-03-02,121.2300033569336,121.83999633789063,120.37000274658203,121.2699966430664,2670900,101.93684387207031
UNH,2016-03-03,120.86000061035156,121.86000061035156,120.08999633789063,121.81999969482422,3064100,102.39917755126953
UNH,2016-03-04,121.31999969482422,122.19000244140625,120.73999786376953,121.80000305175781,2873900,102.38236999511719
UNH,2016-03-07,121.08000183105469,122.73999786376953,120.9000015258789,121.76000213623047,2315400,102.34877014160156
UNH,2016-03-08,121.27999877929688,122.31999969482422,120.7300033569336,121.66000366210938,2522000,102.26469421386719
UNH,2016-03-09,121.87999725341797,122.12000274658203,120.44999694824219,121.0999984741211,2094000,102.21404266357422
UNH,2016-03-10,121.19999694824219,122.76000213623047,120.41000366210938,122.08999633789063,2638200,103.04962921142578
UNH,2016-03-11,122.47000122070313,125.31999969482422,122.25,125.0999984741211,3766200,105.5902328491211
UNH,2016-03-14,124.80000305175781,126.0199966430664,124.36000061035156,125.22000122070313,2856400,105.69153594970703
UNH,2016-03-15,124.54000091552734,125.47000122070313,124.08000183105469,124.8499984741211,2610300,105.37921905517578
UNH,2016-03-16,124.38999938964844,125.55000305175781,124.0999984741211,124.9000015258789,2140900,105.42142486572266
UNH,2016-03-17,124.61000061035156,124.95999908447266,122.22000122070313,124.52999877929688,3911400,105.10911560058594
UNH,2016-03-18,124.86000061035156,127.08000183105469,124.52999877929688,126.72000122070313,6948400,106.95758819580078
UNH,2016-03-21,126.23999786376953,127,125.68000030517578,126.73999786376953,2667000,106.9744644165039
UNH,2016-03-22,126.6500015258789,128.82000732421875,126.0199966430664,128.02000427246094,3984000,108.0548324584961
UNH,2016-03-23,128.14999389648438,130.35000610351563,128.02000427246094,129.7899932861328,6166400,109.54879760742188
UNH,2016-03-24,128.97000122070313,130.32000732421875,127.16999816894531,128.58999633789063,4153900,108.5359878540039
UNH,2016-03-28,128.82000732421875,129.5,128.00999450683594,128.9199981689453,1955100,108.8144760131836
UNH,2016-03-29,129.27000427246094,130.08999633789063,128.5399932861328,129.8300018310547,2463100,109.5825424194336
UNH,2016-03-30,130.08999633789063,131.10000610351563,129.38999938964844,129.67999267578125,2578500,109.4559326171875
UNH,2016-03-31,129.63999938964844,129.97000122070313,128.2899932861328,128.89999389648438,3181800,108.79759216308594
UNH,2016-04-01,128.69000244140625,130.44000244140625,128.36000061035156,129.9199981689453,3901700,109.65853118896484
UNH,2016-04-04,130.5,130.6999969482422,128.8800048828125,129.49000549316406,2812400,109.29561614990234
UNH,2016-04-05,128.9499969482422,129.4600067138672,126.9000015258789,127.04000091552734,4440000,107.22769927978516
UNH,2016-04-06,127.2300033569336,128.4199981689453,126.87999725341797,128.02999877929688,3021400,108.06330108642578
UNH,2016-04-07,127.51000213623047,128.44000244140625,126.2300033569336,126.87000274658203,3186600,107.08422088623047
UNH,2016-04-08,127.19000244140625,128.14999389648438,125.26000213623047,125.68000030517578,3642300,106.07976531982422
UNH,2016-04-11,125.83000183105469,126.94000244140625,125.83000183105469,126.33000183105469,3119200,106.62841033935547
UNH,2016-04-12,126.30000305175781,127.36000061035156,125.4000015258789,126.80000305175781,2887200,107.02508544921875
UNH,2016-04-13,127.6500015258789,128.66000366210938,127.2699966430664,127.76000213623047,2592400,107.83539581298828
UNH,2016-04-14,127.72000122070313,128.57000732421875,127.55999755859375,127.9800033569336,1674600,108.02108001708984
UNH,2016-04-15,127.88999938964844,128.05999755859375,126.22000122070313,127.33000183105469,2835200,107.47246551513672
UNH,2016-04-18,126.87999725341797,128.02999877929688,126.5999984741211,127.80999755859375,2717400,107.8775634765625
UNH,2016-04-19,130.08999633789063,131.3000030517578,129.1199951171875,130.5,4340100,110.14810943603516
UNH,2016-04-20,131.2899932861328,135.11000061035156,130.89999389648438,133.92999267578125,7321000,113.04316711425781
UNH,2016-04-21,133.55999755859375,134,132.42999267578125,132.9600067138672,3786000,112.22443389892578
UNH,2016-04-22,133.72000122070313,134.3300018310547,133.0500030517578,134.1300048828125,2782800,113.21197509765625
UNH,2016-04-25,133.7100067138672,134.07000732421875,132.58999633789063,133.77999877929688,2702100,112.91655731201172
UNH,2016-04-26,133.97000122070313,134.61000061035156,133,134.24000549316406,2638000,113.30481719970703
UNH,2016-04-27,134.33999633789063,134.5800018310547,131.89999389648438,132.8000030517578,3358800,112.08939361572266
UNH,2016-04-28,132.7899932861328,134.38999938964844,131.69000244140625,132.07000732421875,3332800,111.4732437133789
UNH,2016-04-29,131.05999755859375,131.8800048828125,128.92999267578125,131.67999267578125,4161100,111.14402770996094
UNH,2016-05-02,132.61000061035156,132.92999267578125,130.9199981689453,132.10000610351563,2887700,111.4985580444336
UNH,2016-05-03,131.3699951171875,133.22999572753906,131.1300048828125,132.4600067138672,3632300,111.80241394042969
UNH,2016-05-04,131.02000427246094,132.41000366210938,130.58999633789063,132.02999877929688,2909300,111.4394760131836
UNH,2016-05-05,132.0500030517578,133.27999877929688,131.85000610351563,132.30999755859375,2054700,111.6758041381836
UNH,2016-05-06,132.08999633789063,132.27999877929688,130.60000610351563,132.0399932861328,2618600,111.44789123535156
UNH,2016-05-09,131.75,133.58999633789063,131.57000732421875,132.6699981689453,2191800,111.97968292236328
UNH,2016-05-10,132.9199981689453,133.60000610351563,132.5800018310547,133.57000732421875,2223500,112.73930358886719
UNH,2016-05-11,133.74000549316406,134,130.5800018310547,130.69000244140625,3450800,110.3084487915039
UNH,2016-05-12,131,131.2899932861328,128.75,129.74000549316406,3210400,109.50660705566406
UNH,2016-05-13,129.10000610351563,130.02999877929688,128.5500030517578,129,3137300,108.8819808959961
UNH,2016-05-16,128.75,130.86000061035156,128.52999877929688,130.63999938964844,2466000,110.2662353515625
UNH,2016-05-17,130.57000732421875,131.22000122070313,128.99000549316406,129.55999755859375,2294500,109.35465240478516
UNH,2016-05-18,129.11000061035156,131.27000427246094,128.92999267578125,130.50999450683594,2246400,110.156494140625
UNH,2016-05-19,129.69000244140625,131.1199951171875,128.75999450683594,130,2756000,109.72602844238281
UNH,2016-05-20,130.6300048828125,131.7899932861328,130.1999969482422,130.94000244140625,2538100,110.5195083618164
UNH,2016-05-23,130.1300048828125,131.1999969482422,130.00999450683594,130.4199981689453,3036500,110.08055877685547
UNH,2016-05-24,130.75999450683594,132.99000549316406,130.30999755859375,132.58999633789063,2702400,111.91209411621094
UNH,2016-05-25,133.2100067138672,134.3000030517578,132.77999877929688,133.4199981689453,2211300,112.6126937866211
UNH,2016-05-26,133.5,133.9600067138672,132.66000366210938,132.97999572753906,1499300,112.24129486083984
UNH,2016-05-27,132.97999572753906,134.52999877929688,132.9600067138672,134,1833400,113.10225677490234
UNH,2016-05-31,134.60000610351563,134.75,133.47999572753906,133.6699981689453,3634100,112.82369232177734
UNH,2016-06-01,133.5800018310547,134.85000610351563,133.02000427246094,134.52999877929688,2618000,113.54956817626953
UNH,2016-06-02,134.25999450683594,136.14999389648438,134.00999450683594,136.0399932861328,4015000,114.82408905029297
UNH,2016-06-03,135.61000061035156,137.1199951171875,135.14999389648438,136.83999633789063,3625600,115.49932861328125
UNH,2016-06-06,136.9199981689453,138.38999938964844,136.50999450683594,138.14999389648438,2959900,116.60505676269531
UNH,2016-06-07,138.16000366210938,138.5,136.8800048828125,136.94000244140625,2943200,115.58373260498047
UNH,2016-06-08,137.27000427246094,140.88999938964844,137,140.39999389648438,6180800,118.50413513183594
UNH,2016-06-09,140.49000549316406,140.8699951171875,139.5399932861328,140.67999267578125,3682400,118.74049377441406
UNH,2016-06-10,140.25,140.38999938964844,138.63999938964844,139.24000549316406,2805800,117.52505493164063
UNH,2016-06-13,139,140.1300048828125,138.0800018310547,138.08999633789063,2804300,116.5544204711914
UNH,2016-06-14,137.8800048828125,138.25999450683594,137.33999633789063,137.8699951171875,2970700,116.36866760253906
UNH,2016-06-15,137.74000549316406,138.1699981689453,137.0500030517578,137.25999450683594,2369400,116.38143157958984
UNH,2016-06-16,137.2100067138672,138.88999938964844,136.3800048828125,138.66000366210938,3176100,117.5684585571289
UNH,2016-06-17,138.75999450683594,138.85000610351563,136.5500030517578,137.69000244140625,4430900,116.74600219726563
UNH,2016-06-20,139.22000122070313,139.83999633789063,138.13999938964844,138.52000427246094,3731700,117.44979858398438
UNH,2016-06-21,139.1999969482422,139.22999572753906,138.07000732421875,138.19000244140625,2021400,117.1699447631836
UNH,2016-06-22,138.4499969482422,139.5399932861328,137.6300048828125,137.89999389648438,2375200,116.92405700683594
UNH,2016-06-23,139.35000610351563,139.97999572753906,138.00999450683594,139.19000244140625,2646800,118.01782989501953
UNH,2016-06-24,135.66000366210938,138.6199951171875,135.14999389648438,137.2899932861328,4475100,116.40686798095703
UNH,2016-06-27,136.14999389648438,137.38999938964844,135.47999572753906,137.11000061035156,3996200,116.25425720214844
UNH,2016-06-28,138.2100067138672,139.08999633789063,137.64999389648438,138.7100067138672,4160200,117.61083984375
UNH,2016-06-29,139.8000030517578,140.67999267578125,139.60000610351563,140.52000427246094,3704500,119.14555358886719
UNH,2016-06-30,140.67999267578125,141.30999755859375,140.24000549316406,141.1999969482422,4730800,119.72210693359375
UNH,2016-07-01,141.16000366210938,141.7899932861328,140.6199951171875,140.86000061035156,2882500,119.43383026123047
UNH,2016-07-05,140.14999389648438,141.91000366210938,140.02999877929688,141.55999755859375,3749300,120.02733612060547
UNH,2016-07-06,140.97999572753906,142.9600067138672,140.97000122070313,142.3800048828125,4083300,120.72262573242188
UNH,2016-07-07,142.3699951171875,142.66000366210938,139.9499969482422,140.8000030517578,3515500,119.38296508789063
UNH,2016-07-08,141.6999969482422,141.77999877929688,139.5500030517578,141.27000427246094,3605500,119.78144073486328
UNH,2016-07-11,141.27000427246094,141.60000610351563,140.00999450683594,140.32000732421875,4084000,118.97595977783203
UNH,2016-07-12,140.88999938964844,140.9499969482422,139.3699951171875,139.86000061035156,4310100,118.5859375
UNH,2016-07-13,140.9600067138672,141.58999633789063,139.9199981689453,141.47999572753906,3164700,119.95951080322266
UNH,2016-07-14,142.38999938964844,142.85000610351563,140.47000122070313,140.83999633789063,3000700,119.41685485839844
UNH,2016-07-15,141.64999389648438,142.77999877929688,141.05999755859375,141.3300018310547,3748700,119.83232116699219
UNH,2016-07-18,141.75999450683594,141.89999389648438,139.6199951171875,140.75,4166300,119.34056091308594
UNH,2016-07-19,140.75,142.6300048828125,139.32000732421875,142.58999633789063,5326200,120.90065002441406
UNH,2016-07-20,143.47000122070313,144.47999572753906,142.80999755859375,143.02000427246094,5489800,121.2652816772461
UNH,2016-07-21,142.7100067138672,143.72999572753906,142.1300048828125,142.8699951171875,3475100,121.1380615234375
UNH,2016-07-22,143.69000244140625,144.0500030517578,142.9199981689453,143.69000244140625,2697500,121.8333511352539
UNH,2016-07-25,143.5500030517578,143.88999938964844,141.41000366210938,141.72999572753906,2725600,120.17149353027344
UNH,2016-07-26,141.94000244140625,142.19000244140625,141.02000427246094,141.6999969482422,2668100,120.14607238769531
UNH,2016-07-27,141.1699981689453,142.33999633789063,139.91000366210938,141.67999267578125,2684100,120.12907409667969
UNH,2016-07-28,141.36000061035156,143.02999877929688,141.19000244140625,142.75999450683594,2517000,121.04480743408203
UNH,2016-07-29,141.85000610351563,143.89999389648438,141.60000610351563,143.1999969482422,3269700,121.41789245605469
UNH,2016-08-01,143.4199981689453,144.16000366210938,143.0399932861328,143.50999450683594,2494900,121.68074035644531
UNH,2016-08-02,143.80999755859375,143.97000122070313,142.33999633789063,143.1699981689453,2679100,121.39241790771484
UNH,2016-08-03,143.3300018310547,143.6199951171875,142.42999267578125,142.8800048828125,1963600,121.14654541015625
UNH,2016-08-04,143.10000610351563,143.47999572753906,142.25999450683594,142.7100067138672,1890900,121.00244903564453
UNH,2016-08-05,143.3300018310547,143.5399932861328,142.39999389648438,142.99000549316406,2000100,121.23980712890625
UNH,2016-08-08,142.61000061035156,143.07000732421875,141.86000061035156,142.1300048828125,1846400,120.51069641113281
UNH,2016-08-09,142.5500030517578,143.1300048828125,141.67999267578125,141.82000732421875,2140700,120.247802734375
UNH,2016-08-10,141.8699951171875,142.33999633789063,140.92999267578125,142.19000244140625,1866300,120.5615234375
UNH,2016-08-11,142.24000549316406,143.05999755859375,141.44000244140625,142.6300048828125,1857500,120.9345932006836
UNH,2016-08-12,142.16000366210938,143.13999938964844,141.5,142.8800048828125,1787900,121.14654541015625
UNH,2016-08-15,142.9600067138672,143.11000061035156,141.49000549316406,141.6199951171875,2369600,120.07820129394531
UNH,2016-08-16,141.14999389648438,141.6199951171875,140.3300018310547,141.0800018310547,1688500,119.62035369873047
UNH,2016-08-17,141.2899932861328,141.91000366210938,140.66000366210938,141.7100067138672,1849100,120.15457153320313
UNH,2016-08-18,141.6699981689453,142.83999633789063,141.27000427246094,142.1699981689453,1572700,120.54454803466797
UNH,2016-08-19,141.64999389648438,142.25,141.22000122070313,142.0399932861328,1950200,120.43431854248047
UNH,2016-08-22,142.11000061035156,143,141.7100067138672,142.08999633789063,1587900,120.47672271728516
UNH,2016-08-23,142.72999572753906,142.8699951171875,141.75,142.00999450683594,2295500,120.40889739990234
UNH,2016-08-24,142,142.0800018310547,139.50999450683594,139.8699951171875,2529800,118.5943603515625
UNH,2016-08-25,139.75,139.75,137.02999877929688,137.3000030517578,3891000,116.41533660888672
UNH,2016-08-26,137.6699981689453,138.3000030517578,135.99000549316406,136.6199951171875,3082400,115.83873748779297
UNH,2016-08-29,137.1999969482422,138.0399932861328,136.47999572753906,137.27000427246094,2315900,116.38990020751953
UNH,2016-08-30,137.27000427246094,137.69000244140625,136.24000549316406,136.8699951171875,2026600,116.05074310302734
UNH,2016-08-31,136.5500030517578,136.82000732421875,135.5500030517578,136.0500030517578,2837300,115.35546112060547
UNH,2016-09-01,136.82000732421875,136.97999572753906,135.35000610351563,135.74000549316406,2765400,115.09262084960938
UNH,2016-09-02,136.5,136.77999877929688,135.75999450683594,136.61000061035156,2390500,115.83025360107422
UNH,2016-09-06,136.6199951171875,136.85000610351563,135.6300048828125,135.97000122070313,2242400,115.28764343261719
UNH,2016-09-07,135,135.9600067138672,134.1999969482422,134.99000549316406,2816300,114.98523712158203
UNH,2016-09-08,134.47000122070313,135.6199951171875,134.41000366210938,135.44000244140625,2826700,115.36854553222656
UNH,2016-09-09,134.7100067138672,135.14999389648438,133.6199951171875,133.6199951171875,3322300,113.81827545166016
UNH,2016-09-12,132.7100067138672,135.72000122070313,132.38999938964844,135.52999877929688,3457400,115.4451904296875
UNH,2016-09-13,134.24000549316406,135.14999389648438,133.3699951171875,133.9499969482422,3331500,114.0993423461914
UNH,2016-09-14,133.8699951171875,134.69000244140625,132.97999572753906,133.69000244140625,4592400,113.87789154052734
UNH,2016-09-15,133.02999877929688,136.08999633789063,132.8800048828125,135.61000061035156,3302900,115.51334381103516
UNH,2016-09-16,135.61000061035156,138.5500030517578,135.52999877929688,138.47000122070313,7421900,117.94952392578125
UNH,2016-09-19,138.67999267578125,139.38999938964844,137.52000427246094,137.67999267578125,3239500,117.27660369873047
UNH,2016-09-20,138.1300048828125,138.52999877929688,137.05999755859375,137.47000122070313,2425700,117.09771728515625
UNH,2016-09-21,138.1999969482422,139.9600067138672,137.99000549316406,139.91000366210938,3506600,119.17610931396484
UNH,2016-09-22,140.49000549316406,141.41000366210938,140.3300018310547,141.0399932861328,3018300,120.13866424560547
UNH,2016-09-23,141.02000427246094,141.77999877929688,140.36000061035156,140.50999450683594,2802000,119.6872329711914
UNH,2016-09-26,139.9499969482422,140.1699981689453,138.89999389648438,139.72000122070313,2636500,119.01426696777344
UNH,2016-09-27,139.99000549316406,140.83999633789063,138.69000244140625,140.7899932861328,3048600,119.9256820678711
UNH,2016-09-28,141.1300048828125,141.7100067138672,139.66000366210938,140.41000366210938,1990400,119.60198974609375
UNH,2016-09-29,140.17999267578125,140.27999877929688,137.83999633789063,138.32000732421875,2201000,117.82177734375
UNH,2016-09-30,139.17999267578125,140.47999572753906,138.4199981689453,140,4164100,119.25279998779297
UNH,2016-10-03,139.35000610351563,139.72000122070313,138.02999877929688,138.49000549316406,2724400,117.966552734375
UNH,2016-10-04,138.69000244140625,139.36000061035156,137.16000366210938,138.16000366210938,2452600,117.68549346923828
UNH,2016-10-05,138.2100067138672,138.92999267578125,136.60000610351563,137.60000610351563,4625600,117.20849609375
UNH,2016-10-06,137.30999755859375,137.49000549316406,135.66000366210938,136.47000122070313,4025300,116.24591827392578
UNH,2016-10-07,137.2100067138672,137.5500030517578,135.97999572753906,136.66000366210938,2568700,116.40773010253906
UNH,2016-10-10,136.97000122070313,138.35000610351563,136.97000122070313,138.0800018310547,2586000,117.61732482910156
UNH,2016-10-11,137.32000732421875,137.69000244140625,134.3699951171875,134.75,3353600,114.78080749511719
UNH,2016-10-12,134.97999572753906,135.72000122070313,133.63999938964844,135.10000610351563,4287900,115.07896423339844
UNH,2016-10-13,134.64999389648438,134.64999389648438,133.61000061035156,134.19000244140625,3425700,114.3038330078125
UNH,2016-10-14,134.77999877929688,135.50999450683594,133.88999938964844,133.9199981689453,3452900,114.07380676269531
UNH,2016-10-17,134.05999755859375,134.42999267578125,133.02999877929688,134.1300048828125,3602500,114.25270080566406
UNH,2016-10-18,139.1999969482422,143.9499969482422,137.8699951171875,143.38999938964844,10141900,122.14042663574219
UNH,2016-10-19,143.82000732421875,146.36000061035156,142.82000732421875,144.3699951171875,5796000,122.97521209716797
UNH,2016-10-20,144.49000549316406,145.8800048828125,143.97999572753906,145.07000732421875,5203700,123.57144165039063
UNH,2016-10-21,144.25999450683594,145.44000244140625,143.75999450683594,145.3699951171875,3331800,123.82698059082031
UNH,2016-10-24,146,146.22000122070313,144.02000427246094,144.69000244140625,2930200,123.247802734375
UNH,2016-10-25,144.8800048828125,145.3800048828125,143.60000610351563,143.77999877929688,3095400,122.47261810302734
UNH,2016-10-26,143.75,143.77999877929688,141.88999938964844,142.22999572753906,3267600,121.1523208618164
UNH,2016-10-27,142.72000122070313,143.25,141.5800018310547,141.94000244140625,3358000,120.90528106689453
UNH,2016-10-28,141.66000366210938,142.35000610351563,139.44000244140625,140.35000610351563,4033600,119.5509033203125
UNH,2016-10-31,140.8000030517578,141.5399932861328,139.97000122070313,141.3300018310547,3761100,120.38568878173828
UNH,2016-11-01,141.50999450683594,141.50999450683594,138.82000732421875,139.42999267578125,3391400,118.76728057861328
UNH,2016-11-02,139.02000427246094,141.22999572753906,138.92999267578125,138.97999572753906,3149700,118.38391876220703
UNH,2016-11-03,139.17999267578125,140.33999633789063,137.64999389648438,137.8300018310547,2989700,117.40434265136719
UNH,2016-11-04,138.4499969482422,138.88999938964844,137.69000244140625,137.7100067138672,3520700,117.30213165283203
UNH,2016-11-07,139.60000610351563,142.44000244140625,139.5500030517578,141.92999267578125,3896600,120.89672088623047
UNH,2016-11-08,141.35000610351563,143.61000061035156,141,142.89999389648438,4389300,121.72303771972656
UNH,2016-11-09,139.5399932861328,144.19000244140625,136.22000122070313,141.89999389648438,8042400,120.87120819091797
UNH,2016-11-10,142.33999633789063,146.57000732421875,142,146.1300048828125,6075500,124.47434997558594
UNH,2016-11-11,146.7100067138672,147.5,146.00999450683594,146.4199981689453,4475400,124.72137451171875
UNH,2016-11-14,147.32000732421875,152.9199981689453,147.0399932861328,152.27999877929688,5740400,129.7129364013672
UNH,2016-11-15,153.50999450683594,153.9600067138672,151.50999450683594,152.22999572753906,4910700,129.6703643798828
UNH,2016-11-16,151.99000549316406,153,151.22999572753906,151.5,3899000,129.04855346679688
UNH,2016-11-17,151.82000732421875,151.9199981689453,150.19000244140625,150.77000427246094,4683000,128.4267120361328
UNH,2016-11-18,151.0500030517578,151.66000366210938,149.39999389648438,149.4499969482422,5664800,127.30235290527344
UNH,2016-11-21,149.72000122070313,150.66000366210938,148.55999755859375,150.41000366210938,3867800,128.1201171875
UNH,2016-11-22,151.0800018310547,152.92999267578125,150.55999755859375,152.25999450683594,4992100,129.69593811035156
UNH,2016-11-23,152.00999450683594,153.74000549316406,150.9600067138672,153.5399932861328,2697200,130.78622436523438
UNH,2016-11-25,153.92999267578125,154.5,152.61000061035156,152.80999755859375,1664500,130.1643829345703
UNH,2016-11-28,152.74000549316406,152.85000610351563,150,152.11000061035156,5029600,129.56820678710938
UNH,2016-11-29,156.94000244140625,158.1199951171875,155.17999267578125,157.58999633789063,5827400,134.23606872558594
UNH,2016-11-30,157.47000122070313,159.75999450683594,157.07000732421875,158.32000732421875,7142400,135.3948516845703
UNH,2016-12-01,159.1199951171875,161.72000122070313,159.1199951171875,160.94000244140625,5250200,137.63546752929688
UNH,2016-12-02,161,162.52000427246094,160.55999755859375,160.72999572753906,3480000,137.45591735839844
UNH,2016-12-05,160.19000244140625,160.6699981689453,156.22999572753906,157.6300048828125,5854200,134.80477905273438
UNH,2016-12-06,158.1699981689453,158.22999572753906,156.25999450683594,157.32000732421875,3216700,134.53968811035156
UNH,2016-12-07,157.88999938964844,159.97999572753906,156.35000610351563,159.39999389648438,4552300,136.31846618652344
UNH,2016-12-08,159.41000366210938,160.24000549316406,158,159.32000732421875,3407500,136.25006103515625
UNH,2016-12-09,159.52000427246094,160.16000366210938,157.7100067138672,160.1199951171875,4007200,136.9342041015625
UNH,2016-12-12,158.8300018310547,159.66000366210938,157.75,159.49000549316406,3471200,136.39537048339844
UNH,2016-12-13,160.39999389648438,161.7100067138672,160.07000732421875,160.5399932861328,3868900,137.2933807373047
UNH,2016-12-14,161.13999938964844,161.8000030517578,158.72000122070313,159.86000061035156,3885700,136.71188354492188
UNH,2016-12-15,159.8699951171875,161.2899932861328,159.42999267578125,160.6199951171875,4422700,137.36178588867188
UNH,2016-12-16,161.3800048828125,164,161.19000244140625,163.94000244140625,7605300,140.20106506347656
UNH,2016-12-19,163.08999633789063,163.94000244140625,161.22000122070313,161.5399932861328,4732600,138.14857482910156
UNH,2016-12-20,161.7100067138672,163.11000061035156,161.41000366210938,161.58999633789063,3131200,138.19134521484375
UNH,2016-12-21,161.4199981689453,162.2899932861328,159.6199951171875,161.3300018310547,2767700,137.968994140625
UNH,2016-12-22,161.38999938964844,161.8800048828125,160.27000427246094,161.5800018310547,2741700,138.18284606933594
UNH,2016-12-23,161.55999755859375,163.0399932861328,160.5500030517578,163.02999877929688,2044400,139.4228515625
UNH,2016-12-27,163.25999450683594,163.9600067138672,162.4499969482422,162.63999938964844,1344000,139.08929443359375
UNH,2016-12-28,162.16000366210938,163.25,161.32000732421875,161.44000244140625,1669100,138.06307983398438
UNH,2016-12-29,161.9199981689453,162.36000061035156,160.38999938964844,161.0399932861328,2476300,137.7209930419922
UNH,2016-12-30,161.3699951171875,161.47999572753906,159.85000610351563,160.0399932861328,2855600,136.86573791503906
UNH,2017-01-03,161.1300048828125,162.27000427246094,159.14999389648438,161.4499969482422,3539700,138.07159423828125
UNH,2017-01-04,162.35000610351563,162.5800018310547,159.74000549316406,161.91000366210938,2695200,138.46499633789063
UNH,2017-01-05,161.75,162.6300048828125,161.50999450683594,162.17999267578125,2961100,138.69589233398438
UNH,2017-01-06,161.75,162.94000244140625,161.11000061035156,162.41000366210938,3081300,138.89256286621094
UNH,2017-01-09,162,162.42999267578125,160.77999877929688,161.9499969482422,3040800,138.49920654296875
UNH,2017-01-10,161.27000427246094,162.97999572753906,160.5,161.5800018310547,3500700,138.18284606933594
UNH,2017-01-11,161.3000030517578,162.94000244140625,160.61000061035156,161.88999938964844,3330600,138.44790649414063
UNH,2017-01-12,161.69000244140625,162.94000244140625,160.88999938964844,162.36000061035156,2555900,138.84983825683594
UNH,2017-01-13,162.16000366210938,162.74000549316406,161.41000366210938,161.8000030517578,3183300,138.37091064453125
UNH,2017-01-17,162.61000061035156,162.97000122070313,157.50999450683594,160.66000366210938,5475800,137.39601135253906
UNH,2017-01-18,161.05999755859375,161.1999969482422,156.08999633789063,157.74000549316406,6591600,134.89883422851563
UNH,2017-01-19,157.74000549316406,160.5500030517578,157.24000549316406,158.6999969482422,4976900,135.7198486328125
UNH,2017-01-20,159.02000427246094,159.8000030517578,157.80999755859375,158.66000366210938,3579100,135.6855926513672
UNH,2017-01-23,158.6199951171875,159.52000427246094,156.55999755859375,159.07000732421875,4062600,136.03627014160156
UNH,2017-01-24,159.36000061035156,161.30999755859375,159.10000610351563,160.42999267578125,3514100,137.19927978515625
UNH,2017-01-25,160.82000732421875,161.97999572753906,160.35000610351563,161.24000549316406,3605800,137.89205932617188
UNH,2017-01-26,161.86000061035156,163.5800018310547,161.25,162.75,4202400,139.18336486816406
UNH,2017-01-27,163.5,163.8000030517578,162.6199951171875,162.99000549316406,3110400,139.38861083984375
UNH,2017-01-30,162.94000244140625,163.4600067138672,161.30999755859375,162.08999633789063,2784600,138.6189422607422
UNH,2017-01-31,161.6199951171875,162.19000244140625,160.00999450683594,162.10000610351563,3037000,138.62747192382813
UNH,2017-02-01,162.75,163.89999389648438,162.02999877929688,162.7100067138672,3718500,139.149169921875
UNH,2017-02-02,162.52000427246094,163.25,160.25999450683594,160.75999450683594,4714000,137.48150634765625
UNH,2017-02-03,161.1300048828125,162,160.2100067138672,161.8699951171875,2762300,138.43080139160156
UNH,2017-02-06,161.50999450683594,162.52999877929688,160.22000122070313,160.50999450683594,3479400,137.2677764892578
UNH,2017-02-07,161.0500030517578,161.67999267578125,159.5399932861328,160.52999877929688,2942700,137.28482055664063
UNH,2017-02-08,160,160.6300048828125,159.41000366210938,160.30999755859375,2339700,137.0966796875
UNH,2017-02-09,160.30999755859375,161.3000030517578,159.55999755859375,160.44000244140625,3056800,137.2078857421875
UNH,2017-02-10,160.1199951171875,161.58999633789063,160.10000610351563,160.75,1905900,137.47296142578125
UNH,2017-02-13,160.69000244140625,162.02000427246094,160.69000244140625,161.99000549316406,3275800,138.53338623046875
UNH,2017-02-14,161.4499969482422,163.5,161.25,163.1300048828125,2969400,139.5083465576172
UNH,2017-02-15,162.5800018310547,164.88999938964844,162.5800018310547,164.2899932861328,4537900,140.50033569335938
UNH,2017-02-16,164.77999877929688,164.97000122070313,162.3300018310547,163.64999389648438,3191600,139.9530487060547
UNH,2017-02-17,159,160.16000366210938,156.49000549316406,157.6199951171875,12033600,134.79620361328125
UNH,2017-02-21,157.6199951171875,160.82000732421875,157.52000427246094,160.57000732421875,5419000,137.31907653808594
UNH,2017-02-22,160.91000366210938,161.77999877929688,159.63999938964844,160.57000732421875,2725300,137.31907653808594
UNH,2017-02-23,161.3300018310547,162.60000610351563,160.69000244140625,162.60000610351563,2459600,139.05508422851563
UNH,2017-02-24,162.6699981689453,163.08999633789063,161.74000549316406,163.05999755859375,2715700,139.4485321044922
UNH,2017-02-27,163.16000366210938,165.4600067138672,162.80999755859375,165.3800048828125,4071800,141.43258666992188
UNH,2017-02-28,165.47000122070313,166.75999450683594,164.89999389648438,165.3800048828125,4382100,141.43258666992188
UNH,2017-03-01,166.72000122070313,168.60000610351563,166.35000610351563,167.94000244140625,3514200,143.621826171875
UNH,2017-03-02,168.32000732421875,168.42999267578125,166.9600067138672,167.30999755859375,1889800,143.08306884765625
UNH,2017-03-03,167.30999755859375,168.4499969482422,166.6199951171875,168.1999969482422,2254400,143.8441925048828
UNH,2017-03-06,167.42999267578125,169.35000610351563,167.1300048828125,168.6999969482422,2576500,144.27182006835938
UNH,2017-03-07,168.4499969482422,169.36000061035156,167.92999267578125,168.3000030517578,2702300,143.92970275878906
UNH,2017-03-08,167.50999450683594,168.4600067138672,166.8000030517578,167.91000366210938,2048200,144.13145446777344
UNH,2017-03-09,168.14999389648438,169.07000732421875,167.74000549316406,168.00999450683594,3631400,144.21726989746094
UNH,2017-03-10,168.4199981689453,170,168.05999755859375,169.97999572753906,3716600,145.9083251953125
UNH,2017-03-13,169.99000549316406,170.92999267578125,169.5500030517578,170.2100067138672,3130200,146.10572814941406
UNH,2017-03-14,169.66000366210938,170.17999267578125,168.5,169.05999755859375,2522600,145.1185760498047
UNH,2017-03-15,169.36000061035156,171.97000122070313,169.2899932861328,171.77999877929688,2807600,147.453369140625
UNH,2017-03-16,172.07000732421875,172.13999938964844,170.22000122070313,171.3000030517578,3138600,147.04135131835938
UNH,2017-03-17,171.08999633789063,171.5399932861328,169.58999633789063,169.6999969482422,5622900,145.66796875
UNH,2017-03-20,169.92999267578125,170.24000549316406,167.9199981689453,168,3928600,144.2086639404297
UNH,2017-03-21,168.6699981689453,168.82000732421875,167.05999755859375,167.6999969482422,4953100,143.95118713378906
UNH,2017-03-22,168.1300048828125,168.3800048828125,165.6300048828125,167.02999877929688,2999800,143.3760528564453
UNH,2017-03-23,166.22999572753906,166.92999267578125,164.77000427246094,165.2899932861328,3947400,141.88250732421875
UNH,2017-03-24,166.1300048828125,167.39999389648438,164.35000610351563,165,5243900,141.63352966308594
UNH,2017-03-27,163.99000549316406,165.11000061035156,163.30999755859375,164.60000610351563,4383000,141.29019165039063
UNH,2017-03-28,164.5800018310547,166.07000732421875,163.83999633789063,165.35000610351563,7327100,141.9339599609375
UNH,2017-03-29,164.66000366210938,164.97000122070313,162.74000549316406,163.44000244140625,5900400,140.29446411132813
UNH,2017-03-30,163.64999389648438,165.92999267578125,163.4600067138672,164.99000549316406,2993800,141.6249542236328
UNH,2017-03-31,164.63999938964844,165.10000610351563,163.75,164.00999450683594,3496100,140.7837371826172
UNH,2017-04-03,164.6199951171875,166.13999938964844,164.25,165.58999633789063,3473700,142.13998413085938
UNH,2017-04-04,165.8699951171875,166.4499969482422,164.7899932861328,164.97000122070313,2886000,141.60777282714844
UNH,2017-04-05,165.75999450683594,167.25999450683594,165.22000122070313,165.3699951171875,3541600,141.9511260986328
UNH,2017-04-06,165.4499969482422,166.02000427246094,164.83999633789063,165.33999633789063,2923600,141.92535400390625
UNH,2017-04-07,164.9600067138672,166.5,164.6199951171875,166.02000427246094,2927800,142.50904846191406
UNH,2017-04-10,166.19000244140625,167,165.27999877929688,165.47999572753906,3234900,142.04554748535156
UNH,2017-04-11,164.88999938964844,165.83999633789063,164.60000610351563,165.8300018310547,3172900,142.34596252441406
UNH,2017-04-12,166.32000732421875,166.4199981689453,164.60000610351563,165.55999755859375,2978700,142.11419677734375
UNH,2017-04-13,164.9499969482422,165.64999389648438,164.6699981689453,164.9600067138672,1979800,141.59922790527344
UNH,2017-04-17,164.99000549316406,167.4199981689453,164.9600067138672,167.17999267578125,4396700,143.50482177734375
UNH,2017-04-18,170.05999755859375,170.22999572753906,167.6999969482422,168.58999633789063,5526200,144.71511840820313
UNH,2017-04-19,169.58999633789063,171.19000244140625,168.69000244140625,169.25,4703400,145.28164672851563
UNH,2017-04-20,169.52000427246094,172.19000244140625,168.3699951171875,171.5399932861328,3652100,147.2473602294922
UNH,2017-04-21,172.1300048828125,172.6199951171875,170.47000122070313,171.16000366210938,2982300,146.9211883544922
UNH,2017-04-24,172.66000366210938,173.16000366210938,171.6999969482422,172.3300018310547,2830300,147.92552185058594
UNH,2017-04-25,173.5,174.74000549316406,173.19000244140625,174.0399932861328,3394700,149.39334106445313
UNH,2017-04-26,174.08999633789063,175.64999389648438,173.97999572753906,174.3800048828125,2817500,149.68519592285156
UNH,2017-04-27,174.07000732421875,176.07000732421875,174.02000427246094,174.6300048828125,2438600,149.89974975585938
UNH,2017-04-28,174.61000061035156,175,173.91000366210938,174.8800048828125,2010800,150.11434936523438
UNH,2017-05-01,175,176.13999938964844,174.08999633789063,174.58999633789063,2709700,149.86546325683594
UNH,2017-05-02,174.91000366210938,175.3699951171875,170.27000427246094,174.13999938964844,4951000,149.4791717529297
UNH,2017-05-03,173.75,174.3000030517578,171.86000061035156,172.5399932861328,3622200,148.10577392578125
UNH,2017-05-04,173.0500030517578,174.2100067138672,172.3800048828125,174.02000427246094,2585200,149.37612915039063
UNH,2017-05-05,174.5399932861328,174.8800048828125,173.30999755859375,174.1199951171875,2189000,149.4619598388672
UNH,2017-05-08,173.92999267578125,174.55999755859375,173.57000732421875,174.44000244140625,2505900,149.73670959472656
UNH,2017-05-09,174.10000610351563,174.77000427246094,172.72999572753906,173.24000549316406,1653700,148.70663452148438
UNH,2017-05-10,173.0399932861328,173.63999938964844,172.4600067138672,173.38999938964844,1568700,148.83538818359375
UNH,2017-05-11,172.75999450683594,173.86000061035156,171.6699981689453,173.32000732421875,1901300,148.77528381347656
UNH,2017-05-12,172.63999938964844,173.38999938964844,171.52000427246094,171.80999755859375,2335400,147.4791259765625
UNH,2017-05-15,171.7899932861328,172,170.22999572753906,171.52999877929688,2831400,147.23878479003906
UNH,2017-05-16,170.6699981689453,171,167.25,168.1199951171875,4343700,144.3116912841797
UNH,2017-05-17,168.1199951171875,170.38999938964844,166.64999389648438,168.86000061035156,4442300,144.94688415527344
UNH,2017-05-18,168.25,173.97999572753906,167.8699951171875,171.4499969482422,3908000,147.17010498046875
UNH,2017-05-19,172.3000030517578,172.9499969482422,170.25,172.58999633789063,3877300,148.14866638183594
UNH,2017-05-22,172.72999572753906,174.89999389648438,172.60000610351563,174.6999969482422,3480300,149.95989990234375
UNH,2017-05-23,174.44000244140625,175.52000427246094,173.7100067138672,175.22000122070313,2471500,150.40621948242188
UNH,2017-05-24,175.4499969482422,176.10000610351563,174.52000427246094,175.58999633789063,1612300,150.7238006591797
UNH,2017-05-25,176.32000732421875,178.72999572753906,175.94000244140625,178.0500030517578,3212200,152.83546447753906
UNH,2017-05-26,177.67999267578125,178.88999938964844,177,177.5,1583600,152.36334228515625
UNH,2017-05-30,177.5399932861328,178.0800018310547,176.24000549316406,176.58999633789063,2285700,151.5821990966797
UNH,2017-05-31,176.88999938964844,176.89999389648438,174.9199981689453,175.17999267578125,3320400,150.37188720703125
UNH,2017-06-01,175.77999877929688,179.5800018310547,175.19000244140625,179.5800018310547,2890600,154.1488037109375
UNH,2017-06-02,179.9199981689453,179.9199981689453,178.33999633789063,179.38999938964844,2610100,153.98565673828125
UNH,2017-06-05,179.52999877929688,180.32000732421875,179.16000366210938,179.3699951171875,2640600,153.96852111816406
UNH,2017-06-06,179.19000244140625,181.05999755859375,178.47999572753906,180.82000732421875,3443900,155.21315002441406
UNH,2017-06-07,182,183.47000122070313,179.64999389648438,183.2100067138672,3783600,157.26473999023438
UNH,2017-06-08,183.2100067138672,183.75999450683594,180.97999572753906,181.69000244140625,3079900,155.9599609375
UNH,2017-06-09,181.83999633789063,182.39999389648438,180.86000061035156,181.4600067138672,2392200,155.7625732421875
UNH,2017-06-12,181.4600067138672,181.82000732421875,176.4199981689453,179.25,3705600,153.865478515625
UNH,2017-06-13,179.2100067138672,181.38999938964844,179.14999389648438,181.0500030517578,2458500,155.41062927246094
UNH,2017-06-14,180.94000244140625,182.83999633789063,180.94000244140625,182.36000061035156,2039300,156.53515625
UNH,2017-06-15,181.75,183.5,180.08999633789063,180.3800048828125,3078700,155.47494506835938
UNH,2017-06-16,180.8300018310547,182.4600067138672,180.3800048828125,181.6300048828125,4473300,156.55230712890625
UNH,2017-06-19,182.3000030517578,183.02000427246094,180.75999450683594,183.02000427246094,3887100,157.75042724609375
UNH,2017-06-20,182.75,183.4199981689453,182.22000122070313,183.27000427246094,2742600,157.96591186523438
UNH,2017-06-21,183.49000549316406,185.11000061035156,182.7100067138672,184.9199981689453,2866300,159.38809204101563
UNH,2017-06-22,184.89999389648438,188.66000366210938,184.77999877929688,186.5,3841300,160.7498779296875
UNH,2017-06-23,186.27000427246094,186.27000427246094,184.13999938964844,185.25,3438500,159.67254638671875
UNH,2017-06-26,185.1300048828125,185.88999938964844,183.38999938964844,185.1199951171875,2327400,159.56044006347656
UNH,2017-06-27,185.72000122070313,186.8000030517578,184.22000122070313,184.60000610351563,2682800,159.1123046875
UNH,2017-06-28,185.67999267578125,186.30999755859375,185.08999633789063,185.6999969482422,2451200,160.06031799316406
UNH,2017-06-29,185.82000732421875,186.08999633789063,184.3300018310547,185.27000427246094,2193600,159.68978881835938
UNH,2017-06-30,185.14999389648438,186.19000244140625,184.92999267578125,185.4199981689453,2392000,159.81907653808594
UNH,2017-07-03,186.2899932861328,187.52999877929688,185.74000549316406,186.64999389648438,2087000,160.8791961669922
UNH,2017-07-05,186.13999938964844,188.36000061035156,185.72000122070313,188.25,2587400,162.25830078125
UNH,2017-07-06,188.1199951171875,188.19000244140625,186.14999389648438,186.94000244140625,1844700,161.129150390625
UNH,2017-07-07,187.35000610351563,188.42999267578125,187.00999450683594,187.9600067138672,2252500,162.0083465576172
UNH,2017-07-10,187.3300018310547,188,186.14999389648438,186.9499969482422,2612000,161.1378173828125
UNH,2017-07-11,187,187.66000366210938,185.08999633789063,185.9499969482422,2664500,160.27586364746094
UNH,2017-07-12,186.7899932861328,187.3000030517578,186.41000366210938,186.69000244140625,3342800,160.91372680664063
UNH,2017-07-13,187,187.27999877929688,185.32000732421875,185.47999572753906,2379300,159.87078857421875
UNH,2017-07-14,185.80999755859375,187.1300048828125,184.77000427246094,186.89999389648438,2716700,161.09471130371094
UNH,2017-07-17,187.07000732421875,187.25,185.75999450683594,186.35000610351563,2444600,160.62063598632813
UNH,2017-07-18,186.9499969482422,187.1999969482422,183.86000061035156,186.85000610351563,4235800,161.05160522460938
UNH,2017-07-19,187.50999450683594,189.41000366210938,187.50999450683594,189.19000244140625,3401600,163.06854248046875
UNH,2017-07-20,189.41000366210938,191.9199981689453,188.9199981689453,191.5,3099600,165.05958557128906
UNH,2017-07-21,191.3800048828125,193,190.60000610351563,191.77999877929688,4911500,165.30088806152344
UNH,2017-07-24,191.7899932861328,192.1699981689453,190.63999938964844,190.88999938964844,2356500,164.53382873535156
UNH,2017-07-25,192.1300048828125,192.47999572753906,190.3000030517578,190.39999389648438,1960100,164.11146545410156
UNH,2017-07-26,190.02000427246094,191.52999877929688,189.3800048828125,190.75,2683500,164.4131622314453
UNH,2017-07-27,190.24000549316406,190.49000549316406,188.4600067138672,188.92999267578125,2631400,162.84439086914063
UNH,2017-07-28,189.11000061035156,191.24000549316406,187.60000610351563,191.14999389648438,1925000,164.75790405273438
UNH,2017-07-31,191.58999633789063,192.61000061035156,191.13999938964844,191.80999755859375,3767100,165.3267822265625
UNH,2017-08-01,193.39999389648438,193.39999389648438,191.6199951171875,192.22999572753906,3336800,165.68878173828125
UNH,2017-08-02,192.13999938964844,193.4499969482422,192.13999938964844,193,2463800,166.3524932861328
UNH,2017-08-03,193.25999450683594,194.9600067138672,193.00999450683594,194.77000427246094,2886100,167.87806701660156
UNH,2017-08-04,194.9499969482422,196.0399932861328,194.60000610351563,194.8800048828125,2892300,167.972900390625
UNH,2017-08-07,194.80999755859375,195.41000366210938,193.89999389648438,194.77999877929688,2074800,167.88673400878906
UNH,2017-08-08,194.67999267578125,194.99000549316406,194.0800018310547,194.89999389648438,1741000,167.9901580810547
UNH,2017-08-09,194.89999389648438,195.36000061035156,194.1699981689453,194.8300018310547,2125900,167.92979431152344
UNH,2017-08-10,194.25999450683594,194.38999938964844,192.39999389648438,192.57000732421875,2698600,165.98184204101563
UNH,2017-08-11,193.91000366210938,194.5399932861328,192.66000366210938,193.02000427246094,2210700,166.36973571777344
UNH,2017-08-14,194.60000610351563,194.75,192.89999389648438,193.7100067138672,2322000,166.9644317626953
UNH,2017-08-15,194.47000122070313,195.00999450683594,193.80999755859375,194.5,1595200,167.6453094482422
UNH,2017-08-16,194.80999755859375,195.27000427246094,192.8300018310547,193.77000427246094,1881600,167.01617431640625
UNH,2017-08-17,193.75,194.24000549316406,192.66000366210938,192.6999969482422,2440900,166.0938720703125
UNH,2017-08-18,192.83999633789063,193.1999969482422,190.6300048828125,190.82000732421875,2858500,164.4734649658203
UNH,2017-08-21,190.8800048828125,192.30999755859375,190.8800048828125,192.02999877929688,1930500,165.51637268066406
UNH,2017-08-22,192.14999389648438,194.9600067138672,191.55999755859375,194.7899932861328,2021900,167.89535522460938
UNH,2017-08-23,194.5,194.58999633789063,193.72000122070313,194.24000549316406,1547000,167.42127990722656
UNH,2017-08-24,194.5500030517578,195.07000732421875,194.2100067138672,194.75,1923700,167.86083984375
UNH,2017-08-25,195.3300018310547,195.5399932861328,194.13999938964844,194.36000061035156,1375000,167.5246124267578
UNH,2017-08-28,194.58999633789063,195.80999755859375,194.36000061035156,195.08999633789063,2009900,168.1538848876953
UNH,2017-08-29,194.8300018310547,197.0399932861328,194.3300018310547,196.72999572753906,2072200,169.5675048828125
UNH,2017-08-30,196.3800048828125,196.8800048828125,195.1999969482422,195.8800048828125,1506700,168.83485412597656
UNH,2017-08-31,196.92999267578125,199.49000549316406,196.38999938964844,198.89999389648438,2990200,171.43785095214844
UNH,2017-09-01,199.7899932861328,199.99000549316406,198.36000061035156,199.75,2241800,172.17051696777344
UNH,2017-09-05,199.1999969482422,200.44000244140625,198.7100067138672,199.30999755859375,2700800,171.79122924804688
UNH,2017-09-06,199.5399932861328,199.99000549316406,197.6300048828125,198.3800048828125,3040200,170.98963928222656
UNH,2017-09-07,197.77000427246094,199.47999572753906,197.07000732421875,198.1699981689453,2684600,171.4568328857422
UNH,2017-09-08,198.42999267578125,198.86000061035156,197,197.75,2206000,171.09349060058594
UNH,2017-09-11,199.25,200.4199981689453,198.77999877929688,199.5800018310547,3307900,172.67677307128906
UNH,2017-09-12,199.44000244140625,199.47000122070313,196.91000366210938,197.47000122070313,2554700,170.8512420654297
UNH,2017-09-13,197.8000030517578,200.75999450683594,197.77999877929688,198.3300018310547,2394400,171.59527587890625
UNH,2017-09-14,197.9499969482422,198.3800048828125,197.08999633789063,197.72999572753906,2378600,171.07620239257813
UNH,2017-09-15,198.52000427246094,199.7100067138672,197.1999969482422,198.17999267578125,4198700,171.4654998779297
UNH,2017-09-18,198.1699981689453,198.82000732421875,197.50999450683594,198.19000244140625,1915200,171.47415161132813
UNH,2017-09-19,198.44000244140625,198.60000610351563,192.38999938964844,194.64999389648438,3819000,168.41131591796875
UNH,2017-09-20,195.02000427246094,195.83999633789063,194.05999755859375,195.75,2788500,169.36305236816406
UNH,2017-09-21,195.6300048828125,196.1300048828125,194.89999389648438,195.2100067138672,1895000,168.89585876464844
UNH,2017-09-22,195.11000061035156,195.8699951171875,188.25,193.02999877929688,5660200,167.00970458984375
UNH,2017-09-25,193.27000427246094,196.30999755859375,190.9199981689453,191.75,3105900,165.9022979736328
UNH,2017-09-26,192.30999755859375,194.36000061035156,192.0399932861328,192.6999969482422,2775400,166.72418212890625
UNH,2017-09-27,193.1999969482422,195.6199951171875,191.74000549316406,194.49000549316406,3267200,168.27296447753906
UNH,2017-09-28,194.25,196.5500030517578,193.50999450683594,196.10000610351563,2088400,169.6658935546875
UNH,2017-09-29,195.82000732421875,196.08999633789063,194.47999572753906,195.85000610351563,2646300,169.44955444335938
UNH,2017-10-02,196.58999633789063,197.91000366210938,196.3300018310547,197.44000244140625,2893600,170.82525634765625
UNH,2017-10-03,197.5,199.44000244140625,197.25999450683594,198.6300048828125,2533800,171.8548583984375
UNH,2017-10-04,199.02999877929688,200.72999572753906,198.42999267578125,200.47999572753906,2286400,173.4555206298828
UNH,2017-10-05,199.92999267578125,199.92999267578125,196.55999755859375,197.89999389648438,4069000,171.22325134277344
UNH,2017-10-06,197.89999389648438,199.99000549316406,197.50999450683594,198.05999755859375,3361900,171.36172485351563
UNH,2017-10-09,198.00999450683594,198.32000732421875,195.77999877929688,196.3000030517578,3365400,169.83892822265625
UNH,2017-10-10,196.25999450683594,196.42999267578125,193.6699981689453,194.67999267578125,2499100,168.4373321533203
UNH,2017-10-11,194.6300048828125,196.07000732421875,193.58999633789063,195.25999450683594,2935600,168.9391326904297
UNH,2017-10-12,195.00999450683594,195.36000061035156,192.72999572753906,192.9199981689453,2954700,166.91455078125
UNH,2017-10-13,189.58999633789063,192.7100067138672,186,192.52000427246094,5435000,166.56846618652344
UNH,2017-10-16,192.47999572753906,193.32000732421875,191.36000061035156,193.1999969482422,2927400,167.1568145751953
UNH,2017-10-17,196.8000030517578,206.6199951171875,196.3699951171875,203.88999938964844,8949700,176.40582275390625
UNH,2017-10-18,203.8000030517578,207.8000030517578,203.67999267578125,205.22999572753906,4796300,177.565185546875
UNH,2017-10-19,205.47000122070313,205.75,202.6999969482422,203.25,3471800,175.85202026367188
UNH,2017-10-20,204.25999450683594,208.2100067138672,203.69000244140625,207.49000549316406,5138800,179.52052307128906
UNH,2017-10-23,207.5800018310547,208.4499969482422,205.8000030517578,207.00999450683594,2261400,179.105224609375
UNH,2017-10-24,206.3800048828125,208.22999572753906,205.8800048828125,208.14999389648438,3459900,180.09156799316406
UNH,2017-10-25,208.32000732421875,209.13999938964844,207.07000732421875,207.55999755859375,2908300,179.5810546875
UNH,2017-10-26,207.9199981689453,211.6999969482422,207.5800018310547,209.14999389648438,4346000,180.9567413330078
UNH,2017-10-27,209.14999389648438,212.77000427246094,208.5500030517578,212.60000610351563,4385300,183.94168090820313
UNH,2017-10-30,212.2100067138672,212.77000427246094,209.3800048828125,209.38999938964844,2477400,181.16444396972656
UNH,2017-10-31,209.38999938964844,210.52000427246094,207.8000030517578,210.22000122070313,3749600,181.88255310058594
UNH,2017-11-01,211.6199951171875,212.6300048828125,208.9199981689453,209.52999877929688,1902900,181.28550720214844
UNH,2017-11-02,210.11000061035156,211.49000549316406,209.00999450683594,211.10000610351563,2825900,182.64390563964844
UNH,2017-11-03,210.72000122070313,213.8300018310547,210.10000610351563,212.8699951171875,2196900,184.17529296875
UNH,2017-11-06,211.91000366210938,213.92999267578125,211.8000030517578,212.1199951171875,2293700,183.52639770507813
UNH,2017-11-07,212.74000549316406,213.5399932861328,210.88999938964844,212.6999969482422,1845800,184.0282440185547
UNH,2017-11-08,212.0800018310547,212.92999267578125,210.6999969482422,210.77000427246094,2261100,182.35841369628906
UNH,2017-11-09,210.58999633789063,211.75999450683594,209.1300048828125,211.55999755859375,1839700,183.04188537597656
UNH,2017-11-10,211.4600067138672,211.80999755859375,210.1999969482422,211.07000732421875,1384700,182.61798095703125
UNH,2017-11-13,210.30999755859375,213.5399932861328,209.94000244140625,212.66000366210938,2662200,183.99363708496094
UNH,2017-11-14,212.2100067138672,212.6999969482422,210.9199981689453,211.7100067138672,1993900,183.17169189453125
UNH,2017-11-15,210.8800048828125,211.97999572753906,209.6199951171875,209.86000061035156,1816300,181.57102966308594
UNH,2017-11-16,210.3800048828125,212.00999450683594,209.89999389648438,211.1300048828125,1919600,182.6698455810547
UNH,2017-11-17,210.4600067138672,211.4600067138672,209.14999389648438,209.89999389648438,1887500,181.6056671142578
UNH,2017-11-20,210,210.67999267578125,209.5800018310547,210.25,2040400,181.90850830078125
UNH,2017-11-21,211.1300048828125,212.85000610351563,210.75,212.60000610351563,2327200,183.94168090820313
UNH,2017-11-22,212.25999450683594,212.80999755859375,210.75999450683594,211.22000122070313,2257800,182.74771118164063
UNH,2017-11-24,212,212.92999267578125,211,212.50999450683594,744000,183.8638458251953
UNH,2017-11-27,212.25,214.25,211.80999755859375,212.39999389648438,2856300,183.76864624023438
UNH,2017-11-28,213.8800048828125,216.30999755859375,212.50999450683594,216.13999938964844,2905700,187.00454711914063
UNH,2017-11-29,217.6999969482422,224.27000427246094,217.36000061035156,222.8800048828125,4247200,192.83596801757813
UNH,2017-11-30,223.8300018310547,228.75,222.2899932861328,228.1699981689453,6846400,198.07948303222656
UNH,2017-12-01,228.88999938964844,229.22000122070313,221.0800018310547,226.77999877929688,3325800,196.8727264404297
UNH,2017-12-04,229.25999450683594,231.77000427246094,221.39999389648438,221.4199981689453,5591500,192.2196044921875
UNH,2017-12-05,221,223.72000122070313,219.16000366210938,220.08999633789063,3246300,191.0649871826172
UNH,2017-12-06,221.02000427246094,221.9600067138672,219.02999877929688,219.94000244140625,2397500,190.93478393554688
UNH,2017-12-07,220.58999633789063,220.61000061035156,218.19000244140625,220.14999389648438,2661600,191.11708068847656
UNH,2017-12-08,220.5500030517578,224.3300018310547,220.22000122070313,223.91000366210938,2233300,194.38121032714844
UNH,2017-12-11,222.50999450683594,224.82000732421875,222.0399932861328,222.77000427246094,1599500,193.3915252685547
UNH,2017-12-12,221.39999389648438,223.4199981689453,221.25999450683594,222.49000549316406,2294100,193.14852905273438
UNH,2017-12-13,221.74000549316406,224.9499969482422,221.22999572753906,224.35000610351563,3059400,194.76319885253906
UNH,2017-12-14,225,226.97000122070313,221.00999450683594,221.25,2811700,192.07200622558594
UNH,2017-12-15,223.75,223.75,220.6300048828125,221.82000732421875,6293400,192.56687927246094
UNH,2017-12-18,222.60000610351563,224.80999755859375,222.19000244140625,222.6699981689453,3194100,193.3047332763672
UNH,2017-12-19,222.99000549316406,223.7899932861328,220.85000610351563,222.0399932861328,2340200,192.7578582763672
UNH,2017-12-20,223.11000061035156,224.88999938964844,221.72999572753906,222.3800048828125,2633200,193.05300903320313
UNH,2017-12-21,223.1199951171875,223.94000244140625,221.3699951171875,221.69000244140625,2955300,192.45399475097656
UNH,2017-12-22,222,222.35000610351563,218.4499969482422,220,1959700,190.98690795898438
UNH,2017-12-26,219.08999633789063,220.4199981689453,219.08999633789063,219.60000610351563,1482400,190.6396484375
UNH,2017-12-27,219.97999572753906,221.44000244140625,219.25,220.4199981689453,1861900,191.3514862060547
UNH,2017-12-28,221.4600067138672,222.7899932861328,220.14999389648438,222.77000427246094,1452600,193.3915252685547
UNH,2017-12-29,223.9499969482422,223.9499969482422,220.4600067138672,220.4600067138672,2350200,191.38623046875
UNH,2018-01-02,221.02000427246094,222.4499969482422,220,221.16000366210938,3485000,191.9939422607422
UNH,2018-01-03,221.6199951171875,223.80999755859375,220.52000427246094,223.47999572753906,2417600,194.00794982910156
UNH,2018-01-04,224.33999633789063,226.10000610351563,224.1699981689453,224.4499969482422,2749100,194.85003662109375
UNH,2018-01-05,225.19000244140625,229.0500030517578,224.72000122070313,228.72999572753906,2432800,198.5655975341797
UNH,2018-01-08,228.1300048828125,228.7100067138672,224.61000061035156,224.75999450683594,2850800,195.11912536621094
UNH,2018-01-09,224.75999450683594,226.6300048828125,223.3000030517578,225.8800048828125,2672200,196.09146118164063
UNH,2018-01-10,224.8300018310547,225.00999450683594,223.02999877929688,224.1999969482422,2311600,194.6330108642578
UNH,2018-01-11,224.17999267578125,225.9199981689453,223.6999969482422,225.38999938964844,2543600,195.6660614013672
UNH,2018-01-12,227.4499969482422,229.89999389648438,226.52000427246094,228.63999938964844,3943800,198.4875030517578
UNH,2018-01-16,233.3699951171875,235,231.25,232.89999389648438,6852600,202.1856231689453
UNH,2018-01-17,234.6699981689453,238.9600067138672,233.85000610351563,238.42999267578125,5124800,206.9863739013672
UNH,2018-01-18,239.25999450683594,243.89999389648438,238.5500030517578,243.16000366210938,6234200,211.0925750732422
UNH,2018-01-19,244.17999267578125,244.35000610351563,241.07000732421875,243.35000610351563,4293600,211.2575225830078
UNH,2018-01-22,243.58999633789063,243.8000030517578,241.36000061035156,243.55999755859375,4012200,211.4398193359375
UNH,2018-01-23,242.99000549316406,246.97999572753906,242.41000366210938,245.2100067138672,3300000,212.87225341796875
UNH,2018-01-24,246.00999450683594,247.30999755859375,243.7100067138672,244.85000610351563,2733300,212.55970764160156
UNH,2018-01-25,244.75,246.19000244140625,243.89999389648438,245.17999267578125,2420500,212.84616088867188
UNH,2018-01-26,245,248.74000549316406,244.4600067138672,248.47000122070313,2615300,215.7022705078125
UNH,2018-01-29,249.27999877929688,250.7899932861328,247.39999389648438,247.41000366210938,2564700,214.78207397460938
UNH,2018-01-30,232.8800048828125,242.74000549316406,232.10000610351563,236.64999389648438,11565500,205.4410858154297
UNH,2018-01-31,242.83999633789063,247,235.75999450683594,236.77999877929688,5187400,205.55398559570313
UNH,2018-02-01,235.25999450683594,237.82000732421875,233.8300018310547,235.22000122070313,4268300,204.19967651367188
UNH,2018-02-02,233,236.3000030517578,231.19000244140625,231.8800048828125,3959900,201.3001251220703
UNH,2018-02-05,230.7899932861328,233.11000061035156,208.47999572753906,220.02000427246094,6290000,191.00424194335938
UNH,2018-02-06,212.1999969482422,226.50999450683594,210.2100067138672,225.17999267578125,7064800,195.48373413085938
UNH,2018-02-07,222.3300018310547,229.2899932861328,221.50999450683594,225.82000732421875,5589200,196.0393829345703
UNH,2018-02-08,225.3300018310547,226.6300048828125,216.25999450683594,216.4600067138672,4902400,187.9137420654297
UNH,2018-02-09,218,223.27999877929688,212.00999450683594,220.9600067138672,6225300,191.82028198242188
UNH,2018-02-12,222.44000244140625,228,222.14999389648438,225.69000244140625,4912000,195.92649841308594
UNH,2018-02-13,223.14999389648438,227.1199951171875,222.38999938964844,226.63999938964844,3536800,196.75123596191406
UNH,2018-02-14,224.9499969482422,229.33999633789063,223.9199981689453,228.77999877929688,2878400,198.60897827148438
UNH,2018-02-15,229.27000427246094,230,221.74000549316406,226.02000427246094,4662700,196.21298217773438
UNH,2018-02-16,225.99000549316406,230.5500030517578,225.6999969482422,229.3699951171875,3621700,199.12118530273438
UNH,2018-02-20,227.91000366210938,228.75,225.61000061035156,226.66000366210938,3172300,196.7685546875
UNH,2018-02-21,226.14999389648438,229.35000610351563,225.11000061035156,225.1300048828125,3371900,195.44036865234375
UNH,2018-02-22,226.3000030517578,229.83999633789063,225.0800018310547,227.08999633789063,2767900,197.1418914794922
UNH,2018-02-23,227.89999389648438,230.32000732421875,225.91000366210938,230.16000366210938,2393900,199.80697631835938
UNH,2018-02-26,231.63999938964844,234.50999450683594,229.6999969482422,234.05999755859375,3307000,203.19265747070313
UNH,2018-02-27,234.39999389648438,235.88999938964844,232.44000244140625,232.52000427246094,2899500,201.8557586669922
UNH,2018-02-28,234.4199981689453,234.75,226.08999633789063,226.16000366210938,4368600,196.33453369140625
UNH,2018-03-01,225.6999969482422,229.2899932861328,222.74000549316406,224.4499969482422,3514600,194.85003662109375
UNH,2018-03-02,223.2100067138672,225.82000732421875,222.58999633789063,225.19000244140625,2613600,195.49241638183594
UNH,2018-03-05,223.3699951171875,229.42999267578125,222.7899932861328,228.3800048828125,2627300,198.26174926757813
UNH,2018-03-06,228.9199981689453,229.14999389648438,223.88999938964844,226.17999267578125,2652800,196.35186767578125
UNH,2018-03-07,224.35000610351563,227.82000732421875,223.75,227.27000427246094,3242200,197.2981719970703
UNH,2018-03-08,227.92999267578125,227.99000549316406,223.9199981689453,224.72999572753906,3500900,195.73904418945313
UNH,2018-03-09,226.11000061035156,226.52000427246094,222.5,225.42999267578125,4834600,196.34873962402344
UNH,2018-03-12,226.2100067138672,227,222.77000427246094,222.77000427246094,3117300,194.03184509277344
UNH,2018-03-13,223.52999877929688,228.05999755859375,223.16000366210938,226.94000244140625,3343800,197.66392517089844
UNH,2018-03-14,227.1300048828125,229.38999938964844,225.02000427246094,225.3800048828125,3048200,196.30516052246094
UNH,2018-03-15,225.8300018310547,230.75999450683594,225.66000366210938,229.47999572753906,3330200,199.8762664794922
UNH,2018-03-16,229.66000366210938,231.27000427246094,227.75,227.86000061035156,5690300,198.4652557373047
UNH,2018-03-19,227.30999755859375,227.97000122070313,223.67999267578125,225.0500030517578,3407300,196.0177764892578
UNH,2018-03-20,225.16000366210938,227.60000610351563,223.8800048828125,226.77999877929688,3429100,197.52455139160156
UNH,2018-03-21,226.4499969482422,227.44000244140625,222.82000732421875,222.82000732421875,3419800,194.0753936767578
UNH,2018-03-22,221.64999389648438,221.66000366210938,215.10000610351563,215.2100067138672,5894800,187.44717407226563
UNH,2018-03-23,215.75,217.72999572753906,212.5,212.5500030517578,5741200,185.13026428222656
UNH,2018-03-26,215.19000244140625,219.41000366210938,214.6999969482422,219.07000732421875,3561300,190.80921936035156
UNH,2018-03-27,220.32000732421875,221.9499969482422,216.41000366210938,217.9600067138672,3722100,189.8424072265625
UNH,2018-03-28,218.88999938964844,219.91000366210938,217.0399932861328,218.5,3179500,190.312744140625
UNH,2018-03-29,219.3800048828125,223.35000610351563,214,214,5529400,186.39324951171875
UNH,2018-04-02,218.4600067138672,222.99000549316406,214.6300048828125,217.1999969482422,6220700,189.18038940429688
UNH,2018-04-03,220.33999633789063,225.10000610351563,219.69000244140625,224.5800018310547,4652000,195.60841369628906
UNH,2018-04-04,220.69000244140625,229.47999572753906,220.4199981689453,228.7899932861328,4674000,199.2752685546875
UNH,2018-04-05,229.4600067138672,231.5800018310547,226.8000030517578,229.07000732421875,3348100,199.51913452148438
UNH,2018-04-06,226.64999389648438,228.19000244140625,221.82000732421875,223.9600067138672,3231700,195.06838989257813
UNH,2018-04-09,225.5800018310547,226.1300048828125,222.36000061035156,222.72999572753906,3031500,193.99705505371094
UNH,2018-04-10,225.39999389648438,228.16000366210938,223.49000549316406,226.7899932861328,2737500,197.53326416015625
UNH,2018-04-11,224.27000427246094,225.38999938964844,221.69000244140625,221.89999389648438,3482100,193.27410888671875
UNH,2018-04-12,224.0399932861328,225.75,223.41000366210938,224.24000549316406,2664500,195.312255859375
UNH,2018-04-13,225.10000610351563,226.1300048828125,223.0800018310547,224.27999877929688,2496600,195.34707641601563
UNH,2018-04-16,227.11000061035156,231.85000610351563,226.35000610351563,230.32000732421875,4510600,200.6079559326172
UNH,2018-04-17,239.30999755859375,241.6699981689453,236.0800018310547,238.5500030517578,6180300,207.77618408203125
UNH,2018-04-18,239,239.74000549316406,236.3000030517578,236.39999389648438,2940100,205.90359497070313
UNH,2018-04-19,236.1999969482422,238.27000427246094,234.8000030517578,235.75999450683594,2734900,205.3461151123047
UNH,2018-04-20,236.0500030517578,237.10000610351563,233.5,235.05999755859375,2842000,204.73643493652344
UNH,2018-04-23,235.2899932861328,236.2100067138672,233.0800018310547,234.33999633789063,3051700,204.10931396484375
UNH,2018-04-24,235.9499969482422,237.32000732421875,232.55999755859375,234.22000122070313,2771200,204.0048065185547
UNH,2018-04-25,233.4499969482422,235.10000610351563,230.44000244140625,234.89999389648438,3118800,204.59707641601563
UNH,2018-04-26,235.72999572753906,237.83999633789063,234.3300018310547,237.02999877929688,2252800,206.45228576660156
UNH,2018-04-27,237.6300048828125,240.5399932861328,237.14999389648438,240.17999267578125,2301800,209.19593811035156
UNH,2018-04-30,241,241,236.39999389648438,236.39999389648438,3446900,205.90359497070313
UNH,2018-05-01,237,237.49000549316406,234.36000061035156,236.85000610351563,2633500,206.29551696777344
UNH,2018-05-02,235.3800048828125,236.2100067138672,232.86000061035156,233.4600067138672,3542700,203.3428192138672
UNH,2018-05-03,231.97000122070313,234.8000030517578,229.30999755859375,234.14999389648438,2731600,203.94381713867188
UNH,2018-05-04,233.10000610351563,236.64999389648438,232.16000366210938,235.89999389648438,1999900,205.46803283691406
UNH,2018-05-07,235.8800048828125,236.99000549316406,232.6300048828125,233.77999877929688,3237800,203.62155151367188
UNH,2018-05-08,233.72000122070313,233.72000122070313,230.64999389648438,232.02999877929688,2698300,202.0973358154297
UNH,2018-05-09,233.0500030517578,233.4199981689453,228.22999572753906,229.2100067138672,3504200,199.64114379882813
UNH,2018-05-10,230.14999389648438,234.2899932861328,229.36000061035156,233.7100067138672,2169000,203.5605926513672
UNH,2018-05-11,233.5800018310547,238.8000030517578,232.9499969482422,238.27999877929688,3044900,207.54104614257813
UNH,2018-05-14,238.89999389648438,243.6699981689453,238.82000732421875,242.89999389648438,3893600,211.5650634765625
UNH,2018-05-15,241.86000061035156,242.22000122070313,238.6699981689453,239.5,2396600,208.60366821289063
UNH,2018-05-16,239.64999389648438,241.80999755859375,238.57000732421875,241.72000122070313,1906100,210.53729248046875
UNH,2018-05-17,241.49000549316406,243.55999755859375,240.5399932861328,242.9600067138672,2418700,211.61727905273438
UNH,2018-05-18,243.3699951171875,244.75999450683594,242.38999938964844,244.63999938964844,2283600,213.08055114746094
UNH,2018-05-21,245,249.1699981689453,244.83999633789063,247.89999389648438,3040700,215.92002868652344
UNH,2018-05-22,248,248.0500030517578,243.83999633789063,245.17999267578125,2644100,213.55087280273438
UNH,2018-05-23,244.02999877929688,245.5,241.63999938964844,244.25999450683594,3047800,212.7496337890625
UNH,2018-05-24,244.57000732421875,245.44000244140625,242.1999969482422,242.72999572753906,2610400,211.41696166992188
UNH,2018-05-25,242.9499969482422,245.5800018310547,242.44000244140625,244.9499969482422,1554900,213.3505859375
UNH,2018-05-29,243.86000061035156,243.86000061035156,240.24000549316406,242.1699981689453,2837800,210.92916870117188
UNH,2018-05-30,243.74000549316406,245.75,242.6300048828125,244.94000244140625,2071900,213.34188842773438
UNH,2018-05-31,244.2100067138672,244.75,240.67999267578125,241.50999450683594,2966100,210.35438537597656
UNH,2018-06-01,243.74000549316406,243.74000549316406,241.2899932861328,243.35000610351563,2371400,211.9569854736328
UNH,2018-06-04,244,245.24000549316406,242.74000549316406,244.6300048828125,2188900,213.07183837890625
UNH,2018-06-05,245.08999633789063,245.11000061035156,241.91000366210938,244.42999267578125,1531900,212.8976287841797
UNH,2018-06-06,246.32000732421875,248.72000122070313,245.1300048828125,248.64999389648438,2650300,216.57327270507813
UNH,2018-06-07,249.75999450683594,250,248.25,248.97999572753906,2117200,216.86074829101563
UNH,2018-06-08,249.4600067138672,251.5,248.07000732421875,250.67999267578125,3034600,218.34136962890625
UNH,2018-06-11,250.83999633789063,254.99000549316406,250.39999389648438,253.77999877929688,2775200,221.04147338867188
UNH,2018-06-12,253.1999969482422,253.94000244140625,250.1699981689453,253.5800018310547,2567200,220.8672637939453
UNH,2018-06-13,254.13999938964844,256.7300109863281,252.47999572753906,252.8699951171875,3138300,220.24887084960938
UNH,2018-06-14,254.47000122070313,255.99000549316406,253.66000366210938,255.3300018310547,2456600,222.39157104492188
UNH,2018-06-15,254.27000427246094,255.97999572753906,252.55999755859375,255.97999572753906,4772200,223.7462921142578
UNH,2018-06-18,254,255.00999450683594,252.13999938964844,254.8699951171875,1961900,222.77615356445313
UNH,2018-06-19,252.97000122070313,253.3000030517578,251.16000366210938,253.02000427246094,2370200,221.1590576171875
UNH,2018-06-20,253.32000732421875,253.72999572753906,251.8800048828125,252.80999755859375,2580400,220.9755096435547
UNH,2018-06-21,252.9499969482422,253.64999389648438,250.9199981689453,251.88999938964844,2150300,220.17135620117188
UNH,2018-06-22,252.24000549316406,255.11000061035156,251.19000244140625,254.3699951171875,2604000,222.3390655517578
UNH,2018-06-25,254.36000061035156,255.1300048828125,248.61000061035156,250.7100067138672,3060800,219.1399688720703
UNH,2018-06-26,250.55999755859375,252.47000122070313,249.5399932861328,249.77000427246094,2158000,218.31829833984375
UNH,2018-06-27,250.2899932861328,251.75999450683594,248.1300048828125,248.1699981689453,2481000,216.9197998046875
UNH,2018-06-28,247.1300048828125,248,242.22999572753906,244.89999389648438,3556900,214.0615692138672
UNH,2018-06-29,244.89999389648438,247.5,244.60000610351563,245.33999633789063,2772600,214.4461669921875
UNH,2018-07-02,245,247.72999572753906,244.1199951171875,247.47999572753906,1793300,216.3167266845703
UNH,2018-07-03,248.3000030517578,248.75,246.74000549316406,246.97999572753906,1248000,215.87965393066406
UNH,2018-07-05,249.11000061035156,250.92999267578125,247.5800018310547,250.5,2182900,218.9564208984375
UNH,2018-07-06,251.00999450683594,251.72999572753906,249.4199981689453,250.75999450683594,1572300,219.18362426757813
UNH,2018-07-09,252.1300048828125,254.00999450683594,251.0500030517578,253.6699981689453,2039600,221.72720336914063
UNH,2018-07-10,254.17999267578125,256.8999938964844,253.75,255.5399932861328,2012200,223.3616943359375
UNH,2018-07-11,255.13999938964844,256,253.74000549316406,254.58999633789063,1486000,222.53134155273438
UNH,2018-07-12,256.17999267578125,256.82000732421875,254.9199981689453,256.04998779296875,1592700,223.80752563476563
UNH,2018-07-13,256.3900146484375,259.010009765625,256.0199890136719,258.70001220703125,2356200,226.1238555908203
UNH,2018-07-16,258.2900085449219,258.45001220703125,256.44000244140625,256.9800109863281,3625400,224.6204833984375
UNH,2018-07-17,251.5500030517578,252.52000427246094,246.27000427246094,250.2899932861328,6932300,218.7728729248047
UNH,2018-07-18,251.11000061035156,256.6099853515625,250.44000244140625,255.4199981689453,3359800,223.25685119628906
UNH,2018-07-19,255.32000732421875,256.5,251.85000610351563,252.92999267578125,2307600,221.0803680419922
UNH,2018-07-20,251.1699981689453,253.5500030517578,251.1699981689453,252.6999969482422,1959600,220.87937927246094
UNH,2018-07-23,252.91000366210938,255.22999572753906,252.42999267578125,252.74000549316406,1479600,220.9143829345703
UNH,2018-07-24,254.86000061035156,254.9600067138672,252.00999450683594,253.75999450683594,2476500,221.80584716796875
UNH,2018-07-25,254.80999755859375,255.27000427246094,252.77000427246094,254.86000061035156,3016900,222.76739501953125
UNH,2018-07-26,256.25,257.8699951171875,255.8000030517578,257,2021300,224.63790893554688
UNH,2018-07-27,257.7900085449219,257.7900085449219,255.38999938964844,255.9499969482422,1656800,223.72015380859375
UNH,2018-07-30,255.91000366210938,256.8900146484375,253.11000061035156,253.83999633789063,1681500,221.87579345703125
UNH,2018-07-31,254.13999938964844,255.1999969482422,252.85000610351563,253.22000122070313,2355900,221.33384704589844
UNH,2018-08-01,256.1000061035156,256.1000061035156,252.80999755859375,253.3699951171875,3006700,221.4649658203125
UNH,2018-08-02,253.5,256.29998779296875,252.22999572753906,256.0799865722656,1854400,223.83370971679688
UNH,2018-08-03,256.45001220703125,257.55999755859375,254.3000030517578,257.2200012207031,1422300,224.83021545410156
UNH,2018-08-06,256.5,257.5400085449219,255.47000122070313,256.760009765625,1398100,224.42811584472656
UNH,2018-08-07,257.6400146484375,258.8399963378906,257.1300048828125,257.6499938964844,1462800,225.2060546875
UNH,2018-08-08,258.1099853515625,259.5,257.9200134277344,258.80999755859375,1494300,226.22000122070313
UNH,2018-08-09,259.9100036621094,263.0199890136719,259.30999755859375,261.5899963378906,2315000,228.64996337890625
UNH,2018-08-10,260.489990234375,261.5,259.1099853515625,260.3599853515625,1625000,227.5747528076172
UNH,2018-08-13,261,262.54998779296875,260.29998779296875,260.9100036621094,1635100,228.05552673339844
UNH,2018-08-14,260.8900146484375,264.29998779296875,260.8500061035156,263.4800109863281,1941600,230.30197143554688
UNH,2018-08-15,261.9800109863281,262.69000244140625,259.19000244140625,260.6099853515625,2017700,227.79327392578125
UNH,2018-08-16,261.57000732421875,263.75,261.45001220703125,263.1000061035156,2115900,229.96978759765625
UNH,2018-08-17,263.54998779296875,264.1300048828125,261.7200012207031,262.3299865722656,1969700,229.29673767089844
UNH,2018-08-20,263,263.489990234375,261.57000732421875,262.3999938964844,1786200,229.35797119140625
UNH,2018-08-21,261.8500061035156,262.5199890136719,260.7300109863281,261.69000244140625,1559300,228.7373504638672
UNH,2018-08-22,261.95001220703125,261.95001220703125,260.25,260.739990234375,2148500,227.90695190429688
UNH,2018-08-23,261.0199890136719,262.55999755859375,259.55999755859375,261.4200134277344,1603500,228.50137329101563
UNH,2018-08-24,261.75,264.7799987792969,261.75,264.2799987792969,2238600,231.00120544433594
UNH,2018-08-27,265,267.45001220703125,264.4200134277344,267.0799865722656,2614000,233.44859313964844
UNH,2018-08-28,268.5400085449219,269.1400146484375,267.3299865722656,268.510009765625,2603900,234.69851684570313
UNH,2018-08-29,268.3900146484375,269.32000732421875,267.25,269,2880600,235.1268310546875
UNH,2018-08-30,269.4599914550781,270.1700134277344,268.1099853515625,268.3900146484375,2976300,234.5936737060547
UNH,2018-08-31,268.2799987792969,269.2099914550781,267.20001220703125,268.4599914550781,2961500,234.65480041503906
UNH,2018-09-04,268,269.4100036621094,266.57000732421875,268.510009765625,2097300,234.69851684570313
UNH,2018-09-05,268.55999755859375,268.79998779296875,266.92999267578125,267.6400146484375,2230600,233.93804931640625
UNH,2018-09-06,267.6000061035156,270.0199890136719,266.94000244140625,269.6499938964844,2556100,236.49026489257813
UNH,2018-09-07,269.6400146484375,271.1600036621094,267.510009765625,268.2799987792969,2958000,235.2886962890625
UNH,2018-09-10,266.7799987792969,266.79998779296875,258.75,259.7300109863281,4146200,227.79013061523438
UNH,2018-09-11,257.9200134277344,261.4200134277344,257.4800109863281,261.0400085449219,2283300,228.9390106201172
UNH,2018-09-12,261.1199951171875,264.489990234375,260.8500061035156,262.6700134277344,2236300,230.36856079101563
UNH,2018-09-13,264.1600036621094,265.69000244140625,263.4200134277344,265.489990234375,2734500,232.8417510986328
UNH,2018-09-14,265.3999938964844,266.6499938964844,263.2799987792969,265.30999755859375,2084600,232.68386840820313
UNH,2018-09-17,266.5,266.6600036621094,263.4100036621094,263.8699951171875,1940400,231.42098999023438
UNH,2018-09-18,262.92999267578125,264.0899963378906,262,263.2900085449219,3557000,230.91233825683594
UNH,2018-09-19,264.4700012207031,265.6099853515625,263.1600036621094,265.3299865722656,2274300,232.70147705078125
UNH,2018-09-20,266.0799865722656,267.94000244140625,266.05999755859375,266.3900146484375,2095000,233.6311492919922
UNH,2018-09-21,266.1000061035156,267.8399963378906,265.8500061035156,266.6700134277344,5671600,233.87672424316406
UNH,2018-09-24,267.010009765625,269.5299987792969,266.6700134277344,267.3599853515625,2699800,234.4818878173828
UNH,2018-09-25,267.29998779296875,267.3299865722656,263.0299987792969,263.510009765625,3789700,231.1053009033203
UNH,2018-09-26,264.5,265.489990234375,262.45001220703125,262.9100036621094,2238000,230.57907104492188
UNH,2018-09-27,263,265.4100036621094,262.92999267578125,264.6499938964844,2761400,232.1050567626953
UNH,2018-09-28,264.3800048828125,266.19000244140625,263.8500061035156,266.0400085449219,2875100,233.3241729736328
UNH,2018-10-01,267.25,270.0199890136719,267.0199890136719,269.1000061035156,3314500,236.00782775878906
UNH,2018-10-02,269,271.44000244140625,267.5,270.6300048828125,2777300,237.3497314453125
UNH,2018-10-03,272,272.07000732421875,269.7699890136719,270.8999938964844,3002200,237.5864715576172
UNH,2018-10-04,271,271.6199951171875,267.30999755859375,268.32000732421875,2186600,235.32376098632813
UNH,2018-10-05,268.6499938964844,271,267.95001220703125,269.20001220703125,2045700,236.09559631347656
UNH,2018-10-08,268.8399963378906,269.6499938964844,265.6499938964844,269.010009765625,1865000,235.92893981933594
UNH,2018-10-09,269.19000244140625,271.9599914550781,268.4700012207031,270.1099853515625,2510100,236.8936767578125
UNH,2018-10-10,270.6000061035156,271.4200134277344,262.5199890136719,263.0799865722656,4267300,230.72816467285156
UNH,2018-10-11,262,264.3999938964844,255.77999877929688,257.1199951171875,4558500,225.5010986328125
UNH,2018-10-12,259.70001220703125,261.3900146484375,256.8599853515625,259.6099853515625,4006300,227.68487548828125
UNH,2018-10-15,260.1300048828125,262.44000244140625,259.30999755859375,260.25,3583400,228.2461395263672
UNH,2018-10-16,269.69000244140625,272.80999755859375,265,272.57000732421875,6453600,239.05120849609375
UNH,2018-10-17,270.19000244140625,271,265.6300048828125,267.29998779296875,3985100,234.42919921875
UNH,2018-10-18,267.3500061035156,267.8800048828125,263.7099914550781,266.80999755859375,3132100,233.99948120117188
UNH,2018-10-19,266.6199951171875,267.9800109863281,263.8900146484375,265.29998779296875,3336600,232.67515563964844
UNH,2018-10-22,266.75,266.8299865722656,260.05999755859375,262.19000244140625,2618100,229.9476318359375
UNH,2018-10-23,259.7200012207031,265.5199890136719,259.20001220703125,264.8599853515625,4081800,232.2892303466797
UNH,2018-10-24,264.010009765625,265.3299865722656,255.92999267578125,256.32000732421875,5265600,224.79945373535156
UNH,2018-10-25,258.1600036621094,265.17999267578125,253.3699951171875,264.239990234375,4675600,231.7455596923828
UNH,2018-10-26,261.5,262.3999938964844,257.0199890136719,258.17999267578125,4830600,226.43077087402344
UNH,2018-10-29,259.7200012207031,262.0400085449219,253.32000732421875,256.5199890136719,3697700,224.97488403320313
UNH,2018-10-30,256.69000244140625,259.69000244140625,253.97999572753906,258.2799987792969,4169200,226.51840209960938
UNH,2018-10-31,260.8699951171875,264.07000732421875,260.2200012207031,261.3500061035156,4230200,229.21092224121094
UNH,2018-11-01,262.9200134277344,264.67999267578125,259.760009765625,260.92999267578125,2771300,228.84259033203125
UNH,2018-11-02,264.6099853515625,266.3800048828125,259.55999755859375,261.010009765625,2593600,228.91273498535156
UNH,2018-11-05,262.1499938964844,263,260.07000732421875,261.010009765625,3287000,228.91273498535156
UNH,2018-11-06,260.70001220703125,264.010009765625,260.70001220703125,263.5400085449219,2582400,231.1316375732422
UNH,2018-11-07,266.8999938964844,276.75,266.8999938964844,274.6300048828125,5796800,240.8577880859375
UNH,2018-11-08,276,278,274.70001220703125,276.6499938964844,3809100,242.62942504882813
UNH,2018-11-09,276.8599853515625,278,274.19000244140625,276.54998779296875,2904300,242.54164123535156
UNH,2018-11-12,276,277.7900085449219,272,272.3800048828125,3140600,238.88450622558594
UNH,2018-11-13,272.5799865722656,273.6000061035156,268.1400146484375,269.2200012207031,2516900,236.11314392089844
UNH,2018-11-14,269.2900085449219,270.5199890136719,263.3500061035156,264.9599914550781,3511900,232.37692260742188
UNH,2018-11-15,264,265.9200134277344,260.8500061035156,264.94000244140625,3657600,232.3594512939453
UNH,2018-11-16,264.989990234375,271.79998779296875,264.9200134277344,271.1099853515625,3857800,237.7706756591797
UNH,2018-11-19,271.4800109863281,272.2699890136719,264.17999267578125,266.04998779296875,3670800,233.33291625976563
UNH,2018-11-20,265.6199951171875,266.7799987792969,260.3999938964844,261.5,3617700,229.3424530029297
UNH,2018-11-21,262.5899963378906,264.6300048828125,260.45001220703125,260.54998779296875,3234300,228.50929260253906
UNH,2018-11-23,260,262.94000244140625,258.2799987792969,261.6199951171875,1159300,229.4476776123047
UNH,2018-11-26,264.6199951171875,268.29998779296875,263.5,266.1600036621094,3879800,233.4293975830078
UNH,2018-11-27,265.57000732421875,271.29998779296875,265.0299987792969,271.1499938964844,3497300,237.80584716796875
UNH,2018-11-28,272.82000732421875,282.3999938964844,272.82000732421875,280.95001220703125,5044300,246.40065002441406
UNH,2018-11-29,280.42999267578125,285.45001220703125,280.30999755859375,282.54998779296875,4177800,247.80389404296875
UNH,2018-11-30,282.989990234375,283.6400146484375,279.07000732421875,281.3599853515625,6143200,247.54867553710938
UNH,2018-12-03,283,286.5299987792969,282.7099914550781,286.3299865722656,4178800,251.92141723632813
UNH,2018-12-04,286.1499938964844,287.94000244140625,276.9100036621094,278.54998779296875,4635500,245.07644653320313
UNH,2018-12-06,273.0199890136719,276.94000244140625,265.25,276.8500061035156,6694600,243.58074951171875
UNH,2018-12-07,273.760009765625,276.4200134277344,267.2799987792969,269.17999267578125,3506900,236.83238220214844
UNH,2018-12-10,268.5899963378906,269,260.2300109863281,266.5299987792969,4061300,234.5008087158203
UNH,2018-12-11,269.5799865722656,271.5299987792969,265.6700134277344,267.2200012207031,3102800,235.10792541503906
UNH,2018-12-12,271.95001220703125,274.55999755859375,270.489990234375,270.6400146484375,3167900,238.11697387695313
UNH,2018-12-13,270.8599853515625,273.32000732421875,269.6199951171875,272.1499938964844,2350400,239.4455108642578
UNH,2018-12-14,270.3599853515625,270.57000732421875,263.7099914550781,265.0199890136719,3360500,233.17230224609375
UNH,2018-12-17,261.0400085449219,262.75,256.7300109863281,258.07000732421875,5806800,227.05751037597656
UNH,2018-12-18,259.70001220703125,259.989990234375,248.1999969482422,252.97000122070313,5065500,222.5703125
UNH,2018-12-19,252.3699951171875,256.55999755859375,247.58999633789063,250.30999755859375,5468500,220.23001098632813
UNH,2018-12-20,248.5,249.00999450683594,240.0500030517578,242.44000244140625,7311700,213.3057861328125
UNH,2018-12-21,240.72999572753906,247.5,237.4499969482422,238.33999633789063,12209700,209.698486328125
UNH,2018-12-24,236.24000549316406,237.89999389648438,232.55999755859375,232.94000244140625,3091000,204.94740295410156
UNH,2018-12-26,232.6999969482422,243.3699951171875,231.80999755859375,243.35000610351563,4159300,214.10641479492188
UNH,2018-12-27,239.10000610351563,245.97000122070313,235.24000549316406,245.97000122070313,4295800,216.41160583496094
UNH,2018-12-28,246.7100067138672,249.7899932861328,244.80999755859375,246.24000549316406,3312700,216.64913940429688
UNH,2018-12-31,248.05999755859375,250.27999877929688,246.94000244140625,249.1199951171875,3123200,219.1830291748047
UNH,2019-01-02,245,246.35000610351563,241.47000122070313,243.49000549316406,4063600,214.22958374023438
UNH,2019-01-03,243.47999572753906,243.47999572753906,236.1300048828125,236.85000610351563,4623200,208.38758850097656
UNH,2019-01-04,239.8000030517578,243.4600067138672,238.8000030517578,239.6199951171875,5367600,210.82467651367188
UNH,2019-01-07,240.39999389648438,241.97999572753906,238.22999572753906,240.0800018310547,4133000,211.22940063476563
UNH,2019-01-08,242.3300018310547,244.7899932861328,239.7100067138672,243.2899932861328,3618600,214.05364990234375
UNH,2019-01-09,244.75999450683594,246.6300048828125,242.05999755859375,243.63999938964844,3425400,214.36160278320313
UNH,2019-01-10,242.0800018310547,245.13999938964844,241.41000366210938,244.8699951171875,3374100,215.44375610351563
UNH,2019-01-11,243.4499969482422,247.75999450683594,243.27000427246094,247.6699981689453,3967100,217.90728759765625
UNH,2019-01-14,246.58999633789063,249.9199981689453,246.11000061035156,248.05999755859375,4955500,218.2504119873047
UNH,2019-01-15,250,256.9200134277344,247,256.8699951171875,5325600,226.00169372558594
UNH,2019-01-16,258.7300109863281,262.19000244140625,258.1700134277344,261.4599914550781,6069400,230.04013061523438
UNH,2019-01-17,260.989990234375,261.739990234375,257.8900146484375,259.7699890136719,3583600,228.55319213867188
UNH,2019-01-18,262.6000061035156,266.260009765625,260.4200134277344,265.5,4844800,233.59466552734375
UNH,2019-01-22,264.05999755859375,267.5,263.739990234375,265.69000244140625,4052700,233.76182556152344
UNH,2019-01-23,267.75,269.4700012207031,263.6700134277344,267.0199890136719,2971100,234.9319610595703
UNH,2019-01-24,266.79998779296875,268.1600036621094,264.260009765625,266.1300048828125,2927300,234.14892578125
UNH,2019-01-25,268.79998779296875,270.4100036621094,265.70001220703125,268.04998779296875,2809100,235.83815002441406
UNH,2019-01-28,266.8999938964844,266.92999267578125,264.6099853515625,266.7699890136719,2837300,234.71200561523438
UNH,2019-01-29,266,268.45001220703125,265.44000244140625,267.3399963378906,2173000,235.2135009765625
UNH,2019-01-30,269.69000244140625,272.44000244140625,267.19000244140625,270.3699951171875,3659000,237.8794403076172
UNH,2019-01-31,270.4800109863281,271.739990234375,268.989990234375,270.20001220703125,4055100,237.7298583984375
UNH,2019-02-01,268.4700012207031,269.3900146484375,266.0299987792969,268.7200012207031,3946800,236.4276885986328
UNH,2019-02-04,268.30999755859375,268.69000244140625,264.2699890136719,268.2099914550781,3398900,235.97898864746094
UNH,2019-02-05,270.1199951171875,272.0899963378906,265.8399963378906,266.30999755859375,3597000,234.30728149414063
UNH,2019-02-06,265.1400146484375,269.92999267578125,264.9800109863281,269.5,2570000,237.11395263671875
UNH,2019-02-07,268.6400146484375,270.5799865722656,267.260009765625,269,2458200,236.67408752441406
UNH,2019-02-08,267.5,268.70001220703125,260.32000732421875,261.8999938964844,4547000,230.42724609375
UNH,2019-02-11,261.1700134277344,261.17999267578125,256.3399963378906,257.1400146484375,4856200,226.23924255371094
UNH,2019-02-12,259.2200012207031,264,256.9200134277344,263.5,4327900,231.83499145507813
UNH,2019-02-13,263.5199890136719,266.2900085449219,263.1499938964844,263.79998779296875,3066400,232.09890747070313
UNH,2019-02-14,263.239990234375,267.07000732421875,262.7099914550781,265.3299865722656,3015300,233.445068359375
UNH,2019-02-15,267.7900085449219,271.1300048828125,266.6199951171875,271.1300048828125,3673700,238.548095703125
UNH,2019-02-19,271.1700134277344,272.489990234375,269.2799987792969,270.4100036621094,2486700,237.91458129882813
UNH,2019-02-20,269.2099914550781,270.5899963378906,268.17999267578125,269.510009765625,2802800,237.12274169921875
UNH,2019-02-21,269.4700012207031,269.94000244140625,265.1000061035156,266.3999938964844,2554300,234.386474609375
UNH,2019-02-22,266.5,268.3900146484375,265.95001220703125,267.1099853515625,3191100,235.01112365722656
UNH,2019-02-25,267.5799865722656,268.1700134277344,264.3800048828125,264.6000061035156,3679100,232.80282592773438
UNH,2019-02-26,264.6600036621094,265.42999267578125,262.79998779296875,262.9800109863281,3212900,231.3774871826172
UNH,2019-02-27,261.6099853515625,261.6099853515625,248.94000244140625,250.0800018310547,8952900,220.02767944335938
UNH,2019-02-28,249.6999969482422,251.9499969482422,239.14999389648438,242.22000122070313,11034300,213.11224365234375
UNH,2019-03-01,243.55999755859375,248,243.55999755859375,246.14999389648438,6921300,216.56991577148438
UNH,2019-03-04,248.1199951171875,248.4499969482422,234.50999450683594,236.02000427246094,8646300,207.6572723388672
UNH,2019-03-05,236.52999877929688,243.1999969482422,234.94000244140625,241.42999267578125,6924500,212.41712951660156
UNH,2019-03-06,241.74000549316406,241.74000549316406,237.02999877929688,239.07000732421875,4878700,210.3407745361328
UNH,2019-03-07,240.3000030517578,241.17999267578125,235.5500030517578,236.6999969482422,5033500,208.25558471679688
UNH,2019-03-08,235.14999389648438,239.41000366210938,234.63999938964844,237.2899932861328,4921700,209.57150268554688
UNH,2019-03-11,239.2100067138672,244.02000427246094,236.4199981689453,243.14999389648438,4539600,214.74700927734375
UNH,2019-03-12,244.9499969482422,247.47999572753906,243.74000549316406,245.8800048828125,4235800,217.1580810546875
UNH,2019-03-13,247.9600067138672,252.75999450683594,247.0800018310547,252.25,4881600,222.78396606445313
UNH,2019-03-14,253,255.05999755859375,252.33999633789063,253.27000427246094,3865200,223.6848602294922
UNH,2019-03-15,254.33999633789063,254.74000549316406,249.94000244140625,251.39999389648438,6466200,222.03326416015625
UNH,2019-03-18,252.66000366210938,255.30999755859375,250.4199981689453,255,3927400,225.21278381347656
UNH,2019-03-19,255.9499969482422,259.25,255.13999938964844,257.1300048828125,4164800,227.0939483642578
UNH,2019-03-20,257.42999267578125,257.69000244140625,249.97000122070313,250.5,4193500,221.23841857910156
UNH,2019-03-21,249.19000244140625,252.9600067138672,248.66000366210938,252.02000427246094,2699700,222.580810546875
UNH,2019-03-22,250.57000732421875,251.1999969482422,246.99000549316406,247.08999633789063,3777900,218.22677612304688
UNH,2019-03-25,247.4199981689453,247.4199981689453,240.77999877929688,246.86000061035156,4110900,218.02359008789063
UNH,2019-03-26,247.25999450683594,247.88999938964844,241.72000122070313,243.38999938964844,4416200,214.9589385986328
UNH,2019-03-27,242.94000244140625,245.67999267578125,238.16000366210938,241.7100067138672,4819200,213.47518920898438
UNH,2019-03-28,242.58999633789063,242.85000610351563,238.88999938964844,242.22999572753906,3601500,213.93446350097656
UNH,2019-03-29,244.2899932861328,247.75999450683594,241.8699951171875,247.25999450683594,4294200,218.3768768310547
UNH,2019-04-01,249.7100067138672,250.1999969482422,243.05999755859375,245.5399932861328,4809500,216.85781860351563
UNH,2019-04-02,245.50999450683594,246.39999389648438,242.8000030517578,244.41000366210938,4057100,215.85983276367188
UNH,2019-04-03,246.30999755859375,247.5399932861328,244.58999633789063,245.83999633789063,2851400,217.12278747558594
UNH,2019-04-04,245.47999572753906,249.11000061035156,244.63999938964844,247.38999938964844,2255500,218.49168395996094
UNH,2019-04-05,248.9499969482422,249.30999755859375,245.1699981689453,248.77999877929688,3343000,219.71932983398438
UNH,2019-04-08,249.67999267578125,249.67999267578125,246.30999755859375,248.75,2195400,219.69285583496094
UNH,2019-04-09,247.57000732421875,249.94000244140625,245.9499969482422,248.7899932861328,2903800,219.72817993164063
UNH,2019-04-10,248.77999877929688,249.8699951171875,245.52000427246094,246.02999877929688,2753700,217.2906036376953
UNH,2019-04-11,246.0500030517578,246.9199981689453,232.67999267578125,235.4199981689453,8223400,207.919921875
UNH,2019-04-12,236.5,236.77999877929688,220.77000427246094,223.22000122070313,13979400,197.14503479003906
UNH,2019-04-15,225.77000427246094,230.97000122070313,224.41000366210938,230.1999969482422,10021800,203.30967712402344
UNH,2019-04-16,238.00999450683594,238.00999450683594,215.82000732421875,220.9600067138672,27361400,195.14907836914063
UNH,2019-04-17,223.7899932861328,224.24000549316406,208.07000732421875,216.83999633789063,22101400,191.5103302001953
UNH,2019-04-18,217.13999938964844,223,214.2100067138672,221.75,13927200,195.8467559814453
UNH,2019-04-22,224,227.55999755859375,221.5,227.11000061035156,11191800,200.58065795898438
UNH,2019-04-23,228.25,231.94000244140625,226.10000610351563,230.5800018310547,10261400,203.64532470703125
UNH,2019-04-24,230.08999633789063,231.6300048828125,227.75,230.35000610351563,6104100,203.44223022460938
UNH,2019-04-25,228.52999877929688,232.1199951171875,228.1300048828125,230.7899932861328,5954500,203.8307342529297
UNH,2019-04-26,232.13999938964844,237.11000061035156,231.19000244140625,237,6186200,209.3153533935547
UNH,2019-04-29,237.39999389648438,238.05999755859375,234.16000366210938,237.4499969482422,5345300,209.7127685546875
UNH,2019-04-30,238.0800018310547,238.0800018310547,230.19000244140625,233.07000732421875,7632300,205.844482421875
UNH,2019-05-01,233.07000732421875,234.6199951171875,230.35000610351563,231.9499969482422,4823200,204.8553009033203
UNH,2019-05-02,230.89999389648438,233.33999633789063,228.0800018310547,232.4499969482422,5499200,205.296875
UNH,2019-05-03,232.83999633789063,233.89999389648438,227.17999267578125,231.9499969482422,4323100,204.8553009033203
UNH,2019-05-06,228.1699981689453,240.57000732421875,227.5,240.5,7180200,212.40652465820313
UNH,2019-05-07,239.19000244140625,243.14999389648438,236.39999389648438,238.0500030517578,5104700,210.2427215576172
UNH,2019-05-08,238,240.80999755859375,235.52999877929688,239.14999389648438,3768400,211.21417236328125
UNH,2019-05-09,236.60000610351563,240.5399932861328,235.6699981689453,237.97000122070313,4299500,210.1720428466797
UNH,2019-05-10,239.97000122070313,242.6199951171875,236.3699951171875,240.58999633789063,4374400,212.4860076904297
UNH,2019-05-13,236.4499969482422,240.10000610351563,236.1999969482422,239.5500030517578,4684400,211.56748962402344
UNH,2019-05-14,240.63999938964844,240.99000549316406,236.27999877929688,236.42999267578125,5329700,208.81198120117188
UNH,2019-05-15,235,237.52999877929688,232.6199951171875,236.0800018310547,5099700,208.50286865234375
UNH,2019-05-16,235.88999938964844,240.4499969482422,235.72000122070313,236.7899932861328,4456400,209.12985229492188
UNH,2019-05-17,236.1699981689453,242.44000244140625,235.64999389648438,241.3800048828125,4486400,213.1837921142578
UNH,2019-05-20,240,246.74000549316406,239.77000427246094,245.99000549316406,5390800,217.25527954101563
UNH,2019-05-21,247.00999450683594,251.17999267578125,246.8000030517578,249.94000244140625,5345300,220.7438201904297
UNH,2019-05-22,249.10000610351563,251.02999877929688,248.7100067138672,249.33999633789063,4038000,220.21392822265625
UNH,2019-05-23,247.97999572753906,248.14999389648438,244.38999938964844,246.5,3934600,217.7056884765625
UNH,2019-05-24,247.25,249.36000061035156,245.50999450683594,247.6300048828125,2973900,218.70367431640625
UNH,2019-05-28,248.5,249.3000030517578,241.97999572753906,242.05999755859375,6172700,213.7843475341797
UNH,2019-05-29,239.85000610351563,243.02999877929688,237.89999389648438,242.39999389648438,3958400,214.0845947265625
UNH,2019-05-30,241.9199981689453,245.35000610351563,241.33999633789063,243.5,2646600,215.0560760498047
UNH,2019-05-31,241.9499969482422,243.6199951171875,239.47999572753906,241.8000030517578,3285700,213.55470275878906
UNH,2019-06-03,241.49000549316406,243.8000030517578,236.02000427246094,236.55999755859375,4999400,208.92678833007813
UNH,2019-06-04,238.1300048828125,241.0500030517578,234.8300018310547,240.75999450683594,4992000,212.63612365722656
UNH,2019-06-05,243.1699981689453,245.7899932861328,241.22999572753906,242.77000427246094,3194400,214.41139221191406
UNH,2019-06-06,243.1300048828125,243.94000244140625,241.72999572753906,241.82000732421875,2630100,213.57237243652344
UNH,2019-06-07,242.89999389648438,247.07000732421875,242.19000244140625,246.77000427246094,2837400,217.9441375732422
UNH,2019-06-10,247.0800018310547,249.6699981689453,245.99000549316406,248.13999938964844,2331000,219.1540985107422
UNH,2019-06-11,248.52000427246094,250.69000244140625,245.72999572753906,245.8699951171875,3043000,217.14926147460938
UNH,2019-06-12,246.1999969482422,246.5,242.3000030517578,244.5,3251800,215.9392852783203
UNH,2019-06-13,244.82000732421875,245.33999633789063,243.1199951171875,244.9600067138672,3107800,216.34556579589844
UNH,2019-06-14,244.72000122070313,246.10000610351563,242.7899932861328,245.3699951171875,2165500,217.66734313964844
UNH,2019-06-17,246,247.10000610351563,245.22000122070313,245.97000122070313,2270300,218.19960021972656
UNH,2019-06-18,247.5,249.33999633789063,245.14999389648438,245.6999969482422,3482500,217.96006774902344
UNH,2019-06-19,246,251.3699951171875,245.50999450683594,250.19000244140625,4204600,221.94317626953125
UNH,2019-06-20,251.60000610351563,252.82000732421875,247.39999389648438,247.75999450683594,3800800,219.78750610351563
UNH,2019-06-21,248.77999877929688,253.49000549316406,246.89999389648438,252.27999877929688,6323500,223.79718017578125
UNH,2019-06-24,251.3300018310547,252.6300048828125,247.86000061035156,249.63999938964844,3163800,221.45521545410156
UNH,2019-06-25,249.3000030517578,251.0399932861328,247.4199981689453,247.66000366210938,3182700,219.69876098632813
UNH,2019-06-26,248,248.0800018310547,243.1300048828125,243.47000122070313,3852900,215.98182678222656
UNH,2019-06-27,244.25999450683594,248.14999389648438,243.16000366210938,246.33999633789063,3366200,218.52781677246094
UNH,2019-06-28,246.5,246.75,238.64999389648438,244.00999450683594,6727600,216.46087646484375
UNH,2019-07-01,245.9499969482422,246.1699981689453,240.72000122070313,242.63999938964844,4102700,215.2455596923828
UNH,2019-07-02,242.58999633789063,243.99000549316406,239.5399932861328,243.97000122070313,3863500,216.42543029785156
UNH,2019-07-03,244.32000732421875,247.52000427246094,244.0399932861328,245.2100067138672,2559400,217.52540588378906
UNH,2019-07-05,244.38999938964844,248.75999450683594,244.05999755859375,246.99000549316406,2965000,219.10440063476563
UNH,2019-07-08,246.41000366210938,247.97999572753906,244.8800048828125,247.83999633789063,1902500,219.85842895507813
UNH,2019-07-09,244.6300048828125,246.0800018310547,243.69000244140625,246,2774800,218.22622680664063
UNH,2019-07-10,246.82000732421875,249.11000061035156,245.47999572753906,247.47999572753906,2753000,219.53909301757813
UNH,2019-07-11,255.8000030517578,261.69000244140625,249.0500030517578,261.1600036621094,10268800,231.6746063232422
UNH,2019-07-12,261.6300048828125,266.5199890136719,261.6300048828125,265.8999938964844,5336100,235.87948608398438
UNH,2019-07-15,265.05999755859375,267.6499938964844,264.25,265.9599914550781,2611400,235.93267822265625
UNH,2019-07-16,265.3299865722656,267.1400146484375,263.19000244140625,264.6600036621094,3121600,234.7794647216797
UNH,2019-07-17,264,268.69000244140625,263.5,266.6499938964844,3995200,236.54478454589844
UNH,2019-07-18,265.6400146484375,266.510009765625,257.260009765625,260.6000061035156,5825800,231.1778106689453
UNH,2019-07-19,261.1000061035156,262.7200012207031,256.3999938964844,256.6499938964844,4413200,227.673828125
UNH,2019-07-22,258.1400146484375,258.95001220703125,254.52999877929688,255.32000732421875,4104300,226.49400329589844
UNH,2019-07-23,254.47000122070313,256.1000061035156,252.02000427246094,255.00999450683594,2889300,226.21893310546875
UNH,2019-07-24,252.7899932861328,252.8300018310547,245.1300048828125,251.1300048828125,4864000,222.77703857421875
UNH,2019-07-25,251.1300048828125,252.75,248.2899932861328,248.6999969482422,3362800,220.6213836669922
UNH,2019-07-26,249.02000427246094,253.8800048828125,246.50999450683594,252.94000244140625,3362600,224.38265991210938
UNH,2019-07-29,252.83999633789063,255.3000030517578,252.33999633789063,253.82000732421875,2005500,225.163330078125
UNH,2019-07-30,252.66000366210938,255.05999755859375,250.47000122070313,254.92999267578125,1908800,226.1479949951172
UNH,2019-07-31,256.32000732421875,257.1600036621094,248.47999572753906,249.00999450683594,3532400,220.89637756347656
UNH,2019-08-01,249.19000244140625,251.5800018310547,247.27999877929688,249.25,3613600,221.1092529296875
UNH,2019-08-02,249.69000244140625,251.57000732421875,246.10000610351563,250.0500030517578,2677600,221.8189239501953
UNH,2019-08-05,248.1300048828125,249.94000244140625,242.58999633789063,245.05999755859375,5812400,217.39234924316406
UNH,2019-08-06,245.92999267578125,248.27999877929688,243.57000732421875,248.27999877929688,3533000,220.24874877929688
UNH,2019-08-07,246.27000427246094,247.0399932861328,241.25999450683594,246.4499969482422,3205800,218.62538146972656
UNH,2019-08-08,246.19000244140625,247.6699981689453,243.3699951171875,247.6199951171875,2830700,219.66331481933594
UNH,2019-08-09,247.72000122070313,250.4199981689453,246.13999938964844,248.6300048828125,2535000,220.55926513671875
UNH,2019-08-12,246.7899932861328,247.9600067138672,243.02999877929688,243.1999969482422,2667400,215.7423095703125
UNH,2019-08-13,241.67999267578125,250.4600067138672,241.50999450683594,249.22000122070313,2763400,221.08262634277344
UNH,2019-08-14,246.72999572753906,248.41000366210938,243.00999450683594,243.1999969482422,3464300,215.7423095703125
UNH,2019-08-15,244.35000610351563,245.25999450683594,241.4499969482422,244.25,2513500,216.67379760742188
UNH,2019-08-16,245.3800048828125,247.11000061035156,244.17999267578125,245.69000244140625,2810000,217.95118713378906
UNH,2019-08-19,247.49000549316406,248.49000549316406,244.08999633789063,244.7100067138672,2672300,217.08192443847656
UNH,2019-08-20,244.2100067138672,244.60000610351563,239.9199981689453,240.16000366210938,3201300,213.0455322265625
UNH,2019-08-21,240.19000244140625,241.88999938964844,239.3000030517578,240.35000610351563,2761900,213.21409606933594
UNH,2019-08-22,240.35000610351563,240.35000610351563,232.6699981689453,232.94000244140625,4498200,206.6406707763672
UNH,2019-08-23,232.89999389648438,235.10000610351563,229.3800048828125,230.66000366210938,4826600,204.6181182861328
UNH,2019-08-26,232.52000427246094,234.55999755859375,230.4600067138672,231.0800018310547,2918300,204.99069213867188
UNH,2019-08-27,231.72000122070313,232.39999389648438,222.60000610351563,222.92999267578125,4988100,197.76083374023438
UNH,2019-08-28,222.4199981689453,229.77000427246094,220.77999877929688,227.35000610351563,4847600,201.6818084716797
UNH,2019-08-29,228.4199981689453,232.3000030517578,228.00999450683594,230.6199951171875,4052500,204.5826416015625
UNH,2019-08-30,233.6699981689453,235.0500030517578,232.2899932861328,234,3384100,207.58102416992188
UNH,2019-09-03,231.74000549316406,232.1699981689453,228.47000122070313,230.6199951171875,3382300,204.5826416015625
UNH,2019-09-04,231.9499969482422,232.9499969482422,226.5,226.72999572753906,4526100,201.13180541992188
UNH,2019-09-05,230,231.50999450683594,227.5800018310547,229.58999633789063,4256900,203.6688995361328
UNH,2019-09-06,230.1699981689453,231.9600067138672,228.58999633789063,229,4183200,203.14553833007813
UNH,2019-09-09,229,232,228.55999755859375,230.67999267578125,3895600,204.6358642578125
UNH,2019-09-10,231.4499969482422,234.2899932861328,230.8300018310547,232.4600067138672,4257600,206.21487426757813
UNH,2019-09-11,232.49000549316406,234.25,228.5800018310547,234.2100067138672,3168100,207.767333984375
UNH,2019-09-12,235,236.39999389648438,229.6999969482422,230.10000610351563,4713700,204.12139892578125
UNH,2019-09-13,232.99000549316406,236.55999755859375,231.5399932861328,233.61000061035156,4523200,208.21231079101563
UNH,2019-09-16,232.82000732421875,236.0500030517578,232.14999389648438,234.42999267578125,2973600,208.94314575195313
UNH,2019-09-17,233.07000732421875,233.99000549316406,231.1699981689453,232.52000427246094,2392900,207.24081420898438
UNH,2019-09-18,230.8000030517578,233.1300048828125,229.22999572753906,230.61000061035156,2960500,205.53848266601563
UNH,2019-09-19,232,233.9499969482422,231.22999572753906,232.85000610351563,2666700,207.53492736816406
UNH,2019-09-20,234.77000427246094,235,231.9199981689453,232.88999938964844,6220100,207.57058715820313
UNH,2019-09-23,229.77000427246094,230.77999877929688,228.32000732421875,228.77000427246094,3281200,203.8985595703125
UNH,2019-09-24,229.3800048828125,229.83999633789063,222.9199981689453,225,5006800,200.5383758544922
UNH,2019-09-25,224.27999877929688,226.5,222.1300048828125,222.1699981689453,4658000,198.0160675048828
UNH,2019-09-26,223.0399932861328,223.6300048828125,213.42999267578125,215.47999572753906,10444400,192.05335998535156
UNH,2019-09-27,218.17999267578125,218.8800048828125,215.02000427246094,215.25999450683594,4834900,191.85731506347656
UNH,2019-09-30,213.63999938964844,218.52999877929688,213.1199951171875,217.32000732421875,5286300,193.69337463378906
UNH,2019-10-01,219.19000244140625,219.19000244140625,212.0800018310547,217.2100067138672,5523600,193.5952911376953
UNH,2019-10-02,216.14999389648438,219.36000061035156,215.27999877929688,216.75,4921200,193.18533325195313
UNH,2019-10-03,215.6300048828125,216.36000061035156,213.0500030517578,215.36000061035156,3375800,191.9464569091797
UNH,2019-10-04,216.83999633789063,219.86000061035156,215.13999938964844,219.8000030517578,3700500,195.90371704101563
UNH,2019-10-07,219.0500030517578,222.52999877929688,218.99000549316406,221.24000549316406,3843200,197.18716430664063
UNH,2019-10-08,219.49000549316406,221.97999572753906,218.39999389648438,220.11000061035156,4817000,196.18003845214844
UNH,2019-10-09,221.7100067138672,223.47000122070313,220.1699981689453,222.0800018310547,4483100,197.93585205078125
UNH,2019-10-10,218.19000244140625,224.1300048828125,217.52000427246094,223.72999572753906,5252200,199.40650939941406
UNH,2019-10-11,225.5399932861328,228.85000610351563,221.58999633789063,222.07000732421875,5891600,197.92691040039063
UNH,2019-10-14,221.6300048828125,223.33999633789063,219.89999389648438,220.58999633789063,4075300,196.60780334472656
UNH,2019-10-15,232.69000244140625,239.83999633789063,231.08999633789063,238.58999633789063,13397700,212.65089416503906
UNH,2019-10-16,236.2899932861328,237.47999572753906,234.0800018310547,236.99000549316406,5368600,211.224853515625
UNH,2019-10-17,238.69000244140625,244.61000061035156,237.27000427246094,243.6699981689453,6301200,217.17864990234375
UNH,2019-10-18,244.4499969482422,246.41000366210938,241.75999450683594,245.33999633789063,4922100,218.66702270507813
UNH,2019-10-21,245.02000427246094,245.60000610351563,242.14999389648438,243.9199981689453,3029200,217.40145874023438
UNH,2019-10-22,243.63999938964844,251.5,243.14999389648438,249.47999572753906,5660800,222.35696411132813
UNH,2019-10-23,248.38999938964844,251.75,246.72999572753906,247.8000030517578,3706600,220.859619140625
UNH,2019-10-24,248.02999877929688,248.49000549316406,243.91000366210938,244.50999450683594,2546900,217.9272918701172
UNH,2019-10-25,243.91000366210938,246.0800018310547,242.14999389648438,244.91000366210938,2815100,218.28384399414063
UNH,2019-10-28,245.25999450683594,248.38999938964844,244.9199981689453,247.0500030517578,2957100,220.191162109375
UNH,2019-10-29,247.0399932861328,253.1999969482422,246.30999755859375,252.2899932861328,3528900,224.86141967773438
UNH,2019-10-30,252.1699981689453,255.27999877929688,251.97999572753906,254.8000030517578,3299600,227.0985870361328
UNH,2019-10-31,254.3800048828125,255.72000122070313,249.91000366210938,252.6999969482422,3960400,225.2268829345703
UNH,2019-11-01,253.99000549316406,256.3299865722656,252.16000366210938,252.2100067138672,2919600,224.7901611328125
UNH,2019-11-04,253.6300048828125,253.8300018310547,249.91000366210938,251.25,3186400,223.9345703125
UNH,2019-11-05,253.74000549316406,254.27000427246094,250.08999633789063,250.3000030517578,5393400,223.08782958984375
UNH,2019-11-06,249.7100067138672,251.99000549316406,249.08999633789063,250.52000427246094,3668600,223.2838897705078
UNH,2019-11-07,251.9499969482422,256.75,251.25999450683594,256.4599914550781,3646300,228.57809448242188
UNH,2019-11-08,256.7699890136719,258.3399963378906,255,256.9700012207031,2200300,229.03265380859375
UNH,2019-11-11,255.0500030517578,256.4599914550781,253.3300018310547,254.08999633789063,1765600,226.4657745361328
UNH,2019-11-12,253.58999633789063,255.75999450683594,253.41000366210938,255.25,1892500,227.49966430664063
UNH,2019-11-13,254.8699951171875,256.8800048828125,253.19000244140625,253.57000732421875,3289800,226.00228881835938
UNH,2019-11-14,253.8000030517578,256.0799865722656,253.47000122070313,255.8300018310547,2101900,228.01661682128906
UNH,2019-11-15,256.1099853515625,275.57000732421875,255.36000061035156,269.3999938964844,10136000,240.11134338378906
UNH,2019-11-18,269,278.45001220703125,269,272.92999267578125,6985200,243.257568359375
UNH,2019-11-19,275.239990234375,275.3599853515625,271.54998779296875,274.2300109863281,4002000,244.41615295410156
UNH,2019-11-20,272.25,276.0299987792969,271.239990234375,275.55999755859375,4141600,245.60157775878906
UNH,2019-11-21,275.2200012207031,277.67999267578125,273.9100036621094,276.54998779296875,3309900,246.4840087890625
UNH,2019-11-22,276.5299987792969,277.7699890136719,275,276.8399963378906,2802700,246.742431640625
UNH,2019-11-25,277.7799987792969,283,277.010009765625,282.6700134277344,4082900,251.9386444091797
UNH,2019-11-26,280.7099914550781,282.25,280.1600036621094,281.3999938964844,2998600,250.80670166015625
UNH,2019-11-27,281.010009765625,281.92999267578125,278.69000244140625,280.6700134277344,2323900,250.1560516357422
UNH,2019-11-29,278.1000061035156,280.9200134277344,277.3299865722656,279.8699951171875,1520900,249.44297790527344
UNH,2019-12-02,281.7799987792969,282,278.57000732421875,279.6600036621094,2517100,249.255859375
UNH,2019-12-03,276.9700012207031,278.4200134277344,273.8500061035156,276.8999938964844,3239200,246.79591369628906
UNH,2019-12-04,281.6199951171875,281.8399963378906,278.6400146484375,279.32000732421875,2694200,248.95281982421875
UNH,2019-12-05,279.239990234375,282.82000732421875,277.4800109863281,282,3357300,251.34149169921875
UNH,2019-12-06,282.8399963378906,283.0400085449219,279.1099853515625,280.19000244140625,2828900,250.68824768066406
UNH,2019-12-09,280.7699890136719,280.8699951171875,277.4200134277344,277.5400085449219,2697100,248.31736755371094
UNH,2019-12-10,277.6000061035156,279.6000061035156,274.010009765625,279.5199890136719,2515300,250.08888244628906
UNH,2019-12-11,278.29998779296875,280.6600036621094,278.0299987792969,280.5,2751300,250.96571350097656
UNH,2019-12-12,281.0299987792969,283.989990234375,280.0400085449219,283.6099853515625,2996200,253.74818420410156
UNH,2019-12-13,284.9700012207031,287.80999755859375,284.1199951171875,285.4800109863281,3599300,255.4213104248047
UNH,2019-12-16,287.9700012207031,295.44000244140625,287.05999755859375,292.0299987792969,4663600,261.2816162109375
UNH,2019-12-17,291.239990234375,292.7799987792969,289.1700134277344,290.4700012207031,4409100,259.8858947753906
UNH,2019-12-18,291,294.8599853515625,290.989990234375,292.8999938964844,3621600,262.06005859375
UNH,2019-12-19,295,297.20001220703125,293.6199951171875,294.6199951171875,2905900,263.59893798828125
UNH,2019-12-20,298.8999938964844,300,292.510009765625,292.5899963378906,6608300,261.78271484375
UNH,2019-12-23,293.42999267578125,295.8500061035156,292.80999755859375,295.0899963378906,2098900,264.0194396972656
UNH,2019-12-24,295.260009765625,295.8299865722656,293.55999755859375,294.5400085449219,714000,263.5273742675781
UNH,2019-12-26,295.29998779296875,296.260009765625,294.5400085449219,295.6499938964844,1050600,264.5204772949219
UNH,2019-12-27,296.010009765625,296.5400085449219,295.010009765625,295.9700012207031,1547100,264.80682373046875
UNH,2019-12-30,296.04998779296875,296.5400085449219,293.45001220703125,293.8500061035156,1511700,262.9100646972656
UNH,2019-12-31,293.6600036621094,294.0899963378906,291.1499938964844,293.9800109863281,2224200,263.0263366699219
UNH,2020-01-02,293.9800109863281,295.70001220703125,289.7900085449219,292.5,2543400,261.7021484375
UNH,2020-01-03,287.2699890136719,291.8800048828125,284.3599853515625,289.5400085449219,2711400,259.0538635253906
UNH,2020-01-06,288,291.6600036621094,287.2200012207031,291.54998779296875,3079100,260.8521423339844
UNH,2020-01-07,290.70001220703125,291.489990234375,287.5799865722656,289.7900085449219,2492900,259.277587890625
UNH,2020-01-08,291.5,297.3800048828125,290.0400085449219,295.8999938964844,3379200,264.7441711425781
UNH,2020-01-09,294.2900085449219,297.20001220703125,293.7200012207031,294.2200012207031,2838200,263.2410888671875
UNH,2020-01-10,296.07000732421875,296.07000732421875,292.2099914550781,295.1300048828125,2477900,264.0552673339844
UNH,2020-01-13,294.3699951171875,294.45001220703125,285.0199890136719,285.8500061035156,6994900,255.75234985351563
UNH,2020-01-14,285.6000061035156,288.239990234375,284.25,288.239990234375,6056300,257.8907775878906
UNH,2020-01-15,289.0199890136719,299.6400146484375,289,296.4100036621094,6081300,265.2005310058594
UNH,2020-01-16,298,300.989990234375,295.92999267578125,300.739990234375,3710300,269.0745544433594
UNH,2020-01-17,300.010009765625,300.70001220703125,295.8800048828125,298.4700012207031,4632200,267.0436096191406
UNH,2020-01-21,296.8900146484375,302.5400085449219,296.010009765625,300.5299987792969,4962800,268.8866271972656
UNH,2020-01-22,301.989990234375,302.1300048828125,297.3500061035156,300.5899963378906,3117600,268.9403076171875
UNH,2020-01-23,300.010009765625,300.5799865722656,296.6499938964844,299.4599914550781,3169600,267.9294128417969
UNH,2020-01-24,298.3399963378906,299.92999267578125,291.55999755859375,292.80999755859375,3678500,261.97955322265625
UNH,2020-01-27,288,288.0799865722656,280.07000732421875,284.0899963378906,4399400,254.17762756347656
UNH,2020-01-28,283.9100036621094,288.3699951171875,283.29998779296875,285.8699951171875,4341000,255.770263671875
UNH,2020-01-29,284,286.19000244140625,280.8900146484375,282.8999938964844,3963800,253.11297607421875
UNH,2020-01-30,281.8399963378906,281.8399963378906,275.9200134277344,280.9800109863281,4211800,251.39512634277344
UNH,2020-01-31,278.1700134277344,278.7799987792969,271.17999267578125,272.45001220703125,5532600,243.76336669921875
UNH,2020-02-03,275.1300048828125,276.8500061035156,270.82000732421875,274.0199890136719,5646800,245.16795349121094
UNH,2020-02-04,277.2799987792969,283.5,276.8800048828125,280.8399963378906,4290200,251.26986694335938
UNH,2020-02-05,285.6000061035156,297,285.44000244140625,295.7300109863281,5761000,264.5920104980469
UNH,2020-02-06,297,297.2699890136719,290,292.4599914550781,3044000,261.6663513183594
UNH,2020-02-07,292.8699951171875,293.3900146484375,288.9100036621094,289.2200012207031,3425900,258.76751708984375
UNH,2020-02-10,286.2300109863281,289.2900085449219,285.45001220703125,287.0299987792969,3147400,256.80810546875
UNH,2020-02-11,286.8500061035156,291.57000732421875,285.8999938964844,290.7900085449219,2992200,260.1722106933594
UNH,2020-02-12,295,305,294.010009765625,303.4800109863281,6701900,271.526123046875
UNH,2020-02-13,300.1400146484375,305.8999938964844,300.1400146484375,302.20001220703125,3565500,270.380859375
UNH,2020-02-14,302.2099914550781,303.9700012207031,297.30999755859375,298.7799987792969,2485600,267.3208923339844
UNH,2020-02-18,299.6700134277344,303.3500061035156,299,302.1400146484375,3241700,270.3272399902344
UNH,2020-02-19,303.3699951171875,306.7099914550781,302.7300109863281,305.30999755859375,3021100,273.1633605957031
UNH,2020-02-20,303.20001220703125,304.1600036621094,297.8900146484375,302.1300048828125,2885500,270.31817626953125
UNH,2020-02-21,300.4700012207031,302.510009765625,298.6099853515625,301.42999267578125,2987100,269.69189453125
UNH,2020-02-24,286.8900146484375,288.989990234375,277.6400146484375,277.7900085449219,8790600,248.5410614013672
UNH,2020-02-25,280.1499938964844,281.9800109863281,262.010009765625,263.3900146484375,8171200,235.65719604492188
UNH,2020-02-26,264.7200012207031,269.8299865722656,258.7099914550781,263,6806600,235.30833435058594
UNH,2020-02-27,258.4200134277344,262.1499938964844,252.07000732421875,253.9199981689453,7604300,227.18434143066406
UNH,2020-02-28,246.1999969482422,257.1000061035156,245.3000030517578,254.9600067138672,9961000,228.1148223876953
UNH,2020-03-02,257.3399963378906,273.239990234375,250.32000732421875,273.1099853515625,8866300,244.3538055419922
UNH,2020-03-03,275.3500061035156,280.3500061035156,259.2300109863281,261.3999938964844,9188100,233.87669372558594
UNH,2020-03-04,290,295.8399963378906,282.2099914550781,289.4200134277344,14533000,258.9465637207031
UNH,2020-03-05,281.6000061035156,289.4200134277344,279.94000244140625,282.9599914550781,5908400,253.16668701171875
UNH,2020-03-06,275.4200134277344,284.9700012207031,271.8999938964844,283.8699951171875,5361900,253.98077392578125
UNH,2020-03-09,264.4599914550781,281.44000244140625,259.239990234375,273.44000244140625,8070700,244.64901733398438
UNH,2020-03-10,279.7200012207031,283.8999938964844,272.5,280,7366000,250.518310546875
UNH,2020-03-11,274.760009765625,285.239990234375,273.260009765625,277.7799987792969,7744600,248.5321044921875
UNH,2020-03-12,260,272.2300109863281,250,250.41000366210938,10496600,224.04391479492188
UNH,2020-03-13,260.989990234375,273.2200012207031,242.27000427246094,272.0400085449219,9308400,244.45077514648438
UNH,2020-03-16,243.9199981689453,245.67999267578125,223.9499969482422,225.0399932861328,10303500,202.21730041503906
UNH,2020-03-17,230.82000732421875,248.75999450683594,228.2899932861328,244.22000122070313,9642200,219.4521484375
UNH,2020-03-18,225.75,231.4499969482422,200.19000244140625,217.05999755859375,12917500,195.04661560058594
UNH,2020-03-19,216.97999572753906,226.1199951171875,208.94000244140625,219.8000030517578,8065200,197.50872802734375
UNH,2020-03-20,223.17999267578125,232.63999938964844,203.4600067138672,206.58999633789063,9364100,185.63844299316406
UNH,2020-03-23,202.0399932861328,205.75,187.72000122070313,194.86000061035156,10654500,175.09805297851563
UNH,2020-03-24,202.13999938964844,220.27000427246094,199,219.8000030517578,8894400,197.50872802734375
UNH,2020-03-25,219.08999633789063,247.50999450683594,216,234.49000549316406,10014000,210.70887756347656
UNH,2020-03-26,234.02999877929688,257.9599914550781,232.3000030517578,255.38999938964844,7517600,229.48934936523438
UNH,2020-03-27,242.94000244140625,251.60000610351563,238.24000549316406,242.4499969482422,4879500,217.8616180419922
UNH,2020-03-30,242.63999938964844,254.08999633789063,242.63999938964844,251.27999877929688,5329000,225.79615783691406
UNH,2020-03-31,243.47999572753906,254.52999877929688,243,249.3800048828125,5450000,224.08883666992188
UNH,2020-04-01,238.69000244140625,246.61000061035156,235.44000244140625,237.32000732421875,4548800,213.2519073486328
UNH,2020-04-02,235.3000030517578,242,226.02999877929688,240.44000244140625,4636800,216.05548095703125
UNH,2020-04-03,238.32000732421875,239.33999633789063,227.27000427246094,229.49000549316406,4650300,206.21597290039063
UNH,2020-04-06,240,249.2899932861328,235.1199951171875,248.33999633789063,6365900,223.154296875
UNH,2020-04-07,259.80999755859375,266.7099914550781,246.5399932861328,248.0399932861328,4984100,222.88473510742188
UNH,2020-04-08,247.69000244140625,269.1600036621094,246.25999450683594,267.8299865722656,6390200,240.66770935058594
UNH,2020-04-09,265,270.3999938964844,261.6000061035156,264.1300048828125,4923300,237.34291076660156
UNH,2020-04-13,262.05999755859375,264.9599914550781,258.17999267578125,263.510009765625,2964900,236.7858428955078
UNH,2020-04-14,269,273.07000732421875,267,270.5,4778900,243.06698608398438
UNH,2020-04-15,276.3299865722656,282.989990234375,270.67999267578125,281.67999267578125,7841800,253.1131591796875
UNH,2020-04-16,283.44000244140625,300,280.010009765625,298.42999267578125,7738900,268.1643371582031
UNH,2020-04-17,300.989990234375,304,287.1000061035156,290.55999755859375,5857500,261.0924987792969
UNH,2020-04-20,285.29998779296875,289.010009765625,281.2699890136719,282.1400146484375,4072600,253.52645874023438
UNH,2020-04-21,274.95001220703125,280,273.25,274.19000244140625,3977500,246.38275146484375
UNH,2020-04-22,279.5799865722656,283.82000732421875,276.7099914550781,277.0199890136719,3663300,248.92567443847656
UNH,2020-04-23,279.05999755859375,288.4599914550781,278.5400085449219,285.3299865722656,4420500,256.39288330078125
UNH,2020-04-24,287.2900085449219,291.8999938964844,284,291.2900085449219,3265000,261.7485656738281
UNH,2020-04-27,293.2099914550781,296.8599853515625,290.6300048828125,293.9800109863281,3706200,264.1656799316406
UNH,2020-04-28,298,298.25,285.6199951171875,288.3599853515625,3862900,259.1156005859375
UNH,2020-04-29,292,292.75,286.1000061035156,287.6499938964844,4258400,258.47772216796875
UNH,2020-04-30,286.6499938964844,295,285.5199890136719,292.4700012207031,7631700,262.80877685546875
UNH,2020-05-01,288.3900146484375,289,279.6000061035156,284.510009765625,3526100,255.65606689453125
UNH,2020-05-04,284.489990234375,287.94000244140625,282.1099853515625,287.5400085449219,2894200,258.3788146972656
UNH,2020-05-05,289.9599914550781,296,287.2900085449219,293.0400085449219,2501300,263.321044921875
UNH,2020-05-06,295.1000061035156,297.67999267578125,288.44000244140625,288.7699890136719,2579200,259.4840087890625
UNH,2020-05-07,291.05999755859375,292.2900085449219,284.5199890136719,285,3162300,256.0963439941406
UNH,2020-05-08,289.489990234375,290,285.6600036621094,287,3200000,257.8935546875
UNH,2020-05-11,285.55999755859375,290.1000061035156,285.260009765625,288.69000244140625,3490700,259.41217041015625
UNH,2020-05-12,291.7699890136719,293.1499938964844,287.70001220703125,287.70001220703125,4214300,258.52264404296875
UNH,2020-05-13,284.489990234375,286.3999938964844,275.55999755859375,278,5474100,249.80636596679688
UNH,2020-05-14,275.92999267578125,292.45001220703125,275.6400146484375,290.6099853515625,5704600,261.1372985839844
UNH,2020-05-15,292.4100036621094,300,290.7200012207031,290.9599914550781,12182800,261.4519958496094
UNH,2020-05-18,298.4800109863281,299.7200012207031,292.0199890136719,293.3599853515625,4015100,263.6085510253906
UNH,2020-05-19,290.739990234375,294.6300048828125,288.8800048828125,289.04998779296875,3059400,259.7356872558594
UNH,2020-05-20,292.8999938964844,292.8999938964844,286.70001220703125,287.989990234375,3200600,258.7831115722656
UNH,2020-05-21,286.0400085449219,290.1300048828125,284.92999267578125,286.9100036621094,3604900,257.8125915527344
UNH,2020-05-22,287.29998779296875,290.239990234375,284.7900085449219,289.94000244140625,2922800,260.5353698730469
UNH,2020-05-26,296.5,297.0299987792969,292.5,294.8900146484375,4567800,264.9833679199219
UNH,2020-05-27,297.4200134277344,303.79998779296875,290.79998779296875,303.7699890136719,5618900,272.9627990722656
UNH,2020-05-28,305.95001220703125,309.6600036621094,303.2900085449219,303.9700012207031,4387700,273.142578125
UNH,2020-05-29,304.7200012207031,308.3699951171875,300.8500061035156,304.8500061035156,6251500,273.933349609375
UNH,2020-06-01,304.0199890136719,305.9800109863281,300.55999755859375,305.92999267578125,2894000,274.90374755859375
UNH,2020-06-02,305.5799865722656,308.1000061035156,301.7300109863281,306.30999755859375,2756800,275.2451477050781
UNH,2020-06-03,307.8500061035156,310.1199951171875,302.739990234375,305.3500061035156,4360000,274.3825988769531
UNH,2020-06-04,303.17999267578125,304.4700012207031,294.2900085449219,298.0799865722656,4374300,267.8498229980469
UNH,2020-06-05,304,314.2799987792969,300.5,311.8500061035156,5554300,280.2232971191406
UNH,2020-06-08,308.6400146484375,315.8399963378906,307.92999267578125,309.4800109863281,4635500,278.09368896484375
UNH,2020-06-09,309.8999938964844,312.6499938964844,307.3299865722656,309.2099914550781,3061500,277.85113525390625
UNH,2020-06-10,308.94000244140625,310.30999755859375,302.8599853515625,305.75,3296100,274.74200439453125
UNH,2020-06-11,303.3599853515625,303.3599853515625,280.79998779296875,283.7300109863281,6638900,254.95523071289063
UNH,2020-06-12,290.6499938964844,294.1000061035156,278.70001220703125,285.1499938964844,5416800,256.2310791015625
UNH,2020-06-15,278.0199890136719,287,273.7099914550781,286.2799987792969,4494600,257.2466125488281
UNH,2020-06-16,295.44000244140625,297.57000732421875,287.44000244140625,293,4245400,263.2850646972656
UNH,2020-06-17,295.1000061035156,295.1000061035156,291.2300109863281,292.6000061035156,2538000,262.92572021484375
UNH,2020-06-18,290.42999267578125,291.7799987792969,286.6000061035156,291.4800109863281,2926600,261.9191589355469
UNH,2020-06-19,294.42999267578125,296.5199890136719,290.9100036621094,291.239990234375,5172800,262.8305969238281
UNH,2020-06-22,289.7900085449219,293,286.260009765625,292.6700134277344,2174100,264.1212158203125
UNH,2020-06-23,294.010009765625,299.2799987792969,291.07000732421875,297.6000061035156,4023400,268.5703125
UNH,2020-06-24,293.989990234375,297.1000061035156,285.57000732421875,289.17999267578125,3399900,260.9716491699219
UNH,2020-06-25,288.2799987792969,296.7799987792969,286.05999755859375,296.2200012207031,3112500,267.32489013671875
UNH,2020-06-26,295.1400146484375,296.5799865722656,285.82000732421875,286.8800048828125,5043200,258.89593505859375
UNH,2020-06-29,288.45001220703125,292.2799987792969,286.6199951171875,289.760009765625,2356700,261.4950866699219
UNH,2020-06-30,288.57000732421875,296.45001220703125,287.6600036621094,294.95001220703125,2932900,266.1788635253906
UNH,2020-07-01,295.8299865722656,300.3999938964844,295.239990234375,297.7300109863281,2303800,268.6876220703125
UNH,2020-07-02,300.5,303.0799865722656,297.17999267578125,298.260009765625,1971700,269.1659240722656
UNH,2020-07-06,303,303.489990234375,299.3299865722656,302.80999755859375,2395000,273.2720642089844
UNH,2020-07-07,300.6600036621094,303.55999755859375,295.95001220703125,296.6499938964844,2075700,267.7129211425781
UNH,2020-07-08,297.3500061035156,300.8699951171875,295.67999267578125,298.3599853515625,1987400,269.2562255859375
UNH,2020-07-09,295.1000061035156,298.54998779296875,287.5,291.1600036621094,3061700,262.75848388671875
UNH,2020-07-10,294.239990234375,294.239990234375,287.1000061035156,291.2300109863281,2391600,262.82159423828125
UNH,2020-07-13,292.0899963378906,304.5199890136719,291.7699890136719,299.7099914550781,4263300,270.4744873046875
UNH,2020-07-14,297.80999755859375,309.739990234375,296.7099914550781,308.5199890136719,4234900,278.4250793457031
UNH,2020-07-15,301.1199951171875,310.69000244140625,298.6600036621094,304.07000732421875,5116900,274.4091796875
UNH,2020-07-16,305.010009765625,310.8500061035156,303.1600036621094,307.1499938964844,3844500,277.188720703125
UNH,2020-07-17,309.0899963378906,310.9700012207031,306.25,306.5299987792969,3016500,276.6292724609375
UNH,2020-07-20,306.7900085449219,308.6000061035156,302.3800048828125,303.4599914550781,2375500,273.858642578125
UNH,2020-07-21,305.0299987792969,307,303.1099853515625,305.1099853515625,2340200,275.3476867675781
UNH,2020-07-22,304.8599853515625,306.9100036621094,301.80999755859375,306.7099914550781,1935800,276.7916259765625
UNH,2020-07-23,308.20001220703125,308.5,301.2699890136719,302.9700012207031,2367700,273.4164123535156
UNH,2020-07-24,303.3299865722656,304.2799987792969,299.2300109863281,300.7900085449219,2415700,271.44915771484375
UNH,2020-07-27,298.42999267578125,302.1300048828125,297.3699951171875,298.6000061035156,2060500,269.47271728515625
UNH,2020-07-28,297.8900146484375,301.3999938964844,297.2099914550781,299.92999267578125,2257400,270.6729431152344
UNH,2020-07-29,301.4599914550781,309.75,300,306.67999267578125,2672700,276.76458740234375
UNH,2020-07-30,301.67999267578125,306.4599914550781,298.8900146484375,305.2300109863281,2205300,275.45599365234375
UNH,2020-07-31,303.44000244140625,303.739990234375,298.04998779296875,302.7799987792969,3913500,273.2449951171875
UNH,2020-08-03,303.5899963378906,304.9100036621094,299.20001220703125,303.6099853515625,2628500,273.9939270019531
UNH,2020-08-04,301.9100036621094,308.8599853515625,300.07000732421875,304.5,3594900,274.7972412109375
UNH,2020-08-05,306.8299865722656,312.9599914550781,305.0199890136719,312.4700012207031,2982200,281.98974609375
UNH,2020-08-06,312,316.239990234375,310.3999938964844,314.05999755859375,3305300,283.42474365234375
UNH,2020-08-07,313.3399963378906,319,313.3399963378906,317.0299987792969,2600800,286.1050109863281
UNH,2020-08-10,317,320.4700012207031,315.5799865722656,319.1000061035156,2563600,287.97308349609375
UNH,2020-08-11,322.9200134277344,324.57000732421875,314.6600036621094,315.54998779296875,3018200,284.769287109375
UNH,2020-08-12,318,323.2900085449219,317.6400146484375,322.2699890136719,2915800,290.833740234375
UNH,2020-08-13,320.67999267578125,321.8699951171875,317.8399963378906,321.5199890136719,2159500,290.1568908691406
UNH,2020-08-14,320.5400085449219,323.92999267578125,318.7300109863281,323.70001220703125,1787200,292.1242980957031
UNH,2020-08-17,321.45001220703125,323.79998779296875,319.3500061035156,320.510009765625,2772500,289.2455749511719
UNH,2020-08-18,321.9800109863281,322.6700134277344,315.7099914550781,316.80999755859375,2520000,285.9064636230469
UNH,2020-08-19,316.7699890136719,319.489990234375,315.17999267578125,315.3999938964844,2066700,284.63397216796875
UNH,2020-08-20,314.8299865722656,315.2799987792969,312.010009765625,313.3299865722656,2245600,282.765869140625
UNH,2020-08-21,311.2799987792969,315.2799987792969,310.0899963378906,314.1400146484375,2488500,283.4968566894531
UNH,2020-08-24,316.80999755859375,316.8999938964844,306.489990234375,308.8399963378906,2922200,278.7138977050781
UNH,2020-08-25,312.20001220703125,312.3599853515625,307.79998779296875,312.2200012207031,1879300,281.76416015625
UNH,2020-08-26,310.9800109863281,311.3599853515625,303.6099853515625,308.82000732421875,3178900,278.6957702636719
UNH,2020-08-27,310.4100036621094,314.7699890136719,305.489990234375,311.6700134277344,2321000,281.26776123046875
UNH,2020-08-28,312.3399963378906,315.82000732421875,308.9700012207031,314.3699951171875,2883500,283.7044677734375
UNH,2020-08-31,314.8900146484375,319.55999755859375,312.5400085449219,312.54998779296875,4341600,282.0619812011719
UNH,2020-09-01,310.1600036621094,314.7200012207031,310,312.8299865722656,2487100,282.31463623046875
UNH,2020-09-02,312.55999755859375,321.2799987792969,312.55999755859375,320.239990234375,2846500,289.0018615722656
UNH,2020-09-03,322,323.82000732421875,313.7300109863281,316.2300109863281,3872500,285.383056640625
UNH,2020-09-04,316.4800109863281,317.8299865722656,306.6300048828125,312,2901000,281.56561279296875
UNH,2020-09-08,311.0299987792969,311.4599914550781,303.8299865722656,307.25,2594500,277.2790222167969
UNH,2020-09-09,309.67999267578125,315.32000732421875,308.4200134277344,312.0199890136719,2195600,281.5836181640625
UNH,2020-09-10,312.7300109863281,314.44000244140625,303.7200012207031,304.6000061035156,2421200,274.88751220703125
UNH,2020-09-11,305.07000732421875,306.4599914550781,297.2900085449219,301.4800109863281,3085900,273.19293212890625
UNH,2020-09-14,303.010009765625,311.1199951171875,303.010009765625,308.57000732421875,1795500,279.6177062988281
UNH,2020-09-15,310.04998779296875,311.4599914550781,306.04998779296875,307.2300109863281,1468300,278.4034118652344
UNH,2020-09-16,309.07000732421875,312.25,306.20001220703125,306.5199890136719,3438200,277.7600402832031
UNH,2020-09-17,304.5,307.3800048828125,302.1099853515625,304.9800109863281,2394100,276.3645324707031
UNH,2020-09-18,305.010009765625,310.3900146484375,303.7699890136719,308.0199890136719,3795400,279.1192932128906
UNH,2020-09-21,300.4700012207031,300.5299987792969,291.6600036621094,299.19000244140625,4124700,271.1177673339844
UNH,2020-09-22,298.44000244140625,300.6199951171875,292.9200134277344,294.260009765625,3163600,266.6502685546875
UNH,2020-09-23,295,296.1000061035156,291.8299865722656,292.1400146484375,3709900,264.7292785644531
UNH,2020-09-24,292.19000244140625,294.92999267578125,289.6400146484375,292.6600036621094,2869100,265.2004699707031
UNH,2020-09-25,291.25,303.2699890136719,291.2200012207031,302.5,2455800,274.1172180175781
UNH,2020-09-28,306.3900146484375,310.010009765625,302.8299865722656,303.2300109863281,2575700,274.7786865234375
UNH,2020-09-29,303.6700134277344,305.5,300.67999267578125,304.1499938964844,1797800,275.6123962402344
UNH,2020-09-30,304.0199890136719,314.5199890136719,303.989990234375,311.7699890136719,3497300,282.5174255371094
UNH,2020-10-01,312.9100036621094,315.1700134277344,309.1499938964844,313.07000732421875,2731200,283.69549560546875
UNH,2020-10-02,312.1000061035156,317.3900146484375,308.3599853515625,311.9800109863281,2338000,282.707763671875
UNH,2020-10-05,315.07000732421875,318.4200134277344,313.1199951171875,318.1499938964844,1638600,288.29888916015625
UNH,2020-10-06,318.95001220703125,320.29998779296875,313.489990234375,314.45001220703125,2434400,284.946044921875
UNH,2020-10-07,315.82000732421875,324.739990234375,315.82000732421875,323.1700134277344,2596600,292.8478698730469
UNH,2020-10-08,323.42999267578125,325.3500061035156,320.989990234375,322.4100036621094,2056700,292.1590576171875
UNH,2020-10-09,324.6600036621094,328.1700134277344,323.9200134277344,327.8399963378906,2028900,297.0797119140625
UNH,2020-10-12,329.1199951171875,333.55999755859375,329.010009765625,329.9700012207031,2424200,299.0097961425781
UNH,2020-10-13,328.5,333.70001220703125,327.7099914550781,331.4200134277344,2713500,300.32379150390625
UNH,2020-10-14,322.07000732421875,330.57000732421875,320.20001220703125,321.8500061035156,4455400,291.6517028808594
UNH,2020-10-15,318.8500061035156,326.9700012207031,316.3299865722656,324.57000732421875,3172200,294.11639404296875
UNH,2020-10-16,325.4599914550781,332.3500061035156,324.7300109863281,329.8999938964844,3293300,298.9462890625
UNH,2020-10-19,328.5400085449219,330.7799987792969,322.05999755859375,324.2200012207031,2482100,293.79925537109375
UNH,2020-10-20,326.6199951171875,328.6199951171875,323.2799987792969,323.4100036621094,1988600,293.06524658203125
UNH,2020-10-21,323.4100036621094,326.489990234375,322.17999267578125,322.7900085449219,2139000,292.50341796875
UNH,2020-10-22,322.32000732421875,328.05999755859375,322.25,325.7300109863281,2100600,295.1676330566406
UNH,2020-10-23,329.1600036621094,335.6499938964844,328.1300048828125,330.6000061035156,2349500,299.58074951171875
UNH,2020-10-26,326.32000732421875,327.75,318.5400085449219,323.05999755859375,2408500,292.7481689453125
UNH,2020-10-27,323.05999755859375,323.5,319.42999267578125,320.510009765625,2427700,290.43743896484375
UNH,2020-10-28,313.3299865722656,317.80999755859375,307.44000244140625,308,3301400,279.10113525390625
UNH,2020-10-29,306.5899963378906,309.4800109863281,301.4599914550781,303.67999267578125,3279200,275.1865539550781
UNH,2020-10-30,303.2300109863281,307.1700134277344,299.6000061035156,305.1400146484375,3556800,276.5094909667969
UNH,2020-11-02,312.6400146484375,312.6400146484375,307.3599853515625,312.1000061035156,4519000,282.8165283203125
UNH,2020-11-03,317.4700012207031,326.44000244140625,315.0199890136719,321.3500061035156,4043900,291.19854736328125
UNH,2020-11-04,345.2300109863281,360.44000244140625,341.1400146484375,354.55999755859375,10344900,321.2926025390625
UNH,2020-11-05,358.07000732421875,360.9800109863281,349.67999267578125,354.3999938964844,4786500,321.1476135253906
UNH,2020-11-06,350.3599853515625,352,344.57000732421875,347.4599914550781,2994900,314.8586730957031
UNH,2020-11-09,366.30999755859375,367.95001220703125,348.9800109863281,350,4635300,317.1604309082031
UNH,2020-11-10,349.489990234375,355.8999938964844,348.1700134277344,353.69000244140625,3733200,320.5041809082031
UNH,2020-11-11,356.1600036621094,356.80999755859375,349.4100036621094,351.70001220703125,2048200,318.7008972167969
UNH,2020-11-12,351.3999938964844,360.5199890136719,349.75,354.4100036621094,2907300,321.1566162109375
UNH,2020-11-13,356.8599853515625,357.94000244140625,352.7900085449219,355.6700134277344,2442100,322.29833984375
UNH,2020-11-16,358.95001220703125,359.5799865722656,351.010009765625,356.82000732421875,2790100,323.340576171875
UNH,2020-11-17,352.3900146484375,353.3599853515625,347.5,352.1000061035156,2557600,319.0633850097656
UNH,2020-11-18,353.42999267578125,354.04998779296875,343.0899963378906,344.510009765625,2722500,312.1855163574219
UNH,2020-11-19,342.2900085449219,343.07000732421875,334.3299865722656,337,3935600,305.3801574707031
UNH,2020-11-20,335,337.6600036621094,331.7099914550781,334.70001220703125,3702000,303.2960205078125
UNH,2020-11-23,335.54998779296875,336.260009765625,331.5899963378906,335.05999755859375,2535700,303.6221618652344
UNH,2020-11-24,336.17999267578125,340,334.42999267578125,336.010009765625,3759700,304.4830322265625
UNH,2020-11-25,338.82000732421875,338.82000732421875,329.1400146484375,333.19000244140625,3145100,301.9277038574219
UNH,2020-11-27,333.5299987792969,338.8999938964844,331.8399963378906,337.94000244140625,1558600,306.23193359375
UNH,2020-11-30,335.1099853515625,337.94000244140625,330.2900085449219,336.3399963378906,5265700,304.7820739746094
UNH,2020-12-01,344.7699890136719,354.1000061035156,339.92999267578125,341.19000244140625,3817700,309.17694091796875
UNH,2020-12-02,341.7699890136719,351.8299865722656,341.5,347.55999755859375,2864300,314.9493713378906
UNH,2020-12-03,347.8999938964844,352.7699890136719,346.489990234375,348.67999267578125,4169200,315.9642639160156
UNH,2020-12-04,346,351.4700012207031,345.75,349.8900146484375,3255100,318.2015075683594
UNH,2020-12-07,348.7200012207031,349.8900146484375,345.2200012207031,347.8599853515625,2999400,316.3553466796875
UNH,2020-12-08,344.75,349.8999938964844,344.0799865722656,347.8599853515625,2471200,316.3553466796875
UNH,2020-12-09,348.8900146484375,349.4100036621094,341.6099853515625,344.4100036621094,2600400,313.2177429199219
UNH,2020-12-10,345.1600036621094,345.4599914550781,339.260009765625,339.6499938964844,2896900,308.88885498046875
UNH,2020-12-11,338.1300048828125,338.8800048828125,334.3299865722656,337.07000732421875,3071700,306.54254150390625
UNH,2020-12-14,340.0299987792969,343.2300109863281,335.8599853515625,336.1300048828125,2479000,305.6877136230469
UNH,2020-12-15,339.1400146484375,341.010009765625,337.0400085449219,339.6700134277344,2616500,308.9071044921875
UNH,2020-12-16,336.8299865722656,341.6600036621094,334.260009765625,339.3399963378906,2365600,308.6069641113281
UNH,2020-12-17,339.80999755859375,342.6000061035156,337.30999755859375,341.6700134277344,2525700,310.7259216308594
UNH,2020-12-18,342.5199890136719,342.6099853515625,334,338.3800048828125,8742700,307.7339172363281
UNH,2020-12-21,332.07000732421875,336.95001220703125,329.3999938964844,336.0799865722656,2892700,305.6421203613281
UNH,2020-12-22,335.1600036621094,336.9800109863281,333.4700012207031,335.010009765625,2069700,304.6690979003906
UNH,2020-12-23,336.489990234375,341.6499938964844,336.0299987792969,337.5899963378906,2348100,307.0153503417969
UNH,2020-12-24,336.44000244140625,341.4100036621094,336.44000244140625,340.7900085449219,1360600,309.9256286621094
UNH,2020-12-28,343.2099914550781,347.7900085449219,343.05999755859375,345.95001220703125,2308200,314.61834716796875
UNH,2020-12-29,347.989990234375,351.2900085449219,345,347.3500061035156,2275700,315.8916015625
UNH,2020-12-30,347.0799865722656,349.010009765625,344.4700012207031,344.989990234375,1866000,313.7452392578125
UNH,2020-12-31,345.0400085449219,351.0899963378906,344.04998779296875,350.67999267578125,1969000,318.919921875
UNH,2021-01-04,351.45001220703125,352.0799865722656,340.3800048828125,349.5,4203800,317.84674072265625
UNH,2021-01-05,348.69000244140625,351.3599853515625,344.4800109863281,344.79998779296875,3160500,313.5724792480469
UNH,2021-01-06,337.1099853515625,359.489990234375,335.1099853515625,359.2699890136719,6561400,326.7319641113281
UNH,2021-01-07,358.5400085449219,366.45001220703125,357.9200134277344,365.0299987792969,3366700,331.9702453613281
UNH,2021-01-08,367,367.489990234375,358.760009765625,363.3900146484375,2947800,330.4787902832031
UNH,2021-01-11,362.6199951171875,364.2900085449219,359.19000244140625,360.75,2695100,328.0779113769531
UNH,2021-01-12,357.94000244140625,360.0799865722656,355.2300109863281,357.3699951171875,2372500,325.0039978027344
UNH,2021-01-13,356.0400085449219,356.80999755859375,351.2300109863281,355.0400085449219,1974500,322.8850402832031
UNH,2021-01-14,356.8500061035156,358.80999755859375,350.4200134277344,350.5299987792969,2919900,318.78350830078125
UNH,2021-01-15,349.1199951171875,353.04998779296875,345.739990234375,351.29998779296875,3777000,319.4837951660156
UNH,2021-01-19,356.2099914550781,356.9599914550781,351.55999755859375,352.19000244140625,3361300,320.29315185546875
UNH,2021-01-20,351.8800048828125,352.0799865722656,345.8299865722656,350.8399963378906,3036800,319.0654602050781
UNH,2021-01-21,350.80999755859375,360.8900146484375,350.739990234375,355,3749800,322.8486022949219
UNH,2021-01-22,353.30999755859375,354.6199951171875,347.5400085449219,347.54998779296875,2585100,316.0733947753906
UNH,2021-01-25,347.1499938964844,350.3900146484375,344.6000061035156,347.80999755859375,2506300,316.3097839355469
UNH,2021-01-26,350.510009765625,351.510009765625,342.57000732421875,343.1099853515625,2467500,312.03558349609375
UNH,2021-01-27,337.0400085449219,338,329.010009765625,332.989990234375,4770900,302.83203125
UNH,2021-01-28,336.6400146484375,346.5799865722656,334.510009765625,338.1499938964844,2769900,307.5247497558594
UNH,2021-01-29,336.5299987792969,339.0199890136719,330.6300048828125,333.5799865722656,3899200,303.3686218261719
UNH,2021-02-01,335.0299987792969,338.1499938964844,332.739990234375,334,3020200,303.75048828125
UNH,2021-02-02,337.1000061035156,344.6400146484375,337.1000061035156,338.7200012207031,2663700,308.0430908203125
UNH,2021-02-03,338,340.1600036621094,334.6000061035156,337.8900146484375,2537100,307.28826904296875
UNH,2021-02-04,332.32000732421875,335.2900085449219,328.3900146484375,329.32000732421875,5962200,299.4944152832031
UNH,2021-02-05,332.1099853515625,333.4800109863281,323.4800109863281,324.510009765625,7227900,295.1199645996094
UNH,2021-02-08,327.010009765625,327.0199890136719,323.80999755859375,324.3399963378906,4758200,294.9653625488281
UNH,2021-02-09,323.8999938964844,331.0400085449219,321.7099914550781,329.6300048828125,4096900,299.7763671875
UNH,2021-02-10,332.6600036621094,335.760009765625,329.7699890136719,333.3999938964844,4122700,303.2049255371094
UNH,2021-02-11,335,336.6499938964844,331.5,333.07000732421875,2776700,302.90478515625
UNH,2021-02-12,331.67999267578125,332.3999938964844,327.8800048828125,328.239990234375,2760800,298.51220703125
UNH,2021-02-16,327.3599853515625,329.8399963378906,322.4800109863281,324.6199951171875,4339000,295.22003173828125
UNH,2021-02-17,323.4599914550781,328.6000061035156,322.239990234375,326.8599853515625,2620000,297.2572326660156
UNH,2021-02-18,325.8999938964844,329.5799865722656,325.20001220703125,328.4100036621094,2383500,298.6667785644531
UNH,2021-02-19,328.75,328.8500061035156,324.1099853515625,324.5799865722656,2313800,295.1837158203125
UNH,2021-02-22,321.5,329.04998779296875,320.3500061035156,327.6400146484375,2688300,297.966552734375
UNH,2021-02-23,329.989990234375,333.94000244140625,326.6400146484375,329.510009765625,3225700,299.6672668457031
UNH,2021-02-24,328.489990234375,333.6000061035156,326.0400085449219,332.2099914550781,3360500,302.1226806640625
UNH,2021-02-25,331,333.6000061035156,327.3599853515625,328.8699951171875,2780100,299.08514404296875
UNH,2021-02-26,330.54998779296875,337.9100036621094,329.8500061035156,332.2200012207031,5430000,302.1317443847656
UNH,2021-03-01,334.3599853515625,338.9100036621094,333.67999267578125,334.6499938964844,4198900,304.3416748046875
UNH,2021-03-02,335,337.6700134277344,333.8900146484375,334.6400146484375,2568900,304.33258056640625
UNH,2021-03-03,333.32000732421875,338.1600036621094,332.7799987792969,332.8699951171875,3039700,302.72296142578125
UNH,2021-03-04,334.1700134277344,340.8399963378906,332.6700134277344,333.80999755859375,4991600,303.5777587890625
UNH,2021-03-05,335.0299987792969,348.2900085449219,335.0199890136719,347.1000061035156,4563100,315.6642150878906
UNH,2021-03-08,347.010009765625,354,345.6000061035156,350.1700134277344,3419900,318.4561462402344
UNH,2021-03-09,352.9200134277344,361.25,351.3399963378906,351.9800109863281,4277600,320.10223388671875
UNH,2021-03-10,353.9100036621094,354.4800109863281,348.5,349.6000061035156,3012300,317.9377136230469
UNH,2021-03-11,350.760009765625,355.9700012207031,349.8699951171875,353.1000061035156,2520500,321.12078857421875
UNH,2021-03-12,353.1700134277344,356.82000732421875,351.989990234375,356.0199890136719,2088700,324.9264831542969
UNH,2021-03-15,356.9200134277344,357.94000244140625,351.54998779296875,353.8800048828125,2343400,322.97344970703125
UNH,2021-03-16,353.5299987792969,355.3599853515625,351.9100036621094,354.6000061035156,2904200,323.6305847167969
UNH,2021-03-17,355.1700134277344,358.07000732421875,351.8299865722656,352.17999267578125,2633100,321.4219665527344
UNH,2021-03-18,352.8699951171875,364.32000732421875,352.3399963378906,362.04998779296875,3311600,330.429931640625
UNH,2021-03-19,361.9200134277344,370.4599914550781,359.010009765625,365.5799865722656,8572900,333.65155029296875
UNH,2021-03-22,365,368.5799865722656,360.1099853515625,366.8599853515625,3505200,334.8197326660156
UNH,2021-03-23,368.8500061035156,371.5400085449219,367.2200012207031,368.5,3100100,336.31658935546875
UNH,2021-03-24,366.04998779296875,373.79998779296875,365.510009765625,370.6000061035156,3407800,338.23321533203125
UNH,2021-03-25,370.6000061035156,372.1099853515625,363.3900146484375,371.0899963378906,3021500,338.68035888671875
UNH,2021-03-26,371.67999267578125,377.05999755859375,370.2900085449219,376.4800109863281,2959800,343.5996398925781
UNH,2021-03-29,376.3599853515625,380.5,374.989990234375,379.05999755859375,2740400,345.9542236328125
UNH,2021-03-30,377.54998779296875,379.8800048828125,371.79998779296875,373.55999755859375,3066000,340.9346923828125
UNH,2021-03-31,372.79998779296875,377,371.79998779296875,372.07000732421875,3356500,339.5748291015625
UNH,2021-04-01,372.20001220703125,372.69000244140625,365.760009765625,367.07000732421875,2977700,335.0114440917969
UNH,2021-04-05,369.6199951171875,372.6300048828125,367.6400146484375,370.17999267578125,2709400,337.849853515625
UNH,2021-04-06,368.7799987792969,369.7900085449219,362.7200012207031,364.3699951171875,2698600,332.54730224609375
UNH,2021-04-07,364.19000244140625,365.8800048828125,360.54998779296875,365.6400146484375,2158900,333.7064208984375
UNH,2021-04-08,363.1099853515625,366.9100036621094,363.1099853515625,364.8900146484375,2426700,333.02191162109375
UNH,2021-04-09,368.3500061035156,376.6099853515625,367,376.29998779296875,2483200,343.43524169921875
UNH,2021-04-12,374.4800109863281,379.8299865722656,374.0299987792969,376.2799987792969,3057300,343.4171447753906
UNH,2021-04-13,376.25,379.30999755859375,374.3299865722656,374.5,2652300,341.7926025390625
UNH,2021-04-14,375.3399963378906,378.010009765625,374.5799865722656,375.6300048828125,2805600,342.8238220214844
UNH,2021-04-15,380,392.3599853515625,380,390.010009765625,4488300,355.9479675292969
UNH,2021-04-16,393.9200134277344,393.9200134277344,385.4599914550781,391.010009765625,4532400,356.8606872558594
UNH,2021-04-19,390,393.3900146484375,388.4700012207031,389.8399963378906,2965400,355.7928466796875
UNH,2021-04-20,389.8599853515625,397.8800048828125,389.4200134277344,396.5299987792969,3348100,361.8985595703125
UNH,2021-04-21,398.8599853515625,401.4800109863281,395.44000244140625,398.80999755859375,2473300,363.97943115234375
UNH,2021-04-22,398.44000244140625,398.760009765625,393.19000244140625,396.5400085449219,2718600,361.90771484375
UNH,2021-04-23,395.6199951171875,401.989990234375,394.5,400.30999755859375,2263200,365.34844970703125
UNH,2021-04-26,399.80999755859375,400,395.2099914550781,395.8599853515625,1642300,361.2870788574219
UNH,2021-04-27,394.6600036621094,396.3299865722656,392.29998779296875,394.5,1758500,360.0458679199219
UNH,2021-04-28,395.17999267578125,396.989990234375,393.29998779296875,394.5899963378906,1886500,360.1279602050781
UNH,2021-04-29,396.75,402.1600036621094,396.29998779296875,401.54998779296875,1996500,366.48016357421875
UNH,2021-04-30,401,401.8599853515625,398.3500061035156,398.79998779296875,2328100,363.9703063964844
UNH,2021-05-03,401,406.7699890136719,400.5299987792969,405.8999938964844,2568500,370.4501953125
UNH,2021-05-04,405.4800109863281,412.4700012207031,403.5,411.3399963378906,3237200,375.4151611328125
UNH,2021-05-05,410.5,412.75,406.79998779296875,412.5,2767600,376.4738464355469
UNH,2021-05-06,413,416.8500061035156,412.55999755859375,414.9700012207031,3058700,378.7281494140625
UNH,2021-05-07,415,419.0199890136719,414.07000732421875,417.6499938964844,1851000,381.1740417480469
UNH,2021-05-10,419.2699890136719,425.9800109863281,418.2200012207031,420.8900146484375,2489300,384.1311340332031
UNH,2021-05-11,421,422.2900085449219,410.6099853515625,411.70001220703125,3024000,375.74371337890625
UNH,2021-05-12,409.2900085449219,410.8500061035156,404.67999267578125,405.3699951171875,2888100,369.9665832519531
UNH,2021-05-13,406.2799987792969,413.17999267578125,404.32000732421875,408.55999755859375,2637500,372.8779296875
UNH,2021-05-14,410.989990234375,412.5899963378906,408.5,409.79998779296875,2072900,374.0095520019531
UNH,2021-05-17,409.30999755859375,412.510009765625,408.57000732421875,408.6300048828125,1583900,372.9418029785156
UNH,2021-05-18,409.69000244140625,412.9599914550781,406.2699890136719,410.3800048828125,2694800,374.5389709472656
UNH,2021-05-19,409.489990234375,410.7200012207031,404.25,409.5,2783100,373.7358703613281
UNH,2021-05-20,409.5299987792969,413.8299865722656,408.32000732421875,408.6400146484375,2105800,372.950927734375
UNH,2021-05-21,410.760009765625,418.6300048828125,409.4599914550781,411.6300048828125,4295400,375.67974853515625
UNH,2021-05-24,412.3699951171875,413.8999938964844,409.9200134277344,410.95001220703125,1883600,375.0591735839844
UNH,2021-05-25,411.8500061035156,413.8599853515625,408.8900146484375,413.04998779296875,2285600,376.97576904296875
UNH,2021-05-26,412.1000061035156,415.29998779296875,411.010009765625,413.2099914550781,1903900,377.121826171875
UNH,2021-05-27,414.9200134277344,415.1099853515625,410.3800048828125,412.70001220703125,2041800,376.6562805175781
UNH,2021-05-28,412.70001220703125,415.4700012207031,410.0199890136719,411.9200134277344,2367900,375.9444580078125
UNH,2021-06-01,413.7300109863281,413.7300109863281,406.1600036621094,406.7200012207031,2199600,371.1986083984375
UNH,2021-06-02,409.1400146484375,409.1400146484375,404.54998779296875,405.8500061035156,2232900,370.4046325683594
UNH,2021-06-03,403.5,409.760009765625,402.8399963378906,407.9599914550781,2281200,372.3302917480469
UNH,2021-06-04,410.9599914550781,411,404.6499938964844,405.6400146484375,2990900,370.21295166015625
UNH,2021-06-07,406.9599914550781,407.2099914550781,398.69000244140625,400.25,3353800,365.29364013671875
UNH,2021-06-08,400.7200012207031,402.75,398.75,401.739990234375,3051300,366.6535339355469
UNH,2021-06-09,403.3299865722656,405.7799987792969,400.5299987792969,401.1000061035156,1925700,366.0694580078125
UNH,2021-06-10,401.9100036621094,402.8500061035156,398.4700012207031,401.489990234375,4033600,366.4253845214844
UNH,2021-06-11,403.3500061035156,403.3599853515625,394.7799987792969,397.8900146484375,3094300,363.1398010253906
UNH,2021-06-14,397.29998779296875,399.4700012207031,395.1300048828125,399.1600036621094,2674900,364.2989196777344
UNH,2021-06-15,399.9599914550781,401.5,396.4700012207031,400.2799987792969,2845800,365.3210754394531
UNH,2021-06-16,401.1000061035156,403.1499938964844,396.6700134277344,397.25,3330800,362.55572509765625
UNH,2021-06-17,396,398.07000732421875,394.6099853515625,397.3500061035156,3532000,362.64697265625
UNH,2021-06-18,387.2799987792969,392.6600036621094,387.25,389.3699951171875,5521400,356.6654052734375
UNH,2021-06-21,389.3699951171875,399.20001220703125,389.2200012207031,398.07000732421875,3839300,364.6346740722656
UNH,2021-06-22,400.6099853515625,400.6499938964844,397.82000732421875,398.69000244140625,3964600,365.20263671875
UNH,2021-06-23,397.82000732421875,399,395.2699890136719,395.55999755859375,2942100,362.33551025390625
UNH,2021-06-24,398.32000732421875,402.1600036621094,396.8399963378906,398.8699951171875,3309100,365.36749267578125
UNH,2021-06-25,400.1000061035156,409.9800109863281,399.0199890136719,404.95001220703125,16928900,370.93682861328125
UNH,2021-06-28,404.95001220703125,404.989990234375,397.92999267578125,401.4599914550781,3193300,367.73992919921875
UNH,2021-06-29,401.9700012207031,403.20001220703125,397.4800109863281,398.1000061035156,2458800,364.66217041015625
UNH,2021-06-30,397.5400085449219,401.3999938964844,396.79998779296875,400.44000244140625,2875600,366.8056640625
UNH,2021-07-01,402.0299987792969,405.2099914550781,401.80999755859375,404.8900146484375,2678100,370.8818664550781
UNH,2021-07-02,405.0899963378906,409.8699951171875,403.8800048828125,409.3599853515625,1982400,374.9762878417969
UNH,2021-07-06,408.6700134277344,411.1600036621094,405.7099914550781,410.260009765625,2615300,375.80078125
UNH,2021-07-07,410.3500061035156,412.17999267578125,407.20001220703125,411.6600036621094,2270400,377.083251953125
UNH,2021-07-08,408.6099853515625,410.8299865722656,405.0799865722656,409.95001220703125,2032300,375.516845703125
UNH,2021-07-09,412.5299987792969,413.25,410.6400146484375,412.1099853515625,2078900,377.49542236328125
UNH,2021-07-12,411.0199890136719,416.3999938964844,410.30999755859375,416.0400085449219,2802600,381.0953369140625
UNH,2021-07-13,416.3800048828125,419.69000244140625,415.7099914550781,418.5400085449219,2948900,383.3853759765625
UNH,2021-07-14,420.7699890136719,422.5299987792969,413.3500061035156,414.739990234375,3538700,379.90447998046875
UNH,2021-07-15,411.9100036621094,421.7300109863281,407.20001220703125,420.04998779296875,3546500,384.7684631347656
UNH,2021-07-16,421.3599853515625,422.2900085449219,417.6400146484375,419.70001220703125,2625400,384.44793701171875
UNH,2021-07-19,417.239990234375,419.5299987792969,406.80999755859375,409.05999755859375,3611300,374.70159912109375
UNH,2021-07-20,411,417.7300109863281,410.6099853515625,412.9700012207031,3186700,378.28314208984375
UNH,2021-07-21,417.05999755859375,417.2300109863281,410.8299865722656,414.6400146484375,1863700,379.8129577636719
UNH,2021-07-22,416.0199890136719,416.8299865722656,413.7300109863281,415.7699890136719,1421900,380.8479919433594
UNH,2021-07-23,417.8999938964844,419.3399963378906,415.989990234375,417.70001220703125,1611700,382.61590576171875
UNH,2021-07-26,416.8299865722656,417.6700134277344,410.8999938964844,413.5400085449219,2232600,378.8052978515625
UNH,2021-07-27,412,415.260009765625,409.4599914550781,415.1000061035156,2630600,380.2342529296875
UNH,2021-07-28,414.489990234375,414.489990234375,406.79998779296875,409.1700134277344,2446600,374.80230712890625
UNH,2021-07-29,411.2799987792969,412.5799865722656,408.4200134277344,412.0799865722656,1597300,377.4678955078125
UNH,2021-07-30,410.760009765625,413.7699890136719,410.25,412.2200012207031,1864200,377.59619140625
UNH,2021-08-02,413.57000732421875,416.44000244140625,412.80999755859375,415.57000732421875,1806500,380.6647644042969
UNH,2021-08-03,415.82000732421875,422.1400146484375,415.0799865722656,421.8999938964844,2496500,386.46307373046875
UNH,2021-08-04,422.04998779296875,423.6600036621094,419.7099914550781,421.5400085449219,1995400,386.1333312988281
UNH,2021-08-05,422.05999755859375,422.25,407.8900146484375,411.19000244140625,3598600,376.6526184082031
UNH,2021-08-06,412.010009765625,416.7699890136719,412.010009765625,415.1199951171875,1944000,380.25250244140625
UNH,2021-08-09,414.95001220703125,416.2300109863281,410.3500061035156,410.8699951171875,1509800,376.3595886230469
UNH,2021-08-10,410.510009765625,413.6499938964844,408.57000732421875,411.7799987792969,1441800,377.19305419921875
UNH,2021-08-11,413.0299987792969,413.92999267578125,407.510009765625,407.739990234375,1542600,373.49249267578125
UNH,2021-08-12,407,408.7300109863281,404.29998779296875,405.9599914550781,1939900,371.8619689941406
UNH,2021-08-13,407.0799865722656,410.04998779296875,405.9200134277344,409.6700134277344,1537800,375.2604064941406
UNH,2021-08-16,409.8399963378906,417.4200134277344,407.3299865722656,417.2099914550781,2377500,382.16705322265625
UNH,2021-08-17,417.1000061035156,422.5,416.6300048828125,421.7799987792969,2258000,386.3531799316406
UNH,2021-08-18,421.3500061035156,421.5899963378906,417.0899963378906,417.32000732421875,3037000,382.267822265625
UNH,2021-08-19,415.3800048828125,428.3500061035156,412.3999938964844,427.8900146484375,3204500,391.9499816894531
UNH,2021-08-20,428.3500061035156,431.3599853515625,426.9100036621094,429.7099914550781,2401900,393.61712646484375
UNH,2021-08-23,430.55999755859375,430.55999755859375,424.8999938964844,425.3599853515625,2375900,389.63250732421875
UNH,2021-08-24,425.5199890136719,425.94000244140625,421.7200012207031,423.4100036621094,1619300,387.8462219238281
UNH,2021-08-25,421.8500061035156,423.6199951171875,419.45001220703125,419.739990234375,1939000,384.4844970703125
UNH,2021-08-26,419.7699890136719,421.3900146484375,416.6300048828125,416.8500061035156,1385400,381.8372497558594
UNH,2021-08-27,418.010009765625,420.3500061035156,416.1199951171875,418.760009765625,1621600,383.5868835449219
UNH,2021-08-30,418.760009765625,420.57000732421875,417.8900146484375,418.29998779296875,1284200,383.1654968261719
UNH,2021-08-31,417,420.739990234375,414.2200012207031,416.2699890136719,4249100,381.3059997558594
UNH,2021-09-01,416.5400085449219,419.8699951171875,411.239990234375,417.3500061035156,2034400,382.29534912109375
UNH,2021-09-02,419.1600036621094,424.3999938964844,418.239990234375,423.7099914550781,3137400,388.1210632324219
UNH,2021-09-03,421.92999267578125,424,420.6099853515625,422.8599853515625,1604800,387.34246826171875
UNH,2021-09-07,420.29998779296875,422.260009765625,417.5799865722656,421.239990234375,1920300,385.8585510253906
UNH,2021-09-08,421.19000244140625,422.8699951171875,414.20001220703125,415.3900146484375,2262500,380.4998779296875
UNH,2021-09-09,415.3399963378906,420.2200012207031,413.92999267578125,414.54998779296875,3508500,379.7304992675781
UNH,2021-09-10,415.55999755859375,416,402.5899963378906,403.9100036621094,4215800,371.2828063964844
UNH,2021-09-13,407.9800109863281,416.80999755859375,406.45001220703125,414.5199890136719,3068200,381.0357666015625
UNH,2021-09-14,417.5899963378906,417.5899963378906,411.3699951171875,412.5400085449219,2879800,379.2156066894531
UNH,2021-09-15,412.5199890136719,421.4200134277344,409.5,417.5199890136719,3180600,383.7934265136719
UNH,2021-09-16,419.6700134277344,423.3999938964844,414.9599914550781,416.8399963378906,2262700,383.1683349609375
UNH,2021-09-17,414.9700012207031,421.0899963378906,414.9700012207031,420.1600036621094,4534200,386.2201232910156
UNH,2021-09-20,416.9200134277344,419.29998779296875,408.7200012207031,412.70001220703125,2799800,379.36273193359375
UNH,2021-09-21,415.010009765625,418.7799987792969,412.2099914550781,412.3399963378906,2382200,379.0318298339844
UNH,2021-09-22,404.94000244140625,412,404.94000244140625,408.70001220703125,3629400,375.6858825683594
UNH,2021-09-23,409.79998779296875,414.8500061035156,407.510009765625,408.0299987792969,2681600,375.0700378417969
UNH,2021-09-24,406.94000244140625,407.8900146484375,405.2300109863281,407.0799865722656,1950400,374.1967468261719
UNH,2021-09-27,407.8299865722656,412.1499938964844,404.9599914550781,405.2699890136719,2608600,372.53302001953125
UNH,2021-09-28,402.6000061035156,404,397.0199890136719,398.6199951171875,3115400,366.420166015625
UNH,2021-09-29,397,401.8500061035156,395.79998779296875,400.4100036621094,2056300,368.0655517578125
UNH,2021-09-30,401.489990234375,403.489990234375,390.4599914550781,390.739990234375,3779900,359.17669677734375
UNH,2021-10-01,391.6000061035156,393.69000244140625,383.1199951171875,392.42999267578125,3146600,360.7301940917969
UNH,2021-10-04,391.6199951171875,395.1499938964844,384.760009765625,387.010009765625,3074800,355.7479248046875
UNH,2021-10-05,389.3399963378906,396.010009765625,389.239990234375,393.42999267578125,3269400,361.6494140625
UNH,2021-10-06,390.75,394.7799987792969,385.8399963378906,394.25,2809200,362.4032287597656
UNH,2021-10-07,396.760009765625,408.1700134277344,396.7099914550781,404.70001220703125,2813700,372.00897216796875
UNH,2021-10-08,406.4100036621094,409.1199951171875,402.6400146484375,408.4599914550781,2012200,375.46527099609375
UNH,2021-10-11,408,411.2200012207031,404.2099914550781,404.989990234375,2164200,372.275634765625
UNH,2021-10-12,405.1099853515625,408.3800048828125,402.30999755859375,403.239990234375,2415700,370.66693115234375
UNH,2021-10-13,403.3399963378906,405.30999755859375,398.1099853515625,403.54998779296875,3021800,370.9519348144531
UNH,2021-10-14,425.6600036621094,433.5,417.79998779296875,420.3599853515625,6038800,386.404052734375
UNH,2021-10-15,422.04998779296875,430.489990234375,421.5,428.07000732421875,3312000,393.4911804199219
UNH,2021-10-18,428,428,423.8399963378906,424.6199951171875,2232800,390.3199157714844
UNH,2021-10-19,426.8299865722656,427.82000732421875,423.3999938964844,424.3800048828125,1616800,390.0993347167969
UNH,2021-10-20,427,435.5299987792969,426.8399963378906,435.0899963378906,2764000,399.94415283203125
UNH,2021-10-21,435.5,442.5,435.0799865722656,442.2799987792969,2465100,406.55340576171875
UNH,2021-10-22,440.8399963378906,449.2900085449219,440.4599914550781,449.1600036621094,2736200,412.8775939941406
UNH,2021-10-25,450,452.6400146484375,446.44000244140625,449.489990234375,3553500,413.180908203125
UNH,2021-10-26,450.489990234375,457.7099914550781,447.5899963378906,454.6400146484375,3103900,417.9149169921875
UNH,2021-10-27,454.6400146484375,460.44000244140625,453.4800109863281,453.4800109863281,3520400,416.8486022949219
UNH,2021-10-28,453,457.8999938964844,452.5199890136719,455.44000244140625,1672600,418.65032958984375
UNH,2021-10-29,454.4100036621094,461.3900146484375,453.05999755859375,460.4700012207031,2497800,423.27398681640625
UNH,2021-11-01,461.82000732421875,465.760009765625,451.17999267578125,454.1099853515625,2203100,417.427734375
UNH,2021-11-02,456.260009765625,456.44000244140625,450.3800048828125,452.0400085449219,2600000,415.5249938964844
UNH,2021-11-03,450.4200134277344,457.5199890136719,447.0400085449219,457.3299865722656,2438200,420.3876647949219
UNH,2021-11-04,457.6000061035156,458.510009765625,452.1600036621094,456.760009765625,2517300,419.8636779785156
UNH,2021-11-05,457.8299865722656,461.5199890136719,454.5799865722656,455.80999755859375,2905000,418.99041748046875
UNH,2021-11-08,456.8500061035156,464.19000244140625,454.30999755859375,462.6199951171875,2279900,425.2503356933594
UNH,2021-11-09,462.6199951171875,464.4700012207031,460.2900085449219,464.3500061035156,2657800,426.84063720703125
UNH,2021-11-10,465.3900146484375,466,456.6300048828125,459.8999938964844,2818200,422.75
UNH,2021-11-11,460,460.8500061035156,455.44000244140625,457.3900146484375,2246800,420.4428405761719
UNH,2021-11-12,460.6700134277344,461,457.0799865722656,458.989990234375,2609500,421.91357421875
UNH,2021-11-15,458,458.2099914550781,450.5,450.79998779296875,2849600,414.3851623535156
UNH,2021-11-16,452.989990234375,458.3500061035156,449.3699951171875,449.6199951171875,3383800,413.3004455566406
UNH,2021-11-17,450.3900146484375,453.9599914550781,448.7300109863281,448.95001220703125,2281500,412.68463134765625
UNH,2021-11-18,448.7300109863281,452.80999755859375,447.1099853515625,449.4700012207031,2073800,413.1625671386719
UNH,2021-11-19,448.1300048828125,449.45001220703125,439.5,440,3536100,404.4575500488281
UNH,2021-11-22,442.82000732421875,443.75,437.3900146484375,437.5400085449219,2598700,402.1962890625
UNH,2021-11-23,436.010009765625,447.5199890136719,436,447.1300048828125,2857000,411.0115051269531
UNH,2021-11-24,446.6400146484375,450.9800109863281,445.6400146484375,450.1600036621094,2248800,413.796875
UNH,2021-11-26,444.9200134277344,448.17999267578125,438.2099914550781,439.9100036621094,2480600,404.37481689453125
UNH,2021-11-29,443.55999755859375,453.0799865722656,440.54998779296875,452,4079700,415.4881896972656
UNH,2021-11-30,447.05999755859375,451.3500061035156,441.25,444.2200012207031,7435400,408.33660888671875
UNH,2021-12-01,452.8900146484375,455.9200134277344,444.1400146484375,444.3399963378906,4325500,408.44696044921875
UNH,2021-12-02,443.1499938964844,447.8900146484375,439.2200012207031,446.0199890136719,4738700,409.9911804199219
UNH,2021-12-03,447.7699890136719,454.44000244140625,445.1700134277344,449.32000732421875,3038300,414.3718566894531
UNH,2021-12-06,452.1499938964844,461.7799987792969,451.5199890136719,460.1099853515625,4721500,424.3225402832031
UNH,2021-12-07,462.75,465.75,460.2300109863281,464.7300109863281,3105200,428.58319091796875
UNH,2021-12-08,466.0899963378906,470.1700134277344,462.489990234375,468.8599853515625,3228300,432.3919982910156
UNH,2021-12-09,468.5299987792969,474.4800109863281,467.3599853515625,473.32000732421875,2977400,436.505126953125
UNH,2021-12-10,472,478.4800109863281,471.010009765625,478.2300109863281,2572300,441.0331726074219
UNH,2021-12-13,477.0199890136719,480.260009765625,474.010009765625,478.1400146484375,2724800,440.9501953125
UNH,2021-12-14,479.75,483.0400085449219,477.17999267578125,479.4599914550781,3018000,442.1675109863281
UNH,2021-12-15,480.6000061035156,495.3999938964844,480.1400146484375,494.3800048828125,4188600,455.92706298828125
UNH,2021-12-16,494.010009765625,496.9599914550781,490.1099853515625,492.8599853515625,4080800,454.5251770019531
UNH,2021-12-17,491.4200134277344,493.1300048828125,486.3800048828125,487.1199951171875,5707200,449.231689453125
UNH,2021-12-20,482,485.010009765625,475.260009765625,483.7300109863281,3145600,446.1053466796875
UNH,2021-12-21,487.0199890136719,489,482.20001220703125,487.2099914550781,2536000,449.3147277832031
UNH,2021-12-22,487.1499938964844,495.45001220703125,485.8999938964844,494.1300048828125,1687500,455.6965026855469
UNH,2021-12-23,495,498.1499938964844,492.80999755859375,495.3800048828125,1706500,456.8492736816406
UNH,2021-12-27,498.67999267578125,500.29998779296875,496.6400146484375,499.5,1349400,460.6487731933594
UNH,2021-12-28,502,505.32000732421875,500.3999938964844,502.94000244140625,1495500,463.8211975097656
UNH,2021-12-29,504.7799987792969,507.2200012207031,502,505.5799865722656,1573900,466.2558898925781
UNH,2021-12-30,507.92999267578125,509.2300109863281,503.6499938964844,504.42999267578125,1309800,465.1954040527344
UNH,2021-12-31,504.1400146484375,506.8699951171875,502.0400085449219,502.1400146484375,1695400,463.08343505859375
UNH,2022-01-03,500,502.8999938964844,493.04998779296875,502.2799987792969,3033600,463.21258544921875
UNH,2022-01-04,503.20001220703125,503.75,490.8800048828125,490.8999938964844,3908100,452.7176513671875
UNH,2022-01-05,494.7699890136719,497,489.69000244140625,489.69000244140625,3921100,451.6017761230469
UNH,2022-01-06,480,484.1400146484375,463.1199951171875,469.6499938964844,6555200,433.1204833984375
UNH,2022-01-07,467.69000244140625,467.9700012207031,455.54998779296875,458.6000061035156,5494200,422.9299621582031
UNH,2022-01-10,456,465.8599853515625,454.44000244140625,465,5831800,428.8322448730469
UNH,2022-01-11,467.20001220703125,470.45001220703125,460.6700134277344,469,3332800,432.5210876464844
UNH,2022-01-12,468.9700012207031,475.32000732421875,466.3399963378906,473.7200012207031,3502300,436.8739013671875
UNH,2022-01-13,475.8900146484375,476.54998779296875,465.9800109863281,467.42999267578125,3005300,431.0731506347656
UNH,2022-01-14,469.8900146484375,473.1700134277344,465.0799865722656,468.69000244140625,3665400,432.2351989746094
UNH,2022-01-18,465.1700134277344,465.7099914550781,458.3500061035156,460.989990234375,3938800,425.1340637207031
UNH,2022-01-19,468,475.489990234375,461.510009765625,462.5199890136719,4030900,426.5450744628906
UNH,2022-01-20,464.3800048828125,471.6300048828125,462,463,3228600,426.98773193359375
UNH,2022-01-21,463.5,470.7900085449219,461.07000732421875,461.1700134277344,4273200,425.30010986328125
UNH,2022-01-24,458.07000732421875,464.1400146484375,448.1300048828125,462.2699890136719,4780700,426.3145446777344
UNH,2022-01-25,454.07000732421875,459.489990234375,447.2699890136719,456.8399963378906,3428900,421.306884765625
UNH,2022-01-26,458.45001220703125,463.8800048828125,453.45001220703125,458.42999267578125,4435900,422.773193359375
UNH,2022-01-27,458.0799865722656,468.67999267578125,457.010009765625,461.6000061035156,3508100,425.69671630859375
UNH,2022-01-28,461.3999938964844,466.2799987792969,455.0799865722656,466.05999755859375,3364400,429.80975341796875
UNH,2022-01-31,465,473.17999267578125,464.3999938964844,472.57000732421875,3500500,435.8133850097656
UNH,2022-02-01,475,475,462.75,468.4100036621094,3148600,431.9769287109375
UNH,2022-02-02,469.05999755859375,481.9800109863281,469.05999755859375,479.7799987792969,3026800,442.4626159667969
UNH,2022-02-03,498.6499938964844,500.17999267578125,483.57000732421875,488.7699890136719,4370900,450.7533874511719
UNH,2022-02-04,481.75,489.6300048828125,480.19000244140625,483.1700134277344,3066400,445.5889892578125
UNH,2022-02-07,484.9100036621094,487.260009765625,481.29998779296875,483.70001220703125,2937200,446.0777893066406
UNH,2022-02-08,481.3500061035156,495.6700134277344,481.3500061035156,493.4100036621094,3534700,455.0325012207031
UNH,2022-02-09,497,500.92999267578125,496.2900085449219,498.1000061035156,2818100,459.3576354980469
UNH,2022-02-10,492.239990234375,494.2200012207031,485.07000732421875,486.7200012207031,2626100,448.86273193359375
UNH,2022-02-11,484.67999267578125,490.42999267578125,476.44000244140625,478.1300048828125,2493800,440.94091796875
UNH,2022-02-14,475.1099853515625,477.739990234375,469.3299865722656,474.3999938964844,2549500,437.5010986328125
UNH,2022-02-15,475.94000244140625,481.1700134277344,475.20001220703125,478.2300109863281,3001000,441.0331726074219
UNH,2022-02-16,475.5,481.7300109863281,471.3999938964844,480.04998779296875,2651800,442.7115783691406
UNH,2022-02-17,478.1700134277344,479.2900085449219,468.8900146484375,470.3399963378906,2403100,433.7568359375
UNH,2022-02-18,470.25,474.9200134277344,466.8299865722656,467.80999755859375,2992300,431.42364501953125
UNH,2022-02-22,463.8299865722656,467.19000244140625,457.82000732421875,462.510009765625,3029800,426.535888671875
UNH,2022-02-23,467.19000244140625,467.7200012207031,458.8399963378906,459.6199951171875,2840300,423.8706970214844
UNH,2022-02-24,449.5199890136719,456.5899963378906,445.739990234375,455.8900146484375,3933000,420.4308166503906
UNH,2022-02-25,456.6499938964844,475.7799987792969,456.2300109863281,475.75,3314400,438.7461242675781
UNH,2022-02-28,465.8500061035156,477.30999755859375,465.6099853515625,475.8699951171875,3918300,438.856689453125
UNH,2022-03-01,470.8900146484375,476.9599914550781,467.7300109863281,476.25,2917600,439.2071228027344
UNH,2022-03-02,478.19000244140625,487.1700134277344,477.8900146484375,485.3800048828125,3675900,447.62701416015625
UNH,2022-03-03,486,491.3800048828125,482.2200012207031,486.5899963378906,3139400,448.7428894042969
UNH,2022-03-04,480.69000244140625,499.6600036621094,477.489990234375,498.6499938964844,4170100,459.8648986816406
UNH,2022-03-07,500,500,483.0199890136719,486.8699951171875,4123300,449.0011291503906
UNH,2022-03-08,478.79998779296875,484.489990234375,471.5199890136719,473.4599914550781,3849500,436.6341247558594
UNH,2022-03-09,482.5799865722656,487.7200012207031,473.5899963378906,485.57000732421875,3115500,447.80224609375
UNH,2022-03-10,479.3299865722656,493.7099914550781,477.8299865722656,491.44000244140625,2834800,453.21563720703125
UNH,2022-03-11,487.8299865722656,493.79998779296875,482.510009765625,482.8699951171875,2615000,446.6300354003906
UNH,2022-03-14,490.3999938964844,495.5899963378906,485.2799987792969,487.9200134277344,2704100,451.3010559082031
UNH,2022-03-15,490,499.94000244140625,487.30999755859375,497.9100036621094,3043000,460.5412902832031
UNH,2022-03-16,499.8299865722656,505.5,490.010009765625,498.260009765625,3497100,460.8650207519531
UNH,2022-03-17,496,507.1199951171875,495.17999267578125,507.0199890136719,2357200,468.967529296875
UNH,2022-03-18,508.739990234375,510.67999267578125,501.55999755859375,506.1199951171875,5065600,468.1351013183594
UNH,2022-03-21,505.010009765625,513,504.3599853515625,507.6600036621094,2617700,469.5595397949219
UNH,2022-03-22,509.2699890136719,511.8500061035156,504.8399963378906,505.32000732421875,2752500,467.3951416015625
UNH,2022-03-23,502.2699890136719,507.05999755859375,501.3299865722656,503.2300109863281,2753200,465.4620056152344
UNH,2022-03-24,505,515.780029296875,503.8599853515625,513.46002197265625,2789200,474.9241943359375
UNH,2022-03-25,514.19000244140625,516.530029296875,509.239990234375,513.030029296875,2551100,474.5265808105469
UNH,2022-03-28,514.32000732421875,517.1400146484375,508.80999755859375,513.20001220703125,2643000,474.6837463378906
UNH,2022-03-29,517.0999755859375,519.59002685546875,507.29998779296875,510.7300109863281,3478400,472.3991394042969
UNH,2022-03-30,515.1099853515625,521.20001220703125,512.47998046875,520.82000732421875,3041200,481.73187255859375
UNH,2022-03-31,517.0999755859375,521.8900146484375,509.6700134277344,509.9700012207031,3979700,471.6961669921875
UNH,2022-04-01,510.67999267578125,514.780029296875,506.6000061035156,512.59002685546875,2344100,474.11956787109375
UNH,2022-04-04,512.21002197265625,512.47998046875,504.5299987792969,510.0199890136719,2657500,471.742431640625
UNH,2022-04-05,510,524.72998046875,508,517.760009765625,3268600,478.9014587402344
UNH,2022-04-06,518.219970703125,533.52001953125,518,531.75,3955600,491.84161376953125
UNH,2022-04-07,530,538.280029296875,528.3900146484375,536.95001220703125,2867000,496.6513977050781
UNH,2022-04-08,539,548.969970703125,538.0999755859375,545.96002197265625,3986700,504.9850769042969
UNH,2022-04-11,543.5999755859375,547.6099853515625,536.6400146484375,537.44000244140625,3574000,497.1045227050781
UNH,2022-04-12,535.40997314453125,540.72998046875,530.780029296875,533.71002197265625,3575700,493.6543884277344
UNH,2022-04-13,533.32000732421875,538.280029296875,528.6199951171875,537,3012000,496.69744873046875
UNH,2022-04-14,538.5,553.28997802734375,534.07000732421875,534.82000732421875,4211300,494.68115234375
UNH,2022-04-18,537.9000244140625,541,530.3800048828125,534.08001708984375,2087100,493.99664306640625
UNH,2022-04-19,535.8900146484375,542.47998046875,535.239990234375,537.70001220703125,2207600,497.344970703125
UNH,2022-04-20,542.1400146484375,548.3599853515625,539,546.010009765625,2986300,505.0313415527344
UNH,2022-04-21,545.5,548,536.030029296875,537.44000244140625,2539900,497.1045227050781
UNH,2022-04-22,532.05999755859375,533.3499755859375,520.17999267578125,520.94000244140625,3453300,481.84283447265625
UNH,2022-04-25,520.4000244140625,526.260009765625,511.7300109863281,524.27001953125,3030400,484.9230041503906
UNH,2022-04-26,524.239990234375,526.260009765625,513.510009765625,513.780029296875,2895300,475.2202453613281
UNH,2022-04-27,514.90997314453125,520.9000244140625,509.82000732421875,513.80999755859375,3353700,475.2479248046875
UNH,2022-04-28,516.760009765625,526.280029296875,513.16998291015625,524.41998291015625,2582700,485.0616760253906
UNH,2022-04-29,518.8499755859375,519.9000244140625,506.9599914550781,508.54998779296875,2873200,470.3826904296875
UNH,2022-05-02,510.80999755859375,513.510009765625,493.3399963378906,501.1499938964844,3184300,463.5380859375
UNH,2022-05-03,501.1300048828125,505.5199890136719,497.4800109863281,499.6199951171875,2763400,462.12286376953125
UNH,2022-05-04,499.5,509.7699890136719,493.0899963378906,507.6199951171875,4002600,469.52252197265625
UNH,2022-05-05,507.2099914550781,510.6700134277344,489.2300109863281,494.7200012207031,3359700,457.590576171875
UNH,2022-05-06,485.010009765625,501.57000732421875,485,499.6199951171875,3260300,462.12286376953125
UNH,2022-05-09,490.3999938964844,494.6300048828125,484.42999267578125,486.4200134277344,3862700,449.9136047363281
UNH,2022-05-10,493.80999755859375,496.3500061035156,481.1199951171875,488.010009765625,4275500,451.3842468261719
UNH,2022-05-11,484.3900146484375,500.5199890136719,484.3900146484375,486.1499938964844,3936300,449.6639099121094
UNH,2022-05-12,486.1000061035156,486.8900146484375,471.4200134277344,478.79998779296875,3997600,442.86553955078125
UNH,2022-05-13,480.9800109863281,487,475.80999755859375,485.3999938964844,2453400,448.97015380859375
UNH,2022-05-16,485.4100036621094,495.55999755859375,484.1499938964844,489.2200012207031,2338800,452.50347900390625
UNH,2022-05-17,494,494.7200012207031,488.4599914550781,492.5299987792969,2289000,455.5650939941406
UNH,2022-05-18,488.260009765625,489.2099914550781,468.3599853515625,471.3800048828125,3240500,436.0023498535156
UNH,2022-05-19,464.32000732421875,481.5799865722656,463.3299865722656,478.54998779296875,3813800,442.63421630859375
UNH,2022-05-20,481.3800048828125,487.4700012207031,472.30999755859375,485.7300109863281,3068200,449.275390625
UNH,2022-05-23,486.2900085449219,495.739990234375,486.2900085449219,492.0799865722656,2279800,455.1487731933594
UNH,2022-05-24,490.7900085449219,498.0799865722656,488.6600036621094,497.55999755859375,2658100,460.21759033203125
UNH,2022-05-25,498.5199890136719,502.30999755859375,491.260009765625,498.0899963378906,3161600,460.7077941894531
UNH,2022-05-26,501.739990234375,507.260009765625,499.4100036621094,502.2300109863281,2705800,464.5370178222656
UNH,2022-05-27,491,507.1099853515625,489.3900146484375,507.1099853515625,3349100,469.05078125
UNH,2022-05-31,503.6199951171875,504.1099853515625,495.6600036621094,496.7799987792969,4003100,459.49609375
UNH,2022-06-01,498.32000732421875,501.3800048828125,487.7799987792969,492.54998779296875,1765900,455.58349609375
UNH,2022-06-02,494,496.1499938964844,482.9700012207031,492.260009765625,2093500,455.3153076171875
UNH,2022-06-03,488.3299865722656,491.6700134277344,484.8999938964844,485.6099853515625,1756900,449.1644287109375
UNH,2022-06-06,489.42999267578125,493.6300048828125,486.2900085449219,490.17999267578125,1781500,453.3914794921875
UNH,2022-06-07,489.5,497.6099853515625,487.1199951171875,497.1000061035156,2341900,459.7921447753906
UNH,2022-06-08,494,497.8999938964844,488.54998779296875,493.5299987792969,3268100,456.4900207519531
UNH,2022-06-09,492.8800048828125,496.4599914550781,487.6099853515625,489.42999267578125,3148800,452.6976623535156
UNH,2022-06-10,484.79998779296875,490.1600036621094,480.92999267578125,484.6300048828125,2599900,448.2579345703125
UNH,2022-06-13,475.1300048828125,481.3399963378906,467.260009765625,469.70001220703125,3764600,434.44842529296875
UNH,2022-06-14,467.5,469.17999267578125,457.4200134277344,461.75,3814200,427.0951232910156
UNH,2022-06-15,464.20001220703125,469.0199890136719,456.5,464.3299865722656,2550700,429.48150634765625
UNH,2022-06-16,453.3999938964844,457.80999755859375,450.67999267578125,456.0899963378906,3135600,423.3643798828125
UNH,2022-06-17,450.75,461.4599914550781,449.70001220703125,452.05999755859375,5277400,419.6235046386719
UNH,2022-06-21,457.80999755859375,485.1199951171875,457.1000061035156,480.32000732421875,5726800,445.85577392578125
UNH,2022-06-22,475.7200012207031,495.9200134277344,474.5400085449219,489.67999267578125,5061000,454.5441589355469
UNH,2022-06-23,494.95001220703125,503.5799865722656,491.9599914550781,499.80999755859375,4687700,463.94732666015625
UNH,2022-06-24,499.44000244140625,499.760009765625,486.55999755859375,495.6400146484375,15861100,460.0765686035156
UNH,2022-06-27,492.8299865722656,511.8900146484375,492.5799865722656,505.6600036621094,3907100,469.3775329589844
UNH,2022-06-28,512.08001708984375,518.6099853515625,505.0799865722656,508.44000244140625,4978200,471.95806884765625
UNH,2022-06-29,508.8500061035156,518.70001220703125,506.010009765625,515.71002197265625,3823400,478.70648193359375
UNH,2022-06-30,513.54998779296875,516.32000732421875,509.7200012207031,513.6300048828125,3568900,476.77569580078125
UNH,2022-07-01,512.32000732421875,517.530029296875,502.30999755859375,517.4000244140625,2426600,480.2752380371094
UNH,2022-07-05,507.6400146484375,511,492.25,505.239990234375,3029600,468.9876708984375
UNH,2022-07-06,505.6400146484375,517.40997314453125,504.29998779296875,515.28997802734375,2506700,478.3165588378906
UNH,2022-07-07,515.25,517.29998779296875,512.22998046875,514.3800048828125,2385400,477.4718322753906
UNH,2022-07-08,512.30999755859375,528.3699951171875,511.010009765625,518.6300048828125,3092100,481.41693115234375
UNH,2022-07-11,514.8599853515625,521.469970703125,511.80999755859375,516.95001220703125,1743600,479.8574523925781
UNH,2022-07-12,513.25,519.1400146484375,510.6199951171875,514.41998291015625,2706500,477.5090026855469
UNH,2022-07-13,508.07000732421875,511.8599853515625,501.19000244140625,501.239990234375,3467700,465.274658203125
UNH,2022-07-14,495,505.8900146484375,492.2799987792969,502.42999267578125,3765500,466.3792724609375
UNH,2022-07-15,526.05999755859375,531.989990234375,515.45001220703125,529.75,5742500,491.7389831542969
UNH,2022-07-18,531,532.15997314453125,518.75,519.3699951171875,3212000,482.1037292480469
UNH,2022-07-19,521.09002685546875,533.84002685546875,520.59002685546875,533.45001220703125,2953500,495.173583984375
UNH,2022-07-20,533.45001220703125,534.04998779296875,515.72998046875,519.469970703125,4327500,482.1966247558594
UNH,2022-07-21,519.3900146484375,522.469970703125,511.1400146484375,522.46002197265625,2667600,484.97210693359375
UNH,2022-07-22,526,527.5999755859375,518.4000244140625,521.40997314453125,1850300,483.9974670410156
UNH,2022-07-25,526.09002685546875,532.8900146484375,524.219970703125,529.469970703125,2337200,491.4790954589844
UNH,2022-07-26,533.79998779296875,537.6400146484375,531.030029296875,531.59002685546875,2637800,493.44708251953125
UNH,2022-07-27,533.53997802734375,537.8599853515625,528.03997802734375,534.6099853515625,2268100,496.2503356933594
UNH,2022-07-28,537.489990234375,544.34002685546875,531.739990234375,541.489990234375,2344500,502.6365661621094
UNH,2022-07-29,540.010009765625,543.8499755859375,536.69000244140625,542.34002685546875,2945700,503.4256896972656
UNH,2022-08-01,542.27001953125,543.6500244140625,531,535.3800048828125,2335000,496.9651794433594
UNH,2022-08-02,537.54998779296875,540.530029296875,531.719970703125,535.46002197265625,2114200,497.03924560546875
UNH,2022-08-03,537.260009765625,543.6199951171875,535.69000244140625,540.6500244140625,1802900,501.8569641113281
UNH,2022-08-04,539.28997802734375,540.42999267578125,532.760009765625,533.75,2368000,495.4519348144531
UNH,2022-08-05,530,535.5,527.55999755859375,535.05999755859375,2373400,496.6680908203125
UNH,2022-08-08,539.90997314453125,541.29998779296875,533.41998291015625,536.5999755859375,1656400,498.0975036621094
UNH,2022-08-09,540,545.739990234375,536.3800048828125,537.260009765625,2147200,498.7102355957031
UNH,2022-08-10,540.260009765625,541.97998046875,533.80999755859375,537.719970703125,2291400,499.13714599609375
UNH,2022-08-11,538.239990234375,538.6300048828125,529.66998291015625,532.8599853515625,3006200,494.6258544921875
UNH,2022-08-12,535.6099853515625,544.4000244140625,534.45001220703125,543.70001220703125,1981000,504.6881103515625
UNH,2022-08-15,541.66998291015625,547.21002197265625,538.55999755859375,544.6400146484375,1447300,505.5605773925781
UNH,2022-08-16,545.21002197265625,547.44000244140625,542.3900146484375,546.1199951171875,1773000,506.9344482421875
UNH,2022-08-17,545.239990234375,547.78997802734375,541.57000732421875,545,1471700,505.8948974609375
UNH,2022-08-18,545.010009765625,548.1300048828125,541.82000732421875,545.219970703125,1486400,506.0990295410156
UNH,2022-08-19,545.5,553.1300048828125,544.82000732421875,548.32000732421875,2258000,508.9765319824219
UNH,2022-08-22,541.3900146484375,549.52001953125,541.3499755859375,544.57000732421875,1672900,505.4956359863281
UNH,2022-08-23,543.28997802734375,543.28997802734375,533.21002197265625,535.79998779296875,2039600,497.3548278808594
UNH,2022-08-24,536.67999267578125,539.8599853515625,535.02001953125,536.46002197265625,1761200,497.9675598144531
UNH,2022-08-25,535.010009765625,542.02001953125,531.25,541.57000732421875,1965800,502.7109680175781
UNH,2022-08-26,542.260009765625,543.19000244140625,528.219970703125,529.25,1906700,491.2748718261719
UNH,2022-08-29,526,532.9000244140625,522.8699951171875,529.77001953125,1594000,491.7576599121094
UNH,2022-08-30,530.40997314453125,531.09002685546875,521.78997802734375,522.84002685546875,2013400,485.3248596191406
UNH,2022-08-31,520.82000732421875,527.0999755859375,519.15997314453125,519.33001708984375,2891300,482.06671142578125
UNH,2022-09-01,519.33001708984375,524.260009765625,515.09002685546875,524,2085300,486.4017028808594
UNH,2022-09-02,529.6199951171875,529.78997802734375,513.80999755859375,516.3499755859375,1944200,479.300537109375
UNH,2022-09-06,519.92999267578125,527.45001220703125,516.91998291015625,517.67999267578125,2711900,480.53509521484375
UNH,2022-09-07,517,523.5,514.67999267578125,521.67999267578125,2504400,484.24810791015625
UNH,2022-09-08,520.95001220703125,528.489990234375,518.80999755859375,527.510009765625,1557500,489.6597595214844
UNH,2022-09-09,527.83001708984375,527.83001708984375,522.58001708984375,524.34002685546875,2495500,488.244384765625
UNH,2022-09-12,525,535.02001953125,522.5,531.25,2792000,494.67877197265625
UNH,2022-09-13,524,525.260009765625,511.9700012207031,513.96002197265625,3172500,478.57904052734375
UNH,2022-09-14,514,515.3800048828125,506.1000061035156,509.7699890136719,2648100,474.6773681640625
UNH,2022-09-15,516.29998779296875,527.97998046875,514.1400146484375,522.90997314453125,3058100,486.9127502441406
UNH,2022-09-16,518.52001953125,522.82000732421875,517.08001708984375,521.02001953125,3981700,485.1529846191406
UNH,2022-09-19,518.59002685546875,524,512.969970703125,523.54998779296875,2130800,487.5087890625
UNH,2022-09-20,524.239990234375,524.66998291015625,514.80999755859375,522.79998779296875,2421700,486.8103942871094
UNH,2022-09-21,525.030029296875,528.010009765625,512.02001953125,512.08001708984375,2427700,476.82843017578125
UNH,2022-09-22,511.0299987792969,520.969970703125,506.1099853515625,517.46002197265625,2285600,481.8380126953125
UNH,2022-09-23,513.55999755859375,514.65997314453125,506.3800048828125,513.6099853515625,2536900,478.2531433105469
UNH,2022-09-26,507.3900146484375,512.57000732421875,499,508.3599853515625,2867400,473.3644714355469
UNH,2022-09-27,510.3699951171875,516.78997802734375,503.5799865722656,508.3699951171875,2583400,473.3737487792969
UNH,2022-09-28,506.4800109863281,516.27001953125,500.79998779296875,513.94000244140625,3027300,478.5604248046875
UNH,2022-09-29,514.77001953125,514.77001953125,502.4700012207031,508.8299865722656,2392000,473.8020935058594
UNH,2022-09-30,511.1000061035156,516.54998779296875,504.8399963378906,505.0400085449219,3116000,470.2730407714844
UNH,2022-10-03,507.0799865722656,517.80999755859375,505.3999938964844,515.510009765625,2562400,480.0222473144531
UNH,2022-10-04,518.3499755859375,524.59002685546875,516.83001708984375,523.16998291015625,3189800,487.1549987792969
UNH,2022-10-05,521,529.3499755859375,520.1300048828125,527.07000732421875,2281800,490.7865295410156
UNH,2022-10-06,528.33001708984375,528.58001708984375,516.739990234375,519.1300048828125,2187300,483.39306640625
UNH,2022-10-07,514.16998291015625,514.16998291015625,501.05999755859375,504.8500061035156,3273700,470.0961608886719
UNH,2022-10-10,505.6000061035156,506.30999755859375,495.0199890136719,498.8599853515625,2459100,464.5184326171875
UNH,2022-10-11,496.9700012207031,506.8299865722656,495.17999267578125,499.80999755859375,2844500,465.4030456542969
UNH,2022-10-12,502.1300048828125,508.25,498.2099914550781,499.9599914550781,2254300,465.542724609375
UNH,2022-10-13,493.45001220703125,513.469970703125,487.739990234375,509.9100036621094,3999700,474.8077697753906
UNH,2022-10-14,520,529.90997314453125,511.92999267578125,513.1300048828125,5628900,477.8061218261719
UNH,2022-10-17,517.739990234375,524.30999755859375,515.280029296875,521.8800048828125,3282300,485.9537353515625
UNH,2022-10-18,532,532,518.33001708984375,522.21002197265625,2345500,486.26104736328125
UNH,2022-10-19,521.739990234375,523.82000732421875,514.5999755859375,520.32000732421875,2500500,484.5011291503906
UNH,2022-10-20,523.04998779296875,529.41998291015625,519.780029296875,520.8800048828125,2390800,485.0225524902344
UNH,2022-10-21,518.05999755859375,536.530029296875,518.010009765625,533.72998046875,2896000,496.9880676269531
UNH,2022-10-24,538.07000732421875,546.47998046875,537.79998779296875,541.5999755859375,2627100,504.3162841796875
UNH,2022-10-25,537.78997802734375,543.91998291015625,533.9000244140625,540.219970703125,2411900,503.0311279296875
UNH,2022-10-26,541.3800048828125,547.6400146484375,540.21002197265625,543.16998291015625,2863500,505.7780456542969
UNH,2022-10-27,546.52001953125,546.52001953125,539.760009765625,541.79998779296875,2212100,504.50244140625
UNH,2022-10-28,544.969970703125,553,543.69000244140625,551.239990234375,2761900,513.29266357421875
UNH,2022-10-31,555,558.0999755859375,550.1300048828125,555.1500244140625,2770400,516.93341064453125
UNH,2022-11-01,555,555.69000244140625,544.219970703125,547.30999755859375,3338900,509.6331787109375
UNH,2022-11-02,544.40997314453125,554.58001708984375,543.07000732421875,543.42999267578125,2696200,506.020263671875
UNH,2022-11-03,541.739990234375,547.8699951171875,538.1300048828125,543.6099853515625,2245300,506.18792724609375
UNH,2022-11-04,547.04998779296875,547.760009765625,527.1400146484375,538.16998291015625,3513100,501.122314453125
UNH,2022-11-07,538.16998291015625,546.95001220703125,535.469970703125,545.02001953125,2540300,507.5008239746094
UNH,2022-11-08,547.04998779296875,554.79998779296875,542,553.04998779296875,2797000,514.9779052734375
UNH,2022-11-09,553.780029296875,554.6099853515625,539.44000244140625,540.65997314453125,2672600,503.4409484863281
UNH,2022-11-10,548.92999267578125,551.70001220703125,533.95001220703125,544.16998291015625,3426400,506.709228515625
UNH,2022-11-11,546.280029296875,546.280029296875,509.6499938964844,522.08001708984375,7034300,486.1400146484375
UNH,2022-11-14,522,528.97998046875,513.40997314453125,513.75,5238400,478.38348388671875
UNH,2022-11-15,512.80999755859375,516.6400146484375,500.7699890136719,503.010009765625,5103800,468.3828430175781
UNH,2022-11-16,505.8900146484375,514.1300048828125,505.4700012207031,511.5199890136719,3430800,476.306884765625
UNH,2022-11-17,512.15997314453125,526.97998046875,512.15997314453125,515.30999755859375,4246300,479.8360290527344
UNH,2022-11-18,522.1199951171875,533,519.46002197265625,530,3566000,493.51483154296875
UNH,2022-11-21,529.010009765625,531.95001220703125,515.3800048828125,517.19000244140625,3349600,481.5866394042969
UNH,2022-11-22,519.94000244140625,524.65997314453125,519.90997314453125,523.09002685546875,2567400,487.08050537109375
UNH,2022-11-23,525,530.44000244140625,523,529.71002197265625,2238300,493.24481201171875
UNH,2022-11-25,534,540.8499755859375,532.52001953125,537.6199951171875,1419200,500.6100769042969
UNH,2022-11-28,535.83001708984375,539.58001708984375,531.69000244140625,532.27001953125,2699900,495.6286315917969
UNH,2022-11-29,531.66998291015625,532.969970703125,523.6500244140625,528,3751000,491.6524963378906
UNH,2022-11-30,529.719970703125,548.08001708984375,527.47998046875,547.760009765625,9688900,510.05218505859375
UNH,2022-12-01,552.3599853515625,553,535.79998779296875,536.90997314453125,2997800,499.948974609375
UNH,2022-12-02,532.83001708984375,538.6099853515625,532.44000244140625,536.15997314453125,2346200,500.7895812988281
UNH,2022-12-05,531.489990234375,540.3800048828125,530.8800048828125,535.03997802734375,2424800,499.74359130859375
UNH,2022-12-06,534.41998291015625,540.59002685546875,534.239990234375,539.32000732421875,3097700,503.7412414550781
UNH,2022-12-07,540.84002685546875,545.90997314453125,539.6300048828125,542.90997314453125,2849100,507.0943603515625
UNH,2022-12-08,544.8599853515625,551.28997802734375,543.780029296875,547.91998291015625,2272300,511.7738037109375
UNH,2022-12-09,547.92999267578125,548.489990234375,538.8699951171875,539.20001220703125,2852400,503.62921142578125
UNH,2022-12-12,541.8499755859375,546.08001708984375,539.280029296875,545.8599853515625,2714100,509.8498229980469
UNH,2022-12-13,550.55999755859375,550.989990234375,535.0999755859375,538.219970703125,3369700,502.71380615234375
UNH,2022-12-14,541.92999267578125,543.47998046875,531.57000732421875,538.3599853515625,2654600,502.8445739746094
UNH,2022-12-15,533.989990234375,534.07000732421875,525.469970703125,527.67999267578125,2963800,492.8691711425781
UNH,2022-12-16,525.1500244140625,525.80999755859375,515.719970703125,523.70001220703125,7109100,489.1517028808594
UNH,2022-12-19,524.5999755859375,527.21002197265625,520.92999267578125,523.5999755859375,1808100,489.0581970214844
UNH,2022-12-20,526.989990234375,526.989990234375,519.70001220703125,520.21002197265625,2086100,485.8919372558594
UNH,2022-12-21,523.6300048828125,527.8800048828125,518.0999755859375,527.53997802734375,2182000,492.7384033203125
UNH,2022-12-22,526.47998046875,529.010009765625,521.6300048828125,527.09002685546875,1851600,492.318115234375
UNH,2022-12-23,524.0999755859375,531.30999755859375,522.9000244140625,531.30999755859375,1292300,496.25958251953125
UNH,2022-12-27,533.92999267578125,535.84002685546875,529.8499755859375,531.989990234375,1596700,496.894775390625
UNH,2022-12-28,535.07000732421875,538.1500244140625,527.72998046875,528.45001220703125,1694200,493.5884704589844
UNH,2022-12-29,532.53997802734375,533.67999267578125,528.8599853515625,529.8800048828125,1379700,494.9239501953125
UNH,2022-12-30,530,530.5,524.84002685546875,530.17999267578125,1849600,495.2041931152344
UNH,2023-01-03,525.1300048828125,525.6300048828125,512.15997314453125,518.6400146484375,3525600,484.4255676269531
UNH,2023-01-04,518.6400146484375,518.6400146484375,500.6000061035156,504.5,5070400,471.2183532714844
UNH,2023-01-05,501.010009765625,502.0899963378906,488.5,489.9599914550781,5497100,457.6375427246094
UNH,2023-01-06,491.5899963378906,492.8699951171875,487.5400085449219,490,4841300,457.67486572265625
UNH,2023-01-09,492.4100036621094,499.989990234375,488.5400085449219,490.05999755859375,3702800,457.73095703125
UNH,2023-01-10,488.8500061035156,490.4700012207031,482.67999267578125,486,3164000,453.93878173828125
UNH,2023-01-11,485.2900085449219,495.6000061035156,485,493.3999938964844,4274200,460.8505859375
UNH,2023-01-12,490,498.7300109863281,485.2200012207031,495.6700134277344,3726800,462.9708251953125
UNH,2023-01-13,486.1099853515625,509.5,486,489.57000732421875,5390100,457.2732849121094
UNH,2023-01-17,491.20001220703125,492.94000244140625,483.7799987792969,485.0799865722656,4495600,453.0794677734375
UNH,2023-01-18,488.04998779296875,489.5,474.75,476.239990234375,4398200,444.8226318359375
UNH,2023-01-19,477.8699951171875,486.3900146484375,477.3900146484375,484.3599853515625,4549600,452.4068908691406
UNH,2023-01-20,485.5299987792969,486.989990234375,479,486.7200012207031,3525900,454.611328125
UNH,2023-01-23,486.67999267578125,490.1000061035156,481.3900146484375,485.80999755859375,3418700,453.76129150390625
UNH,2023-01-24,500.260009765625,500.260009765625,480,491.6000061035156,3036300,459.1693420410156
UNH,2023-01-25,489.2799987792969,495.3599853515625,485.7300109863281,492.5,3037300,460.00994873046875
UNH,2023-01-26,492.5,496.45001220703125,490.5799865722656,492.4800109863281,3005000,459.9913024902344
UNH,2023-01-27,493.3699951171875,493.3699951171875,484.4700012207031,486.04998779296875,3177100,453.9854431152344
UNH,2023-01-30,487.80999755859375,495.25,484.79998779296875,485.7900085449219,3606900,453.7426452636719
UNH,2023-01-31,498,505.5,493.1300048828125,499.19000244140625,5567000,466.25860595703125
UNH,2023-02-01,499.95001220703125,504.3800048828125,495.6700134277344,497,3451200,464.21307373046875
UNH,2023-02-02,494.260009765625,495,463.8900146484375,470.8299865722656,11169900,439.76953125
UNH,2023-02-03,475.2300109863281,478.7799987792969,469.75,472.0199890136719,5440100,440.8810119628906
UNH,2023-02-06,472,478.9700012207031,471.010009765625,475.239990234375,4174200,443.8885498046875
UNH,2023-02-07,471.0400085449219,478.0799865722656,469.0299987792969,476.8800048828125,3394600,445.42047119140625
UNH,2023-02-08,475.4700012207031,485.0400085449219,475.1099853515625,483.2200012207031,3466400,451.3421936035156
UNH,2023-02-09,485.6300048828125,489.70001220703125,482.3999938964844,485.7300109863281,3664600,453.6866149902344
UNH,2023-02-10,489.1300048828125,495.6600036621094,488.75,494.25,3418100,461.6445007324219
UNH,2023-02-13,494,499.8699951171875,491.760009765625,495.3500061035156,2589000,462.6719665527344
UNH,2023-02-14,494.2900085449219,497.95001220703125,489.0899963378906,492.8299865722656,2072600,460.3181457519531
UNH,2023-02-15,489.6499938964844,491.8299865722656,488.3900146484375,491.25,2242500,458.8424377441406
UNH,2023-02-16,491.1499938964844,494,487.2699890136719,487.3500061035156,2611500,455.19964599609375
UNH,2023-02-17,487.3800048828125,499.4599914550781,487.3500061035156,499.0799865722656,3891500,466.1558532714844
UNH,2023-02-21,496.70001220703125,501.3999938964844,490.5,491.30999755859375,2877300,458.8984375
UNH,2023-02-22,492.80999755859375,493.8900146484375,488.6700134277344,488.8900146484375,2982800,456.63812255859375
UNH,2023-02-23,486.6600036621094,493.3299865722656,485.8699951171875,491.69000244140625,2511800,459.25341796875
UNH,2023-02-24,489.5799865722656,492.510009765625,483.010009765625,484.3299865722656,2940400,452.37890625
UNH,2023-02-27,488.7699890136719,490.94000244140625,481.9599914550781,483.32000732421875,3006200,451.4355773925781
UNH,2023-02-28,482.6700134277344,483.3599853515625,473.9200134277344,475.94000244140625,3902100,444.5424499511719
UNH,2023-03-01,473.6099853515625,478.4100036621094,472,475.2200012207031,2996900,443.8699035644531
UNH,2023-03-02,475.2099914550781,480.42999267578125,473.25,477.70001220703125,2188800,446.18634033203125
UNH,2023-03-03,477.94000244140625,479.1000061035156,474.2200012207031,478.55999755859375,2863300,446.98956298828125
UNH,2023-03-06,481.3699951171875,484.3500061035156,479,480.7799987792969,3812700,449.0631408691406
UNH,2023-03-07,482.9800109863281,483.82000732421875,472.55999755859375,473.8800048828125,2589200,442.61834716796875
UNH,2023-03-08,471.75,475.3900146484375,466.760009765625,470.6000061035156,3036600,439.5546875
UNH,2023-03-09,473.95001220703125,473.95001220703125,463.75,464.9100036621094,2780400,434.2400817871094
UNH,2023-03-10,462.7699890136719,468.8599853515625,457.5899963378906,460.3299865722656,3787500,431.49359130859375
UNH,2023-03-13,458.6499938964844,470.3699951171875,458.6499938964844,463.67999267578125,2971600,434.6337585449219
UNH,2023-03-14,464.6499938964844,469.8399963378906,459.04998779296875,464.5799865722656,3258200,435.4774169921875
UNH,2023-03-15,460.989990234375,468.8800048828125,459.239990234375,465.42999267578125,3770200,436.2741394042969
UNH,2023-03-16,464.7099914550781,473.3900146484375,463.1000061035156,472.0199890136719,2940500,442.4513244628906
UNH,2023-03-17,471.3900146484375,472.010009765625,466.29998779296875,469.5,5290000,440.0892028808594
UNH,2023-03-20,470,479.82000732421875,470,476.9599914550781,3119400,447.0819396972656
UNH,2023-03-21,478.3900146484375,481.45001220703125,475.7200012207031,480.1000061035156,3163300,450.02520751953125
UNH,2023-03-22,481.95001220703125,485.739990234375,474.82000732421875,475.5199890136719,2632200,445.7320861816406
UNH,2023-03-23,477.4100036621094,480.6700134277344,466.6700134277344,469.9100036621094,3284900,440.4735107421875
UNH,2023-03-24,468.9800109863281,476.8800048828125,467.5899963378906,475.989990234375,2533200,446.1725769042969
UNH,2023-03-27,485.54998779296875,486.2900085449219,478.5899963378906,481.8999938964844,2271800,451.7123718261719
UNH,2023-03-28,482,483.7900085449219,470.69000244140625,472.5799865722656,2369500,442.97625732421875
UNH,2023-03-29,475.1099853515625,475.8800048828125,464.95001220703125,466.5899963378906,3733200,437.3614807128906
UNH,2023-03-30,466.57000732421875,470.4100036621094,461.0799865722656,470.05999755859375,3324600,440.614013671875
UNH,2023-03-31,471.5199890136719,476,470.1000061035156,472.5899963378906,3996700,442.9856262207031
UNH,2023-04-03,485.20001220703125,496.1300048828125,483.489990234375,494.19000244140625,4729100,463.2325744628906
UNH,2023-04-04,493.0299987792969,496.1000061035156,491.8399963378906,493.25,2624700,462.3514709472656
UNH,2023-04-05,497.3900146484375,511.739990234375,496.1000061035156,509.2300109863281,4964800,477.3304138183594
UNH,2023-04-06,511,514.239990234375,507.1499938964844,512.80999755859375,3472600,480.6861877441406
UNH,2023-04-10,510.80999755859375,515.3900146484375,508.0899963378906,515.17999267578125,2714500,482.9076232910156
UNH,2023-04-11,516.1400146484375,522.219970703125,515.219970703125,520.969970703125,3065300,488.33489990234375
UNH,2023-04-12,524.97998046875,526.70001220703125,520.03997802734375,521.19000244140625,3422400,488.5411376953125
UNH,2023-04-13,523.90997314453125,530.45001220703125,520.5,526.22998046875,4224400,493.26544189453125
UNH,2023-04-14,522,527.239990234375,508.5,511.7900085449219,4872000,479.73004150390625
UNH,2023-04-17,508.7200012207031,509.5899963378906,502.75,505.3500061035156,3660900,473.69342041015625
UNH,2023-04-18,503.6700134277344,506.989990234375,498.1400146484375,504.4800109863281,3232000,472.8779296875
UNH,2023-04-19,500.6499938964844,501.9700012207031,483.6300048828125,486.20001220703125,5809100,455.7430419921875
UNH,2023-04-20,485.4700012207031,489.6499938964844,483.260009765625,487.4599914550781,3283000,456.9241638183594
UNH,2023-04-21,490.0400085449219,490.7300109863281,482.1400146484375,483.82000732421875,3165300,453.51214599609375
UNH,2023-04-24,483.4100036621094,490.2200012207031,482.6499938964844,488.94000244140625,2322400,458.3114318847656
UNH,2023-04-25,492.67999267578125,498.5,490.5799865722656,491.9200134277344,2937300,461.104736328125
UNH,2023-04-26,485.8699951171875,487.70001220703125,478.3599853515625,482.95001220703125,2930000,452.6966247558594
UNH,2023-04-27,482.20001220703125,490.9800109863281,482.20001220703125,490.4700012207031,2473200,459.74560546875
UNH,2023-04-28,488.69000244140625,493.9599914550781,488.1199951171875,492.0899963378906,2398900,461.2640686035156
UNH,2023-05-01,494.5899963378906,499.3900146484375,491.80999755859375,495.70001220703125,2105600,464.6479797363281
UNH,2023-05-02,495.25,496.7099914550781,489.2699890136719,493.3900146484375,2152300,462.482666015625
UNH,2023-05-03,494.3999938964844,495.45001220703125,488.0299987792969,489.44000244140625,1749700,458.7801208496094
UNH,2023-05-04,487.04998779296875,489.69000244140625,481.95001220703125,487.2799987792969,2555700,456.7554016113281
UNH,2023-05-05,494.05999755859375,500.8500061035156,492.0299987792969,494.2799987792969,2329400,463.31683349609375
UNH,2023-05-08,492.0400085449219,494.3500061035156,488.32000732421875,492.6199951171875,1738500,461.7608642578125
UNH,2023-05-09,492.8399963378906,499.3999938964844,490.29998779296875,490.3800048828125,2038600,459.6612548828125
UNH,2023-05-10,489.3999938964844,493.4700012207031,487.6400146484375,490.07000732421875,2018700,459.37060546875
UNH,2023-05-11,488,490.1199951171875,485.6600036621094,488.760009765625,2384200,458.14263916015625
UNH,2023-05-12,488.760009765625,492.8999938964844,487.75,491.2300109863281,1536500,460.45794677734375
UNH,2023-05-15,491.3999938964844,491.7900085449219,483.70001220703125,486.8599853515625,2169700,456.3617248535156
UNH,2023-05-16,487.6199951171875,489.2099914550781,479.010009765625,479.7200012207031,2178900,449.6689758300781
UNH,2023-05-17,480,485.3999938964844,477.5400085449219,484.80999755859375,2682000,454.4400634765625
UNH,2023-05-18,482.04998779296875,482.54998779296875,473.8900146484375,479.2300109863281,3040100,449.20965576171875
UNH,2023-05-19,479.5799865722656,484.79998779296875,477.80999755859375,478.82000732421875,2317900,448.8253479003906
UNH,2023-05-22,480.44000244140625,482.20001220703125,477.9100036621094,480.6199951171875,2242800,450.5126037597656
UNH,2023-05-23,476.17999267578125,483.3900146484375,472.5400085449219,479.44000244140625,2874200,449.4065246582031
UNH,2023-05-24,480.6099853515625,483.2799987792969,478.8900146484375,480.8299865722656,1904700,450.70947265625
UNH,2023-05-25,477.6300048828125,481.7699890136719,474.29998779296875,477.70001220703125,2684100,447.7755432128906
UNH,2023-05-26,478.05999755859375,488.3900146484375,478,481.5199890136719,3135200,451.3562316894531
UNH,2023-05-30,476.67999267578125,485.8699951171875,476.0299987792969,479.8500061035156,3180800,449.7908630371094
UNH,2023-05-31,478.1199951171875,487.3999938964844,477.1099853515625,487.239990234375,4944100,456.7178649902344
UNH,2023-06-01,487.7900085449219,498.7799987792969,486.1099853515625,493.6300048828125,3376600,462.7076110839844
UNH,2023-06-02,492,501.0199890136719,490.3599853515625,499.5799865722656,3064500,468.2848815917969
UNH,2023-06-05,500.70001220703125,502.8999938964844,497.4200134277344,498.19000244140625,2688800,466.9819641113281
UNH,2023-06-06,499.8999938964844,499.8999938964844,483.6700134277344,487.57000732421875,3816600,457.0272216796875
UNH,2023-06-07,489.95001220703125,490.44000244140625,481.6000061035156,482.1300048828125,4381700,451.9280090332031
UNH,2023-06-08,484.3900146484375,491.82000732421875,482.42999267578125,490.2300109863281,2725900,459.5206298828125
UNH,2023-06-09,489.989990234375,498.2200012207031,487.2300109863281,493.6199951171875,3174100,462.6982116699219
UNH,2023-06-12,492.29998779296875,494.45001220703125,488.7200012207031,492.5899963378906,2207700,461.7327575683594
UNH,2023-06-13,490.8699951171875,494.6600036621094,488.6600036621094,491.30999755859375,3016600,460.5329284667969
UNH,2023-06-14,454.6400146484375,460.6300048828125,445.67999267578125,459.8599853515625,14672400,431.0530700683594
UNH,2023-06-15,461.989990234375,472,460.9100036621094,465.8900146484375,6798100,438.49798583984375
UNH,2023-06-16,466.1400146484375,468.5199890136719,457.92999267578125,458.489990234375,7699100,431.5331115722656
UNH,2023-06-20,456.75,470.489990234375,456.75,469.3900146484375,4597700,441.79217529296875
UNH,2023-06-21,468.95001220703125,479.3699951171875,467.19000244140625,476.75,4886500,448.719482421875
UNH,2023-06-22,478.17999267578125,483.17999267578125,478,479.04998779296875,3179000,450.8842468261719
UNH,2023-06-23,478.3299865722656,482.2799987792969,476.54998779296875,477,4862600,448.9547119140625
UNH,2023-06-26,478.1400146484375,481.30999755859375,473,479.05999755859375,2968300,450.8936767578125
UNH,2023-06-27,478.1300048828125,483.17999267578125,477.7699890136719,482.55999755859375,3693200,454.1878967285156
UNH,2023-06-28,481.9599914550781,482.1199951171875,473.9800109863281,474.45001220703125,3670100,446.5547180175781
UNH,2023-06-29,475.0799865722656,479.7099914550781,473.0799865722656,476.44000244140625,2979300,448.4277038574219
UNH,2023-06-30,478,482.1000061035156,475.1199951171875,480.6400146484375,3970400,452.38079833984375
UNH,2023-07-03,478.1000061035156,480.2099914550781,476.29998779296875,477.8800048828125,1915700,449.7830810546875
UNH,2023-07-05,476.0299987792969,477.2900085449219,470.5899963378906,471.2200012207031,5053100,443.5146179199219
UNH,2023-07-06,469.3500061035156,472.3999938964844,466.6499938964844,469.3599853515625,3913600,441.76397705078125
UNH,2023-07-07,465,468.6099853515625,460.82000732421875,461.5799865722656,4131600,434.4413757324219
UNH,2023-07-10,460,463.1000061035156,459.1600036621094,463.04998779296875,4339200,435.8249816894531
UNH,2023-07-11,462.3699951171875,466.489990234375,461.1400146484375,462.8900146484375,3086800,435.6743469238281
UNH,2023-07-12,463,464.82000732421875,451.25,451.70001220703125,7287600,425.14227294921875
UNH,2023-07-13,452,454.8999938964844,447.17999267578125,447.75,7276800,421.424560546875
UNH,2023-07-14,462.54998779296875,485,460.1099853515625,480.1700134277344,11379300,451.93841552734375
UNH,2023-07-17,481.1099853515625,484.6000061035156,478.29998779296875,484.0799865722656,4582000,455.61846923828125
UNH,2023-07-18,489.3299865722656,504.4200134277344,487.5,500,8816400,470.6025085449219
UNH,2023-07-19,507.5400085449219,514.65997314453125,502.4800109863281,503.70001220703125,4956500,474.08502197265625
UNH,2023-07-20,506.6600036621094,508.67999267578125,500.5299987792969,504.239990234375,2963100,474.59320068359375
UNH,2023-07-21,505.04998779296875,510.4100036621094,504.5199890136719,506.5299987792969,2887300,476.74859619140625
UNH,2023-07-24,505.3299865722656,509.7799987792969,504.57000732421875,508.67999267578125,2279000,478.7721862792969
UNH,2023-07-25,510,512.5,507.2799987792969,510.92999267578125,2730600,480.8898620605469
UNH,2023-07-26,511.5400085449219,515.8599853515625,506.6300048828125,508,3697200,478.13214111328125
UNH,2023-07-27,508.57000732421875,510.5,503.1300048828125,505.2300109863281,3028300,475.5250244140625
UNH,2023-07-28,505.2099914550781,507.4800109863281,497.2799987792969,502.9100036621094,2930000,473.34136962890625
UNH,2023-07-31,503,507.8800048828125,499.05999755859375,506.3699951171875,2441600,476.59796142578125
UNH,2023-08-01,507.5,510.0400085449219,502.489990234375,504.739990234375,2161200,475.0638122558594
UNH,2023-08-02,509.69000244140625,510.4700012207031,502.989990234375,504.79998779296875,3220500,475.1202697753906
UNH,2023-08-03,502.8900146484375,506,501.0400085449219,504.8599853515625,2442900,475.1767578125
UNH,2023-08-04,510,510.8999938964844,501.75,502.7300109863281,2411200,473.1720275878906
UNH,2023-08-07,505.739990234375,513.5999755859375,504.6499938964844,510.739990234375,2430900,480.71099853515625
UNH,2023-08-08,503,508.1700134277344,500.0199890136719,505.8599853515625,2422600,476.11798095703125
UNH,2023-08-09,504,505.7300109863281,500.8800048828125,502.1099853515625,1916900,472.5884704589844
UNH,2023-08-10,504.4700012207031,512.03997802734375,502.7799987792969,503.4800109863281,2179700,473.8779296875
UNH,2023-08-11,505.6300048828125,510.6700134277344,504.25,508.010009765625,2029600,478.14154052734375
UNH,2023-08-14,509.1499938964844,513.5,508.25,510.92999267578125,2127200,480.8898620605469
UNH,2023-08-15,511.5799865722656,513.6500244140625,506.2699890136719,506.69000244140625,1817500,476.8992004394531
UNH,2023-08-16,508,510.5,502.8299865722656,503.55999755859375,1454100,473.95318603515625
UNH,2023-08-17,495.4800109863281,501.2300109863281,491.82000732421875,493.9599914550781,3009500,464.9176330566406
UNH,2023-08-18,494.7799987792969,500.94000244140625,493.5,498.44000244140625,2364400,469.1341857910156
UNH,2023-08-21,497.510009765625,500.25,496.2200012207031,497.67999267578125,1533500,468.4189453125
UNH,2023-08-22,495.4200134277344,496.7900085449219,491.3299865722656,492.3399963378906,2079400,463.39288330078125
UNH,2023-08-23,493,494,487.92999267578125,489.44000244140625,2011400,460.66339111328125
UNH,2023-08-24,491.42999267578125,495.4200134277344,487.2099914550781,488.1000061035156,2311100,459.40216064453125
UNH,2023-08-25,489.9200134277344,491.1499938964844,484.6499938964844,489.1199951171875,1923500,460.3621826171875
UNH,2023-08-28,490.489990234375,493.05999755859375,489.1300048828125,491.2799987792969,1344500,462.39520263671875
UNH,2023-08-29,491.4700012207031,492.94000244140625,487.9700012207031,492.8299865722656,2113700,463.8540344238281
UNH,2023-08-30,493.989990234375,496.7099914550781,490.2900085449219,491.5299987792969,2283400,462.6304626464844
UNH,2023-08-31,492.3599853515625,493.82000732421875,476.2900085449219,476.5799865722656,4927700,448.5594482421875
UNH,2023-09-01,479,480.6499938964844,473.3599853515625,476.239990234375,3165900,448.239501953125
UNH,2023-09-05,478,484.6000061035156,477.5400085449219,480.80999755859375,3443300,452.540771484375
UNH,2023-09-06,482.0899963378906,483.1600036621094,476.3800048828125,476.94000244140625,2596100,448.8983154296875
UNH,2023-09-07,479.8999938964844,487.1099853515625,478.6000061035156,484.80999755859375,2928000,456.3055114746094
UNH,2023-09-08,480.19000244140625,482.9700012207031,478.75,480.7699890136719,1858400,454.26470947265625
UNH,2023-09-11,481.9800109863281,483.8399963378906,478,479.3800048828125,2059200,452.9513244628906
UNH,2023-09-12,477.3800048828125,483.6400146484375,472.1199951171875,479.8999938964844,2195200,453.4426574707031
UNH,2023-09-13,481.42999267578125,484.0400085449219,479.4599914550781,479.8399963378906,2197800,453.385986328125
UNH,2023-09-14,482.6300048828125,485.2699890136719,478.7799987792969,483.6000061035156,2334300,456.9386901855469
UNH,2023-09-15,485.739990234375,489.82000732421875,484.1400146484375,486.70001220703125,5334300,459.8677978515625
UNH,2023-09-18,488.4100036621094,488.739990234375,483.6000061035156,486.05999755859375,1997500,459.2630615234375
UNH,2023-09-19,483.760009765625,485.7300109863281,476.5400085449219,480.6600036621094,3230700,454.1607360839844
UNH,2023-09-20,482.75,495.1099853515625,479.1400146484375,492.1300048828125,3724800,464.9984130859375
UNH,2023-09-21,494.19000244140625,505.1400146484375,493.0799865722656,501.1400146484375,4703900,473.5116882324219
UNH,2023-09-22,499,509.42999267578125,498.0299987792969,506.1000061035156,4558500,478.1982421875
UNH,2023-09-25,508.260009765625,510.94000244140625,506.6300048828125,510.2799987792969,2758500,482.1478271484375
UNH,2023-09-26,508.94000244140625,509.4200134277344,504.3800048828125,505.45001220703125,2420200,477.5840759277344
UNH,2023-09-27,506.2300109863281,506.3599853515625,501.04998779296875,503.7300109863281,2593700,475.9588623046875
UNH,2023-09-28,505.9700012207031,514.1500244140625,505.010009765625,510.1000061035156,2922000,481.97772216796875
UNH,2023-09-29,509.8500061035156,509.8800048828125,503.79998779296875,504.19000244140625,3006200,476.39349365234375
UNH,2023-10-02,505.5299987792969,514.84002685546875,503.1400146484375,514.57000732421875,3550400,486.2012634277344
UNH,2023-10-03,513.29998779296875,513.97998046875,508.3599853515625,509.4700012207031,3143200,481.3824768066406
UNH,2023-10-04,509.489990234375,511.82000732421875,506.6099853515625,510.6199951171875,2801700,482.468994140625
UNH,2023-10-05,511.6199951171875,518.21002197265625,511.2300109863281,516.22998046875,2790700,487.7696838378906
UNH,2023-10-06,516.45001220703125,525.95001220703125,515.97998046875,524.80999755859375,3647200,495.876708984375
UNH,2023-10-09,521.1500244140625,526.8699951171875,520.25,526.510009765625,2341600,497.4830322265625
UNH,2023-10-10,526.5,528.1400146484375,523.08001708984375,524.239990234375,2455700,495.338134765625
UNH,2023-10-11,520.91998291015625,525.59002685546875,520.22998046875,524.1300048828125,2819300,495.2342224121094
UNH,2023-10-12,524.469970703125,528.58001708984375,522.25,525.53997802734375,2377300,496.5664978027344
UNH,2023-10-13,533.25,544.46002197265625,532,539.4000244140625,5245400,509.66241455078125
UNH,2023-10-16,543.17999267578125,546.780029296875,536.1199951171875,538.030029296875,3827600,508.36798095703125
UNH,2023-10-17,539.94000244140625,542.42999267578125,534.57000732421875,536.6500244140625,2586000,507.06396484375
UNH,2023-10-18,543.03997802734375,543.97998046875,535.4000244140625,536.05999755859375,2551400,506.5064697265625
UNH,2023-10-19,536.82000732421875,538.34002685546875,529.25,531.6300048828125,2351200,502.3207702636719
UNH,2023-10-20,531,534.42999267578125,526.77001953125,527.030029296875,2811100,497.9743347167969
UNH,2023-10-23,527.030029296875,527.780029296875,520.28997802734375,521.57000732421875,2357700,492.8152770996094
UNH,2023-10-24,522.8599853515625,530.66998291015625,522.07000732421875,525,1978200,496.05621337890625
UNH,2023-10-25,527.27001953125,532.3599853515625,520.08001708984375,530.21002197265625,2380100,500.9789733886719
UNH,2023-10-26,525.70001220703125,530.469970703125,522.52001953125,528.3599853515625,2675800,499.23101806640625
UNH,2023-10-27,525.989990234375,527.739990234375,521.260009765625,524.65997314453125,2585600,495.7350158691406
UNH,2023-10-30,525,531.82000732421875,522.94000244140625,529.989990234375,2555400,500.7711181640625
UNH,2023-10-31,535,536.67999267578125,531.6199951171875,535.55999755859375,2464200,506.0341491699219
UNH,2023-11-01,529.97998046875,535.83001708984375,526.79998779296875,531.5999755859375,2747400,502.29229736328125
UNH,2023-11-02,532,536.84002685546875,526.95001220703125,536.1300048828125,2350900,506.5726318359375
UNH,2023-11-03,534.57000732421875,535.97998046875,528.79998779296875,530.9000244140625,2739500,501.6309509277344
UNH,2023-11-06,531.6300048828125,536.02001953125,530.04998779296875,533.46002197265625,2684900,504.0499572753906
UNH,2023-11-07,535.3599853515625,539.6500244140625,531.52001953125,537.83001708984375,2604800,508.17889404296875
UNH,2023-11-08,540,541.4000244140625,534.1400146484375,536.72998046875,1769200,507.1394348144531
UNH,2023-11-09,537.5999755859375,540.90997314453125,534.47998046875,539,1819600,509.2844543457031
UNH,2023-11-10,542.67999267578125,542.67999267578125,536.02001953125,541.21002197265625,2480800,511.3725891113281
UNH,2023-11-13,541.1500244140625,544.1500244140625,537.90997314453125,542.57000732421875,1507900,512.6575927734375
UNH,2023-11-14,539.030029296875,542.66998291015625,536.510009765625,540.46002197265625,2454000,510.6639099121094
UNH,2023-11-15,540.04998779296875,540.46002197265625,531.70001220703125,538.40997314453125,2473700,508.7269287109375
UNH,2023-11-16,538.40997314453125,544.8599853515625,537.469970703125,539.82000732421875,2360300,510.0592041015625
UNH,2023-11-17,540.27001953125,540.52001953125,528.34002685546875,536.28997802734375,2676900,506.72381591796875
UNH,2023-11-20,533.6099853515625,536.34002685546875,531.79998779296875,535.0999755859375,2518400,505.59930419921875
UNH,2023-11-21,537.77001953125,541.66998291015625,534.19000244140625,539.59002685546875,2115700,509.84185791015625
UNH,2023-11-22,542.969970703125,544.4000244140625,540.260009765625,543.760009765625,2234500,513.78192138671875
UNH,2023-11-24,544.92999267578125,547.59002685546875,542.80999755859375,547.0999755859375,1135000,516.93780517578125
UNH,2023-11-27,547.0999755859375,550.8900146484375,541.530029296875,543.59002685546875,2675800,513.62152099609375
UNH,2023-11-28,545.6300048828125,545.82000732421875,540.07000732421875,540.530029296875,2859300,510.7301025390625
UNH,2023-11-29,530,541.8599853515625,528.6500244140625,534.97998046875,4550000,505.48602294921875
UNH,2023-11-30,535.78997802734375,553.94000244140625,534.010009765625,552.969970703125,7121200,522.48419189453125
UNH,2023-12-01,550.41998291015625,554.70001220703125,545.15997314453125,547.15997314453125,3462200,518.75811767578125
UNH,2023-12-04,548.260009765625,551.8699951171875,543.03997802734375,548.280029296875,2709200,519.82012939453125
UNH,2023-12-05,549.0999755859375,552.530029296875,545.3499755859375,550.260009765625,2645600,521.6973876953125
UNH,2023-12-06,547.55999755859375,551.8800048828125,547.0999755859375,549.530029296875,2239700,521.0052490234375
UNH,2023-12-07,551.3499755859375,551.510009765625,544.52001953125,548.27001953125,2511700,519.81060791015625
UNH,2023-12-08,550.219970703125,551.72998046875,544.53997802734375,549.77001953125,2039900,521.23272705078125
UNH,2023-12-11,549.760009765625,550,539.05999755859375,543.67999267578125,3655300,515.45880126953125
UNH,2023-12-12,545.79998779296875,547.489990234375,542.6500244140625,545.719970703125,2706100,517.3929443359375
UNH,2023-12-13,544,549.41998291015625,538.59002685546875,549.010009765625,2876600,520.51226806640625
UNH,2023-12-14,544.29998779296875,544.91998291015625,529.4000244140625,534.239990234375,5386800,506.50885009765625
UNH,2023-12-15,530,533.5,522.96002197265625,531.1199951171875,9030100,503.5509033203125
UNH,2023-12-18,529.1099853515625,531.469970703125,525.22998046875,526.54998779296875,3260300,499.2181091308594
UNH,2023-12-19,524.59002685546875,527.6199951171875,521.780029296875,524.03997802734375,3645600,496.8382873535156
UNH,2023-12-20,523.8499755859375,524.83001708984375,515.8699951171875,515.92999267578125,3847800,489.1493225097656
UNH,2023-12-21,518.8800048828125,520.82000732421875,516.5,519.8800048828125,2491600,492.8943176269531
UNH,2023-12-22,519.8800048828125,523.010009765625,518.02001953125,520.30999755859375,1759500,493.3018798828125
UNH,2023-12-26,519.8800048828125,521.47998046875,517.969970703125,520.030029296875,1390800,493.03656005859375
UNH,2023-12-27,519.75,523.15997314453125,519.3599853515625,522.78997802734375,1851800,495.65313720703125
UNH,2023-12-28,523.469970703125,527.8699951171875,522.94000244140625,524.9000244140625,2001000,497.6537170410156
UNH,2023-12-29,525.97998046875,528.239990234375,523.91998291015625,526.469970703125,2080100,499.14215087890625
UNH,2024-01-02,526.84002685546875,539.65997314453125,526.66998291015625,539.34002685546875,3415700,511.3441467285156
UNH,2024-01-03,543.03997802734375,546.78997802734375,539.47998046875,542.030029296875,2891400,513.8946533203125
UNH,2024-01-04,545,549,543,545.41998291015625,2994400,517.10858154296875
UNH,2024-01-05,547,547,533.72998046875,537.3800048828125,2815400,509.4859313964844
UNH,2024-01-08,539.4000244140625,540.25,528,536.52001953125,2648900,508.67059326171875
UNH,2024-01-09,538,539.6099853515625,532.33001708984375,538.3699951171875,2677000,510.42449951171875
UNH,2024-01-10,538.0999755859375,541.20001220703125,536.1500244140625,537.6400146484375,2180000,509.732421875
UNH,2024-01-11,536.1300048828125,540.15997314453125,534.530029296875,539.67999267578125,2814100,511.66656494140625
UNH,2024-01-12,518.8599853515625,528.47998046875,513.1300048828125,521.510009765625,6327300,494.4396057128906
UNH,2024-01-16,523.71002197265625,524.5,516.54998779296875,519.1500244140625,3736700,492.20220947265625
UNH,2024-01-17,521.280029296875,530.65997314453125,520,524.94000244140625,3791300,497.69158935546875
UNH,2024-01-18,505.2300109863281,516.84002685546875,497.4599914550781,516.34002685546875,7367000,489.5380554199219
UNH,2024-01-19,515,517.54998779296875,501.82000732421875,503.55999755859375,6143400,477.42144775390625
UNH,2024-01-22,503.94000244140625,513.57000732421875,496.5,512.989990234375,5922900,486.3619079589844
UNH,2024-01-23,512.5,518.08001708984375,512.08001708984375,515.52001953125,2672900,488.7606506347656
UNH,2024-01-24,517.9000244140625,521.72998046875,512.95001220703125,513.22998046875,2918800,486.5894775390625
UNH,2024-01-25,487.5899963378906,495.510009765625,479,493.3999938964844,14671000,467.788818359375
UNH,2024-01-26,493.2799987792969,503.69000244140625,489.8999938964844,503.20001220703125,6212200,477.0801086425781
UNH,2024-01-29,503.1099853515625,506.510009765625,501.1499938964844,504.5400085449219,4554100,478.35052490234375
UNH,2024-01-30,504.5400085449219,506.04998779296875,499.2200012207031,503.6099853515625,4931200,477.4687805175781
UNH,2024-01-31,504.510009765625,515,504.510009765625,511.739990234375,5358100,485.1768493652344
UNH,2024-02-01,508.8299865722656,510.2200012207031,503,507.1400146484375,4242600,480.8155517578125
UNH,2024-02-02,508.25,512.90997314453125,505.3900146484375,510.2300109863281,3804500,483.7452087402344
UNH,2024-02-05,509.9599914550781,514.20001220703125,500.04998779296875,502.9599914550781,3646300,476.8525695800781
UNH,2024-02-06,503.94000244140625,510.94000244140625,502.45001220703125,510.6700134277344,2745400,484.16241455078125
UNH,2024-02-07,514.010009765625,521,512.69000244140625,519.3900146484375,4109100,492.42974853515625
UNH,2024-02-08,520.6300048828125,522.15997314453125,517.280029296875,520.09002685546875,3343000,493.09344482421875
UNH,2024-02-09,518.989990234375,520.3900146484375,516.28997802734375,518.219970703125,2715400,491.3204345703125
UNH,2024-02-12,518.219970703125,518.989990234375,512.80999755859375,517.6400146484375,3194000,490.77056884765625
UNH,2024-02-13,522,526.92999267578125,514.21002197265625,516.8499755859375,3436000,490.0215148925781
UNH,2024-02-14,515.260009765625,518.530029296875,514.28997802734375,516.94000244140625,1918500,490.10687255859375
UNH,2024-02-15,517.34002685546875,521.75,515.79998779296875,520.8800048828125,2292100,493.8424377441406
UNH,2024-02-16,522.29998779296875,523.78997802734375,518.8900146484375,521.54998779296875,2135500,494.4776306152344
UNH,2024-02-20,524.21002197265625,525.3699951171875,519.40997314453125,521.05999755859375,2600200,494.0129699707031
UNH,2024-02-21,523.66998291015625,523.69000244140625,517.53997802734375,521.969970703125,2095900,494.8757019042969
UNH,2024-02-22,524.20001220703125,526.739990234375,518.59002685546875,526.5,3186800,499.170654296875
UNH,2024-02-23,526.75,530.5,524.15997314453125,527.239990234375,2502000,499.8722229003906
UNH,2024-02-26,528.32000732421875,532.80999755859375,524.30999755859375,525.32000732421875,2308900,498.0519104003906
UNH,2024-02-27,524.760009765625,525.59002685546875,512.04998779296875,513.41998291015625,3780600,486.7695617675781
UNH,2024-02-28,495.44000244140625,498.54998779296875,484.3900146484375,498.2799987792969,9558600,472.41552734375
UNH,2024-02-29,498.5,501.75,491.6000061035156,493.6000061035156,6833200,467.9784240722656
UNH,2024-03-01,489.4200134277344,490.0199890136719,477.25,489.5299987792969,7315000,464.11962890625
UNH,2024-03-04,483.239990234375,487.0400085449219,480.1000061035156,481.8699951171875,5239800,456.8572692871094
UNH,2024-03-05,482.3900146484375,482.8999938964844,470.6199951171875,473.1499938964844,5296200,448.58990478515625
UNH,2024-03-06,474.44000244140625,479.79998779296875,468.19000244140625,472.6000061035156,5577500,448.0684814453125
UNH,2024-03-07,474,481.19000244140625,473.6000061035156,478.7799987792969,5102000,453.9277038574219
UNH,2024-03-08,478.3299865722656,484.25,474.7699890136719,476.57000732421875,4673600,453.6135559082031
UNH,2024-03-11,477,490.30999755859375,476,489.1499938964844,4410100,465.58758544921875
UNH,2024-03-12,488.1300048828125,492.2799987792969,487.3500061035156,489.3500061035156,4153800,465.7779846191406
UNH,2024-03-13,493.5199890136719,496,485.3299865722656,488,3669000,464.4930114746094
UNH,2024-03-14,488.7200012207031,489.67999267578125,485.19000244140625,489,3378500,465.44482421875
UNH,2024-03-15,487.45001220703125,491.2200012207031,487.45001220703125,490.82000732421875,5713500,467.1771545410156
UNH,2024-03-18,492.1000061035156,492.1000061035156,486.3800048828125,487.04998779296875,2970500,463.5887145996094
UNH,2024-03-19,489.6700134277344,493.44000244140625,487.7900085449219,493.32000732421875,2511700,469.5567626953125
UNH,2024-03-20,492.4700012207031,494.6000061035156,489.44000244140625,494.2300109863281,3548200,470.4229736328125
UNH,2024-03-21,492.2799987792969,496.20001220703125,491.2799987792969,491.69000244140625,3693400,468.0052795410156
UNH,2024-03-22,495.20001220703125,495.8299865722656,489.7699890136719,490.07000732421875,2847300,466.4632568359375
UNH,2024-03-25,490.6000061035156,491.4800109863281,484.07000732421875,485.8800048828125,2786100,462.4751281738281
UNH,2024-03-26,488.1300048828125,493.3399963378906,485.2300109863281,492.30999755859375,3113300,468.5953674316406
UNH,2024-03-27,493.70001220703125,495.7300109863281,491.30999755859375,493.1000061035156,2653100,469.34735107421875
UNH,2024-03-28,495,495.8699951171875,489.29998779296875,494.70001220703125,3820000,470.8702697753906
UNH,2024-04-01,494.4700012207031,495.7799987792969,488.70001220703125,489.70001220703125,2928700,466.11114501953125
UNH,2024-04-02,459.6000061035156,463.67999267578125,449.6000061035156,458.1400146484375,11867000,436.07135009765625
UNH,2024-04-03,462,462.8500061035156,455.54998779296875,459.739990234375,4460400,437.5942077636719
UNH,2024-04-04,460.82000732421875,461.7200012207031,451.9200134277344,455.3800048828125,5182000,433.44427490234375
UNH,2024-04-05,450.69000244140625,457.75,450.010009765625,455.739990234375,5747400,433.7869567871094
UNH,2024-04-08,455.9700012207031,457.20001220703125,453.5899963378906,456,4532300,434.034423828125
UNH,2024-04-09,454.2799987792969,459.760009765625,452.4599914550781,459.7200012207031,3521200,437.57525634765625
UNH,2024-04-10,455.489990234375,458.739990234375,449.7799987792969,450.04998779296875,4493500,428.37103271484375
UNH,2024-04-11,450.3900146484375,450.7699890136719,441.4800109863281,441.7200012207031,5844100,420.44232177734375
UNH,2024-04-12,440.3399963378906,442.239990234375,436.3800048828125,439.20001220703125,6045700,418.04376220703125
UNH,2024-04-15,442,448.3500061035156,441.989990234375,445.6300048828125,5376800,424.1639709472656
UNH,2024-04-16,476.7699890136719,479.75,465.6000061035156,468.8900146484375,11816500,446.3034973144531
UNH,2024-04-17,478.6000061035156,488,474.5899963378906,478.989990234375,8759800,455.9169921875
UNH,2024-04-18,486.1300048828125,502,485.9700012207031,493.17999267578125,8880400,469.4234619140625
UNH,2024-04-19,497,507.29998779296875,495.55999755859375,501.1300048828125,6618600,476.99053955078125
UNH,2024-04-22,497.7799987792969,499.4200134277344,490.6400146484375,491.2300109863281,4697700,467.56744384765625
UNH,2024-04-23,491,494.30999755859375,484.9700012207031,486.17999267578125,3646700,462.7607116699219
UNH,2024-04-24,483.7799987792969,488.8599853515625,480.7099914550781,487.29998779296875,3724400,463.82666015625
UNH,2024-04-25,488.9599914550781,497.1300048828125,487.5299987792969,493.8599853515625,4329700,470.0707092285156
UNH,2024-04-26,492,497.2300109863281,491.3999938964844,495.3500061035156,2727000,471.4889831542969
UNH,2024-04-29,495.7099914550781,497.3500061035156,487.7699890136719,489.0299987792969,2192100,465.4733581542969
UNH,2024-04-30,488.9599914550781,489.7099914550781,482.5899963378906,483.70001220703125,3367500,460.4001159667969
UNH,2024-05-01,479.260009765625,489.19000244140625,477.07000732421875,484.1099853515625,2729200,460.79034423828125
UNH,2024-05-02,484.2799987792969,493.69000244140625,483.94000244140625,492.9700012207031,3561400,469.22357177734375
UNH,2024-05-03,490.8599853515625,492.7900085449219,485.7799987792969,492.45001220703125,2487600,468.7286682128906
UNH,2024-05-06,492.4800109863281,494.8699951171875,492,494.3800048828125,2029500,470.5656433105469
UNH,2024-05-07,496,501.6499938964844,495.0400085449219,500.9599914550781,3752100,476.82867431640625
UNH,2024-05-08,504.1700134277344,507,500.0799865722656,503.2099914550781,3078900,478.9703063964844
UNH,2024-05-09,502.1400146484375,507.9700012207031,502.1400146484375,507.0299987792969,2342900,482.6062927246094
UNH,2024-05-10,509,513.58001708984375,507,512.80999755859375,2784600,488.10784912109375
UNH,2024-05-13,512.04998779296875,514.66998291015625,507.30999755859375,511.739990234375,2454500,487.0894775390625
UNH,2024-05-14,514.58001708984375,516.16998291015625,507.29998779296875,513.8800048828125,2949700,489.1263732910156
UNH,2024-05-15,514.83001708984375,522.59002685546875,514.83001708984375,517.54998779296875,2981200,492.6195068359375
UNH,2024-05-16,520,528.15997314453125,519.510009765625,521.27001953125,3655800,496.1603698730469
UNH,2024-05-17,522.94000244140625,525.8499755859375,520.010009765625,524.6300048828125,2657200,499.35858154296875
UNH,2024-05-20,524.6300048828125,524.6300048828125,516.53997802734375,517.22998046875,2476200,492.3149719238281
UNH,2024-05-21,518.32000732421875,524.719970703125,515.91998291015625,523.54998779296875,2521900,498.33050537109375
UNH,2024-05-22,522.82000732421875,526.280029296875,520.6500244140625,521.3499755859375,2299100,496.2364807128906
UNH,2024-05-23,518.32000732421875,520.22998046875,515.22998046875,516.83001708984375,3055400,491.93426513671875
UNH,2024-05-24,516.1099853515625,517.1400146484375,507.5199890136719,508.1700134277344,2527800,483.69140625
UNH,2024-05-28,506.6499938964844,506.6499938964844,501.8999938964844,503.67999267578125,2912800,479.4176940917969
UNH,2024-05-29,492.3399963378906,493.8999938964844,473.2699890136719,484.7200012207031,7521600,461.3709716796875
UNH,2024-05-30,482.32000732421875,486.0299987792969,478,481.6499938964844,5169700,458.4488830566406
UNH,2024-05-31,482.4100036621094,498.4100036621094,482.4100036621094,495.3699951171875,6694800,471.5079650878906
UNH,2024-06-03,494.1300048828125,498.67999267578125,493.07000732421875,497.44000244140625,2795100,473.4783020019531
UNH,2024-06-04,498.55999755859375,508.2699890136719,494.5899963378906,505.489990234375,3178400,481.1404724121094
UNH,2024-06-05,508.70001220703125,509.1000061035156,498.79998779296875,503.1199951171875,2464400,478.8846740722656
UNH,2024-06-06,503.6499938964844,504.70001220703125,497.2799987792969,501.9200134277344,2419600,477.7424621582031
UNH,2024-06-07,502.0400085449219,502.8599853515625,490.4200134277344,490.69000244140625,3416300,467.0533752441406
UNH,2024-06-10,491,495.3900146484375,486.19000244140625,495,3332800,471.15582275390625
UNH,2024-06-11,490.8599853515625,497.7799987792969,490.2900085449219,496.2200012207031,4599700,472.3170471191406
UNH,2024-06-12,500,500,487.4200134277344,493.07000732421875,4048200,469.31878662109375
UNH,2024-06-13,490.2799987792969,502,484.3800048828125,497.29998779296875,4951700,473.344970703125
UNH,2024-06-14,496.8299865722656,497.8500061035156,491.7300109863281,497.1199951171875,3188400,473.1736755371094
UNH,2024-06-17,491.3299865722656,493.1199951171875,488.70001220703125,489.2300109863281,2407200,467.63922119140625
UNH,2024-06-18,490.7099914550781,491.6600036621094,479.0400085449219,481.04998779296875,3692700,459.8201904296875
UNH,2024-06-20,480.0400085449219,485.9200134277344,478.1099853515625,484.5199890136719,5258100,463.1371154785156
UNH,2024-06-21,484.44000244140625,488.29998779296875,480.5899963378906,482.5899963378906,6368600,461.292236328125
UNH,2024-06-24,488.8599853515625,490.8900146484375,484.5,489.9800109863281,5139800,468.3561096191406
UNH,2024-06-25,490.6400146484375,490.6400146484375,480.6000061035156,484.5,2916100,463.117919921875
UNH,2024-06-26,484.5,487.44000244140625,481.4700012207031,484.0400085449219,3153100,462.67828369140625
UNH,2024-06-27,485.04998779296875,488.9800109863281,482.04998779296875,486.44000244140625,2991900,464.9723815917969
UNH,2024-06-28,496.3699951171875,509.3999938964844,489.4100036621094,509.260009765625,22734200,486.7852478027344
UNH,2024-07-01,506.75,508.9100036621094,492.8900146484375,494.6499938964844,4523100,472.8200378417969
UNH,2024-07-02,494.260009765625,498.4700012207031,493.3900146484375,498.239990234375,3312000,476.2516174316406
UNH,2024-07-03,497.1199951171875,498.0799865722656,486.5199890136719,489.8900146484375,2239200,468.2701110839844
UNH,2024-07-05,489,489.6700134277344,484.5,488.010009765625,3499000,466.47308349609375
UNH,2024-07-08,489.19000244140625,493.8800048828125,486.1700134277344,489.3399963378906,3450600,467.7443542480469
UNH,2024-07-09,488.3299865722656,495.3999938964844,486.0899963378906,492.1099853515625,3056800,470.39208984375
UNH,2024-07-10,490.94000244140625,501.5,490.1199951171875,500.92999267578125,3189800,478.8228759765625
UNH,2024-07-11,497.70001220703125,508.7300109863281,497.70001220703125,504.3599853515625,3535100,482.1015319824219
UNH,2024-07-12,506.9200134277344,514.57000732421875,503.42999267578125,511.5299987792969,3570600,488.9551086425781
UNH,2024-07-15,524.239990234375,530.83001708984375,513.79998779296875,515.3699951171875,5128000,492.6256103515625
UNH,2024-07-16,533.9000244140625,549.91998291015625,527.1300048828125,548.8699951171875,11062000,524.647216796875
UNH,2024-07-17,554,573.6099853515625,551.29998779296875,573.280029296875,10330800,547.97991943359375
UNH,2024-07-18,564.5,581.5,561.41998291015625,564.34002685546875,6834800,539.4344482421875
UNH,2024-07-19,567.1199951171875,569.9000244140625,561.53997802734375,565.33001708984375,4290400,540.38079833984375
UNH,2024-07-22,563.04998779296875,564.25,557.08001708984375,558.530029296875,3377300,533.88092041015625
UNH,2024-07-23,558.78997802734375,558.84002685546875,552.80999755859375,554.70001220703125,2785600,530.2198486328125
UNH,2024-07-24,560,561.1300048828125,553.02001953125,559.75,3156200,535.04705810546875
UNH,2024-07-25,562,569.8900146484375,558.58001708984375,559.67999267578125,3102900,534.98016357421875
UNH,2024-07-26,560,579.1300048828125,560,569.719970703125,3201900,544.57708740234375
UNH,2024-07-29,565.71002197265625,571.3499755859375,561.760009765625,566.75,2965000,541.7381591796875
UNH,2024-07-30,566.9000244140625,579.42999267578125,565.989990234375,576.33001708984375,4139100,550.895263671875
UNH,2024-07-31,565.44000244140625,580.9000244140625,562.32000732421875,576.15997314453125,4713200,550.7327880859375
UNH,2024-08-01,577.20001220703125,587.5,567.0999755859375,572.77001953125,3680800,547.492431640625
UNH,2024-08-02,582.33001708984375,591.53997802734375,575.25,589.83001708984375,5094000,563.79949951171875
UNH,2024-08-05,582.1199951171875,586.82000732421875,566.760009765625,569.96002197265625,4587400,544.806396484375
UNH,2024-08-06,568.21002197265625,577.52001953125,562.530029296875,568.3499755859375,3216500,543.2674560546875
UNH,2024-08-07,566.6099853515625,571.6500244140625,557.030029296875,566.08001708984375,4320700,541.09771728515625
UNH,2024-08-08,564.3699951171875,572.45001220703125,564.3699951171875,566.239990234375,2860800,541.2506103515625
UNH,2024-08-09,564.53997802734375,565.92999267578125,557.6300048828125,558.760009765625,2976700,534.10076904296875
UNH,2024-08-12,562.32000732421875,569,561.04998779296875,565.28997802734375,2532400,540.342529296875
UNH,2024-08-13,569.989990234375,575.72998046875,569,574.239990234375,2369400,548.8975830078125
UNH,2024-08-14,575.239990234375,581.1199951171875,573.27001953125,579.66998291015625,2344400,554.08782958984375
UNH,2024-08-15,579.66998291015625,583.34002685546875,573.510009765625,579.6099853515625,2751800,554.03045654296875
UNH,2024-08-16,580.91998291015625,581.6500244140625,574.0999755859375,577.67999267578125,2728900,552.185791015625
UNH,2024-08-19,578.08001708984375,583.29998779296875,577.07000732421875,578.780029296875,1847900,553.23724365234375
UNH,2024-08-20,579.8499755859375,583.80999755859375,575.5,580.6500244140625,1677500,555.0247802734375
UNH,2024-08-21,581.510009765625,583.3900146484375,577.42999267578125,578.07000732421875,2844300,552.5584716796875
UNH,2024-08-22,579.25,582.95001220703125,570.6199951171875,578.719970703125,2282000,553.1798095703125
UNH,2024-08-23,581,585.21002197265625,578.45001220703125,584.510009765625,2376400,558.7142333984375
UNH,2024-08-26,588.04998779296875,592.09002685546875,585.739990234375,587.1300048828125,1800000,561.21875
UNH,2024-08-27,589.469970703125,592.34002685546875,583.780029296875,587.3499755859375,1581900,561.42901611328125
UNH,2024-08-28,589.010009765625,592.84002685546875,583.8699951171875,588.53997802734375,1657000,562.56640625
UNH,2024-08-29,590.67999267578125,592.6099853515625,584.3699951171875,591.57000732421875,1953200,565.462646484375
UNH,2024-08-30,590,593.260009765625,586.59002685546875,590.20001220703125,2944700,564.1531982421875
UNH,2024-09-03,592.52001953125,600.65997314453125,591.82000732421875,598.67999267578125,3175500,572.2589111328125
UNH,2024-09-04,600,607.94000244140625,597.8800048828125,604.17999267578125,2935000,577.5162353515625
UNH,2024-09-05,604.19000244140625,606,589.66998291015625,595.489990234375,2144800,569.20977783203125
UNH,2024-09-06,595.8699951171875,600.6099853515625,592.260009765625,596.8800048828125,2926400,570.53839111328125
UNH,2024-09-09,598.32000732421875,599.47998046875,575.27001953125,594.0999755859375,3411400,567.88104248046875
UNH,2024-09-10,595.21002197265625,604.79998779296875,591.1500244140625,599.030029296875,2863500,572.59344482421875
UNH,2024-09-11,589.1400146484375,591.4000244140625,578.969970703125,589.75,3563600,563.72308349609375
UNH,2024-09-12,588.530029296875,590.510009765625,583.21002197265625,588.41998291015625,3395800,562.4517822265625
UNH,2024-09-13,591.08001708984375,597.67999267578125,587.22998046875,594.32000732421875,2241900,568.09130859375
UNH,2024-09-16,595,598.78997802734375,587.760009765625,589.1400146484375,2548600,565.13690185546875
UNH,2024-09-17,586.010009765625,586.719970703125,576.3900146484375,577.96002197265625,3416000,554.41229248046875
UNH,2024-09-18,576.8599853515625,584.52001953125,572.30999755859375,580.6500244140625,2988300,556.9927978515625
UNH,2024-09-19,583.719970703125,584.83001708984375,574.58001708984375,577.07000732421875,2945700,553.55859375
UNH,2024-09-20,571.70001220703125,578.84002685546875,569.6500244140625,575,5398700,551.57293701171875
UNH,2024-09-23,576.489990234375,579.42999267578125,572,573.40997314453125,2386100,550.047607421875
UNH,2024-09-24,570.82000732421875,577.30999755859375,566,575.19000244140625,3188500,551.7552490234375
UNH,2024-09-25,577.8699951171875,581.1099853515625,573.08001708984375,576.30999755859375,2658800,552.82952880859375
UNH,2024-09-26,575,576.5999755859375,570.90997314453125,574.80999755859375,2751900,551.39068603515625
UNH,2024-09-27,577.67999267578125,586.71002197265625,576.59002685546875,581.8499755859375,2986200,558.143798828125
UNH,2024-09-30,583.5,586.41998291015625,578.739990234375,584.67999267578125,3009700,560.8585205078125
UNH,2024-10-01,585,588.70001220703125,580.77001953125,583.29998779296875,2648400,559.5347900390625
UNH,2024-10-02,604.260009765625,604.52001953125,584.25,592.30999755859375,3667000,568.17767333984375
UNH,2024-10-03,590.6099853515625,593.22998046875,584.3699951171875,592.75,2645800,568.59979248046875
UNH,2024-10-04,592.1300048828125,596.1300048828125,588.44000244140625,591.20001220703125,2462600,567.11297607421875
UNH,2024-10-07,588.78997802734375,592.44000244140625,583.33001708984375,583.55999755859375,2591100,559.78424072265625
UNH,2024-10-08,588.05999755859375,589.21002197265625,579.55999755859375,581.58001708984375,2231400,557.8848876953125
UNH,2024-10-09,582.15997314453125,592.79998779296875,580.6099853515625,591.219970703125,2207700,567.13201904296875
UNH,2024-10-10,595.17999267578125,598.95001220703125,592.760009765625,597.70001220703125,2143200,573.34808349609375
UNH,2024-10-11,596.489990234375,601.52001953125,596.20001220703125,598.04998779296875,1909700,573.68377685546875
UNH,2024-10-14,599.1099853515625,608.6300048828125,597.3800048828125,605.4000244140625,2447100,580.734375
UNH,2024-10-15,552.02001953125,569.70001220703125,543,556.28997802734375,11939400,533.62518310546875
UNH,2024-10-16,557.010009765625,576.17999267578125,555.1199951171875,571.34002685546875,5103900,548.0621337890625
UNH,2024-10-17,560.58001708984375,569.469970703125,558.719970703125,566.030029296875,5588700,542.96844482421875
UNH,2024-10-18,566.8499755859375,570.95001220703125,563.03997802734375,569.6099853515625,3687000,546.4024658203125
UNH,2024-10-21,569.6400146484375,579.280029296875,568.70001220703125,571.469970703125,3018000,548.186767578125
UNH,2024-10-22,567.8499755859375,573.03997802734375,565.489990234375,569.8599853515625,2593800,546.642333984375
UNH,2024-10-23,572.1300048828125,574.1400146484375,560,564.6400146484375,2911900,541.635009765625
UNH,2024-10-24,564.989990234375,571.70001220703125,560.30999755859375,560.80999755859375,2590200,537.96112060546875
UNH,2024-10-25,566.15997314453125,571.5,563.6099853515625,564.55999755859375,2513700,541.55828857421875
UNH,2024-10-28,566.25,568.33001708984375,562.80999755859375,565.239990234375,1826500,542.2105712890625
UNH,2024-10-29,562.82000732421875,567.67999267578125,560.65997314453125,562.1300048828125,2600300,539.227294921875
UNH,2024-10-30,561.25,570.30999755859375,560.95001220703125,562.96002197265625,2323600,540.0234375
UNH,2024-10-31,560.8800048828125,568.45001220703125,560.8800048828125,564.5,2490000,541.50079345703125
UNH,2024-11-01,565.1199951171875,570.33001708984375,563.9000244140625,567.55999755859375,2548300,544.43603515625
UNH,2024-11-04,566.739990234375,568.59002685546875,555.41998291015625,557.77001953125,2656600,535.044921875
UNH,2024-11-05,558.280029296875,568.739990234375,554.4000244140625,567.030029296875,2608100,543.92767333984375
UNH,2024-11-06,603.9000244140625,605.5,590.8499755859375,596.69000244140625,6591300,572.37921142578125
UNH,2024-11-07,598.69000244140625,607.6400146484375,596.1500244140625,605.45001220703125,5254300,580.78228759765625
UNH,2024-11-08,609,619.79998779296875,605.20001220703125,615.80999755859375,3875800,590.72021484375
UNH,2024-11-11,616.9000244140625,630.72998046875,613.91998291015625,625.25,3003200,599.7755126953125
UNH,2024-11-12,619.58001708984375,624.47998046875,613.780029296875,614.66998291015625,2809400,589.626708984375
UNH,2024-11-13,613,613.010009765625,603.05999755859375,605.8699951171875,3409400,581.1851806640625
UNH,2024-11-14,603.47998046875,606,588.989990234375,593.1500244140625,3079200,568.9833984375
UNH,2024-11-15,591.91998291015625,598.92999267578125,589.95001220703125,592.22998046875,3423900,568.100830078125
UNH,2024-11-18,589.44000244140625,594.1400146484375,585.32000732421875,589.6500244140625,2577100,565.62603759765625
UNH,2024-11-19,582.719970703125,586.84002685546875,576.77001953125,577,3198300,553.49139404296875
UNH,2024-11-20,582.71002197265625,602.6400146484375,581.54998779296875,600.5,3928600,576.03399658203125
UNH,2024-11-21,600,604,596.72998046875,597.489990234375,2722900,573.14666748046875
UNH,2024-11-22,598.55999755859375,601.260009765625,588.66998291015625,590.8699951171875,3197900,566.79632568359375
UNH,2024-11-25,597.58001708984375,609.84002685546875,595.010009765625,605.83001708984375,5146200,581.14691162109375
UNH,2024-11-26,608.239990234375,608.469970703125,598.8800048828125,606.78997802734375,2693600,582.06768798828125
UNH,2024-11-27,611.030029296875,617.45001220703125,606.70001220703125,608.3800048828125,2269800,583.59295654296875
UNH,2024-11-29,608.79998779296875,615.780029296875,606.6199951171875,610.20001220703125,2010800,585.33880615234375
UNH,2024-12-02,614,614,600.77001953125,608.52001953125,3364900,583.72723388671875
UNH,2024-12-03,610.8499755859375,615.75,604.82000732421875,605.22998046875,2329900,580.5712890625
UNH,2024-12-04,611.02001953125,622.83001708984375,606.969970703125,610.78997802734375,4147600,585.90472412109375
UNH,2024-12-05,605.6400146484375,608.989990234375,573.8900146484375,578.969970703125,5943700,555.3812255859375
UNH,2024-12-06,582.1099853515625,582.1099853515625,544.1400146484375,549.6199951171875,13003600,527.22686767578125
UNH,2024-12-09,552,562.97998046875,544.6400146484375,560.6199951171875,7684700,539.8414306640625
UNH,2024-12-10,562,567.75,557.030029296875,565.19000244140625,5360600,544.2421875
UNH,2024-12-11,555.65997314453125,558.0999755859375,532.66998291015625,533.530029296875,10363000,513.75555419921875
UNH,2024-12-12,531.530029296875,534,514.19000244140625,515.760009765625,9403800,496.6441345214844
UNH,2024-12-13,515.6400146484375,527.530029296875,510.7200012207031,520.47998046875,8202900,501.18914794921875
UNH,2024-12-16,518,521.70001220703125,496.0799865722656,498.5,8880000,480.0238342285156
UNH,2024-12-17,487,495.6000061035156,475.82000732421875,485.5199890136719,14132700,467.52490234375
UNH,2024-12-18,488.42999267578125,506.5400085449219,486,499.7200012207031,10147600,481.19866943359375
UNH,2024-12-19,500.1400146484375,503.6499938964844,486.239990234375,489.25,7418100,471.11669921875
UNH,2024-12-20,489.2900085449219,502.6400146484375,488.7300109863281,500.1300048828125,10956900,481.5934753417969
UNH,2024-12-23,500.760009765625,508.7799987792969,499.04998779296875,506.3399963378906,4286000,487.5732727050781
UNH,2024-12-24,504.3999938964844,506.1000061035156,500.5899963378906,506.1000061035156,1824400,487.3421936035156
UNH,2024-12-26,505.6499938964844,512.219970703125,504.7300109863281,511.1499938964844,3387000,492.20501708984375
UNH,2024-12-27,509.4200134277344,513.17999267578125,507.79998779296875,509.989990234375,3471800,491.0879821777344
UNH,2024-12-30,506.8599853515625,509.7300109863281,500.6600036621094,507.79998779296875,5408600,488.9791564941406
UNH,2024-12-31,509.3500061035156,511,503.3399963378906,505.8599853515625,4214000,487.1110534667969
UNH,2025-01-02,508,512.1099853515625,503.2900085449219,504.510009765625,4234900,485.8110656738281
UNH,2025-01-03,506.3500061035156,516.28997802734375,505.3800048828125,513,3019500,493.9864196777344
UNH,2025-01-06,513,520.29998779296875,509.82000732421875,513.66998291015625,4444800,494.6315612792969
UNH,2025-01-07,518.8499755859375,519.5,511.2200012207031,514.25,3914500,495.1900939941406
UNH,2025-01-08,514.5,524.66998291015625,509.510009765625,524.52001953125,4141700,505.0794677734375
UNH,2025-01-10,526.6400146484375,535.45001220703125,518.469970703125,520.69000244140625,5467500,501.3914489746094
UNH,2025-01-13,535.03997802734375,547.4000244140625,533.1400146484375,541.1400146484375,6472500,521.08349609375
UNH,2025-01-14,539.6500244140625,544.54998779296875,536.54998779296875,543.739990234375,3978300,523.58709716796875
UNH,2025-01-15,537.0999755859375,546.28997802734375,534.33001708984375,543.41998291015625,4103900,523.27899169921875
UNH,2025-01-16,530.3499755859375,539.84002685546875,510,510.5899963378906,9059900,491.665771484375
UNH,2025-01-17,505.6199951171875,521.82000732421875,502.79998779296875,509.760009765625,7495700,490.86651611328125
UNH,2025-01-21,514.04998779296875,525,512.82000732421875,524.989990234375,5682100,505.5320129394531
UNH,2025-01-22,521.65997314453125,524.44000244140625,516,519.719970703125,3756100,500.4573669433594
UNH,2025-01-23,527.8699951171875,531.47998046875,519.32000732421875,529.77001953125,4580800,510.1348876953125
UNH,2025-01-24,528.1099853515625,534.6300048828125,524.510009765625,532.510009765625,3671200,512.7733154296875
UNH,2025-01-27,539.97998046875,551.90997314453125,539.97998046875,543.52001953125,4263000,523.37518310546875
UNH,2025-01-28,543.010009765625,546.5,537.84002685546875,542.47998046875,3162700,522.373779296875
UNH,2025-01-29,541.72998046875,543.47998046875,534.010009765625,538.0999755859375,2737600,518.1561279296875
UNH,2025-01-30,539.469970703125,547.1099853515625,535,545.57000732421875,2924700,525.34930419921875
UNH,2025-01-31,543.239990234375,549.15997314453125,541.40997314453125,542.489990234375,4120500,522.38336181640625
UNH,2025-02-03,542,553.90997314453125,541.07000732421875,548.17999267578125,4083600,527.862548828125
UNH,2025-02-04,545.20001220703125,548.80999755859375,541.510009765625,545.45001220703125,2869900,525.23370361328125
UNH,2025-02-05,530.72998046875,540.70001220703125,521.90997314453125,539.80999755859375,4621600,519.80279541015625
UNH,2025-02-06,537.8900146484375,539.0999755859375,525.27001953125,530.03997802734375,3926800,510.39483642578125
UNH,2025-02-07,529.20001220703125,532.3900146484375,525.3900146484375,527.030029296875,3349100,507.4964599609375
UNH,2025-02-10,527.66998291015625,534.15997314453125,523.3800048828125,533.3699951171875,3143100,513.60150146484375
UNH,2025-02-11,535,547.53997802734375,528.27001953125,533.91998291015625,2631900,514.13116455078125
UNH,2025-02-12,539.8499755859375,542.3499755859375,525.510009765625,527.4000244140625,3859200,507.8526916503906
UNH,2025-02-13,530.9000244140625,534.33001708984375,527.0999755859375,531.17999267578125,2835100,511.4925537109375
UNH,2025-02-14,529,533.20001220703125,522.90997314453125,523.510009765625,3705300,504.10687255859375
UNH,2025-02-18,510.94000244140625,516,497,500.7300109863281,8759300,482.1712341308594
UNH,2025-02-19,501.3299865722656,511.8599853515625,498.1499938964844,511.0400085449219,4380300,492.0990905761719
UNH,2025-02-20,505.19000244140625,508.42999267578125,500.239990234375,502.4200134277344,4144300,483.798583984375
UNH,2025-02-21,439.54998779296875,469.70001220703125,438.5,466.4200134277344,19864900,449.13287353515625
UNH,2025-02-24,466.67999267578125,468,457,461.5199890136719,6919300,444.41448974609375
UNH,2025-02-25,460.7699890136719,470.760009765625,450.07000732421875,470.3800048828125,9101000,452.9460754394531
UNH,2025-02-26,464.6499938964844,473.04998779296875,458.20001220703125,463.5899963378906,5108400,446.4077453613281
UNH,2025-02-27,466.1700134277344,475.3999938964844,465.0199890136719,468.55999755859375,4216800,451.19354248046875
UNH,2025-02-28,467,476.3599853515625,464.4800109863281,474.9599914550781,6146300,457.3562927246094
UNH,2025-03-03,474.3699951171875,477.2699890136719,465.2099914550781,467.04998779296875,5700200,449.739501953125
UNH,2025-03-04,469.75,479.2099914550781,466.4599914550781,474.6099853515625,5864100,457.019287109375
UNH,2025-03-05,471.07000732421875,479.0799865722656,471.010009765625,475.9800109863281,3637100,458.33856201171875
UNH,2025-03-06,476,488.1199951171875,472,487.7200012207031,4964000,469.6434020996094
UNH,2025-03-07,483.8299865722656,499.9200134277344,483.3699951171875,493.4800109863281,5434100,475.18994140625
UNH,2025-03-10,492.2799987792969,497.8500061035156,477.7099914550781,480.2200012207031,5108900,464.3975830078125
UNH,2025-03-11,482.5,486.7699890136719,477.1400146484375,486.0400085449219,4101000,470.0258483886719
UNH,2025-03-12,483.1400146484375,487.6000061035156,478.82000732421875,481.1099853515625,3680800,465.2582702636719
UNH,2025-03-13,479.45001220703125,484.05999755859375,475,481.5199890136719,2876600,465.65478515625
UNH,2025-03-14,481,489.45001220703125,478.239990234375,488.6499938964844,3915900,472.5498352050781
UNH,2025-03-17,487.510009765625,500.6099853515625,485.95001220703125,499.0199890136719,5152300,482.5781555175781
UNH,2025-03-18,502.239990234375,505.9700012207031,497.82000732421875,503.79998779296875,3617600,487.20068359375
UNH,2025-03-19,505.0400085449219,506.3500061035156,500.05999755859375,503.20001220703125,3317600,486.6204833984375
UNH,2025-03-20,505.25,514.3900146484375,503.510009765625,511.29998779296875,4965400,494.4535827636719
UNH,2025-03-21,511.67999267578125,519,505.0899963378906,516.8499755859375,10244900,499.8206481933594
UNH,2025-03-24,515.08001708984375,518.25,511.1199951171875,516.5,3840900,499.48223876953125
UNH,2025-03-25,518.280029296875,519,511.5299987792969,513.42999267578125,3015100,496.5133972167969
UNH,2025-03-26,515.20001220703125,522.95001220703125,512.8499755859375,518.20001220703125,3253800,501.126220703125
UNH,2025-03-27,516.28997802734375,521.08001708984375,512.95001220703125,515.719970703125,2822200,498.7279357910156
UNH,2025-03-28,516.8699951171875,520.97998046875,515.04998779296875,516.03997802734375,2379100,499.0373840332031
UNH,2025-03-31,519.17999267578125,528.1199951171875,518.59002685546875,523.75,5238700,506.493408203125
UNH,2025-04-01,525.739990234375,528.16998291015625,520.95001220703125,523.1199951171875,2962500,505.88409423828125
UNH,2025-04-02,522.95001220703125,525,516.79998779296875,523.20001220703125,2378900,505.96148681640625
UNH,2025-04-03,529.989990234375,548.5,529.28997802734375,540.44000244140625,6457900,522.6334228515625
UNH,2025-04-04,540.6400146484375,551.739990234375,524.84002685546875,525.04998779296875,9919000,507.7505187988281
UNH,2025-04-07,513.4000244140625,529.20001220703125,503.5899963378906,524.70001220703125,7356700,507.4120178222656
UNH,2025-04-08,582.16998291015625,585.010009765625,547.46002197265625,553.08001708984375,11762300,534.85693359375
UNH,2025-04-09,560.1400146484375,589.4000244140625,554.46002197265625,578.5,12691900,559.43951416015625
UNH,2025-04-10,580.239990234375,601.8800048828125,580,594.4000244140625,8646000,574.81561279296875
UNH,2025-04-11,588.91998291015625,606.3599853515625,586.530029296875,599.469970703125,6121500,579.71856689453125
UNH,2025-04-14,595,595.6300048828125,579.28997802734375,587.05999755859375,4839300,567.7174072265625
UNH,2025-04-15,592.239990234375,592.8599853515625,582.010009765625,583.59002685546875,3871300,564.36181640625
UNH,2025-04-16,585.32000732421875,594.80999755859375,582.96002197265625,585.03997802734375,4192100,565.76397705078125
UNH,2025-04-17,481.95001220703125,489.7900085449219,447.1000061035156,454.1099853515625,29120200,439.1478576660156
UNH,2025-04-21,449.760009765625,453.5,424.80999755859375,425.3299865722656,13029900,411.3161315917969
UNH,2025-04-22,424.6400146484375,431.5,417.1199951171875,427.17999267578125,10156900,413.10516357421875
UNH,2025-04-23,427.07000732421875,438.8500061035156,423.75,427.9599914550781,8345700,413.85943603515625
UNH,2025-04-24,427.57000732421875,429.8999938964844,423.6499938964844,424.25,7629100,410.271728515625
UNH,2025-04-25,423.55999755859375,423.55999755859375,412.0199890136719,418.6400146484375,9263800,404.8465576171875
UNH,2025-04-28,419.75,424.1199951171875,415.54998779296875,420,6614300,406.1617431640625
UNH,2025-04-29,421.19000244140625,421.75,409.1000061035156,409.2300109863281,9909100,395.74658203125
UNH,2025-04-30,409.0299987792969,413.260009765625,401,411.44000244140625,9192800,397.8837890625
UNH,2025-05-01,411.32000732421875,411.989990234375,399.8599853515625,400.67999267578125,9316800,387.4783020019531
UNH,2025-05-02,399.9599914550781,402,393.1099853515625,399.9200134277344,11392900,386.7433776855469
UNH,2025-05-05,399.1199951171875,409.70001220703125,397.5899963378906,404.80999755859375,8157200,391.4722595214844
UNH,2025-05-06,402.79998779296875,404.7200012207031,393.4200134277344,394.510009765625,7858600,381.5115966796875
UNH,2025-05-07,395.3500061035156,395.5199890136719,385.70001220703125,391.05999755859375,8517200,378.1752624511719
UNH,2025-05-08,390,390.9200134277344,385.3699951171875,385.54998779296875,7218300,372.8468017578125
UNH,2025-05-09,385.6700134277344,386.54998779296875,378.5400085449219,380.6400146484375,8381100,368.0986022949219
UNH,2025-05-12,381,387.2099914550781,376.8399963378906,378.75,11004800,366.2708435058594
UNH,2025-05-13,335.739990234375,342,309.1000061035156,311.3800048828125,59478300,301.12060546875
UNH,2025-05-14,321.45001220703125,322.94000244140625,307.1099853515625,308.010009765625,40029600,297.86163330078125
UNH,2025-05-15,274.8999938964844,276.6499938964844,248.8800048828125,274.3500061035156,121849200,265.3106384277344
UNH,2025-05-16,279.2900085449219,294.489990234375,269.1400146484375,291.9100036621094,71094300,282.2920837402344
UNH,2025-05-19,304.7699890136719,316.2900085449219,297.25,315.8900146484375,62524700,305.48199462890625
UNH,2025-05-20,320.9200134277344,324.6400146484375,312.5799865722656,321.5799865722656,41487000,310.9844970703125
UNH,2025-05-21,301,309.9599914550781,300.07000732421875,302.9800109863281,45506900,292.9973449707031
UNH,2025-05-22,293.8900146484375,305.6700134277344,292.5,296.6700134277344,27159600,286.895263671875
UNH,2025-05-23,296.1000061035156,299.70001220703125,291.6400146484375,295.57000732421875,16873600,285.83148193359375
UNH,2025-05-27,299.5,299.95001220703125,289.1300048828125,295,20144600,285.2802429199219
UNH,2025-05-28,294,303.7799987792969,293.2799987792969,298.1099853515625,16114200,288.28778076171875
UNH,2025-05-29,296.79998779296875,303.3800048828125,295,298.1700134277344,16221100,288.3458251953125
UNH,2025-05-30,297.9700012207031,305.6400146484375,295.8399963378906,301.9100036621094,16309300,291.96258544921875
UNH,2025-06-02,303.1199951171875,313.54998779296875,300.9700012207031,304.7200012207031,19074400,294.6800231933594
UNH,2025-06-03,303.1000061035156,305.7200012207031,300.010009765625,301.2200012207031,12805700,291.2953186035156
UNH,2025-06-04,303.5400085449219,307.6400146484375,300.20001220703125,300.3800048828125,11255600,290.4830017089844
UNH,2025-06-05,300.3800048828125,302.4200134277344,294.1099853515625,295.8399963378906,13529000,286.0925598144531
UNH,2025-06-06,297.2300109863281,304.3900146484375,297.1499938964844,303.2200012207031,12589000,293.2294616699219
UNH,2025-06-09,305.0400085449219,307.3999938964844,301.1400146484375,303.19000244140625,12170300,293.200439453125
UNH,2025-06-10,303.79998779296875,305.1199951171875,300.5899963378906,303.7900085449219,11384100,293.7806701660156
UNH,2025-06-11,302.67999267578125,311.5799865722656,302.2300109863281,310.55999755859375,14711400,300.3276062011719
UNH,2025-06-12,311.3999938964844,318.79998779296875,308.510009765625,318.5,15957200,308.0060119628906
UNH,2025-06-13,315.8999938964844,317.4200134277344,311.9100036621094,313.5299987792969,13762400,303.19976806640625
UNH,2025-06-16,313,313.2699890136719,304.7900085449219,307.6600036621094,14240100,299.6352233886719
UNH,2025-06-17,307.45001220703125,309.95001220703125,305.5199890136719,308.8699951171875,11593900,300.8136291503906
UNH,2025-06-18,307.54998779296875,311.7900085449219,306.2300109863281,307.20001220703125,12205600,299.1872253417969
UNH,2025-06-20,309.5,309.5899963378906,301.5899963378906,302.010009765625,16177900,294.132568359375
UNH,2025-06-23,301.8999938964844,302.4700012207031,295.5199890136719,300.67999267578125,12274700,292.8373107910156
UNH,2025-06-24,301.45001220703125,305.82000732421875,299.3299865722656,305.6199951171875,8781400,297.6484375
UNH,2025-06-25,304.3800048828125,304.3800048828125,299.79998779296875,302.0199890136719,8722100,294.1423034667969
UNH,2025-06-26,302.57000732421875,306.7099914550781,301.2900085449219,302.6199951171875,6532700,294.7266540527344
UNH,2025-06-27,302.95001220703125,310.45001220703125,302.20001220703125,309.1099853515625,15304400,301.0473937988281
UNH,2025-06-30,309,312.3800048828125,306.3399963378906,311.9700012207031,10074100,303.83282470703125
UNH,2025-07-01,311.9700012207031,326.54998779296875,311.0799865722656,326.1400146484375,17865500,317.6332092285156
UNH,2025-07-02,320.739990234375,322.4200134277344,306.42999267578125,307.55999755859375,18177200,299.5378112792969
UNH,2025-07-03,309.8399963378906,312.25,308.2300109863281,308.54998779296875,6161100,300.5019836425781
UNH,2025-07-07,308,308.6099853515625,301.20001220703125,303.7099914550781,9031200,295.7882385253906
UNH,2025-07-08,304.2300109863281,308.29998779296875,303.79998779296875,307.70001220703125,9613800,299.6741638183594
UNH,2025-07-09,303.19000244140625,303.6000061035156,298.75,302.9100036621094,12816700,295.0091247558594
UNH,2025-07-10,303.05999755859375,304.92999267578125,296.6000061035156,299.510009765625,11355600,291.69781494140625
UNH,2025-07-11,300.0199890136719,304.1199951171875,298,304.1000061035156,9808200,296.1680603027344
UNH,2025-07-14,301.6400146484375,304.0400085449219,299,300.5799865722656,10681400,292.7398681640625
UNH,2025-07-15,299.7099914550781,300.67999267578125,291.0299987792969,291.7099914550781,16019000,284.1012268066406
UNH,2025-07-16,292.54998779296875,295.989990234375,290.75,292.489990234375,9714000,284.86090087890625
UNH,2025-07-17,292.3299865722656,293,283.8299865722656,288.07000732421875,14792700,280.5561828613281
UNH,2025-07-18,287.8900146484375,288.07000732421875,280.80999755859375,282.6499938964844,14979700,275.2775573730469
UNH,2025-07-21,284.6400146484375,286.5,281.20001220703125,282.1400146484375,10319200,274.7808837890625
UNH,2025-07-22,282.6300048828125,287.1099853515625,282,285.1300048828125,14600300,277.69287109375
UNH,2025-07-23,287.5,292.6400146484375,284.95001220703125,292.510009765625,13111100,284.8804016113281
UNH,2025-07-24,283.1000061035156,289.2099914550781,278.2200012207031,278.5799865722656,22585200,271.3136901855469
UNH,2025-07-25,281,286.1400146484375,279.94000244140625,281.05999755859375,16486600,273.7290344238281
UNH,2025-07-28,283.5,285,279.69000244140625,282.1199951171875,15779400,274.7613525390625
UNH,2025-07-29,265.70001220703125,272.9100036621094,260.54998779296875,261.07000732421875,41706000,254.2604522705078
UNH,2025-07-30,264.79998779296875,266.6300048828125,258.1199951171875,266.0400085449219,22371800,259.100830078125
UNH,2025-07-31,261.3999938964844,261.3999938964844,247.75,249.55999755859375,29606900,243.0506591796875
UNH,2025-08-01,250.61000061035156,251.49000549316406,234.60000610351563,237.77000427246094,39989200,231.56817626953125
UNH,2025-08-04,238.24000549316406,242.25,236.9499969482422,240.97999572753906,17427900,234.6944580078125
UNH,2025-08-05,241.16000366210938,252.07000732421875,240.0500030517578,251,23795900,244.45310974121094
UNH,2025-08-06,250.63999938964844,253.16000366210938,245.30999755859375,245.77999877929688,12946400,239.3692626953125
UNH,2025-08-07,246.4199981689453,248.75,239.5,244.6699981689453,11369900,238.2882080078125
UNH,2025-08-08,244.7899932861328,251.0800018310547,244.3699951171875,250.88999938964844,10185700,244.34596252441406
UNH,2025-08-11,253.8699951171875,258.3999938964844,252.13999938964844,252.3699951171875,11779500,245.787353515625
UNH,2025-08-12,254.02000427246094,262.8800048828125,253.6699981689453,261.57000732421875,12171800,254.7473907470703
UNH,2025-08-13,264.3900146484375,272.19000244140625,262.8900146484375,271.80999755859375,19480300,264.7203063964844
UNH,2025-08-14,272.1000061035156,273.8500061035156,267,271.489990234375,25011100,264.40863037109375
UNH,2025-08-15,301.7099914550781,310.29998779296875,294.7099914550781,304.010009765625,68198500,296.0804443359375
UNH,2025-08-18,313.17999267578125,316.3999938964844,307.4200134277344,308.489990234375,39600500,300.4435729980469
UNH,2025-08-19,308.8999938964844,310.5,299.2099914550781,304.239990234375,22348600,296.3044128417969
UNH,2025-08-20,306.3999938964844,307.20001220703125,295.70001220703125,299.8399963378906,16679000,292.0191955566406
UNH,2025-08-21,302.2900085449219,306.57000732421875,297.79998779296875,303.3500061035156,13359000,295.43768310546875
UNH,2025-08-22,306.1000061035156,310.67999267578125,304.5799865722656,307.4200134277344,14930000,299.4014587402344
UNH,2025-08-25,308.489990234375,308.8699951171875,302.7300109863281,304.8599853515625,8917100,296.90826416015625
UNH,2025-08-26,304.30999755859375,308.9599914550781,294.20001220703125,300.42999267578125,16303200,292.5937805175781
UNH,2025-08-27,300.5400085449219,305.9700012207031,300.5,303.8800048828125,9982800,295.95379638671875
UNH,2025-08-28,304.25,304.4700012207031,299.3999938964844,302.2900085449219,11235000,294.4052734375
UNH,2025-08-29,302.29998779296875,310,300.9100036621094,309.8699951171875,12065400,301.7875671386719
UNH,2025-09-02,308.30999755859375,312.8900146484375,307.29998779296875,308.79998779296875,10957100,300.74542236328125
UNH,2025-09-03,308.1099853515625,309.5899963378906,303.70001220703125,307.8800048828125,9654600,299.8494873046875
UNH,2025-09-04,306.1000061035156,311.9100036621094,304.1000061035156,310.3800048828125,7725700,302.2842712402344
UNH,2025-09-05,310.44000244140625,317.94000244140625,308.20001220703125,315.3900146484375,14126700,307.16357421875
UNH,2025-09-08,319.7099914550781,321.6499938964844,313.79998779296875,320.25,18438600,311.8968505859375
UNH,2025-09-09,332.5,351.7099914550781,327.1600036621094,347.9200134277344,46408900,338.8450927734375
UNH,2025-09-10,345.55999755859375,348.57000732421875,341.3999938964844,346.7799987792969,17804300,337.7348327636719
UNH,2025-09-11,349,360.9800109863281,345.8399963378906,353.6099853515625,18943500,344.38665771484375
UNH,2025-09-12,355.8999938964844,362.30999755859375,352.4599914550781,352.510009765625,14016200,343.31536865234375
UNH,2025-09-15,351.260009765625,351.7099914550781,342.5299987792969,347.8900146484375,11035900,340.9534606933594
UNH,2025-09-16,347.5,349.0400085449219,338.32000732421875,339.7799987792969,12695800,333.005126953125
UNH,2025-09-17,337.69000244140625,343,337.69000244140625,341.6099853515625,8467700,334.79864501953125
UNH,2025-09-18,343.5299987792969,344.92999267578125,334.1199951171875,334.82000732421875,11255600,328.14404296875
UNH,2025-09-19,336.5,340.9599914550781,333.8399963378906,336.69000244140625,13656800,329.97674560546875
UNH,2025-09-22,334.4599914550781,342.4800109863281,332.6000061035156,341.29998779296875,8903700,334.4948425292969
UNH,2025-09-23,341,352.70001220703125,339.9599914550781,347.69000244140625,12504100,340.7574157714844
UNH,2025-09-24,350.20001220703125,354.5,347.8399963378906,351.80999755859375,9016300,344.7952575683594
UNH,2025-09-25,348.8999938964844,350.19000244140625,343.6000061035156,345.55999755859375,8104900,338.6698913574219
UNH,2025-09-26,347.92999267578125,349.9700012207031,341.29998779296875,344.0799865722656,6774700,337.2193603515625
UNH,2025-09-29,343.9800109863281,345.54998779296875,341.45001220703125,345.17999267578125,6878900,338.2974853515625
UNH,2025-09-30,343.75,349.32000732421875,342.3299865722656,345.29998779296875,7429700,338.4150695800781
UNH,2025-10-01,343.8999938964844,348.70001220703125,341.6300048828125,348.29998779296875,8825500,341.3552551269531
UNH,2025-10-02,347.2900085449219,355.0799865722656,344.6499938964844,353.7200012207031,8564200,346.66717529296875
UNH,2025-10-03,357.25,368,356.6099853515625,360.20001220703125,13494800,353.01800537109375
UNH,2025-10-06,361.0299987792969,362.5199890136719,357.1099853515625,358.7699890136719,7181700,351.61651611328125
UNH,2025-10-07,359.4100036621094,364.7200012207031,358.05999755859375,363.6600036621094,7236200,356.4090270996094
UNH,2025-10-08,366.92999267578125,374.6300048828125,365.79998779296875,369.9200134277344,9438300,362.544189453125
UNH,2025-10-09,372.5199890136719,376.2200012207031,366.0799865722656,367.69000244140625,8759800,360.3586730957031
UNH,2025-10-10,369.3999938964844,369.3999938964844,352.510009765625,354.5,13141900,347.431640625
UNH,2025-10-13,354.739990234375,359.1600036621094,353.32000732421875,358.6600036621094,5659400,351.5086975097656
UNH,2025-10-14,354.95001220703125,362.3299865722656,353.3999938964844,359.92999267578125,5974800,352.75335693359375
UNH,2025-10-15,359.3900146484375,364.2200012207031,355.8500061035156,361.1499938964844,6579600,353.9490661621094
UNH,2025-10-16,361.8399963378906,362,354.3999938964844,356.6700134277344,5872100,349.5583801269531
UNH,2025-10-17,351,358.3900146484375,350.8299865722656,356.6000061035156,8608400,349.48974609375
UNH,2025-10-20,358.5400085449219,365.57000732421875,357.510009765625,364.4800109863281,5996500,357.2126770019531
UNH,2025-10-21,365.1400146484375,371.04998779296875,361.5,365.3699951171875,6885300,358.0848693847656
UNH,2025-10-22,363.9599914550781,364,358,361.489990234375,7833000,354.2822265625
UNH,2025-10-23,355.5799865722656,362.2799987792969,353.6400146484375,360.45001220703125,5756700,353.2630310058594
UNH,2025-10-24,361.3699951171875,365.4200134277344,360.0299987792969,362.5,5462100,355.2720947265625
UNH,2025-10-27,363.5,366.2200012207031,361.3999938964844,365.9800109863281,7766400,358.6827697753906
UNH,2025-10-28,380.67999267578125,381,358.6300048828125,367.8399963378906,18858700,360.5056457519531
UNH,2025-10-29,364.2799987792969,366.1499938964844,353.8800048828125,355.260009765625,11874900,348.1764831542969
UNH,2025-10-30,347.5199890136719,354.5400085449219,343.6000061035156,344.75,11441900,337.8760681152344
UNH,2025-10-31,344.3900146484375,346.2799987792969,337.1199951171875,341.55999755859375,8390800,334.7496643066406
UNH,2025-11-03,339.1300048828125,340.70001220703125,326.6000061035156,333.7900085449219,11181400,327.13458251953125
UNH,2025-11-04,327.6300048828125,336.5,327.20001220703125,330.8299865722656,9646600,324.23358154296875
UNH,2025-11-05,326.29998779296875,330.2099914550781,324.2200012207031,327.739990234375,9697100,321.2052001953125
UNH,2025-11-06,328.9200134277344,332.3699951171875,321.45001220703125,321.55999755859375,7922100,315.1484375
UNH,2025-11-07,319.6600036621094,324.54998779296875,314.1600036621094,324.2099914550781,9402900,317.74560546875
UNH,2025-11-10,319.989990234375,324.25,317.1700134277344,321.5799865722656,9283800,315.16802978515625
UNH,2025-11-11,323.29998779296875,327.8599853515625,319.8800048828125,327.45001220703125,7157800,320.9209899902344
UNH,2025-11-12,328.45001220703125,343.1700134277344,327.0799865722656,339.05999755859375,10403300,332.2994689941406
UNH,2025-11-13,338.3500061035156,339.0299987792969,331.2900085449219,332.5199890136719,7788700,325.889892578125
UNH,2025-11-14,326.95001220703125,328.2099914550781,320.489990234375,321.8599853515625,8676500,315.4424133300781
UNH,2025-11-17,320.6000061035156,327.8800048828125,319.42999267578125,320.5199890136719,6485400,314.129150390625
UNH,2025-11-18,317.010009765625,317.5,308.7699890136719,313.5799865722656,9182100,307.3275146484375
UNH,2025-11-19,313.92999267578125,315,304.5299987792969,309.0899963378906,8181100,302.92706298828125
UNH,2025-11-20,310.80999755859375,314.75,310,311.5400085449219,7337600,305.3282470703125
UNH,2025-11-21,311.9100036621094,323.8399963378906,311.44000244140625,319.9700012207031,8406300,313.5901184082031
UNH,2025-11-24,324.5299987792969,325.8500061035156,317.6199951171875,319.04998779296875,10773800,312.6884765625
UNH,2025-11-25,321.1199951171875,328,320.8999938964844,326.2799987792969,6149100,319.7743225097656
UNH,2025-11-26,326.5899963378906,335.19000244140625,325.8900146484375,329.7099914550781,5504200,323.1358947753906
UNH,2025-11-28,331.6700134277344,332.05999755859375,328.8900146484375,329.7699890136719,2464500,323.1947021484375
UNH,2025-12-01,327.1600036621094,330.05999755859375,323.0299987792969,323.2099914550781,6154600,316.7655334472656
UNH,2025-12-02,323.3699951171875,328.70001220703125,322.79998779296875,324.5400085449219,7978100,318.06903076171875
UNH,2025-12-03,326,341.4100036621094,325.010009765625,339.7099914550781,9770000,332.9365234375
UNH,2025-12-04,339.3999938964844,341.260009765625,328.7200012207031,333.489990234375,8061600,326.8405456542969
UNH,2025-12-05,335,335.7099914550781,328.510009765625,330.9100036621094,5906000,324.31201171875
UNH,2025-12-08,328.70001220703125,329.1000061035156,322.8299865722656,323.6199951171875,4782800,319.2998352050781
UNH,2025-12-09,323.1600036621094,326.3599853515625,322.4800109863281,323.6000061035156,4628400,319.28009033203125
UNH,2025-12-10,322.75,328.7300109863281,319.6000061035156,328.3699951171875,5910500,323.9864196777344
UNH,2025-12-11,330.3699951171875,339.25,328.760009765625,336.7300109863281,7513200,332.2348327636719
UNH,2025-12-12,337.5,344.9800109863281,337.3699951171875,341.8399963378906,7979000,337.2765808105469
UNH,2025-12-15,340.989990234375,344.9599914550781,337,341.1000061035156,6447200,336.5464782714844
UNH,2025-12-16,340.4200134277344,340.989990234375,331.0299987792969,334.20001220703125,6334000,329.7386169433594
UNH,2025-12-17,333.6099853515625,335.5199890136719,330.4800109863281,331.6300048828125,4685600,327.2029113769531
UNH,2025-12-18,328.92999267578125,330.17999267578125,324.57000732421875,328.1400146484375,6354900,323.7594909667969
UNH,2025-12-19,328.05999755859375,334.6000061035156,326.07000732421875,327.4200134277344,10553000,323.0491027832031
UNH,2025-12-22,322.8999938964844,329.79998779296875,321.6499938964844,325.1600036621094,7872400,320.81927490234375
UNH,2025-12-23,324,327.79998779296875,323.760009765625,324.79998779296875,4463300,320.46405029296875
UNH,2025-12-24,325.20001220703125,328.989990234375,324.1300048828125,327.5799865722656,2842700,323.20697021484375
UNH,2025-12-26,327.20001220703125,331.8900146484375,326.260009765625,331.8299865722656,4359300,327.40020751953125
UNH,2025-12-29,330.8900146484375,334.25,328.2799987792969,328.94000244140625,4346800,324.548828125
UNH,2025-12-30,329.7300109863281,336.1499938964844,329.510009765625,332.1600036621094,4432500,327.7257995605469
UNH,2025-12-31,332.32000732421875,333.3299865722656,329.8800048828125,330.1099853515625,4285200,325.70318603515625
UNH,2026-01-02,330.8999938964844,340.260009765625,327.5,336.3999938964844,6863600,331.9092102050781
UNH,2026-01-05,335.45001220703125,346.94000244140625,333.8500061035156,342.0199890136719,7956600,337.4541931152344
UNH,2026-01-06,348.3500061035156,352.6099853515625,345.1199951171875,348.9700012207031,9441900,344.3114013671875
UNH,2026-01-07,348.9800109863281,350.1099853515625,338.0400085449219,341.70001220703125,7461400,337.13848876953125
UNH,2026-01-08,341.010009765625,347.8999938964844,340.79998779296875,346.8500061035156,5059300,342.2197265625
UNH,2026-01-09,347.25,349.05999755859375,342.4800109863281,343.9800109863281,4129100,339.3880310058594
UNH,2026-01-12,341.4200134277344,342.6499938964844,333.94000244140625,340.510009765625,7146400,335.9643859863281
UNH,2026-01-13,341.5,341.8399963378906,332.8500061035156,333.92999267578125,5605900,329.47216796875
UNH,2026-01-14,335.3699951171875,340.1099853515625,334.1000061035156,334.9599914550781,5740900,330.4884338378906
UNH,2026-01-15,335.20001220703125,339.45001220703125,328.05999755859375,338.9599914550781,6943500,334.4350280761719
UNH,2026-01-16,334.8599853515625,336.20001220703125,330.42999267578125,331.0199890136719,8039100,326.6010437011719
UNH,2026-01-20,327.3999938964844,339.8900146484375,326.5,338.42999267578125,7596500,333.912109375
UNH,2026-01-21,339.42999267578125,348.0799865722656,338.69000244140625,347.75,8933300,343.1076965332031
UNH,2026-01-22,347.17999267578125,354.95001220703125,346.7699890136719,354.4700012207031,7491400,349.7380065917969
UNH,2026-01-23,354.2799987792969,357.8699951171875,352.989990234375,356.260009765625,9082200,351.5041198730469
UNH,2026-01-26,353.95001220703125,354.7900085449219,347.2699890136719,351.6400146484375,10399500,346.9457702636719
UNH,2026-01-27,293.9700012207031,299.5,280.3999938964844,282.70001220703125,65836900,278.92608642578125
UNH,2026-01-28,283.7200012207031,294.94000244140625,283.7200012207031,294.0199890136719,23396900,290.094970703125
UNH,2026-01-29,294.3299865722656,295.6000061035156,289.2200012207031,292.2900085449219,13456400,288.3880920410156
UNH,2026-01-30,292.1000061035156,292.95001220703125,284.70001220703125,286.92999267578125,12022200,283.099609375
UNH,2026-02-02,286.0199890136719,290.3999938964844,282.2799987792969,285.5899963378906,8664200,281.77752685546875
UNH,2026-02-03,284.70001220703125,288.0899963378906,278.6000061035156,284.17999267578125,10809100,280.3863220214844
UNH,2026-02-04,282.010009765625,284.5,274.04998779296875,275.9200134277344,12944100,272.2366027832031
UNH,2026-02-05,274.2900085449219,276.8900146484375,266.2900085449219,268.54998779296875,13035300,264.9649963378906
UNH,2026-02-06,267.05999755859375,277.80999755859375,266.4100036621094,276.6499938964844,9572800,272.95684814453125
UNH,2026-02-09,274.1499938964844,280.17999267578125,273.32000732421875,275.70001220703125,10371600,272.01953125
UNH,2026-02-10,277.5199890136719,279.489990234375,272.6499938964844,273.2200012207031,7284700,269.5726623535156
UNH,2026-02-11,272.44000244140625,279.69000244140625,269.79998779296875,278.9100036621094,6333100,275.18670654296875
UNH,2026-02-12,278.1600036621094,286.30999755859375,275.80999755859375,284.3699951171875,12336900,280.57379150390625
UNH,2026-02-13,285.6300048828125,293.4599914550781,284.510009765625,293.19000244140625,10281900,289.2760314941406
UNH,2026-02-17,294,294.2300109863281,288.3399963378906,289.0899963378906,6091700,285.23077392578125
UNH,2026-02-18,290,290.1300048828125,286.2900085449219,288.20001220703125,6632000,284.3526916503906
UNH,2026-02-19,290.8900146484375,290.8900146484375,286.8900146484375,289.92999267578125,4931800,286.0595703125
UNH,2026-02-20,288.8999938964844,290.79998779296875,285.54998779296875,290,6974100,286.1286315917969
UNH,2026-02-23,288.54998779296875,291.7699890136719,281.6700134277344,282.3399963378906,7247500,278.5708923339844
UNH,2026-02-24,282.20001220703125,282.3999938964844,271.79998779296875,273.95001220703125,9684500,270.29290771484375
UNH,2026-02-25,277.2900085449219,284.739990234375,276.8699951171875,284.20001220703125,11380600,280.40606689453125
UNH,2026-02-26,286.9800109863281,295.260009765625,285.2300109863281,286.6600036621094,10210000,282.8332214355469
UNH,2026-02-27,284.70001220703125,294.1300048828125,283.8500061035156,293.2699890136719,9723300,289.3549499511719
UNH,2026-03-02,288.1600036621094,295.30999755859375,287.5,294.92999267578125,8141400,290.9928283691406
UNH,2026-03-03,288.989990234375,293.739990234375,284.3599853515625,289.2099914550781,7051100,285.34918212890625
UNH,2026-03-04,289.010009765625,294.3399963378906,287.67999267578125,291.9599914550781,7796000,288.0624694824219
UNH,2026-03-05,290.04998779296875,291.3900146484375,286.739990234375,288.7699890136719,5397900,284.9150390625
UNH,2026-03-06,287.3399963378906,291.3299865722656,283.04998779296875,286.4800109863281,6816900,282.6556396484375
UNH,2026-03-09,282,285.20001220703125,278.6600036621094,285.1700134277344,10348800,283.550537109375
UNH,2026-03-10,287.3800048828125,287.5799865722656,278.8999938964844,282.3399963378906,6075600,280.736572265625
UNH,2026-03-11,282.3800048828125,286.2200012207031,280.6000061035156,285.25,6878800,283.63006591796875
UNH,2026-03-12,284.7799987792969,287.55999755859375,276.2900085449219,277.04998779296875,10512300,275.47662353515625
UNH,2026-03-13,278.05999755859375,282.8800048828125,277.80999755859375,282.0899963378906,4737600,280.4880065917969
UNH,2026-03-16,283.9800109863281,287.3999938964844,281.0400085449219,285.489990234375,4854000,283.8686828613281
UNH,2026-03-17,287.79998779296875,288.989990234375,284.8399963378906,287.57000732421875,5752000,285.9368896484375
UNH,2026-03-18,285.20001220703125,288.3999938964844,283.07000732421875,284.3299865722656,4544100,282.71527099609375
UNH,2026-03-19,284,287.54998779296875,280.07000732421875,280.44000244140625,5542100,278.8473815917969
UNH,2026-03-20,278.989990234375,283.1000061035156,275,275.5899963378906,38893000,274.0249328613281
UNH,2026-03-23,279.1400146484375,280.75,269.0899963378906,269.5400085449219,10424200,268.00927734375
UNH,2026-03-24,268.8699951171875,273.3800048828125,267.5899963378906,272.2799987792969,5911700,270.73370361328125
UNH,2026-03-25,275,276.0799865722656,267.1099853515625,270.54998779296875,8121200,269.0135192871094
UNH,2026-03-26,269.989990234375,274.6400146484375,267.17999267578125,268.04998779296875,6218800,266.5277404785156
UNH,2026-03-27,267.5,267.6700134277344,255.97000122070313,259.0199890136719,10735300,257.54901123046875
UNH,2026-03-30,260.17999267578125,262.3299865722656,256.6700134277344,261.7900085449219,7774700,260.3033142089844
UNH,2026-03-31,263,271.8800048828125,262.6099853515625,270.5899963378906,9170800,269.0533142089844
UNH,2026-04-01,274.2099914550781,275.29998779296875,270.760009765625,273.9800109863281,5473400,272.424072265625
UNH,2026-04-02,272.2900085449219,279.0400085449219,271.5299987792969,277.260009765625,6407000,275.6854553222656
UNH,2026-04-06,277.8800048828125,283.29998779296875,277.25,281.3599853515625,7097000,279.76214599609375
UNH,2026-04-07,308.8500061035156,312.42999267578125,300.75,307.7300109863281,22099800,305.982421875
UNH,2026-04-08,312,312.9700012207031,304.8299865722656,305.9800109863281,9645000,304.2423400878906
UNH,2026-04-09,305.82000732421875,307.8900146484375,304.1400146484375,306.9100036621094,5742000,305.16705322265625
UNH,2026-04-10,307.95001220703125,310.3699951171875,304.20001220703125,304.3299865722656,5212900,302.6016845703125
UNH,2026-04-13,303.25,313.32000732421875,302.9200134277344,313,7972200,311.22247314453125
UNH,2026-04-14,312.510009765625,319.6199951171875,312.510009765625,314.19000244140625,5864500,312.40570068359375
UNH,2026-04-15,316,317.760009765625,311.1499938964844,314.04998779296875,5041200,312.2664794921875
UNH,2026-04-16,315,318.6099853515625,313.1099853515625,316.3999938964844,5205600,314.6031494140625
UNH,2026-04-17,320.04998779296875,325.2699890136719,317.1400146484375,324.6300048828125,9414700,322.78643798828125
UNH,2026-04-20,324.19000244140625,325.3999938964844,320.1199951171875,323.4800109863281,9050600,321.6429748535156
UNH,2026-04-21,353.010009765625,357.67999267578125,345.2300109863281,346.010009765625,26097300,344.0450134277344
UNH,2026-04-22,350.8800048828125,358.55999755859375,349.1000061035156,353.5199890136719,11807300,351.5123596191406
UNH,2026-04-23,354.67999267578125,356.8500061035156,350.5,354.55999755859375,7255800,352.54644775390625
UNH,2026-04-24,356.489990234375,358.2799987792969,351.3900146484375,354.9200134277344,8554600,352.9044189453125
UNH,2026-04-27,353.9100036621094,356.489990234375,348.95001220703125,354.69000244140625,7256100,352.67572021484375
UNH,2026-04-28,356.8399963378906,369.6300048828125,355.7200012207031,366.7699890136719,10604100,364.6871032714844
UNH,2026-04-29,366,370.8399963378906,365.010009765625,370.739990234375,9046600,368.6345520019531
UNH,2026-04-30,368.510009765625,371.989990234375,363,370.4800109863281,6879900,368.37603759765625
UNH,2026-05-01,371.9599914550781,372.8999938964844,367.0199890136719,368.7799987792969,4945400,366.6856994628906
UNH,2026-05-04,368.54998779296875,370.8299865722656,364.6499938964844,370.75,4916900,368.6445007324219
UNH,2026-05-05,370.4800109863281,371.79998779296875,361.80999755859375,363.8699951171875,6489000,361.8035583496094
UNH,2026-05-06,363.1000061035156,368.54998779296875,358.25,367.2799987792969,6695500,365.1942138671875
UNH,2026-05-07,366.6400146484375,369.80999755859375,364.7200012207031,369.739990234375,5235400,367.6402282714844
UNH,2026-05-08,371.989990234375,379.9800109863281,371.989990234375,379.9800109863281,6455100,377.8221130371094
UNH,2026-05-11,380.45001220703125,384.80999755859375,376.07000732421875,384.44000244140625,6949600,382.25677490234375
UNH,2026-05-12,382.8500061035156,397.4200134277344,382.010009765625,396.3900146484375,9236300,394.138916015625
UNH,2026-05-13,396.5,404.1499938964844,393,401.1600036621094,8454100,398.8818054199219
UNH,2026-05-14,401,401.8999938964844,396,399.0899963378906,5342500,396.82354736328125
UNH,2026-05-15,394.29998779296875,397.6300048828125,390.25,393.8500061035156,9811200,391.61334228515625
UNH,2026-05-18,390,392.1400146484375,383.5,391.1300048828125,8400700,388.9087829589844
UNH,2026-05-19,390,394.989990234375,387.510009765625,389.239990234375,5016800,387.02947998046875
UNH,2026-05-20,389.54998779296875,393.3800048828125,380.70001220703125,383.29998779296875,7783900,381.12322998046875
UNH,2026-05-21,381.1199951171875,386.1099853515625,380.5400085449219,382.4800109863281,4732500,380.3078918457031
UNH,2026-05-22,381.9200134277344,390.5400085449219,381.010009765625,388.4700012207031,5598600,386.2638854980469
UNH,2026-05-26,386,386.5199890136719,376.4100036621094,376.8599853515625,6498100,374.71978759765625
UNH,2026-05-27,378.42999267578125,384.5299987792969,377.0899963378906,384.010009765625,4544000,381.8292236328125
UNH,2026-05-28,384.9599914550781,389.260009765625,380.9599914550781,382.5299987792969,4330800,380.35760498046875
UNH,2026-05-29,383.7799987792969,385.1199951171875,375.45001220703125,380.30999755859375,10257900,378.15020751953125
UNH,2026-06-01,376.1099853515625,383.3500061035156,375.9200134277344,379.8599853515625,6623700,377.7027587890625
UNH,2026-06-02,377.9800109863281,380.0799865722656,374.7200012207031,377.9200134277344,3874400,375.7738037109375
UNH,2026-06-03,380,387.4599914550781,376.80999755859375,377,6808400,374.8590087890625
UNH,2026-06-04,390,401.3800048828125,389.82000732421875,396.4700012207031,12666100,394.21844482421875
UNH,2026-06-05,399.5400085449219,404.0400085449219,397.20001220703125,399.4700012207031,10897300,397.201416015625
UNH,2026-06-08,397.1300048828125,408.7099914550781,394.989990234375,406.57000732421875,6963200,404.2610778808594
UNH,2026-06-09,409.989990234375,413,407.44000244140625,413,8590400,410.6545715332031
UNH,2026-06-10,413.5,415.9800109863281,404.54998779296875,407.4599914550781,6512900,405.1460266113281
UNH,2026-06-11,408.7099914550781,409.9800109863281,403.1099853515625,405.54998779296875,4938100,403.2468566894531
UNH,2026-06-12,409.010009765625,409.8900146484375,404.80999755859375,408.5199890136719,7269600,406.20001220703125
UNH,2026-06-15,406.70001220703125,414.1600036621094,399.6499938964844,411.0400085449219,6777900,411.0400085449219
UNH,2026-06-16,410.67999267578125,411.75,406.5400085449219,407.6499938964844,4815100,407.6499938964844
UNH,2026-06-17,409.1199951171875,411.1600036621094,398.5899963378906,399.5299987792969,5838800,399.5299987792969
UNH,2026-06-18,402.7699890136719,406.20001220703125,399.1499938964844,400.9599914550781,11896900,400.9599914550781
UNH,2026-06-22,402.1400146484375,409.4599914550781,402.1400146484375,406.67999267578125,5818600,406.67999267578125
UNH,2026-06-23,409.5199890136719,409.8999938964844,402.8399963378906,409.25,6675900,409.25
UNH,2026-06-24,410.5400085449219,413.42999267578125,400,405.79998779296875,6858800,405.79998779296875
UNH,2026-06-25,406.6499938964844,417.5799865722656,406.6499938964844,415.5299987792969,6014400,415.5299987792969
UNH,2026-06-26,416.1600036621094,427.92999267578125,416.1600036621094,427.8900146484375,10588200,427.8900146484375
UNH,2026-06-29,426.5299987792969,426.70001220703125,415.80999755859375,419.82000732421875,5167400,419.82000732421875
UNH,2026-06-30,422.7200012207031,422.739990234375,413.25,415.6300048828125,5779800,415.6300048828125
UNH,2026-07-01,417.1099853515625,428.0199890136719,413.7300109863281,426.5400085449219,4985900,426.5400085449219
UNH,2026-07-02,428.1300048828125,430.20001220703125,420.5400085449219,425.3599853515625,3928800,425.3599853515625
UNH,2026-07-06,423.489990234375,424.44000244140625,415.04998779296875,417.989990234375,6379000,417.989990234375
UNH,2026-07-07,423.95001220703125,428.6000061035156,422.1300048828125,428.19000244140625,5800500,428.19000244140625
UNH,2026-07-08,427.1499938964844,430.7699890136719,423.8299865722656,425.6000061035156,3859200,425.6000061035156
UNH,2026-07-09,427.1099853515625,434.29998779296875,423.5199890136719,431.67999267578125,5566000,431.67999267578125
UNH,2026-07-10,431.6700134277344,432.8599853515625,423.6499938964844,424.6199951171875,3798600,424.6199951171875
UNH,2026-07-13,426.4700012207031,431.54998779296875,425.5299987792969,429.0899963378906,3863800,429.0899963378906
UNH,2026-07-14,431,432.1499938964844,421.7900085449219,425.19000244140625,5135900,425.19000244140625
UNH,2026-07-15,419.489990234375,424.1099853515625,414.3699951171875,418.5199890136719,6764800,418.5199890136719
UNH,2026-07-16,449.3900146484375,461.6199951171875,420.3699951171875,423.3800048828125,13281900,423.3800048828125
UNH,2026-07-17,426.7200012207031,437.4700012207031,425.1000061035156,426.0899963378906,10718100,426.0899963378906
UNH,2026-07-20,427.25,431.0199890136719,417.3800048828125,421.54998779296875,4818800,421.54998779296875
UNH,2026-07-21,422.4800109863281,437,420.5,436.3500061035156,6833600,436.3500061035156
UNH,2026-07-22,434.95001220703125,436.32000732421875,429.70001220703125,431.30999755859375,4234100,431.30999755859375
UNH,2026-07-23,428.2699890136719,430.489990234375,420.3999938964844,423.55999755859375,4868700,423.55999755859375
UNH,2026-07-24,425.239990234375,429,418.9200134277344,420.739990234375,3752500,420.739990234375
UNH,2026-07-27,422.510009765625,422.8800048828125,412.5400085449219,417.6400146484375,4615700,417.6400146484375
UNH,2026-07-28,419.92999267578125,430.4599914550781,415.1099853515625,428.7900085449219,5917300,428.7900085449219
UNH,2026-07-29,428.260009765625,431.67999267578125,420.3500061035156,420.57000732421875,5257900,420.57000732421875
UNH,2026-07-30,415.19000244140625,427.3399963378906,411.2900085449219,421.4700012207031,3647500,421.4700012207031
UNH,2026-07-31,422,422.80999755859375,414.05999755859375,414.3999938964844,3920900,414.3999938964844
UNH,2026-08-03,417.42999267578125,419.3399963378906,413.32000732421875,415.3599853515625,3209600,415.3599853515625
UNH,2026-08-04,415.55999755859375,416,406.6700134277344,407.54998779296875,5266300,407.54998779296875
UNH,2026-08-05,403.19000244140625,416.3599853515625,397.79998779296875,412.75,5399000,412.75
UNH,2026-08-06,415.2699890136719,416.9700012207031,402.3999938964844,403.9700012207031,4712400,403.9700012207031
UNH,2026-08-07,401.5899963378906,410.6400146484375,400.6600036621094,407.0799865722656,4095900,407.0799865722656
UNH,2026-08-10,408.6000061035156,413.07000732421875,407.989990234375,408.739990234375,3182200,408.739990234375
UNH,2026-08-11,409,410.8999938964844,401.32000732421875,402.19000244140625,3398900,402.19000244140625
UNH,2026-08-12,400.9800109863281,407.20001220703125,400.5,405.5899963378906,3317200,405.5899963378906
UNH,2026-08-13,405.5899963378906,407.32000732421875,398.5899963378906,399.05999755859375,4170200,399.05999755859375
UNH,2026-08-14,398,403.17999267578125,396.55999755859375,401.7300109863281,3476400,401.7300109863281
UNH,2026-08-17,398.57000732421875,398.8999938964844,391.42999267578125,395.6199951171875,5295100,395.6199951171875
UNH,2026-08-18,397.42999267578125,398.7900085449219,393.510009765625,393.92999267578125,3605100,393.92999267578125
UNH,2026-08-19,394.57000732421875,396.79998779296875,386.3299865722656,388.6099853515625,5268500,388.6099853515625
UNH,2026-08-20,388.25,392.7099914550781,383.8299865722656,384.8500061035156,4497200,384.8500061035156
UNH,2026-08-21,386,393.6600036621094,386,390.1099853515625,4879600,390.1099853515625
UNH,2026-08-24,391.0400085449219,399.5799865722656,390.8599853515625,398.760009765625,4683900,398.760009765625
UNH,2026-08-25,397.79998779296875,399.0299987792969,395.6199951171875,396.5899963378906,2655000,396.5899963378906
UNH,2026-08-26,396.3299865722656,406.25,396.010009765625,401.010009765625,3557000,401.010009765625
UNH,2026-08-27,396.8699951171875,399.8800048828125,393.7699890136719,395.04998779296875,3668200,395.04998779296875
UNH,2026-08-28,NA,NA,NA,NA,NA,NA
UNH,2026-08-31,393.5199890136719,394.489990234375,387.7099914550781,389.4100036621094,5748000,389.4100036621094
UNH,2026-09-01,392.0799865722656,399.6000061035156,391.7799987792969,396.29998779296875,3716200,396.29998779296875
UNH,2026-09-02,399.2699890136719,401.1400146484375,396.510009765625,399.6600036621094,3265300,399.6600036621094
